ISO-10303-21;
HEADER;
/* Generated by software containing ST-Developer
 * from STEP Tools, Inc. (www.steptools.com) 
 */

FILE_DESCRIPTION(
/* description */ ('Designed by EasyEDA Pro'),
/* implementation_level */ '2;1');

FILE_NAME(
/* name */ 'ANT.step',
/* time_stamp */ '2026-05-21T17:34:50+08:00',
/* author */ (''),
/* organization */ (''),
/* preprocessor_version */ 'ST-DEVELOPER v20.1',
/* originating_system */ 'Autodesk Translation Framework v14.24.0.0',
/* authorisation */ '');

FILE_SCHEMA (('AUTOMOTIVE_DESIGN { 1 0 10303 214 3 1 1 }'));
ENDSEC;

DATA;
#10=MECHANICAL_DESIGN_GEOMETRIC_PRESENTATION_REPRESENTATION('',(#2116,#2117,
#2118,#2119,#2120,#2121,#2122,#2123,#2124,#2125,#2126,#2127,#2128,#2129,
#2130,#2131,#2132,#2133,#2134,#2135,#2136,#2137,#2138,#2139,#2140,#2141,
#2142,#2143,#2144,#2145,#2146,#2147,#2148,#2149,#2150,#2151,#2152,#2153,
#2154,#2155,#2156,#2157,#2158,#2159,#2160,#2161,#2162,#2163,#2164,#2165,
#2166,#2167),#3880);
#11=ITEM_DEFINED_TRANSFORMATION($,$,#2253,#2400);
#12=ITEM_DEFINED_TRANSFORMATION($,$,#2252,#2401);
#13=(
REPRESENTATION_RELATIONSHIP($,$,#3895,#3894)
REPRESENTATION_RELATIONSHIP_WITH_TRANSFORMATION(#11)
SHAPE_REPRESENTATION_RELATIONSHIP()
);
#14=(
REPRESENTATION_RELATIONSHIP($,$,#3894,#3893)
REPRESENTATION_RELATIONSHIP_WITH_TRANSFORMATION(#12)
SHAPE_REPRESENTATION_RELATIONSHIP()
);
#15=CONTEXT_DEPENDENT_SHAPE_REPRESENTATION(#13,#3891);
#16=CONTEXT_DEPENDENT_SHAPE_REPRESENTATION(#14,#3892);
#17=NEXT_ASSEMBLY_USAGE_OCCURRENCE(
'ANT-SMD_KH-IPEX-K501-29~ANT-SMD_KH-IPEX-K501-29~Lgw9:1',
'ANT-SMD_KH-IPEX-K501-29~ANT-SMD_KH-IPEX-K501-29~Lgw9:1',
'ANT-SMD_KH-IPEX-K501-29~ANT-SMD_KH-IPEX-K501-29~Lgw9:1',#3898,#3899,
'ANT-SMD_KH-IPEX-K501-29~ANT-SMD_KH-IPEX-K501-29~Lgw9:1');
#18=NEXT_ASSEMBLY_USAGE_OCCURRENCE(
'RF1~ANT-SMD_KH-IPEX-K501-29~ANT-SMD_KH-IPEX-K501-29~0FHA:1',
'RF1~ANT-SMD_KH-IPEX-K501-29~ANT-SMD_KH-IPEX-K501-29~0FHA:1',
'RF1~ANT-SMD_KH-IPEX-K501-29~ANT-SMD_KH-IPEX-K501-29~0FHA:1',#3897,#3898,
'RF1~ANT-SMD_KH-IPEX-K501-29~ANT-SMD_KH-IPEX-K501-29~0FHA:1');
#19=SHAPE_REPRESENTATION_RELATIONSHIP('SRR','None',#3895,#20);
#20=ADVANCED_BREP_SHAPE_REPRESENTATION('',(#21),#3879);
#21=MANIFOLD_SOLID_BREP('Body1',#2238);
#22=ELLIPSE('',#2294,8.04615380316546,0.467894449714601);
#23=ELLIPSE('',#2295,6.27258806852268,0.434415960566404);
#24=ELLIPSE('',#2296,3.11342388321747,0.118657611660816);
#25=ELLIPSE('',#2297,0.239309152344148,0.0268965650623456);
#26=ELLIPSE('',#2298,0.224234775596301,0.0475796283490291);
#27=ELLIPSE('',#2299,0.0485628709858964,0.0149730660257109);
#28=ELLIPSE('',#2300,0.44479275482946,0.0172282274005066);
#29=ELLIPSE('',#2301,0.124539227659984,0.0215284383045604);
#30=ELLIPSE('',#2302,0.741913734793846,0.0853202207362406);
#31=ELLIPSE('',#2303,0.534547559163037,0.0738013577870279);
#32=ELLIPSE('',#2304,0.568222445819816,0.0942520985811453);
#33=ELLIPSE('',#2305,1.51876505565688,0.180640174641568);
#34=ELLIPSE('',#2306,8.04615602297476,0.467894514224686);
#35=ELLIPSE('',#2307,6.27258853905295,0.434415976800651);
#36=ELLIPSE('',#2308,0.0744890378495367,0.0667023836051324);
#37=ELLIPSE('',#2309,0.0309958988427562,0.020352037506728);
#38=ELLIPSE('',#2310,0.0445980373876151,0.0431015415437288);
#39=ELLIPSE('',#2311,0.328239430510953,0.150381389034464);
#40=ELLIPSE('',#2312,0.0811434066699114,0.0751806835106873);
#41=ELLIPSE('',#2313,0.15113141978356,0.114857721649933);
#42=ELLIPSE('',#2314,0.0957861243316937,0.0895407843874424);
#43=ELLIPSE('',#2315,0.0880545047237335,0.0737886243167473);
#44=ELLIPSE('',#2316,0.024060553912241,0.0100242776605088);
#45=ELLIPSE('',#2317,1.25878427826285,0.130067504825767);
#46=ELLIPSE('',#2318,1.79781777814156,0.146814894975072);
#47=ELLIPSE('',#2319,3.91883393720617,0.161870259403626);
#48=ELLIPSE('',#2320,3.20705622422292,0.293212440573544);
#49=ELLIPSE('',#2321,0.46402576908011,0.0851423466226747);
#50=ELLIPSE('',#2322,2.01382055751005,0.196036693778343);
#51=ELLIPSE('',#2323,0.639780433395965,0.129497814866549);
#52=ELLIPSE('',#2374,4.92882534311743,0.325923146855604);
#53=ELLIPSE('',#2375,1.6090893978296,0.166890979804487);
#54=ELLIPSE('',#2376,2.51305884454616,0.221222232991594);
#55=ELLIPSE('',#2377,3.05039573127805,0.247358684596457);
#56=ELLIPSE('',#2383,0.18994081961182,0.0341651374720229);
#57=ELLIPSE('',#2384,0.322152096111481,0.0573805948699826);
#58=ELLIPSE('',#2385,0.283853119833397,0.0447912372323167);
#59=ELLIPSE('',#2391,4.92882472099492,0.325923126289536);
#60=ELLIPSE('',#2392,1.60908952711179,0.166890986517315);
#61=ELLIPSE('',#2393,2.51305913477931,0.221222245783467);
#62=ELLIPSE('',#2394,3.05039608383919,0.247358698930961);
#63=B_SPLINE_CURVE_WITH_KNOTS('',3,(#3048,#3049,#3050,#3051),
 .UNSPECIFIED.,.F.,.F.,(4,4),(2.,3.),.UNSPECIFIED.);
#64=B_SPLINE_CURVE_WITH_KNOTS('',3,(#3053,#3054,#3055,#3056),
 .UNSPECIFIED.,.F.,.F.,(4,4),(3.,4.),.UNSPECIFIED.);
#65=B_SPLINE_CURVE_WITH_KNOTS('',3,(#3078,#3079,#3080,#3081),
 .UNSPECIFIED.,.F.,.F.,(4,4),(0.,1.),.UNSPECIFIED.);
#66=B_SPLINE_CURVE_WITH_KNOTS('',3,(#3085,#3086,#3087,#3088),
 .UNSPECIFIED.,.F.,.F.,(4,4),(2.,3.),.UNSPECIFIED.);
#67=B_SPLINE_CURVE_WITH_KNOTS('',3,(#3090,#3091,#3092,#3093),
 .UNSPECIFIED.,.F.,.F.,(4,4),(3.,4.),.UNSPECIFIED.);
#68=B_SPLINE_CURVE_WITH_KNOTS('',3,(#3099,#3100,#3101,#3102),
 .UNSPECIFIED.,.F.,.F.,(4,4),(6.,7.),.UNSPECIFIED.);
#69=B_SPLINE_CURVE_WITH_KNOTS('',3,(#3104,#3105,#3106,#3107),
 .UNSPECIFIED.,.F.,.F.,(4,4),(7.,8.),.UNSPECIFIED.);
#70=B_SPLINE_CURVE_WITH_KNOTS('',3,(#3109,#3110,#3111,#3112),
 .UNSPECIFIED.,.F.,.F.,(4,4),(8.,9.),.UNSPECIFIED.);
#71=B_SPLINE_CURVE_WITH_KNOTS('',3,(#3116,#3117,#3118,#3119),
 .UNSPECIFIED.,.F.,.F.,(4,4),(10.,11.),.UNSPECIFIED.);
#72=B_SPLINE_CURVE_WITH_KNOTS('',3,(#3121,#3122,#3123,#3124),
 .UNSPECIFIED.,.F.,.F.,(4,4),(11.,12.),.UNSPECIFIED.);
#73=B_SPLINE_CURVE_WITH_KNOTS('',3,(#3128,#3129,#3130,#3131),
 .UNSPECIFIED.,.F.,.F.,(4,4),(13.,14.),.UNSPECIFIED.);
#74=B_SPLINE_CURVE_WITH_KNOTS('',3,(#3177,#3178,#3179,#3180),
 .UNSPECIFIED.,.F.,.F.,(4,4),(2.,3.),.UNSPECIFIED.);
#75=B_SPLINE_CURVE_WITH_KNOTS('',3,(#3182,#3183,#3184,#3185),
 .UNSPECIFIED.,.F.,.F.,(4,4),(3.,4.),.UNSPECIFIED.);
#76=B_SPLINE_CURVE_WITH_KNOTS('',3,(#3207,#3208,#3209,#3210,#3211,#3212,
#3213,#3214,#3215,#3216),.UNSPECIFIED.,.F.,.F.,(4,2,2,2,4),(-0.00762027499018667,
-0.00570776647078435,-0.00383020835208852,-0.00193077485702069,0.),
 .UNSPECIFIED.);
#77=B_SPLINE_CURVE_WITH_KNOTS('',3,(#3218,#3219,#3220,#3221,#3222,#3223),
 .UNSPECIFIED.,.F.,.F.,(4,2,4),(-0.00454108977769711,-0.00227000161192403,
0.),.UNSPECIFIED.);
#78=B_SPLINE_CURVE_WITH_KNOTS('',3,(#3229,#3230,#3231,#3232,#3233,#3234,
#3235,#3236,#3237,#3238),.UNSPECIFIED.,.F.,.F.,(4,2,2,2,4),(-0.00203004361166128,
-0.00151695320107439,-0.00101352834047292,-0.000511833368700326,0.),
 .UNSPECIFIED.);
#79=B_SPLINE_CURVE_WITH_KNOTS('',3,(#3240,#3241,#3242,#3243,#3244,#3245,
#3246,#3247,#3248,#3249),.UNSPECIFIED.,.F.,.F.,(4,2,2,2,4),(-0.00212178147101574,
-0.00159899013496209,-0.00106089026018999,-0.000522790574462106,0.),
 .UNSPECIFIED.);
#80=B_SPLINE_CURVE_WITH_KNOTS('',3,(#3251,#3252,#3253,#3254),
 .UNSPECIFIED.,.F.,.F.,(4,4),(26.,27.),.UNSPECIFIED.);
#81=B_SPLINE_CURVE_WITH_KNOTS('',3,(#3258,#3259,#3260,#3261,#3262,#3263,
#3264,#3265,#3266,#3267),.UNSPECIFIED.,.F.,.F.,(4,2,2,2,4),(-0.00509752412918924,
-0.0037965637377826,-0.00254252724136684,-0.00129561465401967,0.),
 .UNSPECIFIED.);
#82=B_SPLINE_CURVE_WITH_KNOTS('',3,(#3269,#3270,#3271,#3272,#3273,#3274,
#3275,#3276,#3277,#3278),.UNSPECIFIED.,.F.,.F.,(4,2,2,2,4),(-0.00534483639412104,
-0.00401557861448038,-0.00267241819706005,-0.00132925777964005,0.),
 .UNSPECIFIED.);
#83=B_SPLINE_CURVE_WITH_KNOTS('',3,(#3282,#3283,#3284,#3285),
 .UNSPECIFIED.,.F.,.F.,(4,4),(21.,22.),.UNSPECIFIED.);
#84=B_SPLINE_CURVE_WITH_KNOTS('',3,(#3287,#3288,#3289,#3290,#3291,#3292,
#3293,#3294,#3295,#3296),.UNSPECIFIED.,.F.,.F.,(4,2,2,2,4),(-0.00767063848718867,
-0.00573878212007117,-0.00383147453732156,-0.00195782728374326,0.),
 .UNSPECIFIED.);
#85=B_SPLINE_CURVE_WITH_KNOTS('',3,(#3300,#3301,#3302,#3303,#3304,#3305,
#3306,#3307,#3308,#3309),.UNSPECIFIED.,.F.,.F.,(4,2,2,2,4),(-0.0068488733306125,
-0.00515254051308256,-0.00342443666530548,-0.00169633281752917,0.),
 .UNSPECIFIED.);
#86=B_SPLINE_CURVE_WITH_KNOTS('',3,(#3311,#3312,#3313,#3314,#3315,#3316,
#3317,#3318,#3319,#3320),.UNSPECIFIED.,.F.,.F.,(4,2,2,2,4),(-0.00504855417576667,
-0.00377522244035763,-0.00250615430767871,-0.00127495174186674,0.),
 .UNSPECIFIED.);
#87=B_SPLINE_CURVE_WITH_KNOTS('',3,(#3322,#3323,#3324,#3325,#3326,#3327,
#3328,#3329,#3330,#3331),.UNSPECIFIED.,.F.,.F.,(4,2,2,2,4),(-0.0053101624106425,
-0.00396667701144414,-0.00266546809123067,-0.00133416580013557,0.),
 .UNSPECIFIED.);
#88=B_SPLINE_CURVE_WITH_KNOTS('',3,(#3343,#3344,#3345,#3346,#3347,#3348,
#3349,#3350,#3351,#3352),.UNSPECIFIED.,.F.,.F.,(4,2,2,2,4),(-0.00684887333071149,
-0.00515254051315551,-0.00342443666539204,-0.00169633281760941,0.),
 .UNSPECIFIED.);
#89=B_SPLINE_CURVE_WITH_KNOTS('',3,(#3354,#3355,#3356,#3357,#3358,#3359,
#3360,#3361,#3362,#3363),.UNSPECIFIED.,.F.,.F.,(4,2,2,2,4),(-0.00543729725031849,
-0.00407618786963284,-0.00273177295976105,-0.00138953099235675,0.),
 .UNSPECIFIED.);
#90=B_SPLINE_CURVE_WITH_KNOTS('',3,(#3367,#3368,#3369,#3370,#3371,#3372),
 .UNSPECIFIED.,.F.,.F.,(4,2,4),(-0.00519638440021833,-0.00259759249845744,
0.),.UNSPECIFIED.);
#91=B_SPLINE_CURVE_WITH_KNOTS('',3,(#3374,#3375,#3376,#3377,#3378,#3379),
 .UNSPECIFIED.,.F.,.F.,(4,2,4),(-0.00551120261749892,-0.00275529072223948,
0.),.UNSPECIFIED.);
#92=B_SPLINE_CURVE_WITH_KNOTS('',3,(#3383,#3384,#3385,#3386),
 .UNSPECIFIED.,.F.,.F.,(4,4),(4.,5.),.UNSPECIFIED.);
#93=B_SPLINE_CURVE_WITH_KNOTS('',3,(#3388,#3389,#3390,#3391),
 .UNSPECIFIED.,.F.,.F.,(4,4),(3.,4.),.UNSPECIFIED.);
#94=B_SPLINE_CURVE_WITH_KNOTS('',3,(#3399,#3400,#3401,#3402),
 .UNSPECIFIED.,.F.,.F.,(4,4),(12.,13.),.UNSPECIFIED.);
#95=B_SPLINE_CURVE_WITH_KNOTS('',3,(#3410,#3411,#3412,#3413),
 .UNSPECIFIED.,.F.,.F.,(4,4),(1.,2.),.UNSPECIFIED.);
#96=B_SPLINE_CURVE_WITH_KNOTS('',3,(#3419,#3420,#3421,#3422),
 .UNSPECIFIED.,.F.,.F.,(4,4),(4.,5.),.UNSPECIFIED.);
#97=B_SPLINE_CURVE_WITH_KNOTS('',3,(#3424,#3425,#3426,#3427),
 .UNSPECIFIED.,.F.,.F.,(4,4),(5.,6.),.UNSPECIFIED.);
#98=B_SPLINE_CURVE_WITH_KNOTS('',3,(#3443,#3444,#3445,#3446),
 .UNSPECIFIED.,.F.,.F.,(4,4),(8.,9.),.UNSPECIFIED.);
#99=B_SPLINE_CURVE_WITH_KNOTS('',3,(#3448,#3449,#3450,#3451),
 .UNSPECIFIED.,.F.,.F.,(4,4),(9.,10.),.UNSPECIFIED.);
#100=B_SPLINE_CURVE_WITH_KNOTS('',3,(#3457,#3458,#3459,#3460),
 .UNSPECIFIED.,.F.,.F.,(4,4),(12.,13.),.UNSPECIFIED.);
#101=B_SPLINE_CURVE_WITH_KNOTS('',3,(#3464,#3465,#3466,#3467),
 .UNSPECIFIED.,.F.,.F.,(4,4),(0.,1.),.UNSPECIFIED.);
#102=B_SPLINE_CURVE_WITH_KNOTS('',3,(#3469,#3470,#3471,#3472),
 .UNSPECIFIED.,.F.,.F.,(4,4),(1.,2.),.UNSPECIFIED.);
#103=B_SPLINE_CURVE_WITH_KNOTS('',3,(#3504,#3505,#3506,#3507),
 .UNSPECIFIED.,.F.,.F.,(4,4),(0.,1.),.UNSPECIFIED.);
#104=B_SPLINE_CURVE_WITH_KNOTS('',3,(#3509,#3510,#3511,#3512),
 .UNSPECIFIED.,.F.,.F.,(4,4),(1.,2.),.UNSPECIFIED.);
#105=B_SPLINE_CURVE_WITH_KNOTS('',3,(#3516,#3517,#3518,#3519),
 .UNSPECIFIED.,.F.,.F.,(4,4),(3.,4.),.UNSPECIFIED.);
#106=B_SPLINE_CURVE_WITH_KNOTS('',3,(#3521,#3522,#3523,#3524),
 .UNSPECIFIED.,.F.,.F.,(4,4),(4.,5.),.UNSPECIFIED.);
#107=B_SPLINE_CURVE_WITH_KNOTS('',3,(#3530,#3531,#3532,#3533),
 .UNSPECIFIED.,.F.,.F.,(4,4),(7.,8.),.UNSPECIFIED.);
#108=B_SPLINE_CURVE_WITH_KNOTS('',3,(#3535,#3536,#3537,#3538),
 .UNSPECIFIED.,.F.,.F.,(4,4),(8.,9.),.UNSPECIFIED.);
#109=B_SPLINE_CURVE_WITH_KNOTS('',3,(#3540,#3541,#3542,#3543),
 .UNSPECIFIED.,.F.,.F.,(4,4),(9.,10.),.UNSPECIFIED.);
#110=B_SPLINE_CURVE_WITH_KNOTS('',3,(#3545,#3546,#3547,#3548),
 .UNSPECIFIED.,.F.,.F.,(4,4),(10.,11.),.UNSPECIFIED.);
#111=B_SPLINE_CURVE_WITH_KNOTS('',3,(#3758,#3759,#3760,#3761),
 .UNSPECIFIED.,.F.,.F.,(4,4),(1.,2.),.UNSPECIFIED.);
#112=B_SPLINE_CURVE_WITH_KNOTS('',3,(#3768,#3769,#3770,#3771),
 .UNSPECIFIED.,.F.,.F.,(4,4),(3.,4.),.UNSPECIFIED.);
#113=B_SPLINE_CURVE_WITH_KNOTS('',3,(#3779,#3780,#3781,#3782),
 .UNSPECIFIED.,.F.,.F.,(4,4),(0.,1.),.UNSPECIFIED.);
#114=B_SPLINE_CURVE_WITH_KNOTS('',3,(#3788,#3789,#3790,#3791),
 .UNSPECIFIED.,.F.,.F.,(4,4),(5.,6.),.UNSPECIFIED.);
#115=B_SPLINE_CURVE_WITH_KNOTS('',3,(#3796,#3797,#3798,#3799),
 .UNSPECIFIED.,.F.,.F.,(4,4),(2.,3.),.UNSPECIFIED.);
#116=B_SPLINE_CURVE_WITH_KNOTS('',3,(#3823,#3824,#3825,#3826),
 .UNSPECIFIED.,.F.,.F.,(4,4),(1.,2.),.UNSPECIFIED.);
#117=B_SPLINE_CURVE_WITH_KNOTS('',3,(#3833,#3834,#3835,#3836),
 .UNSPECIFIED.,.F.,.F.,(4,4),(3.,4.),.UNSPECIFIED.);
#118=B_SPLINE_CURVE_WITH_KNOTS('',3,(#3841,#3842,#3843,#3844,#3845,#3846,
#3847),.UNSPECIFIED.,.F.,.F.,(4,3,4),(0.,1.,2.),.UNSPECIFIED.);
#119=B_SPLINE_CURVE_WITH_KNOTS('',3,(#3848,#3849,#3850,#3851,#3852,#3853,
#3854,#3855,#3856,#3857,#3858,#3859,#3860,#3861,#3862,#3863,#3864,#3865,
#3866,#3867,#3868,#3869),.UNSPECIFIED.,.F.,.F.,(4,2,2,2,2,2,2,2,2,2,4),
(-0.00533070771755125,-0.0049766916045299,-0.00463036183660897,-0.00396398860329477,
-0.0033220888492627,-0.00266535385886134,-0.00200861886842284,-0.00136671911433004,
-0.000700345880977457,-0.000354016113038266,0.),.UNSPECIFIED.);
#120=FACE_BOUND('',#703,.T.);
#121=FACE_BOUND('',#704,.T.);
#122=FACE_BOUND('',#705,.T.);
#123=FACE_BOUND('',#706,.T.);
#124=FACE_BOUND('',#707,.T.);
#125=FACE_BOUND('',#708,.T.);
#126=FACE_BOUND('',#709,.T.);
#127=FACE_BOUND('',#710,.T.);
#128=FACE_BOUND('',#711,.T.);
#129=FACE_BOUND('',#712,.T.);
#130=FACE_BOUND('',#713,.T.);
#131=FACE_BOUND('',#714,.T.);
#132=FACE_BOUND('',#715,.T.);
#133=FACE_BOUND('',#721,.T.);
#134=FACE_BOUND('',#751,.T.);
#135=FACE_BOUND('',#753,.T.);
#136=FACE_BOUND('',#755,.T.);
#137=FACE_BOUND('',#760,.T.);
#138=FACE_BOUND('',#763,.T.);
#139=FACE_BOUND('',#767,.T.);
#140=FACE_BOUND('',#773,.T.);
#141=FACE_BOUND('',#776,.T.);
#142=FACE_BOUND('',#779,.T.);
#143=PLANE('',#2293);
#144=PLANE('',#2324);
#145=PLANE('',#2325);
#146=PLANE('',#2331);
#147=PLANE('',#2332);
#148=PLANE('',#2333);
#149=PLANE('',#2339);
#150=PLANE('',#2345);
#151=PLANE('',#2346);
#152=PLANE('',#2347);
#153=PLANE('',#2348);
#154=PLANE('',#2349);
#155=PLANE('',#2350);
#156=PLANE('',#2351);
#157=PLANE('',#2352);
#158=PLANE('',#2353);
#159=PLANE('',#2354);
#160=PLANE('',#2355);
#161=PLANE('',#2356);
#162=PLANE('',#2357);
#163=PLANE('',#2358);
#164=PLANE('',#2359);
#165=PLANE('',#2360);
#166=PLANE('',#2361);
#167=PLANE('',#2362);
#168=PLANE('',#2363);
#169=PLANE('',#2364);
#170=PLANE('',#2365);
#171=PLANE('',#2366);
#172=PLANE('',#2367);
#173=PLANE('',#2368);
#174=PLANE('',#2369);
#175=PLANE('',#2370);
#176=PLANE('',#2371);
#177=PLANE('',#2372);
#178=PLANE('',#2373);
#179=PLANE('',#2378);
#180=PLANE('',#2379);
#181=PLANE('',#2380);
#182=PLANE('',#2381);
#183=PLANE('',#2382);
#184=PLANE('',#2386);
#185=PLANE('',#2387);
#186=PLANE('',#2388);
#187=PLANE('',#2389);
#188=PLANE('',#2390);
#189=PLANE('',#2395);
#190=PLANE('',#2396);
#191=PLANE('',#2397);
#192=PLANE('',#2398);
#193=PLANE('',#2399);
#194=CONICAL_SURFACE('',#2269,1.,0.785398163397);
#195=CONICAL_SURFACE('',#2275,0.919999999999,0.785398163397);
#196=CONICAL_SURFACE('',#2280,1.,0.785398163397);
#197=CONICAL_SURFACE('',#2288,0.869999999999,0.785398163397);
#198=SPHERICAL_SURFACE('',#2261,0.149999999999);
#199=SPHERICAL_SURFACE('',#2263,0.25);
#200=LINE('',#2921,#403);
#201=LINE('',#2935,#404);
#202=LINE('',#2940,#405);
#203=LINE('',#2947,#406);
#204=LINE('',#2950,#407);
#205=LINE('',#2957,#408);
#206=LINE('',#2961,#409);
#207=LINE('',#2965,#410);
#208=LINE('',#2972,#411);
#209=LINE('',#2976,#412);
#210=LINE('',#2983,#413);
#211=LINE('',#2986,#414);
#212=LINE('',#2990,#415);
#213=LINE('',#2992,#416);
#214=LINE('',#2994,#417);
#215=LINE('',#2996,#418);
#216=LINE('',#2998,#419);
#217=LINE('',#3000,#420);
#218=LINE('',#3002,#421);
#219=LINE('',#3003,#422);
#220=LINE('',#3006,#423);
#221=LINE('',#3008,#424);
#222=LINE('',#3010,#425);
#223=LINE('',#3012,#426);
#224=LINE('',#3014,#427);
#225=LINE('',#3015,#428);
#226=LINE('',#3018,#429);
#227=LINE('',#3020,#430);
#228=LINE('',#3022,#431);
#229=LINE('',#3024,#432);
#230=LINE('',#3026,#433);
#231=LINE('',#3028,#434);
#232=LINE('',#3030,#435);
#233=LINE('',#3032,#436);
#234=LINE('',#3034,#437);
#235=LINE('',#3036,#438);
#236=LINE('',#3038,#439);
#237=LINE('',#3039,#440);
#238=LINE('',#3042,#441);
#239=LINE('',#3044,#442);
#240=LINE('',#3046,#443);
#241=LINE('',#3062,#444);
#242=LINE('',#3064,#445);
#243=LINE('',#3066,#446);
#244=LINE('',#3068,#447);
#245=LINE('',#3070,#448);
#246=LINE('',#3072,#449);
#247=LINE('',#3074,#450);
#248=LINE('',#3075,#451);
#249=LINE('',#3114,#452);
#250=LINE('',#3144,#453);
#251=LINE('',#3147,#454);
#252=LINE('',#3149,#455);
#253=LINE('',#3151,#456);
#254=LINE('',#3153,#457);
#255=LINE('',#3155,#458);
#256=LINE('',#3157,#459);
#257=LINE('',#3159,#460);
#258=LINE('',#3161,#461);
#259=LINE('',#3163,#462);
#260=LINE('',#3165,#463);
#261=LINE('',#3167,#464);
#262=LINE('',#3168,#465);
#263=LINE('',#3171,#466);
#264=LINE('',#3173,#467);
#265=LINE('',#3175,#468);
#266=LINE('',#3191,#469);
#267=LINE('',#3193,#470);
#268=LINE('',#3195,#471);
#269=LINE('',#3197,#472);
#270=LINE('',#3199,#473);
#271=LINE('',#3201,#474);
#272=LINE('',#3203,#475);
#273=LINE('',#3204,#476);
#274=LINE('',#3227,#477);
#275=LINE('',#3256,#478);
#276=LINE('',#3280,#479);
#277=LINE('',#3335,#480);
#278=LINE('',#3337,#481);
#279=LINE('',#3339,#482);
#280=LINE('',#3341,#483);
#281=LINE('',#3404,#484);
#282=LINE('',#3406,#485);
#283=LINE('',#3408,#486);
#284=LINE('',#3417,#487);
#285=LINE('',#3429,#488);
#286=LINE('',#3431,#489);
#287=LINE('',#3433,#490);
#288=LINE('',#3435,#491);
#289=LINE('',#3436,#492);
#290=LINE('',#3453,#493);
#291=LINE('',#3462,#494);
#292=LINE('',#3474,#495);
#293=LINE('',#3476,#496);
#294=LINE('',#3477,#497);
#295=LINE('',#3480,#498);
#296=LINE('',#3482,#499);
#297=LINE('',#3484,#500);
#298=LINE('',#3486,#501);
#299=LINE('',#3488,#502);
#300=LINE('',#3490,#503);
#301=LINE('',#3492,#504);
#302=LINE('',#3494,#505);
#303=LINE('',#3496,#506);
#304=LINE('',#3498,#507);
#305=LINE('',#3500,#508);
#306=LINE('',#3501,#509);
#307=LINE('',#3528,#510);
#308=LINE('',#3553,#511);
#309=LINE('',#3557,#512);
#310=LINE('',#3559,#513);
#311=LINE('',#3561,#514);
#312=LINE('',#3563,#515);
#313=LINE('',#3565,#516);
#314=LINE('',#3567,#517);
#315=LINE('',#3569,#518);
#316=LINE('',#3570,#519);
#317=LINE('',#3572,#520);
#318=LINE('',#3576,#521);
#319=LINE('',#3578,#522);
#320=LINE('',#3580,#523);
#321=LINE('',#3582,#524);
#322=LINE('',#3584,#525);
#323=LINE('',#3587,#526);
#324=LINE('',#3589,#527);
#325=LINE('',#3590,#528);
#326=LINE('',#3594,#529);
#327=LINE('',#3598,#530);
#328=LINE('',#3600,#531);
#329=LINE('',#3602,#532);
#330=LINE('',#3604,#533);
#331=LINE('',#3606,#534);
#332=LINE('',#3608,#535);
#333=LINE('',#3611,#536);
#334=LINE('',#3613,#537);
#335=LINE('',#3614,#538);
#336=LINE('',#3616,#539);
#337=LINE('',#3618,#540);
#338=LINE('',#3619,#541);
#339=LINE('',#3623,#542);
#340=LINE('',#3624,#543);
#341=LINE('',#3626,#544);
#342=LINE('',#3628,#545);
#343=LINE('',#3629,#546);
#344=LINE('',#3630,#547);
#345=LINE('',#3634,#548);
#346=LINE('',#3641,#549);
#347=LINE('',#3642,#550);
#348=LINE('',#3650,#551);
#349=LINE('',#3652,#552);
#350=LINE('',#3653,#553);
#351=LINE('',#3656,#554);
#352=LINE('',#3658,#555);
#353=LINE('',#3659,#556);
#354=LINE('',#3662,#557);
#355=LINE('',#3664,#558);
#356=LINE('',#3665,#559);
#357=LINE('',#3667,#560);
#358=LINE('',#3669,#561);
#359=LINE('',#3673,#562);
#360=LINE('',#3675,#563);
#361=LINE('',#3676,#564);
#362=LINE('',#3679,#565);
#363=LINE('',#3681,#566);
#364=LINE('',#3682,#567);
#365=LINE('',#3685,#568);
#366=LINE('',#3686,#569);
#367=LINE('',#3689,#570);
#368=LINE('',#3690,#571);
#369=LINE('',#3692,#572);
#370=LINE('',#3696,#573);
#371=LINE('',#3698,#574);
#372=LINE('',#3699,#575);
#373=LINE('',#3702,#576);
#374=LINE('',#3704,#577);
#375=LINE('',#3705,#578);
#376=LINE('',#3708,#579);
#377=LINE('',#3709,#580);
#378=LINE('',#3712,#581);
#379=LINE('',#3713,#582);
#380=LINE('',#3715,#583);
#381=LINE('',#3719,#584);
#382=LINE('',#3721,#585);
#383=LINE('',#3722,#586);
#384=LINE('',#3725,#587);
#385=LINE('',#3726,#588);
#386=LINE('',#3729,#589);
#387=LINE('',#3730,#590);
#388=LINE('',#3732,#591);
#389=LINE('',#3742,#592);
#390=LINE('',#3744,#593);
#391=LINE('',#3753,#594);
#392=LINE('',#3763,#595);
#393=LINE('',#3765,#596);
#394=LINE('',#3767,#597);
#395=LINE('',#3784,#598);
#396=LINE('',#3786,#599);
#397=LINE('',#3807,#600);
#398=LINE('',#3809,#601);
#399=LINE('',#3818,#602);
#400=LINE('',#3828,#603);
#401=LINE('',#3830,#604);
#402=LINE('',#3832,#605);
#403=VECTOR('',#2422,0.149999999999);
#404=VECTOR('',#2439,0.25);
#405=VECTOR('',#2444,1.);
#406=VECTOR('',#2453,1.);
#407=VECTOR('',#2456,0.919999999999);
#408=VECTOR('',#2465,0.92);
#409=VECTOR('',#2470,1.);
#410=VECTOR('',#2475,1.);
#411=VECTOR('',#2482,0.819999999999);
#412=VECTOR('',#2487,0.869999999999);
#413=VECTOR('',#2494,1000.);
#414=VECTOR('',#2497,1000.);
#415=VECTOR('',#2500,1000.);
#416=VECTOR('',#2501,1000.);
#417=VECTOR('',#2502,1000.);
#418=VECTOR('',#2503,1000.);
#419=VECTOR('',#2504,1000.);
#420=VECTOR('',#2505,1000.);
#421=VECTOR('',#2506,1000.);
#422=VECTOR('',#2507,1000.);
#423=VECTOR('',#2508,999.999999999259);
#424=VECTOR('',#2509,999.999999999259);
#425=VECTOR('',#2510,999.999999999259);
#426=VECTOR('',#2511,999.999999999259);
#427=VECTOR('',#2512,999.999999999259);
#428=VECTOR('',#2513,999.999999999259);
#429=VECTOR('',#2514,999.999999999259);
#430=VECTOR('',#2515,999.999999999259);
#431=VECTOR('',#2516,999.999999999259);
#432=VECTOR('',#2517,999.999999999259);
#433=VECTOR('',#2518,999.999999999257);
#434=VECTOR('',#2519,999.999999999259);
#435=VECTOR('',#2520,999.999999999259);
#436=VECTOR('',#2521,999.999999999259);
#437=VECTOR('',#2522,999.999999999259);
#438=VECTOR('',#2523,999.999999999259);
#439=VECTOR('',#2524,999.999999999258);
#440=VECTOR('',#2525,999.999999999259);
#441=VECTOR('',#2526,999.999999999259);
#442=VECTOR('',#2527,999.999999999259);
#443=VECTOR('',#2528,999.999999999259);
#444=VECTOR('',#2533,999.99999999973);
#445=VECTOR('',#2534,999.999999999258);
#446=VECTOR('',#2535,999.99999999923);
#447=VECTOR('',#2536,999.999999999259);
#448=VECTOR('',#2537,999.999999999737);
#449=VECTOR('',#2538,999.999999999259);
#450=VECTOR('',#2539,999.99999999906);
#451=VECTOR('',#2540,999.999999999259);
#452=VECTOR('',#2547,999.999999999259);
#453=VECTOR('',#2562,999.999999999259);
#454=VECTOR('',#2563,999.999999999259);
#455=VECTOR('',#2564,999.999999999259);
#456=VECTOR('',#2565,999.999999999259);
#457=VECTOR('',#2566,999.999999999259);
#458=VECTOR('',#2567,999.999999999257);
#459=VECTOR('',#2568,999.999999999259);
#460=VECTOR('',#2569,999.999999999259);
#461=VECTOR('',#2570,999.999999999259);
#462=VECTOR('',#2571,999.999999999259);
#463=VECTOR('',#2572,999.999999999259);
#464=VECTOR('',#2573,999.999999999259);
#465=VECTOR('',#2574,999.999999999259);
#466=VECTOR('',#2575,999.999999999259);
#467=VECTOR('',#2576,999.999999999259);
#468=VECTOR('',#2577,999.999999999259);
#469=VECTOR('',#2582,999.999999999508);
#470=VECTOR('',#2583,999.999999999259);
#471=VECTOR('',#2584,999.999999999775);
#472=VECTOR('',#2585,999.999999999259);
#473=VECTOR('',#2586,999.999999999281);
#474=VECTOR('',#2587,999.999999999259);
#475=VECTOR('',#2588,999.999999999373);
#476=VECTOR('',#2589,999.999999999258);
#477=VECTOR('',#2592,999.999999999259);
#478=VECTOR('',#2593,999.999999999259);
#479=VECTOR('',#2594,10.);
#480=VECTOR('',#2599,999.999999999801);
#481=VECTOR('',#2600,999.99999999993);
#482=VECTOR('',#2601,999.999999999155);
#483=VECTOR('',#2602,10.);
#484=VECTOR('',#2613,999.999999999125);
#485=VECTOR('',#2614,999.999999999259);
#486=VECTOR('',#2615,999.999999999492);
#487=VECTOR('',#2618,999.999999999259);
#488=VECTOR('',#2619,999.999999999847);
#489=VECTOR('',#2620,999.999999998991);
#490=VECTOR('',#2621,999.999999999259);
#491=VECTOR('',#2622,999.99999999932);
#492=VECTOR('',#2623,999.999999999589);
#493=VECTOR('',#2628,999.999999999753);
#494=VECTOR('',#2631,999.999999999257);
#495=VECTOR('',#2632,999.999999999259);
#496=VECTOR('',#2633,999.999999999259);
#497=VECTOR('',#2634,999.999999999259);
#498=VECTOR('',#2635,999.999999999259);
#499=VECTOR('',#2636,999.999999999258);
#500=VECTOR('',#2637,999.999999999259);
#501=VECTOR('',#2638,999.999999999258);
#502=VECTOR('',#2639,999.999999999259);
#503=VECTOR('',#2640,999.999999999259);
#504=VECTOR('',#2641,999.999999999259);
#505=VECTOR('',#2642,999.999999999259);
#506=VECTOR('',#2643,999.999999999259);
#507=VECTOR('',#2644,999.999999999259);
#508=VECTOR('',#2645,999.999999999258);
#509=VECTOR('',#2646,999.999999999259);
#510=VECTOR('',#2651,999.999999999258);
#511=VECTOR('',#2656,999.999999999259);
#512=VECTOR('',#2659,1000.);
#513=VECTOR('',#2660,1000.);
#514=VECTOR('',#2661,1000.);
#515=VECTOR('',#2662,1000.);
#516=VECTOR('',#2663,1000.);
#517=VECTOR('',#2664,1000.);
#518=VECTOR('',#2665,1000.);
#519=VECTOR('',#2666,1000.);
#520=VECTOR('',#2669,1000.);
#521=VECTOR('',#2672,1000.);
#522=VECTOR('',#2673,1000.);
#523=VECTOR('',#2674,1000.);
#524=VECTOR('',#2675,1000.);
#525=VECTOR('',#2676,1000.);
#526=VECTOR('',#2679,1000.);
#527=VECTOR('',#2680,1000.);
#528=VECTOR('',#2681,1000.);
#529=VECTOR('',#2684,999.999999999226);
#530=VECTOR('',#2687,1000.);
#531=VECTOR('',#2688,1000.);
#532=VECTOR('',#2689,1000.);
#533=VECTOR('',#2690,1000.);
#534=VECTOR('',#2691,1000.);
#535=VECTOR('',#2694,1000.);
#536=VECTOR('',#2697,1000.);
#537=VECTOR('',#2698,1000.);
#538=VECTOR('',#2699,1000.);
#539=VECTOR('',#2700,1000.);
#540=VECTOR('',#2701,1000.);
#541=VECTOR('',#2702,1000.);
#542=VECTOR('',#2705,1000.);
#543=VECTOR('',#2706,1000.);
#544=VECTOR('',#2707,1000.);
#545=VECTOR('',#2708,1000.);
#546=VECTOR('',#2709,1000.);
#547=VECTOR('',#2710,1000.);
#548=VECTOR('',#2713,999.999999999226);
#549=VECTOR('',#2726,1000.);
#550=VECTOR('',#2727,1000.);
#551=VECTOR('',#2740,1000.);
#552=VECTOR('',#2741,1000.);
#553=VECTOR('',#2742,1000.);
#554=VECTOR('',#2745,1000.);
#555=VECTOR('',#2746,1000.);
#556=VECTOR('',#2747,1000.);
#557=VECTOR('',#2750,1000.);
#558=VECTOR('',#2751,1000.);
#559=VECTOR('',#2752,1000.);
#560=VECTOR('',#2755,1000.);
#561=VECTOR('',#2758,1000.);
#562=VECTOR('',#2763,1000.);
#563=VECTOR('',#2764,1000.);
#564=VECTOR('',#2765,1000.);
#565=VECTOR('',#2768,1000.);
#566=VECTOR('',#2769,1000.);
#567=VECTOR('',#2770,1000.);
#568=VECTOR('',#2773,1000.);
#569=VECTOR('',#2774,1000.);
#570=VECTOR('',#2777,1000.);
#571=VECTOR('',#2778,1000.);
#572=VECTOR('',#2781,1000.);
#573=VECTOR('',#2786,1000.);
#574=VECTOR('',#2787,1000.);
#575=VECTOR('',#2788,1000.);
#576=VECTOR('',#2791,1000.);
#577=VECTOR('',#2792,1000.);
#578=VECTOR('',#2793,1000.);
#579=VECTOR('',#2796,1000.);
#580=VECTOR('',#2797,1000.);
#581=VECTOR('',#2800,1000.);
#582=VECTOR('',#2801,1000.);
#583=VECTOR('',#2804,1000.);
#584=VECTOR('',#2809,1000.);
#585=VECTOR('',#2810,1000.);
#586=VECTOR('',#2811,1000.);
#587=VECTOR('',#2814,1000.);
#588=VECTOR('',#2815,1000.);
#589=VECTOR('',#2818,1000.);
#590=VECTOR('',#2819,1000.);
#591=VECTOR('',#2822,1000.);
#592=VECTOR('',#2837,999.999999999259);
#593=VECTOR('',#2838,999.999999999259);
#594=VECTOR('',#2847,999.999999999259);
#595=VECTOR('',#2852,999.999999998987);
#596=VECTOR('',#2853,999.999999999259);
#597=VECTOR('',#2854,999.999999998964);
#598=VECTOR('',#2863,999.999999999667);
#599=VECTOR('',#2864,999.999999999259);
#600=VECTOR('',#2879,999.999999999259);
#601=VECTOR('',#2880,999.999999999259);
#602=VECTOR('',#2889,999.999999999259);
#603=VECTOR('',#2894,999.999999999176);
#604=VECTOR('',#2895,999.999999999259);
#605=VECTOR('',#2896,999.99999999932);
#606=CYLINDRICAL_SURFACE('',#2258,0.149999999999);
#607=CYLINDRICAL_SURFACE('',#2267,0.25);
#608=CYLINDRICAL_SURFACE('',#2272,1.);
#609=CYLINDRICAL_SURFACE('',#2278,0.92);
#610=CYLINDRICAL_SURFACE('',#2282,1.);
#611=CYLINDRICAL_SURFACE('',#2284,0.819999999999);
#612=CYLINDRICAL_SURFACE('',#2290,0.4);
#613=CYLINDRICAL_SURFACE('',#2340,0.2);
#614=CYLINDRICAL_SURFACE('',#2341,0.199999999999);
#615=CYLINDRICAL_SURFACE('',#2342,0.199999999999);
#616=CYLINDRICAL_SURFACE('',#2343,0.199999999999);
#617=CYLINDRICAL_SURFACE('',#2344,0.2);
#618=FACE_OUTER_BOUND('',#688,.T.);
#619=FACE_OUTER_BOUND('',#689,.T.);
#620=FACE_OUTER_BOUND('',#690,.T.);
#621=FACE_OUTER_BOUND('',#691,.T.);
#622=FACE_OUTER_BOUND('',#692,.T.);
#623=FACE_OUTER_BOUND('',#693,.T.);
#624=FACE_OUTER_BOUND('',#694,.T.);
#625=FACE_OUTER_BOUND('',#695,.T.);
#626=FACE_OUTER_BOUND('',#696,.T.);
#627=FACE_OUTER_BOUND('',#697,.T.);
#628=FACE_OUTER_BOUND('',#698,.T.);
#629=FACE_OUTER_BOUND('',#699,.T.);
#630=FACE_OUTER_BOUND('',#700,.T.);
#631=FACE_OUTER_BOUND('',#701,.T.);
#632=FACE_OUTER_BOUND('',#702,.T.);
#633=FACE_OUTER_BOUND('',#716,.T.);
#634=FACE_OUTER_BOUND('',#717,.T.);
#635=FACE_OUTER_BOUND('',#718,.T.);
#636=FACE_OUTER_BOUND('',#719,.T.);
#637=FACE_OUTER_BOUND('',#720,.T.);
#638=FACE_OUTER_BOUND('',#722,.T.);
#639=FACE_OUTER_BOUND('',#723,.T.);
#640=FACE_OUTER_BOUND('',#724,.T.);
#641=FACE_OUTER_BOUND('',#725,.T.);
#642=FACE_OUTER_BOUND('',#726,.T.);
#643=FACE_OUTER_BOUND('',#727,.T.);
#644=FACE_OUTER_BOUND('',#728,.T.);
#645=FACE_OUTER_BOUND('',#729,.T.);
#646=FACE_OUTER_BOUND('',#730,.T.);
#647=FACE_OUTER_BOUND('',#731,.T.);
#648=FACE_OUTER_BOUND('',#732,.T.);
#649=FACE_OUTER_BOUND('',#733,.T.);
#650=FACE_OUTER_BOUND('',#734,.T.);
#651=FACE_OUTER_BOUND('',#735,.T.);
#652=FACE_OUTER_BOUND('',#736,.T.);
#653=FACE_OUTER_BOUND('',#737,.T.);
#654=FACE_OUTER_BOUND('',#738,.T.);
#655=FACE_OUTER_BOUND('',#739,.T.);
#656=FACE_OUTER_BOUND('',#740,.T.);
#657=FACE_OUTER_BOUND('',#741,.T.);
#658=FACE_OUTER_BOUND('',#742,.T.);
#659=FACE_OUTER_BOUND('',#743,.T.);
#660=FACE_OUTER_BOUND('',#744,.T.);
#661=FACE_OUTER_BOUND('',#745,.T.);
#662=FACE_OUTER_BOUND('',#746,.T.);
#663=FACE_OUTER_BOUND('',#747,.T.);
#664=FACE_OUTER_BOUND('',#748,.T.);
#665=FACE_OUTER_BOUND('',#749,.T.);
#666=FACE_OUTER_BOUND('',#750,.T.);
#667=FACE_OUTER_BOUND('',#752,.T.);
#668=FACE_OUTER_BOUND('',#754,.T.);
#669=FACE_OUTER_BOUND('',#756,.T.);
#670=FACE_OUTER_BOUND('',#757,.T.);
#671=FACE_OUTER_BOUND('',#758,.T.);
#672=FACE_OUTER_BOUND('',#759,.T.);
#673=FACE_OUTER_BOUND('',#761,.T.);
#674=FACE_OUTER_BOUND('',#762,.T.);
#675=FACE_OUTER_BOUND('',#764,.T.);
#676=FACE_OUTER_BOUND('',#765,.T.);
#677=FACE_OUTER_BOUND('',#766,.T.);
#678=FACE_OUTER_BOUND('',#768,.T.);
#679=FACE_OUTER_BOUND('',#769,.T.);
#680=FACE_OUTER_BOUND('',#770,.T.);
#681=FACE_OUTER_BOUND('',#771,.T.);
#682=FACE_OUTER_BOUND('',#772,.T.);
#683=FACE_OUTER_BOUND('',#774,.T.);
#684=FACE_OUTER_BOUND('',#775,.T.);
#685=FACE_OUTER_BOUND('',#777,.T.);
#686=FACE_OUTER_BOUND('',#778,.T.);
#687=FACE_OUTER_BOUND('',#780,.T.);
#688=EDGE_LOOP('',(#1443,#1444,#1445,#1446));
#689=EDGE_LOOP('',(#1447,#1448,#1449,#1450,#1451));
#690=EDGE_LOOP('',(#1452,#1453,#1454,#1455));
#691=EDGE_LOOP('',(#1456,#1457,#1458,#1459));
#692=EDGE_LOOP('',(#1460,#1461,#1462,#1463,#1464));
#693=EDGE_LOOP('',(#1465,#1466,#1467,#1468));
#694=EDGE_LOOP('',(#1469,#1470,#1471,#1472,#1473));
#695=EDGE_LOOP('',(#1474,#1475,#1476,#1477,#1478,#1479));
#696=EDGE_LOOP('',(#1480,#1481,#1482,#1483,#1484));
#697=EDGE_LOOP('',(#1485,#1486,#1487,#1488));
#698=EDGE_LOOP('',(#1489,#1490,#1491,#1492));
#699=EDGE_LOOP('',(#1493,#1494,#1495,#1496,#1497));
#700=EDGE_LOOP('',(#1498,#1499,#1500,#1501,#1502));
#701=EDGE_LOOP('',(#1503,#1504,#1505,#1506));
#702=EDGE_LOOP('',(#1507,#1508,#1509,#1510,#1511,#1512,#1513,#1514));
#703=EDGE_LOOP('',(#1515,#1516,#1517,#1518,#1519,#1520));
#704=EDGE_LOOP('',(#1521,#1522,#1523,#1524,#1525,#1526,#1527,#1528,#1529,
#1530,#1531,#1532));
#705=EDGE_LOOP('',(#1533,#1534,#1535,#1536,#1537,#1538,#1539));
#706=EDGE_LOOP('',(#1540,#1541,#1542,#1543,#1544,#1545,#1546,#1547));
#707=EDGE_LOOP('',(#1548,#1549,#1550,#1551,#1552,#1553,#1554,#1555,#1556,
#1557,#1558,#1559,#1560,#1561,#1562,#1563,#1564,#1565,#1566,#1567,#1568));
#708=EDGE_LOOP('',(#1569,#1570,#1571,#1572,#1573,#1574,#1575,#1576,#1577,
#1578,#1579,#1580));
#709=EDGE_LOOP('',(#1581,#1582,#1583,#1584,#1585,#1586,#1587));
#710=EDGE_LOOP('',(#1588,#1589,#1590,#1591,#1592,#1593,#1594,#1595));
#711=EDGE_LOOP('',(#1596,#1597,#1598,#1599,#1600,#1601,#1602,#1603,#1604,
#1605,#1606,#1607,#1608,#1609,#1610,#1611,#1612,#1613,#1614,#1615,#1616,
#1617,#1618,#1619,#1620,#1621,#1622,#1623,#1624,#1625,#1626,#1627,#1628));
#712=EDGE_LOOP('',(#1629,#1630,#1631,#1632,#1633,#1634,#1635,#1636,#1637,
#1638,#1639,#1640,#1641,#1642));
#713=EDGE_LOOP('',(#1643,#1644,#1645,#1646,#1647,#1648,#1649,#1650,#1651,
#1652,#1653,#1654,#1655));
#714=EDGE_LOOP('',(#1656,#1657,#1658,#1659,#1660,#1661,#1662,#1663,#1664,
#1665,#1666,#1667));
#715=EDGE_LOOP('',(#1668,#1669,#1670,#1671,#1672,#1673,#1674,#1675,#1676,
#1677,#1678,#1679,#1680,#1681));
#716=EDGE_LOOP('',(#1682,#1683,#1684,#1685,#1686,#1687,#1688,#1689));
#717=EDGE_LOOP('',(#1690,#1691,#1692,#1693,#1694,#1695,#1696,#1697,#1698,
#1699,#1700,#1701,#1702,#1703,#1704,#1705,#1706,#1707,#1708,#1709,#1710,
#1711,#1712,#1713,#1714,#1715));
#718=EDGE_LOOP('',(#1716,#1717,#1718,#1719,#1720,#1721,#1722,#1723));
#719=EDGE_LOOP('',(#1724,#1725,#1726,#1727,#1728,#1729,#1730,#1731));
#720=EDGE_LOOP('',(#1732,#1733,#1734,#1735,#1736,#1737,#1738,#1739,#1740,
#1741));
#721=EDGE_LOOP('',(#1742));
#722=EDGE_LOOP('',(#1743,#1744,#1745,#1746));
#723=EDGE_LOOP('',(#1747,#1748,#1749,#1750));
#724=EDGE_LOOP('',(#1751,#1752,#1753,#1754));
#725=EDGE_LOOP('',(#1755,#1756,#1757,#1758));
#726=EDGE_LOOP('',(#1759,#1760,#1761,#1762));
#727=EDGE_LOOP('',(#1763,#1764,#1765,#1766));
#728=EDGE_LOOP('',(#1767,#1768,#1769,#1770));
#729=EDGE_LOOP('',(#1771,#1772,#1773,#1774,#1775,#1776));
#730=EDGE_LOOP('',(#1777,#1778,#1779,#1780,#1781,#1782));
#731=EDGE_LOOP('',(#1783,#1784,#1785,#1786));
#732=EDGE_LOOP('',(#1787,#1788,#1789,#1790));
#733=EDGE_LOOP('',(#1791,#1792,#1793,#1794));
#734=EDGE_LOOP('',(#1795,#1796,#1797,#1798));
#735=EDGE_LOOP('',(#1799,#1800,#1801,#1802,#1803,#1804));
#736=EDGE_LOOP('',(#1805,#1806,#1807,#1808));
#737=EDGE_LOOP('',(#1809,#1810,#1811,#1812,#1813,#1814));
#738=EDGE_LOOP('',(#1815,#1816,#1817,#1818));
#739=EDGE_LOOP('',(#1819,#1820,#1821,#1822));
#740=EDGE_LOOP('',(#1823,#1824,#1825,#1826));
#741=EDGE_LOOP('',(#1827,#1828,#1829,#1830,#1831,#1832));
#742=EDGE_LOOP('',(#1833,#1834,#1835,#1836));
#743=EDGE_LOOP('',(#1837,#1838,#1839,#1840,#1841,#1842));
#744=EDGE_LOOP('',(#1843,#1844,#1845,#1846));
#745=EDGE_LOOP('',(#1847,#1848,#1849,#1850));
#746=EDGE_LOOP('',(#1851,#1852,#1853,#1854));
#747=EDGE_LOOP('',(#1855,#1856,#1857,#1858,#1859,#1860));
#748=EDGE_LOOP('',(#1861,#1862,#1863,#1864,#1865,#1866));
#749=EDGE_LOOP('',(#1867,#1868,#1869,#1870));
#750=EDGE_LOOP('',(#1871,#1872,#1873,#1874));
#751=EDGE_LOOP('',(#1875));
#752=EDGE_LOOP('',(#1876));
#753=EDGE_LOOP('',(#1877));
#754=EDGE_LOOP('',(#1878));
#755=EDGE_LOOP('',(#1879));
#756=EDGE_LOOP('',(#1880,#1881,#1882,#1883,#1884,#1885));
#757=EDGE_LOOP('',(#1886,#1887,#1888,#1889,#1890,#1891,#1892,#1893,#1894,
#1895,#1896,#1897,#1898,#1899));
#758=EDGE_LOOP('',(#1900,#1901,#1902,#1903,#1904,#1905,#1906,#1907,#1908,
#1909,#1910,#1911));
#759=EDGE_LOOP('',(#1912,#1913,#1914,#1915,#1916,#1917,#1918));
#760=EDGE_LOOP('',(#1919,#1920,#1921,#1922,#1923,#1924,#1925));
#761=EDGE_LOOP('',(#1926,#1927,#1928,#1929,#1930,#1931,#1932));
#762=EDGE_LOOP('',(#1933,#1934,#1935,#1936,#1937,#1938,#1939,#1940));
#763=EDGE_LOOP('',(#1941,#1942,#1943,#1944,#1945));
#764=EDGE_LOOP('',(#1946,#1947,#1948,#1949,#1950));
#765=EDGE_LOOP('',(#1951,#1952,#1953,#1954,#1955,#1956,#1957,#1958,#1959,
#1960,#1961,#1962));
#766=EDGE_LOOP('',(#1963,#1964,#1965,#1966,#1967,#1968,#1969,#1970,#1971,
#1972,#1973,#1974,#1975));
#767=EDGE_LOOP('',(#1976,#1977,#1978,#1979,#1980,#1981,#1982,#1983));
#768=EDGE_LOOP('',(#1984,#1985,#1986,#1987,#1988,#1989,#1990,#1991));
#769=EDGE_LOOP('',(#1992,#1993,#1994,#1995,#1996,#1997,#1998,#1999,#2000,
#2001,#2002,#2003,#2004,#2005,#2006,#2007,#2008,#2009,#2010,#2011,#2012));
#770=EDGE_LOOP('',(#2013,#2014,#2015,#2016,#2017,#2018,#2019,#2020,#2021,
#2022,#2023,#2024,#2025,#2026));
#771=EDGE_LOOP('',(#2027,#2028,#2029,#2030,#2031,#2032,#2033,#2034,#2035,
#2036,#2037,#2038));
#772=EDGE_LOOP('',(#2039,#2040,#2041,#2042,#2043,#2044,#2045));
#773=EDGE_LOOP('',(#2046,#2047,#2048,#2049,#2050,#2051,#2052));
#774=EDGE_LOOP('',(#2053,#2054,#2055,#2056,#2057,#2058,#2059));
#775=EDGE_LOOP('',(#2060,#2061,#2062,#2063,#2064,#2065,#2066,#2067));
#776=EDGE_LOOP('',(#2068,#2069,#2070,#2071,#2072));
#777=EDGE_LOOP('',(#2073,#2074,#2075,#2076,#2077));
#778=EDGE_LOOP('',(#2078,#2079,#2080,#2081,#2082,#2083,#2084,#2085,#2086,
#2087,#2088,#2089,#2090,#2091,#2092,#2093,#2094,#2095,#2096,#2097,#2098,
#2099,#2100,#2101,#2102,#2103,#2104,#2105,#2106,#2107,#2108,#2109,#2110));
#779=EDGE_LOOP('',(#2111,#2112));
#780=EDGE_LOOP('',(#2113,#2114));
#781=CIRCLE('',#2255,0.149999999999);
#782=CIRCLE('',#2256,0.2);
#783=CIRCLE('',#2257,0.349999999999);
#784=CIRCLE('',#2259,0.149999999999);
#785=CIRCLE('',#2260,0.149999999999);
#786=CIRCLE('',#2262,0.149999999999);
#787=CIRCLE('',#2264,0.25);
#788=CIRCLE('',#2265,0.25);
#789=CIRCLE('',#2266,0.25);
#790=CIRCLE('',#2268,0.25);
#791=CIRCLE('',#2270,1.);
#792=CIRCLE('',#2271,0.919999999999);
#793=CIRCLE('',#2273,1.);
#794=CIRCLE('',#2274,1.);
#795=CIRCLE('',#2276,0.919999999999);
#796=CIRCLE('',#2277,0.919999999999);
#797=CIRCLE('',#2279,0.92);
#798=CIRCLE('',#2281,1.);
#799=CIRCLE('',#2283,1.);
#800=CIRCLE('',#2285,0.819999999999);
#801=CIRCLE('',#2286,0.819999999999);
#802=CIRCLE('',#2287,0.819999999999);
#803=CIRCLE('',#2289,0.869999999999);
#804=CIRCLE('',#2291,0.4);
#805=CIRCLE('',#2292,0.4);
#806=CIRCLE('',#2326,0.2);
#807=CIRCLE('',#2327,0.2);
#808=CIRCLE('',#2328,0.199999999999);
#809=CIRCLE('',#2329,0.199999999999);
#810=CIRCLE('',#2330,0.199999999999);
#811=CIRCLE('',#2334,0.199999999999);
#812=CIRCLE('',#2335,0.2);
#813=CIRCLE('',#2336,0.2);
#814=CIRCLE('',#2337,0.199999999999);
#815=CIRCLE('',#2338,0.199999999999);
#816=VERTEX_POINT('',#2911);
#817=VERTEX_POINT('',#2913);
#818=VERTEX_POINT('',#2917);
#819=VERTEX_POINT('',#2918);
#820=VERTEX_POINT('',#2923);
#821=VERTEX_POINT('',#2926);
#822=VERTEX_POINT('',#2927);
#823=VERTEX_POINT('',#2930);
#824=VERTEX_POINT('',#2933);
#825=VERTEX_POINT('',#2937);
#826=VERTEX_POINT('',#2939);
#827=VERTEX_POINT('',#2943);
#828=VERTEX_POINT('',#2944);
#829=VERTEX_POINT('',#2949);
#830=VERTEX_POINT('',#2951);
#831=VERTEX_POINT('',#2955);
#832=VERTEX_POINT('',#2959);
#833=VERTEX_POINT('',#2963);
#834=VERTEX_POINT('',#2967);
#835=VERTEX_POINT('',#2968);
#836=VERTEX_POINT('',#2971);
#837=VERTEX_POINT('',#2975);
#838=VERTEX_POINT('',#2979);
#839=VERTEX_POINT('',#2980);
#840=VERTEX_POINT('',#2982);
#841=VERTEX_POINT('',#2984);
#842=VERTEX_POINT('',#2988);
#843=VERTEX_POINT('',#2989);
#844=VERTEX_POINT('',#2991);
#845=VERTEX_POINT('',#2993);
#846=VERTEX_POINT('',#2995);
#847=VERTEX_POINT('',#2997);
#848=VERTEX_POINT('',#2999);
#849=VERTEX_POINT('',#3001);
#850=VERTEX_POINT('',#3004);
#851=VERTEX_POINT('',#3005);
#852=VERTEX_POINT('',#3007);
#853=VERTEX_POINT('',#3009);
#854=VERTEX_POINT('',#3011);
#855=VERTEX_POINT('',#3013);
#856=VERTEX_POINT('',#3016);
#857=VERTEX_POINT('',#3017);
#858=VERTEX_POINT('',#3019);
#859=VERTEX_POINT('',#3021);
#860=VERTEX_POINT('',#3023);
#861=VERTEX_POINT('',#3025);
#862=VERTEX_POINT('',#3027);
#863=VERTEX_POINT('',#3029);
#864=VERTEX_POINT('',#3031);
#865=VERTEX_POINT('',#3033);
#866=VERTEX_POINT('',#3035);
#867=VERTEX_POINT('',#3037);
#868=VERTEX_POINT('',#3040);
#869=VERTEX_POINT('',#3041);
#870=VERTEX_POINT('',#3043);
#871=VERTEX_POINT('',#3045);
#872=VERTEX_POINT('',#3047);
#873=VERTEX_POINT('',#3052);
#874=VERTEX_POINT('',#3057);
#875=VERTEX_POINT('',#3060);
#876=VERTEX_POINT('',#3061);
#877=VERTEX_POINT('',#3063);
#878=VERTEX_POINT('',#3065);
#879=VERTEX_POINT('',#3067);
#880=VERTEX_POINT('',#3069);
#881=VERTEX_POINT('',#3071);
#882=VERTEX_POINT('',#3073);
#883=VERTEX_POINT('',#3076);
#884=VERTEX_POINT('',#3077);
#885=VERTEX_POINT('',#3082);
#886=VERTEX_POINT('',#3084);
#887=VERTEX_POINT('',#3089);
#888=VERTEX_POINT('',#3094);
#889=VERTEX_POINT('',#3096);
#890=VERTEX_POINT('',#3098);
#891=VERTEX_POINT('',#3103);
#892=VERTEX_POINT('',#3108);
#893=VERTEX_POINT('',#3113);
#894=VERTEX_POINT('',#3115);
#895=VERTEX_POINT('',#3120);
#896=VERTEX_POINT('',#3125);
#897=VERTEX_POINT('',#3127);
#898=VERTEX_POINT('',#3132);
#899=VERTEX_POINT('',#3134);
#900=VERTEX_POINT('',#3136);
#901=VERTEX_POINT('',#3138);
#902=VERTEX_POINT('',#3140);
#903=VERTEX_POINT('',#3142);
#904=VERTEX_POINT('',#3145);
#905=VERTEX_POINT('',#3146);
#906=VERTEX_POINT('',#3148);
#907=VERTEX_POINT('',#3150);
#908=VERTEX_POINT('',#3152);
#909=VERTEX_POINT('',#3154);
#910=VERTEX_POINT('',#3156);
#911=VERTEX_POINT('',#3158);
#912=VERTEX_POINT('',#3160);
#913=VERTEX_POINT('',#3162);
#914=VERTEX_POINT('',#3164);
#915=VERTEX_POINT('',#3166);
#916=VERTEX_POINT('',#3169);
#917=VERTEX_POINT('',#3170);
#918=VERTEX_POINT('',#3172);
#919=VERTEX_POINT('',#3174);
#920=VERTEX_POINT('',#3176);
#921=VERTEX_POINT('',#3181);
#922=VERTEX_POINT('',#3186);
#923=VERTEX_POINT('',#3189);
#924=VERTEX_POINT('',#3190);
#925=VERTEX_POINT('',#3192);
#926=VERTEX_POINT('',#3194);
#927=VERTEX_POINT('',#3196);
#928=VERTEX_POINT('',#3198);
#929=VERTEX_POINT('',#3200);
#930=VERTEX_POINT('',#3202);
#931=VERTEX_POINT('',#3205);
#932=VERTEX_POINT('',#3206);
#933=VERTEX_POINT('',#3217);
#934=VERTEX_POINT('',#3224);
#935=VERTEX_POINT('',#3226);
#936=VERTEX_POINT('',#3228);
#937=VERTEX_POINT('',#3239);
#938=VERTEX_POINT('',#3250);
#939=VERTEX_POINT('',#3255);
#940=VERTEX_POINT('',#3257);
#941=VERTEX_POINT('',#3268);
#942=VERTEX_POINT('',#3279);
#943=VERTEX_POINT('',#3281);
#944=VERTEX_POINT('',#3286);
#945=VERTEX_POINT('',#3297);
#946=VERTEX_POINT('',#3299);
#947=VERTEX_POINT('',#3310);
#948=VERTEX_POINT('',#3321);
#949=VERTEX_POINT('',#3332);
#950=VERTEX_POINT('',#3334);
#951=VERTEX_POINT('',#3336);
#952=VERTEX_POINT('',#3338);
#953=VERTEX_POINT('',#3340);
#954=VERTEX_POINT('',#3342);
#955=VERTEX_POINT('',#3353);
#956=VERTEX_POINT('',#3364);
#957=VERTEX_POINT('',#3366);
#958=VERTEX_POINT('',#3373);
#959=VERTEX_POINT('',#3380);
#960=VERTEX_POINT('',#3382);
#961=VERTEX_POINT('',#3387);
#962=VERTEX_POINT('',#3392);
#963=VERTEX_POINT('',#3394);
#964=VERTEX_POINT('',#3397);
#965=VERTEX_POINT('',#3398);
#966=VERTEX_POINT('',#3403);
#967=VERTEX_POINT('',#3405);
#968=VERTEX_POINT('',#3407);
#969=VERTEX_POINT('',#3409);
#970=VERTEX_POINT('',#3414);
#971=VERTEX_POINT('',#3416);
#972=VERTEX_POINT('',#3418);
#973=VERTEX_POINT('',#3423);
#974=VERTEX_POINT('',#3428);
#975=VERTEX_POINT('',#3430);
#976=VERTEX_POINT('',#3432);
#977=VERTEX_POINT('',#3434);
#978=VERTEX_POINT('',#3437);
#979=VERTEX_POINT('',#3438);
#980=VERTEX_POINT('',#3440);
#981=VERTEX_POINT('',#3442);
#982=VERTEX_POINT('',#3447);
#983=VERTEX_POINT('',#3452);
#984=VERTEX_POINT('',#3454);
#985=VERTEX_POINT('',#3456);
#986=VERTEX_POINT('',#3461);
#987=VERTEX_POINT('',#3463);
#988=VERTEX_POINT('',#3468);
#989=VERTEX_POINT('',#3473);
#990=VERTEX_POINT('',#3475);
#991=VERTEX_POINT('',#3478);
#992=VERTEX_POINT('',#3479);
#993=VERTEX_POINT('',#3481);
#994=VERTEX_POINT('',#3483);
#995=VERTEX_POINT('',#3485);
#996=VERTEX_POINT('',#3487);
#997=VERTEX_POINT('',#3489);
#998=VERTEX_POINT('',#3491);
#999=VERTEX_POINT('',#3493);
#1000=VERTEX_POINT('',#3495);
#1001=VERTEX_POINT('',#3497);
#1002=VERTEX_POINT('',#3499);
#1003=VERTEX_POINT('',#3502);
#1004=VERTEX_POINT('',#3503);
#1005=VERTEX_POINT('',#3508);
#1006=VERTEX_POINT('',#3513);
#1007=VERTEX_POINT('',#3515);
#1008=VERTEX_POINT('',#3520);
#1009=VERTEX_POINT('',#3525);
#1010=VERTEX_POINT('',#3527);
#1011=VERTEX_POINT('',#3529);
#1012=VERTEX_POINT('',#3534);
#1013=VERTEX_POINT('',#3539);
#1014=VERTEX_POINT('',#3544);
#1015=VERTEX_POINT('',#3549);
#1016=VERTEX_POINT('',#3551);
#1017=VERTEX_POINT('',#3555);
#1018=VERTEX_POINT('',#3556);
#1019=VERTEX_POINT('',#3558);
#1020=VERTEX_POINT('',#3560);
#1021=VERTEX_POINT('',#3562);
#1022=VERTEX_POINT('',#3564);
#1023=VERTEX_POINT('',#3566);
#1024=VERTEX_POINT('',#3568);
#1025=VERTEX_POINT('',#3573);
#1026=VERTEX_POINT('',#3575);
#1027=VERTEX_POINT('',#3577);
#1028=VERTEX_POINT('',#3579);
#1029=VERTEX_POINT('',#3581);
#1030=VERTEX_POINT('',#3583);
#1031=VERTEX_POINT('',#3586);
#1032=VERTEX_POINT('',#3588);
#1033=VERTEX_POINT('',#3591);
#1034=VERTEX_POINT('',#3593);
#1035=VERTEX_POINT('',#3595);
#1036=VERTEX_POINT('',#3597);
#1037=VERTEX_POINT('',#3599);
#1038=VERTEX_POINT('',#3601);
#1039=VERTEX_POINT('',#3603);
#1040=VERTEX_POINT('',#3605);
#1041=VERTEX_POINT('',#3610);
#1042=VERTEX_POINT('',#3612);
#1043=VERTEX_POINT('',#3615);
#1044=VERTEX_POINT('',#3617);
#1045=VERTEX_POINT('',#3621);
#1046=VERTEX_POINT('',#3622);
#1047=VERTEX_POINT('',#3625);
#1048=VERTEX_POINT('',#3627);
#1049=VERTEX_POINT('',#3632);
#1050=VERTEX_POINT('',#3633);
#1051=VERTEX_POINT('',#3649);
#1052=VERTEX_POINT('',#3651);
#1053=VERTEX_POINT('',#3655);
#1054=VERTEX_POINT('',#3657);
#1055=VERTEX_POINT('',#3661);
#1056=VERTEX_POINT('',#3663);
#1057=VERTEX_POINT('',#3672);
#1058=VERTEX_POINT('',#3674);
#1059=VERTEX_POINT('',#3678);
#1060=VERTEX_POINT('',#3680);
#1061=VERTEX_POINT('',#3684);
#1062=VERTEX_POINT('',#3688);
#1063=VERTEX_POINT('',#3695);
#1064=VERTEX_POINT('',#3697);
#1065=VERTEX_POINT('',#3701);
#1066=VERTEX_POINT('',#3703);
#1067=VERTEX_POINT('',#3707);
#1068=VERTEX_POINT('',#3711);
#1069=VERTEX_POINT('',#3718);
#1070=VERTEX_POINT('',#3720);
#1071=VERTEX_POINT('',#3724);
#1072=VERTEX_POINT('',#3728);
#1073=VERTEX_POINT('',#3740);
#1074=VERTEX_POINT('',#3741);
#1075=VERTEX_POINT('',#3743);
#1076=VERTEX_POINT('',#3745);
#1077=VERTEX_POINT('',#3747);
#1078=VERTEX_POINT('',#3749);
#1079=VERTEX_POINT('',#3751);
#1080=VERTEX_POINT('',#3756);
#1081=VERTEX_POINT('',#3757);
#1082=VERTEX_POINT('',#3762);
#1083=VERTEX_POINT('',#3764);
#1084=VERTEX_POINT('',#3766);
#1085=VERTEX_POINT('',#3775);
#1086=VERTEX_POINT('',#3776);
#1087=VERTEX_POINT('',#3778);
#1088=VERTEX_POINT('',#3783);
#1089=VERTEX_POINT('',#3785);
#1090=VERTEX_POINT('',#3787);
#1091=VERTEX_POINT('',#3792);
#1092=VERTEX_POINT('',#3794);
#1093=VERTEX_POINT('',#3805);
#1094=VERTEX_POINT('',#3806);
#1095=VERTEX_POINT('',#3808);
#1096=VERTEX_POINT('',#3810);
#1097=VERTEX_POINT('',#3812);
#1098=VERTEX_POINT('',#3814);
#1099=VERTEX_POINT('',#3816);
#1100=VERTEX_POINT('',#3821);
#1101=VERTEX_POINT('',#3822);
#1102=VERTEX_POINT('',#3827);
#1103=VERTEX_POINT('',#3829);
#1104=VERTEX_POINT('',#3831);
#1105=VERTEX_POINT('',#3839);
#1106=VERTEX_POINT('',#3840);
#1107=EDGE_CURVE('',#816,#816,#781,.T.);
#1108=EDGE_CURVE('',#816,#817,#782,.T.);
#1109=EDGE_CURVE('',#817,#817,#783,.T.);
#1110=EDGE_CURVE('',#818,#819,#784,.T.);
#1111=EDGE_CURVE('',#819,#818,#785,.T.);
#1112=EDGE_CURVE('',#819,#816,#200,.T.);
#1113=EDGE_CURVE('',#818,#820,#786,.T.);
#1114=EDGE_CURVE('',#821,#822,#787,.T.);
#1115=EDGE_CURVE('',#822,#821,#788,.T.);
#1116=EDGE_CURVE('',#823,#822,#789,.T.);
#1117=EDGE_CURVE('',#824,#824,#790,.T.);
#1118=EDGE_CURVE('',#824,#821,#201,.T.);
#1119=EDGE_CURVE('',#825,#825,#791,.T.);
#1120=EDGE_CURVE('',#825,#826,#202,.T.);
#1121=EDGE_CURVE('',#826,#826,#792,.T.);
#1122=EDGE_CURVE('',#827,#828,#793,.T.);
#1123=EDGE_CURVE('',#828,#827,#794,.T.);
#1124=EDGE_CURVE('',#828,#825,#203,.T.);
#1125=EDGE_CURVE('',#827,#829,#204,.T.);
#1126=EDGE_CURVE('',#830,#829,#795,.T.);
#1127=EDGE_CURVE('',#829,#830,#796,.T.);
#1128=EDGE_CURVE('',#831,#831,#797,.T.);
#1129=EDGE_CURVE('',#831,#830,#205,.T.);
#1130=EDGE_CURVE('',#832,#832,#798,.T.);
#1131=EDGE_CURVE('',#832,#831,#206,.T.);
#1132=EDGE_CURVE('',#833,#833,#799,.T.);
#1133=EDGE_CURVE('',#833,#832,#207,.T.);
#1134=EDGE_CURVE('',#834,#835,#800,.T.);
#1135=EDGE_CURVE('',#835,#834,#801,.T.);
#1136=EDGE_CURVE('',#835,#836,#208,.T.);
#1137=EDGE_CURVE('',#836,#836,#802,.T.);
#1138=EDGE_CURVE('',#834,#837,#209,.T.);
#1139=EDGE_CURVE('',#837,#837,#803,.T.);
#1140=EDGE_CURVE('',#838,#839,#804,.T.);
#1141=EDGE_CURVE('',#838,#840,#210,.T.);
#1142=EDGE_CURVE('',#840,#841,#805,.T.);
#1143=EDGE_CURVE('',#839,#841,#211,.T.);
#1144=EDGE_CURVE('',#842,#843,#212,.T.);
#1145=EDGE_CURVE('',#843,#844,#213,.T.);
#1146=EDGE_CURVE('',#845,#844,#214,.T.);
#1147=EDGE_CURVE('',#846,#845,#215,.T.);
#1148=EDGE_CURVE('',#846,#847,#216,.T.);
#1149=EDGE_CURVE('',#847,#848,#217,.T.);
#1150=EDGE_CURVE('',#849,#848,#218,.T.);
#1151=EDGE_CURVE('',#849,#842,#219,.T.);
#1152=EDGE_CURVE('',#850,#851,#220,.T.);
#1153=EDGE_CURVE('',#852,#850,#221,.T.);
#1154=EDGE_CURVE('',#853,#852,#222,.T.);
#1155=EDGE_CURVE('',#854,#853,#223,.T.);
#1156=EDGE_CURVE('',#855,#854,#224,.T.);
#1157=EDGE_CURVE('',#851,#855,#225,.T.);
#1158=EDGE_CURVE('',#856,#857,#226,.T.);
#1159=EDGE_CURVE('',#858,#856,#227,.T.);
#1160=EDGE_CURVE('',#859,#858,#228,.T.);
#1161=EDGE_CURVE('',#860,#859,#229,.T.);
#1162=EDGE_CURVE('',#861,#860,#230,.T.);
#1163=EDGE_CURVE('',#862,#861,#231,.T.);
#1164=EDGE_CURVE('',#863,#862,#232,.T.);
#1165=EDGE_CURVE('',#864,#863,#233,.T.);
#1166=EDGE_CURVE('',#865,#864,#234,.T.);
#1167=EDGE_CURVE('',#866,#865,#235,.T.);
#1168=EDGE_CURVE('',#867,#866,#236,.T.);
#1169=EDGE_CURVE('',#857,#867,#237,.T.);
#1170=EDGE_CURVE('',#868,#869,#238,.T.);
#1171=EDGE_CURVE('',#870,#868,#239,.T.);
#1172=EDGE_CURVE('',#871,#870,#240,.T.);
#1173=EDGE_CURVE('',#872,#871,#63,.T.);
#1174=EDGE_CURVE('',#873,#872,#64,.T.);
#1175=EDGE_CURVE('',#874,#873,#22,.T.);
#1176=EDGE_CURVE('',#869,#874,#23,.T.);
#1177=EDGE_CURVE('',#875,#876,#241,.T.);
#1178=EDGE_CURVE('',#877,#875,#242,.T.);
#1179=EDGE_CURVE('',#878,#877,#243,.T.);
#1180=EDGE_CURVE('',#879,#878,#244,.T.);
#1181=EDGE_CURVE('',#880,#879,#245,.T.);
#1182=EDGE_CURVE('',#881,#880,#246,.T.);
#1183=EDGE_CURVE('',#882,#881,#247,.T.);
#1184=EDGE_CURVE('',#876,#882,#248,.T.);
#1185=EDGE_CURVE('',#883,#884,#65,.T.);
#1186=EDGE_CURVE('',#885,#883,#24,.T.);
#1187=EDGE_CURVE('',#886,#885,#66,.T.);
#1188=EDGE_CURVE('',#887,#886,#67,.T.);
#1189=EDGE_CURVE('',#888,#887,#25,.T.);
#1190=EDGE_CURVE('',#889,#888,#26,.T.);
#1191=EDGE_CURVE('',#890,#889,#68,.T.);
#1192=EDGE_CURVE('',#891,#890,#69,.T.);
#1193=EDGE_CURVE('',#892,#891,#70,.T.);
#1194=EDGE_CURVE('',#893,#892,#249,.T.);
#1195=EDGE_CURVE('',#894,#893,#71,.T.);
#1196=EDGE_CURVE('',#895,#894,#72,.T.);
#1197=EDGE_CURVE('',#896,#895,#27,.T.);
#1198=EDGE_CURVE('',#897,#896,#73,.T.);
#1199=EDGE_CURVE('',#898,#897,#28,.T.);
#1200=EDGE_CURVE('',#899,#898,#29,.T.);
#1201=EDGE_CURVE('',#900,#899,#30,.T.);
#1202=EDGE_CURVE('',#901,#900,#31,.T.);
#1203=EDGE_CURVE('',#902,#901,#32,.T.);
#1204=EDGE_CURVE('',#903,#902,#33,.T.);
#1205=EDGE_CURVE('',#884,#903,#250,.T.);
#1206=EDGE_CURVE('',#904,#905,#251,.T.);
#1207=EDGE_CURVE('',#906,#904,#252,.T.);
#1208=EDGE_CURVE('',#907,#906,#253,.T.);
#1209=EDGE_CURVE('',#908,#907,#254,.T.);
#1210=EDGE_CURVE('',#909,#908,#255,.T.);
#1211=EDGE_CURVE('',#910,#909,#256,.T.);
#1212=EDGE_CURVE('',#911,#910,#257,.T.);
#1213=EDGE_CURVE('',#912,#911,#258,.T.);
#1214=EDGE_CURVE('',#913,#912,#259,.T.);
#1215=EDGE_CURVE('',#914,#913,#260,.T.);
#1216=EDGE_CURVE('',#915,#914,#261,.T.);
#1217=EDGE_CURVE('',#905,#915,#262,.T.);
#1218=EDGE_CURVE('',#916,#917,#263,.T.);
#1219=EDGE_CURVE('',#918,#916,#264,.T.);
#1220=EDGE_CURVE('',#919,#918,#265,.T.);
#1221=EDGE_CURVE('',#920,#919,#74,.T.);
#1222=EDGE_CURVE('',#921,#920,#75,.T.);
#1223=EDGE_CURVE('',#922,#921,#34,.T.);
#1224=EDGE_CURVE('',#917,#922,#35,.T.);
#1225=EDGE_CURVE('',#923,#924,#266,.T.);
#1226=EDGE_CURVE('',#925,#923,#267,.T.);
#1227=EDGE_CURVE('',#926,#925,#268,.T.);
#1228=EDGE_CURVE('',#927,#926,#269,.T.);
#1229=EDGE_CURVE('',#928,#927,#270,.T.);
#1230=EDGE_CURVE('',#929,#928,#271,.T.);
#1231=EDGE_CURVE('',#930,#929,#272,.T.);
#1232=EDGE_CURVE('',#924,#930,#273,.T.);
#1233=EDGE_CURVE('',#931,#932,#76,.T.);
#1234=EDGE_CURVE('',#933,#931,#77,.T.);
#1235=EDGE_CURVE('',#934,#933,#36,.T.);
#1236=EDGE_CURVE('',#935,#934,#274,.T.);
#1237=EDGE_CURVE('',#936,#935,#78,.T.);
#1238=EDGE_CURVE('',#937,#936,#79,.T.);
#1239=EDGE_CURVE('',#938,#937,#80,.T.);
#1240=EDGE_CURVE('',#939,#938,#275,.T.);
#1241=EDGE_CURVE('',#940,#939,#81,.T.);
#1242=EDGE_CURVE('',#941,#940,#82,.T.);
#1243=EDGE_CURVE('',#942,#941,#276,.T.);
#1244=EDGE_CURVE('',#943,#942,#83,.T.);
#1245=EDGE_CURVE('',#944,#943,#84,.T.);
#1246=EDGE_CURVE('',#945,#944,#37,.T.);
#1247=EDGE_CURVE('',#946,#945,#85,.T.);
#1248=EDGE_CURVE('',#947,#946,#86,.T.);
#1249=EDGE_CURVE('',#948,#947,#87,.T.);
#1250=EDGE_CURVE('',#949,#948,#38,.T.);
#1251=EDGE_CURVE('',#950,#949,#277,.T.);
#1252=EDGE_CURVE('',#951,#950,#278,.T.);
#1253=EDGE_CURVE('',#952,#951,#279,.T.);
#1254=EDGE_CURVE('',#953,#952,#280,.T.);
#1255=EDGE_CURVE('',#954,#953,#88,.T.);
#1256=EDGE_CURVE('',#955,#954,#89,.T.);
#1257=EDGE_CURVE('',#956,#955,#39,.T.);
#1258=EDGE_CURVE('',#957,#956,#90,.T.);
#1259=EDGE_CURVE('',#958,#957,#91,.T.);
#1260=EDGE_CURVE('',#959,#958,#40,.T.);
#1261=EDGE_CURVE('',#960,#959,#92,.T.);
#1262=EDGE_CURVE('',#961,#960,#93,.T.);
#1263=EDGE_CURVE('',#962,#961,#41,.T.);
#1264=EDGE_CURVE('',#963,#962,#42,.T.);
#1265=EDGE_CURVE('',#932,#963,#43,.T.);
#1266=EDGE_CURVE('',#964,#965,#94,.T.);
#1267=EDGE_CURVE('',#966,#964,#281,.T.);
#1268=EDGE_CURVE('',#967,#966,#282,.T.);
#1269=EDGE_CURVE('',#968,#967,#283,.T.);
#1270=EDGE_CURVE('',#969,#968,#95,.T.);
#1271=EDGE_CURVE('',#970,#969,#44,.T.);
#1272=EDGE_CURVE('',#971,#970,#284,.T.);
#1273=EDGE_CURVE('',#972,#971,#96,.T.);
#1274=EDGE_CURVE('',#973,#972,#97,.T.);
#1275=EDGE_CURVE('',#974,#973,#285,.T.);
#1276=EDGE_CURVE('',#975,#974,#286,.T.);
#1277=EDGE_CURVE('',#976,#975,#287,.T.);
#1278=EDGE_CURVE('',#977,#976,#288,.T.);
#1279=EDGE_CURVE('',#965,#977,#289,.T.);
#1280=EDGE_CURVE('',#978,#979,#45,.T.);
#1281=EDGE_CURVE('',#980,#978,#46,.T.);
#1282=EDGE_CURVE('',#981,#980,#98,.T.);
#1283=EDGE_CURVE('',#982,#981,#99,.T.);
#1284=EDGE_CURVE('',#983,#982,#290,.T.);
#1285=EDGE_CURVE('',#984,#983,#47,.T.);
#1286=EDGE_CURVE('',#985,#984,#100,.T.);
#1287=EDGE_CURVE('',#986,#985,#291,.T.);
#1288=EDGE_CURVE('',#987,#986,#101,.T.);
#1289=EDGE_CURVE('',#988,#987,#102,.T.);
#1290=EDGE_CURVE('',#989,#988,#292,.T.);
#1291=EDGE_CURVE('',#990,#989,#293,.T.);
#1292=EDGE_CURVE('',#979,#990,#294,.T.);
#1293=EDGE_CURVE('',#991,#992,#295,.T.);
#1294=EDGE_CURVE('',#993,#991,#296,.T.);
#1295=EDGE_CURVE('',#994,#993,#297,.T.);
#1296=EDGE_CURVE('',#995,#994,#298,.T.);
#1297=EDGE_CURVE('',#996,#995,#299,.T.);
#1298=EDGE_CURVE('',#997,#996,#300,.T.);
#1299=EDGE_CURVE('',#998,#997,#301,.T.);
#1300=EDGE_CURVE('',#999,#998,#302,.T.);
#1301=EDGE_CURVE('',#1000,#999,#303,.T.);
#1302=EDGE_CURVE('',#1001,#1000,#304,.T.);
#1303=EDGE_CURVE('',#1002,#1001,#305,.T.);
#1304=EDGE_CURVE('',#992,#1002,#306,.T.);
#1305=EDGE_CURVE('',#1003,#1004,#103,.T.);
#1306=EDGE_CURVE('',#1005,#1003,#104,.T.);
#1307=EDGE_CURVE('',#1006,#1005,#48,.T.);
#1308=EDGE_CURVE('',#1007,#1006,#105,.T.);
#1309=EDGE_CURVE('',#1008,#1007,#106,.T.);
#1310=EDGE_CURVE('',#1009,#1008,#49,.T.);
#1311=EDGE_CURVE('',#1010,#1009,#307,.T.);
#1312=EDGE_CURVE('',#1011,#1010,#107,.T.);
#1313=EDGE_CURVE('',#1012,#1011,#108,.T.);
#1314=EDGE_CURVE('',#1013,#1012,#109,.T.);
#1315=EDGE_CURVE('',#1014,#1013,#110,.T.);
#1316=EDGE_CURVE('',#1015,#1014,#50,.T.);
#1317=EDGE_CURVE('',#1016,#1015,#51,.T.);
#1318=EDGE_CURVE('',#1004,#1016,#308,.T.);
#1319=EDGE_CURVE('',#1017,#1018,#309,.T.);
#1320=EDGE_CURVE('',#1017,#1019,#310,.T.);
#1321=EDGE_CURVE('',#1019,#1020,#311,.T.);
#1322=EDGE_CURVE('',#1020,#1021,#312,.T.);
#1323=EDGE_CURVE('',#1021,#1022,#313,.T.);
#1324=EDGE_CURVE('',#1023,#1022,#314,.T.);
#1325=EDGE_CURVE('',#1023,#1024,#315,.T.);
#1326=EDGE_CURVE('',#1024,#1018,#316,.T.);
#1327=EDGE_CURVE('',#840,#843,#317,.T.);
#1328=EDGE_CURVE('',#842,#1025,#806,.T.);
#1329=EDGE_CURVE('',#1026,#1025,#318,.T.);
#1330=EDGE_CURVE('',#1027,#1026,#319,.T.);
#1331=EDGE_CURVE('',#1028,#1027,#320,.T.);
#1332=EDGE_CURVE('',#1028,#1029,#321,.T.);
#1333=EDGE_CURVE('',#1030,#1029,#322,.T.);
#1334=EDGE_CURVE('',#1030,#1021,#807,.T.);
#1335=EDGE_CURVE('',#1020,#1031,#323,.T.);
#1336=EDGE_CURVE('',#1032,#1031,#324,.T.);
#1337=EDGE_CURVE('',#1018,#1032,#325,.T.);
#1338=EDGE_CURVE('',#1024,#1033,#808,.T.);
#1339=EDGE_CURVE('',#1033,#1034,#326,.T.);
#1340=EDGE_CURVE('',#1034,#1035,#809,.T.);
#1341=EDGE_CURVE('',#1036,#1035,#327,.T.);
#1342=EDGE_CURVE('',#1036,#1037,#328,.T.);
#1343=EDGE_CURVE('',#1037,#1038,#329,.T.);
#1344=EDGE_CURVE('',#1039,#1038,#330,.T.);
#1345=EDGE_CURVE('',#1040,#1039,#331,.T.);
#1346=EDGE_CURVE('',#1040,#847,#810,.T.);
#1347=EDGE_CURVE('',#841,#846,#332,.T.);
#1348=EDGE_CURVE('',#1029,#1041,#333,.T.);
#1349=EDGE_CURVE('',#1041,#1042,#334,.T.);
#1350=EDGE_CURVE('',#1026,#1042,#335,.T.);
#1351=EDGE_CURVE('',#1025,#1043,#336,.T.);
#1352=EDGE_CURVE('',#1044,#1043,#337,.T.);
#1353=EDGE_CURVE('',#1044,#1030,#338,.T.);
#1354=EDGE_CURVE('',#1045,#1046,#339,.T.);
#1355=EDGE_CURVE('',#1046,#1036,#340,.T.);
#1356=EDGE_CURVE('',#1035,#1047,#341,.T.);
#1357=EDGE_CURVE('',#1048,#1047,#342,.T.);
#1358=EDGE_CURVE('',#1048,#1040,#343,.T.);
#1359=EDGE_CURVE('',#1045,#1039,#344,.T.);
#1360=EDGE_CURVE('',#1049,#1050,#345,.T.);
#1361=EDGE_CURVE('',#1050,#1023,#811,.T.);
#1362=EDGE_CURVE('',#1022,#1044,#812,.T.);
#1363=EDGE_CURVE('',#1043,#849,#813,.T.);
#1364=EDGE_CURVE('',#848,#1048,#814,.T.);
#1365=EDGE_CURVE('',#1047,#1049,#815,.T.);
#1366=EDGE_CURVE('',#1033,#1050,#346,.T.);
#1367=EDGE_CURVE('',#1049,#1034,#347,.T.);
#1368=EDGE_CURVE('',#1051,#1045,#348,.T.);
#1369=EDGE_CURVE('',#1052,#1051,#349,.T.);
#1370=EDGE_CURVE('',#1052,#1046,#350,.T.);
#1371=EDGE_CURVE('',#1053,#1052,#351,.T.);
#1372=EDGE_CURVE('',#1053,#1054,#352,.T.);
#1373=EDGE_CURVE('',#1054,#1037,#353,.T.);
#1374=EDGE_CURVE('',#1055,#1038,#354,.T.);
#1375=EDGE_CURVE('',#1056,#1055,#355,.T.);
#1376=EDGE_CURVE('',#1056,#1051,#356,.T.);
#1377=EDGE_CURVE('',#1054,#1055,#357,.T.);
#1378=EDGE_CURVE('',#1053,#1056,#358,.T.);
#1379=EDGE_CURVE('',#1041,#1057,#359,.T.);
#1380=EDGE_CURVE('',#1057,#1058,#360,.T.);
#1381=EDGE_CURVE('',#1042,#1058,#361,.T.);
#1382=EDGE_CURVE('',#1059,#1028,#362,.T.);
#1383=EDGE_CURVE('',#1059,#1060,#363,.T.);
#1384=EDGE_CURVE('',#1060,#1057,#364,.T.);
#1385=EDGE_CURVE('',#1061,#1027,#365,.T.);
#1386=EDGE_CURVE('',#1059,#1061,#366,.T.);
#1387=EDGE_CURVE('',#1062,#1058,#367,.T.);
#1388=EDGE_CURVE('',#1061,#1062,#368,.T.);
#1389=EDGE_CURVE('',#1060,#1062,#369,.T.);
#1390=EDGE_CURVE('',#1063,#1017,#370,.T.);
#1391=EDGE_CURVE('',#1063,#1064,#371,.T.);
#1392=EDGE_CURVE('',#1064,#1019,#372,.T.);
#1393=EDGE_CURVE('',#1065,#1032,#373,.T.);
#1394=EDGE_CURVE('',#1066,#1065,#374,.T.);
#1395=EDGE_CURVE('',#1066,#1063,#375,.T.);
#1396=EDGE_CURVE('',#1067,#1031,#376,.T.);
#1397=EDGE_CURVE('',#1065,#1067,#377,.T.);
#1398=EDGE_CURVE('',#1068,#1064,#378,.T.);
#1399=EDGE_CURVE('',#1068,#1067,#379,.T.);
#1400=EDGE_CURVE('',#1066,#1068,#380,.T.);
#1401=EDGE_CURVE('',#845,#1069,#381,.T.);
#1402=EDGE_CURVE('',#844,#1070,#382,.T.);
#1403=EDGE_CURVE('',#1069,#1070,#383,.T.);
#1404=EDGE_CURVE('',#838,#1071,#384,.T.);
#1405=EDGE_CURVE('',#1071,#1070,#385,.T.);
#1406=EDGE_CURVE('',#1072,#1069,#386,.T.);
#1407=EDGE_CURVE('',#839,#1072,#387,.T.);
#1408=EDGE_CURVE('',#1072,#1071,#388,.T.);
#1409=EDGE_CURVE('',#1073,#1074,#389,.T.);
#1410=EDGE_CURVE('',#1075,#1073,#390,.T.);
#1411=EDGE_CURVE('',#1076,#1075,#52,.T.);
#1412=EDGE_CURVE('',#1077,#1076,#53,.T.);
#1413=EDGE_CURVE('',#1078,#1077,#54,.T.);
#1414=EDGE_CURVE('',#1079,#1078,#55,.T.);
#1415=EDGE_CURVE('',#1074,#1079,#391,.T.);
#1416=EDGE_CURVE('',#1080,#1081,#111,.T.);
#1417=EDGE_CURVE('',#1082,#1080,#392,.T.);
#1418=EDGE_CURVE('',#1083,#1082,#393,.T.);
#1419=EDGE_CURVE('',#1084,#1083,#394,.T.);
#1420=EDGE_CURVE('',#1081,#1084,#112,.T.);
#1421=EDGE_CURVE('',#1085,#1086,#56,.T.);
#1422=EDGE_CURVE('',#1087,#1085,#113,.T.);
#1423=EDGE_CURVE('',#1088,#1087,#395,.T.);
#1424=EDGE_CURVE('',#1089,#1088,#396,.T.);
#1425=EDGE_CURVE('',#1090,#1089,#114,.T.);
#1426=EDGE_CURVE('',#1091,#1090,#57,.T.);
#1427=EDGE_CURVE('',#1092,#1091,#58,.T.);
#1428=EDGE_CURVE('',#1086,#1092,#115,.T.);
#1429=EDGE_CURVE('',#1093,#1094,#397,.T.);
#1430=EDGE_CURVE('',#1095,#1093,#398,.T.);
#1431=EDGE_CURVE('',#1096,#1095,#59,.T.);
#1432=EDGE_CURVE('',#1097,#1096,#60,.T.);
#1433=EDGE_CURVE('',#1098,#1097,#61,.T.);
#1434=EDGE_CURVE('',#1099,#1098,#62,.T.);
#1435=EDGE_CURVE('',#1094,#1099,#399,.T.);
#1436=EDGE_CURVE('',#1100,#1101,#116,.T.);
#1437=EDGE_CURVE('',#1102,#1100,#400,.T.);
#1438=EDGE_CURVE('',#1103,#1102,#401,.T.);
#1439=EDGE_CURVE('',#1104,#1103,#402,.T.);
#1440=EDGE_CURVE('',#1101,#1104,#117,.T.);
#1441=EDGE_CURVE('',#1105,#1106,#118,.T.);
#1442=EDGE_CURVE('',#1106,#1105,#119,.T.);
#1443=ORIENTED_EDGE('',*,*,#1107,.F.);
#1444=ORIENTED_EDGE('',*,*,#1108,.T.);
#1445=ORIENTED_EDGE('',*,*,#1109,.F.);
#1446=ORIENTED_EDGE('',*,*,#1108,.F.);
#1447=ORIENTED_EDGE('',*,*,#1110,.F.);
#1448=ORIENTED_EDGE('',*,*,#1111,.F.);
#1449=ORIENTED_EDGE('',*,*,#1112,.T.);
#1450=ORIENTED_EDGE('',*,*,#1107,.T.);
#1451=ORIENTED_EDGE('',*,*,#1112,.F.);
#1452=ORIENTED_EDGE('',*,*,#1110,.T.);
#1453=ORIENTED_EDGE('',*,*,#1111,.T.);
#1454=ORIENTED_EDGE('',*,*,#1113,.T.);
#1455=ORIENTED_EDGE('',*,*,#1113,.F.);
#1456=ORIENTED_EDGE('',*,*,#1114,.F.);
#1457=ORIENTED_EDGE('',*,*,#1115,.F.);
#1458=ORIENTED_EDGE('',*,*,#1116,.F.);
#1459=ORIENTED_EDGE('',*,*,#1116,.T.);
#1460=ORIENTED_EDGE('',*,*,#1117,.T.);
#1461=ORIENTED_EDGE('',*,*,#1118,.T.);
#1462=ORIENTED_EDGE('',*,*,#1114,.T.);
#1463=ORIENTED_EDGE('',*,*,#1115,.T.);
#1464=ORIENTED_EDGE('',*,*,#1118,.F.);
#1465=ORIENTED_EDGE('',*,*,#1119,.F.);
#1466=ORIENTED_EDGE('',*,*,#1120,.T.);
#1467=ORIENTED_EDGE('',*,*,#1121,.T.);
#1468=ORIENTED_EDGE('',*,*,#1120,.F.);
#1469=ORIENTED_EDGE('',*,*,#1122,.F.);
#1470=ORIENTED_EDGE('',*,*,#1123,.F.);
#1471=ORIENTED_EDGE('',*,*,#1124,.T.);
#1472=ORIENTED_EDGE('',*,*,#1119,.T.);
#1473=ORIENTED_EDGE('',*,*,#1124,.F.);
#1474=ORIENTED_EDGE('',*,*,#1122,.T.);
#1475=ORIENTED_EDGE('',*,*,#1123,.T.);
#1476=ORIENTED_EDGE('',*,*,#1125,.T.);
#1477=ORIENTED_EDGE('',*,*,#1126,.F.);
#1478=ORIENTED_EDGE('',*,*,#1127,.F.);
#1479=ORIENTED_EDGE('',*,*,#1125,.F.);
#1480=ORIENTED_EDGE('',*,*,#1128,.F.);
#1481=ORIENTED_EDGE('',*,*,#1129,.T.);
#1482=ORIENTED_EDGE('',*,*,#1126,.T.);
#1483=ORIENTED_EDGE('',*,*,#1127,.T.);
#1484=ORIENTED_EDGE('',*,*,#1129,.F.);
#1485=ORIENTED_EDGE('',*,*,#1130,.F.);
#1486=ORIENTED_EDGE('',*,*,#1131,.T.);
#1487=ORIENTED_EDGE('',*,*,#1128,.T.);
#1488=ORIENTED_EDGE('',*,*,#1131,.F.);
#1489=ORIENTED_EDGE('',*,*,#1132,.T.);
#1490=ORIENTED_EDGE('',*,*,#1133,.T.);
#1491=ORIENTED_EDGE('',*,*,#1130,.T.);
#1492=ORIENTED_EDGE('',*,*,#1133,.F.);
#1493=ORIENTED_EDGE('',*,*,#1134,.F.);
#1494=ORIENTED_EDGE('',*,*,#1135,.F.);
#1495=ORIENTED_EDGE('',*,*,#1136,.T.);
#1496=ORIENTED_EDGE('',*,*,#1137,.T.);
#1497=ORIENTED_EDGE('',*,*,#1136,.F.);
#1498=ORIENTED_EDGE('',*,*,#1134,.T.);
#1499=ORIENTED_EDGE('',*,*,#1135,.T.);
#1500=ORIENTED_EDGE('',*,*,#1138,.T.);
#1501=ORIENTED_EDGE('',*,*,#1139,.F.);
#1502=ORIENTED_EDGE('',*,*,#1138,.F.);
#1503=ORIENTED_EDGE('',*,*,#1140,.F.);
#1504=ORIENTED_EDGE('',*,*,#1141,.T.);
#1505=ORIENTED_EDGE('',*,*,#1142,.T.);
#1506=ORIENTED_EDGE('',*,*,#1143,.F.);
#1507=ORIENTED_EDGE('',*,*,#1144,.T.);
#1508=ORIENTED_EDGE('',*,*,#1145,.T.);
#1509=ORIENTED_EDGE('',*,*,#1146,.F.);
#1510=ORIENTED_EDGE('',*,*,#1147,.F.);
#1511=ORIENTED_EDGE('',*,*,#1148,.T.);
#1512=ORIENTED_EDGE('',*,*,#1149,.T.);
#1513=ORIENTED_EDGE('',*,*,#1150,.F.);
#1514=ORIENTED_EDGE('',*,*,#1151,.T.);
#1515=ORIENTED_EDGE('',*,*,#1152,.F.);
#1516=ORIENTED_EDGE('',*,*,#1153,.F.);
#1517=ORIENTED_EDGE('',*,*,#1154,.F.);
#1518=ORIENTED_EDGE('',*,*,#1155,.F.);
#1519=ORIENTED_EDGE('',*,*,#1156,.F.);
#1520=ORIENTED_EDGE('',*,*,#1157,.F.);
#1521=ORIENTED_EDGE('',*,*,#1158,.F.);
#1522=ORIENTED_EDGE('',*,*,#1159,.F.);
#1523=ORIENTED_EDGE('',*,*,#1160,.F.);
#1524=ORIENTED_EDGE('',*,*,#1161,.F.);
#1525=ORIENTED_EDGE('',*,*,#1162,.F.);
#1526=ORIENTED_EDGE('',*,*,#1163,.F.);
#1527=ORIENTED_EDGE('',*,*,#1164,.F.);
#1528=ORIENTED_EDGE('',*,*,#1165,.F.);
#1529=ORIENTED_EDGE('',*,*,#1166,.F.);
#1530=ORIENTED_EDGE('',*,*,#1167,.F.);
#1531=ORIENTED_EDGE('',*,*,#1168,.F.);
#1532=ORIENTED_EDGE('',*,*,#1169,.F.);
#1533=ORIENTED_EDGE('',*,*,#1170,.F.);
#1534=ORIENTED_EDGE('',*,*,#1171,.F.);
#1535=ORIENTED_EDGE('',*,*,#1172,.F.);
#1536=ORIENTED_EDGE('',*,*,#1173,.F.);
#1537=ORIENTED_EDGE('',*,*,#1174,.F.);
#1538=ORIENTED_EDGE('',*,*,#1175,.F.);
#1539=ORIENTED_EDGE('',*,*,#1176,.F.);
#1540=ORIENTED_EDGE('',*,*,#1177,.F.);
#1541=ORIENTED_EDGE('',*,*,#1178,.F.);
#1542=ORIENTED_EDGE('',*,*,#1179,.F.);
#1543=ORIENTED_EDGE('',*,*,#1180,.F.);
#1544=ORIENTED_EDGE('',*,*,#1181,.F.);
#1545=ORIENTED_EDGE('',*,*,#1182,.F.);
#1546=ORIENTED_EDGE('',*,*,#1183,.F.);
#1547=ORIENTED_EDGE('',*,*,#1184,.F.);
#1548=ORIENTED_EDGE('',*,*,#1185,.F.);
#1549=ORIENTED_EDGE('',*,*,#1186,.F.);
#1550=ORIENTED_EDGE('',*,*,#1187,.F.);
#1551=ORIENTED_EDGE('',*,*,#1188,.F.);
#1552=ORIENTED_EDGE('',*,*,#1189,.F.);
#1553=ORIENTED_EDGE('',*,*,#1190,.F.);
#1554=ORIENTED_EDGE('',*,*,#1191,.F.);
#1555=ORIENTED_EDGE('',*,*,#1192,.F.);
#1556=ORIENTED_EDGE('',*,*,#1193,.F.);
#1557=ORIENTED_EDGE('',*,*,#1194,.F.);
#1558=ORIENTED_EDGE('',*,*,#1195,.F.);
#1559=ORIENTED_EDGE('',*,*,#1196,.F.);
#1560=ORIENTED_EDGE('',*,*,#1197,.F.);
#1561=ORIENTED_EDGE('',*,*,#1198,.F.);
#1562=ORIENTED_EDGE('',*,*,#1199,.F.);
#1563=ORIENTED_EDGE('',*,*,#1200,.F.);
#1564=ORIENTED_EDGE('',*,*,#1201,.F.);
#1565=ORIENTED_EDGE('',*,*,#1202,.F.);
#1566=ORIENTED_EDGE('',*,*,#1203,.F.);
#1567=ORIENTED_EDGE('',*,*,#1204,.F.);
#1568=ORIENTED_EDGE('',*,*,#1205,.F.);
#1569=ORIENTED_EDGE('',*,*,#1206,.F.);
#1570=ORIENTED_EDGE('',*,*,#1207,.F.);
#1571=ORIENTED_EDGE('',*,*,#1208,.F.);
#1572=ORIENTED_EDGE('',*,*,#1209,.F.);
#1573=ORIENTED_EDGE('',*,*,#1210,.F.);
#1574=ORIENTED_EDGE('',*,*,#1211,.F.);
#1575=ORIENTED_EDGE('',*,*,#1212,.F.);
#1576=ORIENTED_EDGE('',*,*,#1213,.F.);
#1577=ORIENTED_EDGE('',*,*,#1214,.F.);
#1578=ORIENTED_EDGE('',*,*,#1215,.F.);
#1579=ORIENTED_EDGE('',*,*,#1216,.F.);
#1580=ORIENTED_EDGE('',*,*,#1217,.F.);
#1581=ORIENTED_EDGE('',*,*,#1218,.F.);
#1582=ORIENTED_EDGE('',*,*,#1219,.F.);
#1583=ORIENTED_EDGE('',*,*,#1220,.F.);
#1584=ORIENTED_EDGE('',*,*,#1221,.F.);
#1585=ORIENTED_EDGE('',*,*,#1222,.F.);
#1586=ORIENTED_EDGE('',*,*,#1223,.F.);
#1587=ORIENTED_EDGE('',*,*,#1224,.F.);
#1588=ORIENTED_EDGE('',*,*,#1225,.F.);
#1589=ORIENTED_EDGE('',*,*,#1226,.F.);
#1590=ORIENTED_EDGE('',*,*,#1227,.F.);
#1591=ORIENTED_EDGE('',*,*,#1228,.F.);
#1592=ORIENTED_EDGE('',*,*,#1229,.F.);
#1593=ORIENTED_EDGE('',*,*,#1230,.F.);
#1594=ORIENTED_EDGE('',*,*,#1231,.F.);
#1595=ORIENTED_EDGE('',*,*,#1232,.F.);
#1596=ORIENTED_EDGE('',*,*,#1233,.F.);
#1597=ORIENTED_EDGE('',*,*,#1234,.F.);
#1598=ORIENTED_EDGE('',*,*,#1235,.F.);
#1599=ORIENTED_EDGE('',*,*,#1236,.F.);
#1600=ORIENTED_EDGE('',*,*,#1237,.F.);
#1601=ORIENTED_EDGE('',*,*,#1238,.F.);
#1602=ORIENTED_EDGE('',*,*,#1239,.F.);
#1603=ORIENTED_EDGE('',*,*,#1240,.F.);
#1604=ORIENTED_EDGE('',*,*,#1241,.F.);
#1605=ORIENTED_EDGE('',*,*,#1242,.F.);
#1606=ORIENTED_EDGE('',*,*,#1243,.F.);
#1607=ORIENTED_EDGE('',*,*,#1244,.F.);
#1608=ORIENTED_EDGE('',*,*,#1245,.F.);
#1609=ORIENTED_EDGE('',*,*,#1246,.F.);
#1610=ORIENTED_EDGE('',*,*,#1247,.F.);
#1611=ORIENTED_EDGE('',*,*,#1248,.F.);
#1612=ORIENTED_EDGE('',*,*,#1249,.F.);
#1613=ORIENTED_EDGE('',*,*,#1250,.F.);
#1614=ORIENTED_EDGE('',*,*,#1251,.F.);
#1615=ORIENTED_EDGE('',*,*,#1252,.F.);
#1616=ORIENTED_EDGE('',*,*,#1253,.F.);
#1617=ORIENTED_EDGE('',*,*,#1254,.F.);
#1618=ORIENTED_EDGE('',*,*,#1255,.F.);
#1619=ORIENTED_EDGE('',*,*,#1256,.F.);
#1620=ORIENTED_EDGE('',*,*,#1257,.F.);
#1621=ORIENTED_EDGE('',*,*,#1258,.F.);
#1622=ORIENTED_EDGE('',*,*,#1259,.F.);
#1623=ORIENTED_EDGE('',*,*,#1260,.F.);
#1624=ORIENTED_EDGE('',*,*,#1261,.F.);
#1625=ORIENTED_EDGE('',*,*,#1262,.F.);
#1626=ORIENTED_EDGE('',*,*,#1263,.F.);
#1627=ORIENTED_EDGE('',*,*,#1264,.F.);
#1628=ORIENTED_EDGE('',*,*,#1265,.F.);
#1629=ORIENTED_EDGE('',*,*,#1266,.F.);
#1630=ORIENTED_EDGE('',*,*,#1267,.F.);
#1631=ORIENTED_EDGE('',*,*,#1268,.F.);
#1632=ORIENTED_EDGE('',*,*,#1269,.F.);
#1633=ORIENTED_EDGE('',*,*,#1270,.F.);
#1634=ORIENTED_EDGE('',*,*,#1271,.F.);
#1635=ORIENTED_EDGE('',*,*,#1272,.F.);
#1636=ORIENTED_EDGE('',*,*,#1273,.F.);
#1637=ORIENTED_EDGE('',*,*,#1274,.F.);
#1638=ORIENTED_EDGE('',*,*,#1275,.F.);
#1639=ORIENTED_EDGE('',*,*,#1276,.F.);
#1640=ORIENTED_EDGE('',*,*,#1277,.F.);
#1641=ORIENTED_EDGE('',*,*,#1278,.F.);
#1642=ORIENTED_EDGE('',*,*,#1279,.F.);
#1643=ORIENTED_EDGE('',*,*,#1280,.F.);
#1644=ORIENTED_EDGE('',*,*,#1281,.F.);
#1645=ORIENTED_EDGE('',*,*,#1282,.F.);
#1646=ORIENTED_EDGE('',*,*,#1283,.F.);
#1647=ORIENTED_EDGE('',*,*,#1284,.F.);
#1648=ORIENTED_EDGE('',*,*,#1285,.F.);
#1649=ORIENTED_EDGE('',*,*,#1286,.F.);
#1650=ORIENTED_EDGE('',*,*,#1287,.F.);
#1651=ORIENTED_EDGE('',*,*,#1288,.F.);
#1652=ORIENTED_EDGE('',*,*,#1289,.F.);
#1653=ORIENTED_EDGE('',*,*,#1290,.F.);
#1654=ORIENTED_EDGE('',*,*,#1291,.F.);
#1655=ORIENTED_EDGE('',*,*,#1292,.F.);
#1656=ORIENTED_EDGE('',*,*,#1293,.F.);
#1657=ORIENTED_EDGE('',*,*,#1294,.F.);
#1658=ORIENTED_EDGE('',*,*,#1295,.F.);
#1659=ORIENTED_EDGE('',*,*,#1296,.F.);
#1660=ORIENTED_EDGE('',*,*,#1297,.F.);
#1661=ORIENTED_EDGE('',*,*,#1298,.F.);
#1662=ORIENTED_EDGE('',*,*,#1299,.F.);
#1663=ORIENTED_EDGE('',*,*,#1300,.F.);
#1664=ORIENTED_EDGE('',*,*,#1301,.F.);
#1665=ORIENTED_EDGE('',*,*,#1302,.F.);
#1666=ORIENTED_EDGE('',*,*,#1303,.F.);
#1667=ORIENTED_EDGE('',*,*,#1304,.F.);
#1668=ORIENTED_EDGE('',*,*,#1305,.F.);
#1669=ORIENTED_EDGE('',*,*,#1306,.F.);
#1670=ORIENTED_EDGE('',*,*,#1307,.F.);
#1671=ORIENTED_EDGE('',*,*,#1308,.F.);
#1672=ORIENTED_EDGE('',*,*,#1309,.F.);
#1673=ORIENTED_EDGE('',*,*,#1310,.F.);
#1674=ORIENTED_EDGE('',*,*,#1311,.F.);
#1675=ORIENTED_EDGE('',*,*,#1312,.F.);
#1676=ORIENTED_EDGE('',*,*,#1313,.F.);
#1677=ORIENTED_EDGE('',*,*,#1314,.F.);
#1678=ORIENTED_EDGE('',*,*,#1315,.F.);
#1679=ORIENTED_EDGE('',*,*,#1316,.F.);
#1680=ORIENTED_EDGE('',*,*,#1317,.F.);
#1681=ORIENTED_EDGE('',*,*,#1318,.F.);
#1682=ORIENTED_EDGE('',*,*,#1319,.F.);
#1683=ORIENTED_EDGE('',*,*,#1320,.T.);
#1684=ORIENTED_EDGE('',*,*,#1321,.T.);
#1685=ORIENTED_EDGE('',*,*,#1322,.T.);
#1686=ORIENTED_EDGE('',*,*,#1323,.T.);
#1687=ORIENTED_EDGE('',*,*,#1324,.F.);
#1688=ORIENTED_EDGE('',*,*,#1325,.T.);
#1689=ORIENTED_EDGE('',*,*,#1326,.T.);
#1690=ORIENTED_EDGE('',*,*,#1142,.F.);
#1691=ORIENTED_EDGE('',*,*,#1327,.T.);
#1692=ORIENTED_EDGE('',*,*,#1144,.F.);
#1693=ORIENTED_EDGE('',*,*,#1328,.T.);
#1694=ORIENTED_EDGE('',*,*,#1329,.F.);
#1695=ORIENTED_EDGE('',*,*,#1330,.F.);
#1696=ORIENTED_EDGE('',*,*,#1331,.F.);
#1697=ORIENTED_EDGE('',*,*,#1332,.T.);
#1698=ORIENTED_EDGE('',*,*,#1333,.F.);
#1699=ORIENTED_EDGE('',*,*,#1334,.T.);
#1700=ORIENTED_EDGE('',*,*,#1322,.F.);
#1701=ORIENTED_EDGE('',*,*,#1335,.T.);
#1702=ORIENTED_EDGE('',*,*,#1336,.F.);
#1703=ORIENTED_EDGE('',*,*,#1337,.F.);
#1704=ORIENTED_EDGE('',*,*,#1326,.F.);
#1705=ORIENTED_EDGE('',*,*,#1338,.T.);
#1706=ORIENTED_EDGE('',*,*,#1339,.T.);
#1707=ORIENTED_EDGE('',*,*,#1340,.T.);
#1708=ORIENTED_EDGE('',*,*,#1341,.F.);
#1709=ORIENTED_EDGE('',*,*,#1342,.T.);
#1710=ORIENTED_EDGE('',*,*,#1343,.T.);
#1711=ORIENTED_EDGE('',*,*,#1344,.F.);
#1712=ORIENTED_EDGE('',*,*,#1345,.F.);
#1713=ORIENTED_EDGE('',*,*,#1346,.T.);
#1714=ORIENTED_EDGE('',*,*,#1148,.F.);
#1715=ORIENTED_EDGE('',*,*,#1347,.F.);
#1716=ORIENTED_EDGE('',*,*,#1333,.T.);
#1717=ORIENTED_EDGE('',*,*,#1348,.T.);
#1718=ORIENTED_EDGE('',*,*,#1349,.T.);
#1719=ORIENTED_EDGE('',*,*,#1350,.F.);
#1720=ORIENTED_EDGE('',*,*,#1329,.T.);
#1721=ORIENTED_EDGE('',*,*,#1351,.T.);
#1722=ORIENTED_EDGE('',*,*,#1352,.F.);
#1723=ORIENTED_EDGE('',*,*,#1353,.T.);
#1724=ORIENTED_EDGE('',*,*,#1354,.T.);
#1725=ORIENTED_EDGE('',*,*,#1355,.T.);
#1726=ORIENTED_EDGE('',*,*,#1341,.T.);
#1727=ORIENTED_EDGE('',*,*,#1356,.T.);
#1728=ORIENTED_EDGE('',*,*,#1357,.F.);
#1729=ORIENTED_EDGE('',*,*,#1358,.T.);
#1730=ORIENTED_EDGE('',*,*,#1345,.T.);
#1731=ORIENTED_EDGE('',*,*,#1359,.F.);
#1732=ORIENTED_EDGE('',*,*,#1360,.T.);
#1733=ORIENTED_EDGE('',*,*,#1361,.T.);
#1734=ORIENTED_EDGE('',*,*,#1324,.T.);
#1735=ORIENTED_EDGE('',*,*,#1362,.T.);
#1736=ORIENTED_EDGE('',*,*,#1352,.T.);
#1737=ORIENTED_EDGE('',*,*,#1363,.T.);
#1738=ORIENTED_EDGE('',*,*,#1150,.T.);
#1739=ORIENTED_EDGE('',*,*,#1364,.T.);
#1740=ORIENTED_EDGE('',*,*,#1357,.T.);
#1741=ORIENTED_EDGE('',*,*,#1365,.T.);
#1742=ORIENTED_EDGE('',*,*,#1132,.F.);
#1743=ORIENTED_EDGE('',*,*,#1339,.F.);
#1744=ORIENTED_EDGE('',*,*,#1366,.T.);
#1745=ORIENTED_EDGE('',*,*,#1360,.F.);
#1746=ORIENTED_EDGE('',*,*,#1367,.T.);
#1747=ORIENTED_EDGE('',*,*,#1361,.F.);
#1748=ORIENTED_EDGE('',*,*,#1366,.F.);
#1749=ORIENTED_EDGE('',*,*,#1338,.F.);
#1750=ORIENTED_EDGE('',*,*,#1325,.F.);
#1751=ORIENTED_EDGE('',*,*,#1340,.F.);
#1752=ORIENTED_EDGE('',*,*,#1367,.F.);
#1753=ORIENTED_EDGE('',*,*,#1365,.F.);
#1754=ORIENTED_EDGE('',*,*,#1356,.F.);
#1755=ORIENTED_EDGE('',*,*,#1362,.F.);
#1756=ORIENTED_EDGE('',*,*,#1323,.F.);
#1757=ORIENTED_EDGE('',*,*,#1334,.F.);
#1758=ORIENTED_EDGE('',*,*,#1353,.F.);
#1759=ORIENTED_EDGE('',*,*,#1363,.F.);
#1760=ORIENTED_EDGE('',*,*,#1351,.F.);
#1761=ORIENTED_EDGE('',*,*,#1328,.F.);
#1762=ORIENTED_EDGE('',*,*,#1151,.F.);
#1763=ORIENTED_EDGE('',*,*,#1364,.F.);
#1764=ORIENTED_EDGE('',*,*,#1149,.F.);
#1765=ORIENTED_EDGE('',*,*,#1346,.F.);
#1766=ORIENTED_EDGE('',*,*,#1358,.F.);
#1767=ORIENTED_EDGE('',*,*,#1354,.F.);
#1768=ORIENTED_EDGE('',*,*,#1368,.F.);
#1769=ORIENTED_EDGE('',*,*,#1369,.F.);
#1770=ORIENTED_EDGE('',*,*,#1370,.T.);
#1771=ORIENTED_EDGE('',*,*,#1355,.F.);
#1772=ORIENTED_EDGE('',*,*,#1370,.F.);
#1773=ORIENTED_EDGE('',*,*,#1371,.F.);
#1774=ORIENTED_EDGE('',*,*,#1372,.T.);
#1775=ORIENTED_EDGE('',*,*,#1373,.T.);
#1776=ORIENTED_EDGE('',*,*,#1342,.F.);
#1777=ORIENTED_EDGE('',*,*,#1368,.T.);
#1778=ORIENTED_EDGE('',*,*,#1359,.T.);
#1779=ORIENTED_EDGE('',*,*,#1344,.T.);
#1780=ORIENTED_EDGE('',*,*,#1374,.F.);
#1781=ORIENTED_EDGE('',*,*,#1375,.F.);
#1782=ORIENTED_EDGE('',*,*,#1376,.T.);
#1783=ORIENTED_EDGE('',*,*,#1343,.F.);
#1784=ORIENTED_EDGE('',*,*,#1373,.F.);
#1785=ORIENTED_EDGE('',*,*,#1377,.T.);
#1786=ORIENTED_EDGE('',*,*,#1374,.T.);
#1787=ORIENTED_EDGE('',*,*,#1371,.T.);
#1788=ORIENTED_EDGE('',*,*,#1369,.T.);
#1789=ORIENTED_EDGE('',*,*,#1376,.F.);
#1790=ORIENTED_EDGE('',*,*,#1378,.F.);
#1791=ORIENTED_EDGE('',*,*,#1372,.F.);
#1792=ORIENTED_EDGE('',*,*,#1378,.T.);
#1793=ORIENTED_EDGE('',*,*,#1375,.T.);
#1794=ORIENTED_EDGE('',*,*,#1377,.F.);
#1795=ORIENTED_EDGE('',*,*,#1349,.F.);
#1796=ORIENTED_EDGE('',*,*,#1379,.T.);
#1797=ORIENTED_EDGE('',*,*,#1380,.T.);
#1798=ORIENTED_EDGE('',*,*,#1381,.F.);
#1799=ORIENTED_EDGE('',*,*,#1348,.F.);
#1800=ORIENTED_EDGE('',*,*,#1332,.F.);
#1801=ORIENTED_EDGE('',*,*,#1382,.F.);
#1802=ORIENTED_EDGE('',*,*,#1383,.T.);
#1803=ORIENTED_EDGE('',*,*,#1384,.T.);
#1804=ORIENTED_EDGE('',*,*,#1379,.F.);
#1805=ORIENTED_EDGE('',*,*,#1382,.T.);
#1806=ORIENTED_EDGE('',*,*,#1331,.T.);
#1807=ORIENTED_EDGE('',*,*,#1385,.F.);
#1808=ORIENTED_EDGE('',*,*,#1386,.F.);
#1809=ORIENTED_EDGE('',*,*,#1330,.T.);
#1810=ORIENTED_EDGE('',*,*,#1350,.T.);
#1811=ORIENTED_EDGE('',*,*,#1381,.T.);
#1812=ORIENTED_EDGE('',*,*,#1387,.F.);
#1813=ORIENTED_EDGE('',*,*,#1388,.F.);
#1814=ORIENTED_EDGE('',*,*,#1385,.T.);
#1815=ORIENTED_EDGE('',*,*,#1387,.T.);
#1816=ORIENTED_EDGE('',*,*,#1380,.F.);
#1817=ORIENTED_EDGE('',*,*,#1384,.F.);
#1818=ORIENTED_EDGE('',*,*,#1389,.T.);
#1819=ORIENTED_EDGE('',*,*,#1383,.F.);
#1820=ORIENTED_EDGE('',*,*,#1386,.T.);
#1821=ORIENTED_EDGE('',*,*,#1388,.T.);
#1822=ORIENTED_EDGE('',*,*,#1389,.F.);
#1823=ORIENTED_EDGE('',*,*,#1320,.F.);
#1824=ORIENTED_EDGE('',*,*,#1390,.F.);
#1825=ORIENTED_EDGE('',*,*,#1391,.T.);
#1826=ORIENTED_EDGE('',*,*,#1392,.T.);
#1827=ORIENTED_EDGE('',*,*,#1390,.T.);
#1828=ORIENTED_EDGE('',*,*,#1319,.T.);
#1829=ORIENTED_EDGE('',*,*,#1337,.T.);
#1830=ORIENTED_EDGE('',*,*,#1393,.F.);
#1831=ORIENTED_EDGE('',*,*,#1394,.F.);
#1832=ORIENTED_EDGE('',*,*,#1395,.T.);
#1833=ORIENTED_EDGE('',*,*,#1393,.T.);
#1834=ORIENTED_EDGE('',*,*,#1336,.T.);
#1835=ORIENTED_EDGE('',*,*,#1396,.F.);
#1836=ORIENTED_EDGE('',*,*,#1397,.F.);
#1837=ORIENTED_EDGE('',*,*,#1321,.F.);
#1838=ORIENTED_EDGE('',*,*,#1392,.F.);
#1839=ORIENTED_EDGE('',*,*,#1398,.F.);
#1840=ORIENTED_EDGE('',*,*,#1399,.T.);
#1841=ORIENTED_EDGE('',*,*,#1396,.T.);
#1842=ORIENTED_EDGE('',*,*,#1335,.F.);
#1843=ORIENTED_EDGE('',*,*,#1398,.T.);
#1844=ORIENTED_EDGE('',*,*,#1391,.F.);
#1845=ORIENTED_EDGE('',*,*,#1395,.F.);
#1846=ORIENTED_EDGE('',*,*,#1400,.T.);
#1847=ORIENTED_EDGE('',*,*,#1400,.F.);
#1848=ORIENTED_EDGE('',*,*,#1394,.T.);
#1849=ORIENTED_EDGE('',*,*,#1397,.T.);
#1850=ORIENTED_EDGE('',*,*,#1399,.F.);
#1851=ORIENTED_EDGE('',*,*,#1401,.F.);
#1852=ORIENTED_EDGE('',*,*,#1146,.T.);
#1853=ORIENTED_EDGE('',*,*,#1402,.T.);
#1854=ORIENTED_EDGE('',*,*,#1403,.F.);
#1855=ORIENTED_EDGE('',*,*,#1327,.F.);
#1856=ORIENTED_EDGE('',*,*,#1141,.F.);
#1857=ORIENTED_EDGE('',*,*,#1404,.T.);
#1858=ORIENTED_EDGE('',*,*,#1405,.T.);
#1859=ORIENTED_EDGE('',*,*,#1402,.F.);
#1860=ORIENTED_EDGE('',*,*,#1145,.F.);
#1861=ORIENTED_EDGE('',*,*,#1143,.T.);
#1862=ORIENTED_EDGE('',*,*,#1347,.T.);
#1863=ORIENTED_EDGE('',*,*,#1147,.T.);
#1864=ORIENTED_EDGE('',*,*,#1401,.T.);
#1865=ORIENTED_EDGE('',*,*,#1406,.F.);
#1866=ORIENTED_EDGE('',*,*,#1407,.F.);
#1867=ORIENTED_EDGE('',*,*,#1406,.T.);
#1868=ORIENTED_EDGE('',*,*,#1403,.T.);
#1869=ORIENTED_EDGE('',*,*,#1405,.F.);
#1870=ORIENTED_EDGE('',*,*,#1408,.F.);
#1871=ORIENTED_EDGE('',*,*,#1140,.T.);
#1872=ORIENTED_EDGE('',*,*,#1407,.T.);
#1873=ORIENTED_EDGE('',*,*,#1408,.T.);
#1874=ORIENTED_EDGE('',*,*,#1404,.F.);
#1875=ORIENTED_EDGE('',*,*,#1109,.T.);
#1876=ORIENTED_EDGE('',*,*,#1121,.F.);
#1877=ORIENTED_EDGE('',*,*,#1139,.T.);
#1878=ORIENTED_EDGE('',*,*,#1137,.F.);
#1879=ORIENTED_EDGE('',*,*,#1117,.F.);
#1880=ORIENTED_EDGE('',*,*,#1152,.T.);
#1881=ORIENTED_EDGE('',*,*,#1157,.T.);
#1882=ORIENTED_EDGE('',*,*,#1156,.T.);
#1883=ORIENTED_EDGE('',*,*,#1155,.T.);
#1884=ORIENTED_EDGE('',*,*,#1154,.T.);
#1885=ORIENTED_EDGE('',*,*,#1153,.T.);
#1886=ORIENTED_EDGE('',*,*,#1305,.T.);
#1887=ORIENTED_EDGE('',*,*,#1318,.T.);
#1888=ORIENTED_EDGE('',*,*,#1317,.T.);
#1889=ORIENTED_EDGE('',*,*,#1316,.T.);
#1890=ORIENTED_EDGE('',*,*,#1315,.T.);
#1891=ORIENTED_EDGE('',*,*,#1314,.T.);
#1892=ORIENTED_EDGE('',*,*,#1313,.T.);
#1893=ORIENTED_EDGE('',*,*,#1312,.T.);
#1894=ORIENTED_EDGE('',*,*,#1311,.T.);
#1895=ORIENTED_EDGE('',*,*,#1310,.T.);
#1896=ORIENTED_EDGE('',*,*,#1309,.T.);
#1897=ORIENTED_EDGE('',*,*,#1308,.T.);
#1898=ORIENTED_EDGE('',*,*,#1307,.T.);
#1899=ORIENTED_EDGE('',*,*,#1306,.T.);
#1900=ORIENTED_EDGE('',*,*,#1158,.T.);
#1901=ORIENTED_EDGE('',*,*,#1169,.T.);
#1902=ORIENTED_EDGE('',*,*,#1168,.T.);
#1903=ORIENTED_EDGE('',*,*,#1167,.T.);
#1904=ORIENTED_EDGE('',*,*,#1166,.T.);
#1905=ORIENTED_EDGE('',*,*,#1165,.T.);
#1906=ORIENTED_EDGE('',*,*,#1164,.T.);
#1907=ORIENTED_EDGE('',*,*,#1163,.T.);
#1908=ORIENTED_EDGE('',*,*,#1162,.T.);
#1909=ORIENTED_EDGE('',*,*,#1161,.T.);
#1910=ORIENTED_EDGE('',*,*,#1160,.T.);
#1911=ORIENTED_EDGE('',*,*,#1159,.T.);
#1912=ORIENTED_EDGE('',*,*,#1170,.T.);
#1913=ORIENTED_EDGE('',*,*,#1176,.T.);
#1914=ORIENTED_EDGE('',*,*,#1175,.T.);
#1915=ORIENTED_EDGE('',*,*,#1174,.T.);
#1916=ORIENTED_EDGE('',*,*,#1173,.T.);
#1917=ORIENTED_EDGE('',*,*,#1172,.T.);
#1918=ORIENTED_EDGE('',*,*,#1171,.T.);
#1919=ORIENTED_EDGE('',*,*,#1409,.F.);
#1920=ORIENTED_EDGE('',*,*,#1410,.F.);
#1921=ORIENTED_EDGE('',*,*,#1411,.F.);
#1922=ORIENTED_EDGE('',*,*,#1412,.F.);
#1923=ORIENTED_EDGE('',*,*,#1413,.F.);
#1924=ORIENTED_EDGE('',*,*,#1414,.F.);
#1925=ORIENTED_EDGE('',*,*,#1415,.F.);
#1926=ORIENTED_EDGE('',*,*,#1411,.T.);
#1927=ORIENTED_EDGE('',*,*,#1410,.T.);
#1928=ORIENTED_EDGE('',*,*,#1409,.T.);
#1929=ORIENTED_EDGE('',*,*,#1415,.T.);
#1930=ORIENTED_EDGE('',*,*,#1414,.T.);
#1931=ORIENTED_EDGE('',*,*,#1413,.T.);
#1932=ORIENTED_EDGE('',*,*,#1412,.T.);
#1933=ORIENTED_EDGE('',*,*,#1177,.T.);
#1934=ORIENTED_EDGE('',*,*,#1184,.T.);
#1935=ORIENTED_EDGE('',*,*,#1183,.T.);
#1936=ORIENTED_EDGE('',*,*,#1182,.T.);
#1937=ORIENTED_EDGE('',*,*,#1181,.T.);
#1938=ORIENTED_EDGE('',*,*,#1180,.T.);
#1939=ORIENTED_EDGE('',*,*,#1179,.T.);
#1940=ORIENTED_EDGE('',*,*,#1178,.T.);
#1941=ORIENTED_EDGE('',*,*,#1416,.F.);
#1942=ORIENTED_EDGE('',*,*,#1417,.F.);
#1943=ORIENTED_EDGE('',*,*,#1418,.F.);
#1944=ORIENTED_EDGE('',*,*,#1419,.F.);
#1945=ORIENTED_EDGE('',*,*,#1420,.F.);
#1946=ORIENTED_EDGE('',*,*,#1420,.T.);
#1947=ORIENTED_EDGE('',*,*,#1419,.T.);
#1948=ORIENTED_EDGE('',*,*,#1418,.T.);
#1949=ORIENTED_EDGE('',*,*,#1417,.T.);
#1950=ORIENTED_EDGE('',*,*,#1416,.T.);
#1951=ORIENTED_EDGE('',*,*,#1293,.T.);
#1952=ORIENTED_EDGE('',*,*,#1304,.T.);
#1953=ORIENTED_EDGE('',*,*,#1303,.T.);
#1954=ORIENTED_EDGE('',*,*,#1302,.T.);
#1955=ORIENTED_EDGE('',*,*,#1301,.T.);
#1956=ORIENTED_EDGE('',*,*,#1300,.T.);
#1957=ORIENTED_EDGE('',*,*,#1299,.T.);
#1958=ORIENTED_EDGE('',*,*,#1298,.T.);
#1959=ORIENTED_EDGE('',*,*,#1297,.T.);
#1960=ORIENTED_EDGE('',*,*,#1296,.T.);
#1961=ORIENTED_EDGE('',*,*,#1295,.T.);
#1962=ORIENTED_EDGE('',*,*,#1294,.T.);
#1963=ORIENTED_EDGE('',*,*,#1292,.T.);
#1964=ORIENTED_EDGE('',*,*,#1291,.T.);
#1965=ORIENTED_EDGE('',*,*,#1290,.T.);
#1966=ORIENTED_EDGE('',*,*,#1289,.T.);
#1967=ORIENTED_EDGE('',*,*,#1288,.T.);
#1968=ORIENTED_EDGE('',*,*,#1287,.T.);
#1969=ORIENTED_EDGE('',*,*,#1286,.T.);
#1970=ORIENTED_EDGE('',*,*,#1285,.T.);
#1971=ORIENTED_EDGE('',*,*,#1284,.T.);
#1972=ORIENTED_EDGE('',*,*,#1283,.T.);
#1973=ORIENTED_EDGE('',*,*,#1282,.T.);
#1974=ORIENTED_EDGE('',*,*,#1281,.T.);
#1975=ORIENTED_EDGE('',*,*,#1280,.T.);
#1976=ORIENTED_EDGE('',*,*,#1421,.F.);
#1977=ORIENTED_EDGE('',*,*,#1422,.F.);
#1978=ORIENTED_EDGE('',*,*,#1423,.F.);
#1979=ORIENTED_EDGE('',*,*,#1424,.F.);
#1980=ORIENTED_EDGE('',*,*,#1425,.F.);
#1981=ORIENTED_EDGE('',*,*,#1426,.F.);
#1982=ORIENTED_EDGE('',*,*,#1427,.F.);
#1983=ORIENTED_EDGE('',*,*,#1428,.F.);
#1984=ORIENTED_EDGE('',*,*,#1423,.T.);
#1985=ORIENTED_EDGE('',*,*,#1422,.T.);
#1986=ORIENTED_EDGE('',*,*,#1421,.T.);
#1987=ORIENTED_EDGE('',*,*,#1428,.T.);
#1988=ORIENTED_EDGE('',*,*,#1427,.T.);
#1989=ORIENTED_EDGE('',*,*,#1426,.T.);
#1990=ORIENTED_EDGE('',*,*,#1425,.T.);
#1991=ORIENTED_EDGE('',*,*,#1424,.T.);
#1992=ORIENTED_EDGE('',*,*,#1185,.T.);
#1993=ORIENTED_EDGE('',*,*,#1205,.T.);
#1994=ORIENTED_EDGE('',*,*,#1204,.T.);
#1995=ORIENTED_EDGE('',*,*,#1203,.T.);
#1996=ORIENTED_EDGE('',*,*,#1202,.T.);
#1997=ORIENTED_EDGE('',*,*,#1201,.T.);
#1998=ORIENTED_EDGE('',*,*,#1200,.T.);
#1999=ORIENTED_EDGE('',*,*,#1199,.T.);
#2000=ORIENTED_EDGE('',*,*,#1198,.T.);
#2001=ORIENTED_EDGE('',*,*,#1197,.T.);
#2002=ORIENTED_EDGE('',*,*,#1196,.T.);
#2003=ORIENTED_EDGE('',*,*,#1195,.T.);
#2004=ORIENTED_EDGE('',*,*,#1194,.T.);
#2005=ORIENTED_EDGE('',*,*,#1193,.T.);
#2006=ORIENTED_EDGE('',*,*,#1192,.T.);
#2007=ORIENTED_EDGE('',*,*,#1191,.T.);
#2008=ORIENTED_EDGE('',*,*,#1190,.T.);
#2009=ORIENTED_EDGE('',*,*,#1189,.T.);
#2010=ORIENTED_EDGE('',*,*,#1188,.T.);
#2011=ORIENTED_EDGE('',*,*,#1187,.T.);
#2012=ORIENTED_EDGE('',*,*,#1186,.T.);
#2013=ORIENTED_EDGE('',*,*,#1279,.T.);
#2014=ORIENTED_EDGE('',*,*,#1278,.T.);
#2015=ORIENTED_EDGE('',*,*,#1277,.T.);
#2016=ORIENTED_EDGE('',*,*,#1276,.T.);
#2017=ORIENTED_EDGE('',*,*,#1275,.T.);
#2018=ORIENTED_EDGE('',*,*,#1274,.T.);
#2019=ORIENTED_EDGE('',*,*,#1273,.T.);
#2020=ORIENTED_EDGE('',*,*,#1272,.T.);
#2021=ORIENTED_EDGE('',*,*,#1271,.T.);
#2022=ORIENTED_EDGE('',*,*,#1270,.T.);
#2023=ORIENTED_EDGE('',*,*,#1269,.T.);
#2024=ORIENTED_EDGE('',*,*,#1268,.T.);
#2025=ORIENTED_EDGE('',*,*,#1267,.T.);
#2026=ORIENTED_EDGE('',*,*,#1266,.T.);
#2027=ORIENTED_EDGE('',*,*,#1206,.T.);
#2028=ORIENTED_EDGE('',*,*,#1217,.T.);
#2029=ORIENTED_EDGE('',*,*,#1216,.T.);
#2030=ORIENTED_EDGE('',*,*,#1215,.T.);
#2031=ORIENTED_EDGE('',*,*,#1214,.T.);
#2032=ORIENTED_EDGE('',*,*,#1213,.T.);
#2033=ORIENTED_EDGE('',*,*,#1212,.T.);
#2034=ORIENTED_EDGE('',*,*,#1211,.T.);
#2035=ORIENTED_EDGE('',*,*,#1210,.T.);
#2036=ORIENTED_EDGE('',*,*,#1209,.T.);
#2037=ORIENTED_EDGE('',*,*,#1208,.T.);
#2038=ORIENTED_EDGE('',*,*,#1207,.T.);
#2039=ORIENTED_EDGE('',*,*,#1218,.T.);
#2040=ORIENTED_EDGE('',*,*,#1224,.T.);
#2041=ORIENTED_EDGE('',*,*,#1223,.T.);
#2042=ORIENTED_EDGE('',*,*,#1222,.T.);
#2043=ORIENTED_EDGE('',*,*,#1221,.T.);
#2044=ORIENTED_EDGE('',*,*,#1220,.T.);
#2045=ORIENTED_EDGE('',*,*,#1219,.T.);
#2046=ORIENTED_EDGE('',*,*,#1429,.F.);
#2047=ORIENTED_EDGE('',*,*,#1430,.F.);
#2048=ORIENTED_EDGE('',*,*,#1431,.F.);
#2049=ORIENTED_EDGE('',*,*,#1432,.F.);
#2050=ORIENTED_EDGE('',*,*,#1433,.F.);
#2051=ORIENTED_EDGE('',*,*,#1434,.F.);
#2052=ORIENTED_EDGE('',*,*,#1435,.F.);
#2053=ORIENTED_EDGE('',*,*,#1431,.T.);
#2054=ORIENTED_EDGE('',*,*,#1430,.T.);
#2055=ORIENTED_EDGE('',*,*,#1429,.T.);
#2056=ORIENTED_EDGE('',*,*,#1435,.T.);
#2057=ORIENTED_EDGE('',*,*,#1434,.T.);
#2058=ORIENTED_EDGE('',*,*,#1433,.T.);
#2059=ORIENTED_EDGE('',*,*,#1432,.T.);
#2060=ORIENTED_EDGE('',*,*,#1225,.T.);
#2061=ORIENTED_EDGE('',*,*,#1232,.T.);
#2062=ORIENTED_EDGE('',*,*,#1231,.T.);
#2063=ORIENTED_EDGE('',*,*,#1230,.T.);
#2064=ORIENTED_EDGE('',*,*,#1229,.T.);
#2065=ORIENTED_EDGE('',*,*,#1228,.T.);
#2066=ORIENTED_EDGE('',*,*,#1227,.T.);
#2067=ORIENTED_EDGE('',*,*,#1226,.T.);
#2068=ORIENTED_EDGE('',*,*,#1436,.F.);
#2069=ORIENTED_EDGE('',*,*,#1437,.F.);
#2070=ORIENTED_EDGE('',*,*,#1438,.F.);
#2071=ORIENTED_EDGE('',*,*,#1439,.F.);
#2072=ORIENTED_EDGE('',*,*,#1440,.F.);
#2073=ORIENTED_EDGE('',*,*,#1440,.T.);
#2074=ORIENTED_EDGE('',*,*,#1439,.T.);
#2075=ORIENTED_EDGE('',*,*,#1438,.T.);
#2076=ORIENTED_EDGE('',*,*,#1437,.T.);
#2077=ORIENTED_EDGE('',*,*,#1436,.T.);
#2078=ORIENTED_EDGE('',*,*,#1233,.T.);
#2079=ORIENTED_EDGE('',*,*,#1265,.T.);
#2080=ORIENTED_EDGE('',*,*,#1264,.T.);
#2081=ORIENTED_EDGE('',*,*,#1263,.T.);
#2082=ORIENTED_EDGE('',*,*,#1262,.T.);
#2083=ORIENTED_EDGE('',*,*,#1261,.T.);
#2084=ORIENTED_EDGE('',*,*,#1260,.T.);
#2085=ORIENTED_EDGE('',*,*,#1259,.T.);
#2086=ORIENTED_EDGE('',*,*,#1258,.T.);
#2087=ORIENTED_EDGE('',*,*,#1257,.T.);
#2088=ORIENTED_EDGE('',*,*,#1256,.T.);
#2089=ORIENTED_EDGE('',*,*,#1255,.T.);
#2090=ORIENTED_EDGE('',*,*,#1254,.T.);
#2091=ORIENTED_EDGE('',*,*,#1253,.T.);
#2092=ORIENTED_EDGE('',*,*,#1252,.T.);
#2093=ORIENTED_EDGE('',*,*,#1251,.T.);
#2094=ORIENTED_EDGE('',*,*,#1250,.T.);
#2095=ORIENTED_EDGE('',*,*,#1249,.T.);
#2096=ORIENTED_EDGE('',*,*,#1248,.T.);
#2097=ORIENTED_EDGE('',*,*,#1247,.T.);
#2098=ORIENTED_EDGE('',*,*,#1246,.T.);
#2099=ORIENTED_EDGE('',*,*,#1245,.T.);
#2100=ORIENTED_EDGE('',*,*,#1244,.T.);
#2101=ORIENTED_EDGE('',*,*,#1243,.T.);
#2102=ORIENTED_EDGE('',*,*,#1242,.T.);
#2103=ORIENTED_EDGE('',*,*,#1241,.T.);
#2104=ORIENTED_EDGE('',*,*,#1240,.T.);
#2105=ORIENTED_EDGE('',*,*,#1239,.T.);
#2106=ORIENTED_EDGE('',*,*,#1238,.T.);
#2107=ORIENTED_EDGE('',*,*,#1237,.T.);
#2108=ORIENTED_EDGE('',*,*,#1236,.T.);
#2109=ORIENTED_EDGE('',*,*,#1235,.T.);
#2110=ORIENTED_EDGE('',*,*,#1234,.T.);
#2111=ORIENTED_EDGE('',*,*,#1441,.F.);
#2112=ORIENTED_EDGE('',*,*,#1442,.F.);
#2113=ORIENTED_EDGE('',*,*,#1442,.T.);
#2114=ORIENTED_EDGE('',*,*,#1441,.T.);
#2115=TOROIDAL_SURFACE('',#2254,0.349999999999,0.2);
#2116=STYLED_ITEM('',(#3914),#2168);
#2117=STYLED_ITEM('',(#3914),#2169);
#2118=STYLED_ITEM('',(#3914),#2170);
#2119=STYLED_ITEM('',(#3914),#2171);
#2120=STYLED_ITEM('',(#3914),#2172);
#2121=STYLED_ITEM('',(#3914),#2173);
#2122=STYLED_ITEM('',(#3914),#2174);
#2123=STYLED_ITEM('',(#3914),#2175);
#2124=STYLED_ITEM('',(#3914),#2176);
#2125=STYLED_ITEM('',(#3914),#2177);
#2126=STYLED_ITEM('',(#3914),#2178);
#2127=STYLED_ITEM('',(#3914),#2179);
#2128=STYLED_ITEM('',(#3914),#2180);
#2129=STYLED_ITEM('',(#3914),#2181);
#2130=STYLED_ITEM('',(#3914),#2194);
#2131=STYLED_ITEM('',(#3914),#2195);
#2132=STYLED_ITEM('',(#3914),#2196);
#2133=STYLED_ITEM('',(#3914),#2197);
#2134=STYLED_ITEM('',(#3914),#2198);
#2135=STYLED_ITEM('',(#3914),#2199);
#2136=STYLED_ITEM('',(#3914),#2200);
#2137=STYLED_ITEM('',(#3914),#2201);
#2138=STYLED_ITEM('',(#3914),#2202);
#2139=STYLED_ITEM('',(#3914),#2203);
#2140=STYLED_ITEM('',(#3914),#2204);
#2141=STYLED_ITEM('',(#3914),#2205);
#2142=STYLED_ITEM('',(#3914),#2206);
#2143=STYLED_ITEM('',(#3914),#2207);
#2144=STYLED_ITEM('',(#3914),#2208);
#2145=STYLED_ITEM('',(#3914),#2209);
#2146=STYLED_ITEM('',(#3914),#2210);
#2147=STYLED_ITEM('',(#3914),#2211);
#2148=STYLED_ITEM('',(#3914),#2212);
#2149=STYLED_ITEM('',(#3914),#2213);
#2150=STYLED_ITEM('',(#3914),#2214);
#2151=STYLED_ITEM('',(#3914),#2215);
#2152=STYLED_ITEM('',(#3914),#2216);
#2153=STYLED_ITEM('',(#3914),#2217);
#2154=STYLED_ITEM('',(#3915),#2219);
#2155=STYLED_ITEM('',(#3915),#2220);
#2156=STYLED_ITEM('',(#3915),#2221);
#2157=STYLED_ITEM('',(#3915),#2222);
#2158=STYLED_ITEM('',(#3915),#2224);
#2159=STYLED_ITEM('',(#3915),#2226);
#2160=STYLED_ITEM('',(#3915),#2227);
#2161=STYLED_ITEM('',(#3915),#2229);
#2162=STYLED_ITEM('',(#3915),#2230);
#2163=STYLED_ITEM('',(#3915),#2231);
#2164=STYLED_ITEM('',(#3915),#2232);
#2165=STYLED_ITEM('',(#3915),#2234);
#2166=STYLED_ITEM('',(#3915),#2236);
#2167=STYLED_ITEM('',(#3913),#21);
#2168=ADVANCED_FACE('',(#618),#2115,.T.);
#2169=ADVANCED_FACE('',(#619),#606,.F.);
#2170=ADVANCED_FACE('',(#620),#198,.F.);
#2171=ADVANCED_FACE('',(#621),#199,.T.);
#2172=ADVANCED_FACE('',(#622),#607,.T.);
#2173=ADVANCED_FACE('',(#623),#194,.T.);
#2174=ADVANCED_FACE('',(#624),#608,.T.);
#2175=ADVANCED_FACE('',(#625),#195,.T.);
#2176=ADVANCED_FACE('',(#626),#609,.T.);
#2177=ADVANCED_FACE('',(#627),#196,.T.);
#2178=ADVANCED_FACE('',(#628),#610,.T.);
#2179=ADVANCED_FACE('',(#629),#611,.F.);
#2180=ADVANCED_FACE('',(#630),#197,.F.);
#2181=ADVANCED_FACE('',(#631),#612,.T.);
#2182=ADVANCED_FACE('',(#632,#120,#121,#122,#123,#124,#125,#126,#127,#128,
#129,#130,#131,#132),#143,.F.);
#2183=ADVANCED_FACE('',(#633),#144,.F.);
#2184=ADVANCED_FACE('',(#634),#145,.F.);
#2185=ADVANCED_FACE('',(#635),#146,.F.);
#2186=ADVANCED_FACE('',(#636),#147,.F.);
#2187=ADVANCED_FACE('',(#637,#133),#148,.T.);
#2188=ADVANCED_FACE('',(#638),#149,.F.);
#2189=ADVANCED_FACE('',(#639),#613,.T.);
#2190=ADVANCED_FACE('',(#640),#614,.T.);
#2191=ADVANCED_FACE('',(#641),#615,.T.);
#2192=ADVANCED_FACE('',(#642),#616,.T.);
#2193=ADVANCED_FACE('',(#643),#617,.T.);
#2194=ADVANCED_FACE('',(#644),#150,.T.);
#2195=ADVANCED_FACE('',(#645),#151,.T.);
#2196=ADVANCED_FACE('',(#646),#152,.F.);
#2197=ADVANCED_FACE('',(#647),#153,.T.);
#2198=ADVANCED_FACE('',(#648),#154,.F.);
#2199=ADVANCED_FACE('',(#649),#155,.F.);
#2200=ADVANCED_FACE('',(#650),#156,.T.);
#2201=ADVANCED_FACE('',(#651),#157,.T.);
#2202=ADVANCED_FACE('',(#652),#158,.F.);
#2203=ADVANCED_FACE('',(#653),#159,.F.);
#2204=ADVANCED_FACE('',(#654),#160,.T.);
#2205=ADVANCED_FACE('',(#655),#161,.F.);
#2206=ADVANCED_FACE('',(#656),#162,.T.);
#2207=ADVANCED_FACE('',(#657),#163,.F.);
#2208=ADVANCED_FACE('',(#658),#164,.F.);
#2209=ADVANCED_FACE('',(#659),#165,.T.);
#2210=ADVANCED_FACE('',(#660),#166,.T.);
#2211=ADVANCED_FACE('',(#661),#167,.F.);
#2212=ADVANCED_FACE('',(#662),#168,.F.);
#2213=ADVANCED_FACE('',(#663),#169,.T.);
#2214=ADVANCED_FACE('',(#664),#170,.F.);
#2215=ADVANCED_FACE('',(#665),#171,.F.);
#2216=ADVANCED_FACE('',(#666,#134),#172,.T.);
#2217=ADVANCED_FACE('',(#667,#135),#173,.T.);
#2218=ADVANCED_FACE('',(#668,#136),#174,.T.);
#2219=ADVANCED_FACE('',(#669),#175,.F.);
#2220=ADVANCED_FACE('',(#670),#176,.T.);
#2221=ADVANCED_FACE('',(#671),#177,.F.);
#2222=ADVANCED_FACE('',(#672,#137),#178,.T.);
#2223=ADVANCED_FACE('',(#673),#179,.F.);
#2224=ADVANCED_FACE('',(#674,#138),#180,.F.);
#2225=ADVANCED_FACE('',(#675),#181,.F.);
#2226=ADVANCED_FACE('',(#676),#182,.F.);
#2227=ADVANCED_FACE('',(#677,#139),#183,.T.);
#2228=ADVANCED_FACE('',(#678),#184,.F.);
#2229=ADVANCED_FACE('',(#679),#185,.F.);
#2230=ADVANCED_FACE('',(#680),#186,.T.);
#2231=ADVANCED_FACE('',(#681),#187,.F.);
#2232=ADVANCED_FACE('',(#682,#140),#188,.T.);
#2233=ADVANCED_FACE('',(#683),#189,.F.);
#2234=ADVANCED_FACE('',(#684,#141),#190,.F.);
#2235=ADVANCED_FACE('',(#685),#191,.F.);
#2236=ADVANCED_FACE('',(#686,#142),#192,.F.);
#2237=ADVANCED_FACE('',(#687),#193,.F.);
#2238=CLOSED_SHELL('',(#2168,#2169,#2170,#2171,#2172,#2173,#2174,#2175,
#2176,#2177,#2178,#2179,#2180,#2181,#2182,#2183,#2184,#2185,#2186,#2187,
#2188,#2189,#2190,#2191,#2192,#2193,#2194,#2195,#2196,#2197,#2198,#2199,
#2200,#2201,#2202,#2203,#2204,#2205,#2206,#2207,#2208,#2209,#2210,#2211,
#2212,#2213,#2214,#2215,#2216,#2217,#2218,#2219,#2220,#2221,#2222,#2223,
#2224,#2225,#2226,#2227,#2228,#2229,#2230,#2231,#2232,#2233,#2234,#2235,
#2236,#2237));
#2239=DERIVED_UNIT_ELEMENT(#2241,1.);
#2240=DERIVED_UNIT_ELEMENT(#3882,-3.);
#2241=(
MASS_UNIT()
NAMED_UNIT(*)
SI_UNIT(.KILO.,.GRAM.)
);
#2242=DERIVED_UNIT((#2239,#2240));
#2243=MEASURE_REPRESENTATION_ITEM('density measure',
POSITIVE_RATIO_MEASURE(7850.),#2242);
#2244=PROPERTY_DEFINITION_REPRESENTATION(#2249,#2246);
#2245=PROPERTY_DEFINITION_REPRESENTATION(#2250,#2247);
#2246=REPRESENTATION('material name',(#2248),#3879);
#2247=REPRESENTATION('density',(#2243),#3879);
#2248=DESCRIPTIVE_REPRESENTATION_ITEM('Steel','Steel');
#2249=PROPERTY_DEFINITION('material property','material name',#3899);
#2250=PROPERTY_DEFINITION('material property','density of part',#3899);
#2251=AXIS2_PLACEMENT_3D('',#2907,#2402,#2403);
#2252=AXIS2_PLACEMENT_3D('',#2908,#2404,#2405);
#2253=AXIS2_PLACEMENT_3D('',#2909,#2406,#2407);
#2254=AXIS2_PLACEMENT_3D('',#2910,#2408,#2409);
#2255=AXIS2_PLACEMENT_3D('',#2912,#2410,#2411);
#2256=AXIS2_PLACEMENT_3D('',#2914,#2412,#2413);
#2257=AXIS2_PLACEMENT_3D('',#2915,#2414,#2415);
#2258=AXIS2_PLACEMENT_3D('',#2916,#2416,#2417);
#2259=AXIS2_PLACEMENT_3D('',#2919,#2418,#2419);
#2260=AXIS2_PLACEMENT_3D('',#2920,#2420,#2421);
#2261=AXIS2_PLACEMENT_3D('',#2922,#2423,#2424);
#2262=AXIS2_PLACEMENT_3D('',#2924,#2425,#2426);
#2263=AXIS2_PLACEMENT_3D('',#2925,#2427,#2428);
#2264=AXIS2_PLACEMENT_3D('',#2928,#2429,#2430);
#2265=AXIS2_PLACEMENT_3D('',#2929,#2431,#2432);
#2266=AXIS2_PLACEMENT_3D('',#2931,#2433,#2434);
#2267=AXIS2_PLACEMENT_3D('',#2932,#2435,#2436);
#2268=AXIS2_PLACEMENT_3D('',#2934,#2437,#2438);
#2269=AXIS2_PLACEMENT_3D('',#2936,#2440,#2441);
#2270=AXIS2_PLACEMENT_3D('',#2938,#2442,#2443);
#2271=AXIS2_PLACEMENT_3D('',#2941,#2445,#2446);
#2272=AXIS2_PLACEMENT_3D('',#2942,#2447,#2448);
#2273=AXIS2_PLACEMENT_3D('',#2945,#2449,#2450);
#2274=AXIS2_PLACEMENT_3D('',#2946,#2451,#2452);
#2275=AXIS2_PLACEMENT_3D('',#2948,#2454,#2455);
#2276=AXIS2_PLACEMENT_3D('',#2952,#2457,#2458);
#2277=AXIS2_PLACEMENT_3D('',#2953,#2459,#2460);
#2278=AXIS2_PLACEMENT_3D('',#2954,#2461,#2462);
#2279=AXIS2_PLACEMENT_3D('',#2956,#2463,#2464);
#2280=AXIS2_PLACEMENT_3D('',#2958,#2466,#2467);
#2281=AXIS2_PLACEMENT_3D('',#2960,#2468,#2469);
#2282=AXIS2_PLACEMENT_3D('',#2962,#2471,#2472);
#2283=AXIS2_PLACEMENT_3D('',#2964,#2473,#2474);
#2284=AXIS2_PLACEMENT_3D('',#2966,#2476,#2477);
#2285=AXIS2_PLACEMENT_3D('',#2969,#2478,#2479);
#2286=AXIS2_PLACEMENT_3D('',#2970,#2480,#2481);
#2287=AXIS2_PLACEMENT_3D('',#2973,#2483,#2484);
#2288=AXIS2_PLACEMENT_3D('',#2974,#2485,#2486);
#2289=AXIS2_PLACEMENT_3D('',#2977,#2488,#2489);
#2290=AXIS2_PLACEMENT_3D('',#2978,#2490,#2491);
#2291=AXIS2_PLACEMENT_3D('',#2981,#2492,#2493);
#2292=AXIS2_PLACEMENT_3D('',#2985,#2495,#2496);
#2293=AXIS2_PLACEMENT_3D('',#2987,#2498,#2499);
#2294=AXIS2_PLACEMENT_3D('',#3058,#2529,#2530);
#2295=AXIS2_PLACEMENT_3D('',#3059,#2531,#2532);
#2296=AXIS2_PLACEMENT_3D('',#3083,#2541,#2542);
#2297=AXIS2_PLACEMENT_3D('',#3095,#2543,#2544);
#2298=AXIS2_PLACEMENT_3D('',#3097,#2545,#2546);
#2299=AXIS2_PLACEMENT_3D('',#3126,#2548,#2549);
#2300=AXIS2_PLACEMENT_3D('',#3133,#2550,#2551);
#2301=AXIS2_PLACEMENT_3D('',#3135,#2552,#2553);
#2302=AXIS2_PLACEMENT_3D('',#3137,#2554,#2555);
#2303=AXIS2_PLACEMENT_3D('',#3139,#2556,#2557);
#2304=AXIS2_PLACEMENT_3D('',#3141,#2558,#2559);
#2305=AXIS2_PLACEMENT_3D('',#3143,#2560,#2561);
#2306=AXIS2_PLACEMENT_3D('',#3187,#2578,#2579);
#2307=AXIS2_PLACEMENT_3D('',#3188,#2580,#2581);
#2308=AXIS2_PLACEMENT_3D('',#3225,#2590,#2591);
#2309=AXIS2_PLACEMENT_3D('',#3298,#2595,#2596);
#2310=AXIS2_PLACEMENT_3D('',#3333,#2597,#2598);
#2311=AXIS2_PLACEMENT_3D('',#3365,#2603,#2604);
#2312=AXIS2_PLACEMENT_3D('',#3381,#2605,#2606);
#2313=AXIS2_PLACEMENT_3D('',#3393,#2607,#2608);
#2314=AXIS2_PLACEMENT_3D('',#3395,#2609,#2610);
#2315=AXIS2_PLACEMENT_3D('',#3396,#2611,#2612);
#2316=AXIS2_PLACEMENT_3D('',#3415,#2616,#2617);
#2317=AXIS2_PLACEMENT_3D('',#3439,#2624,#2625);
#2318=AXIS2_PLACEMENT_3D('',#3441,#2626,#2627);
#2319=AXIS2_PLACEMENT_3D('',#3455,#2629,#2630);
#2320=AXIS2_PLACEMENT_3D('',#3514,#2647,#2648);
#2321=AXIS2_PLACEMENT_3D('',#3526,#2649,#2650);
#2322=AXIS2_PLACEMENT_3D('',#3550,#2652,#2653);
#2323=AXIS2_PLACEMENT_3D('',#3552,#2654,#2655);
#2324=AXIS2_PLACEMENT_3D('',#3554,#2657,#2658);
#2325=AXIS2_PLACEMENT_3D('',#3571,#2667,#2668);
#2326=AXIS2_PLACEMENT_3D('',#3574,#2670,#2671);
#2327=AXIS2_PLACEMENT_3D('',#3585,#2677,#2678);
#2328=AXIS2_PLACEMENT_3D('',#3592,#2682,#2683);
#2329=AXIS2_PLACEMENT_3D('',#3596,#2685,#2686);
#2330=AXIS2_PLACEMENT_3D('',#3607,#2692,#2693);
#2331=AXIS2_PLACEMENT_3D('',#3609,#2695,#2696);
#2332=AXIS2_PLACEMENT_3D('',#3620,#2703,#2704);
#2333=AXIS2_PLACEMENT_3D('',#3631,#2711,#2712);
#2334=AXIS2_PLACEMENT_3D('',#3635,#2714,#2715);
#2335=AXIS2_PLACEMENT_3D('',#3636,#2716,#2717);
#2336=AXIS2_PLACEMENT_3D('',#3637,#2718,#2719);
#2337=AXIS2_PLACEMENT_3D('',#3638,#2720,#2721);
#2338=AXIS2_PLACEMENT_3D('',#3639,#2722,#2723);
#2339=AXIS2_PLACEMENT_3D('',#3640,#2724,#2725);
#2340=AXIS2_PLACEMENT_3D('',#3643,#2728,#2729);
#2341=AXIS2_PLACEMENT_3D('',#3644,#2730,#2731);
#2342=AXIS2_PLACEMENT_3D('',#3645,#2732,#2733);
#2343=AXIS2_PLACEMENT_3D('',#3646,#2734,#2735);
#2344=AXIS2_PLACEMENT_3D('',#3647,#2736,#2737);
#2345=AXIS2_PLACEMENT_3D('',#3648,#2738,#2739);
#2346=AXIS2_PLACEMENT_3D('',#3654,#2743,#2744);
#2347=AXIS2_PLACEMENT_3D('',#3660,#2748,#2749);
#2348=AXIS2_PLACEMENT_3D('',#3666,#2753,#2754);
#2349=AXIS2_PLACEMENT_3D('',#3668,#2756,#2757);
#2350=AXIS2_PLACEMENT_3D('',#3670,#2759,#2760);
#2351=AXIS2_PLACEMENT_3D('',#3671,#2761,#2762);
#2352=AXIS2_PLACEMENT_3D('',#3677,#2766,#2767);
#2353=AXIS2_PLACEMENT_3D('',#3683,#2771,#2772);
#2354=AXIS2_PLACEMENT_3D('',#3687,#2775,#2776);
#2355=AXIS2_PLACEMENT_3D('',#3691,#2779,#2780);
#2356=AXIS2_PLACEMENT_3D('',#3693,#2782,#2783);
#2357=AXIS2_PLACEMENT_3D('',#3694,#2784,#2785);
#2358=AXIS2_PLACEMENT_3D('',#3700,#2789,#2790);
#2359=AXIS2_PLACEMENT_3D('',#3706,#2794,#2795);
#2360=AXIS2_PLACEMENT_3D('',#3710,#2798,#2799);
#2361=AXIS2_PLACEMENT_3D('',#3714,#2802,#2803);
#2362=AXIS2_PLACEMENT_3D('',#3716,#2805,#2806);
#2363=AXIS2_PLACEMENT_3D('',#3717,#2807,#2808);
#2364=AXIS2_PLACEMENT_3D('',#3723,#2812,#2813);
#2365=AXIS2_PLACEMENT_3D('',#3727,#2816,#2817);
#2366=AXIS2_PLACEMENT_3D('',#3731,#2820,#2821);
#2367=AXIS2_PLACEMENT_3D('',#3733,#2823,#2824);
#2368=AXIS2_PLACEMENT_3D('',#3734,#2825,#2826);
#2369=AXIS2_PLACEMENT_3D('',#3735,#2827,#2828);
#2370=AXIS2_PLACEMENT_3D('',#3736,#2829,#2830);
#2371=AXIS2_PLACEMENT_3D('',#3737,#2831,#2832);
#2372=AXIS2_PLACEMENT_3D('',#3738,#2833,#2834);
#2373=AXIS2_PLACEMENT_3D('',#3739,#2835,#2836);
#2374=AXIS2_PLACEMENT_3D('',#3746,#2839,#2840);
#2375=AXIS2_PLACEMENT_3D('',#3748,#2841,#2842);
#2376=AXIS2_PLACEMENT_3D('',#3750,#2843,#2844);
#2377=AXIS2_PLACEMENT_3D('',#3752,#2845,#2846);
#2378=AXIS2_PLACEMENT_3D('',#3754,#2848,#2849);
#2379=AXIS2_PLACEMENT_3D('',#3755,#2850,#2851);
#2380=AXIS2_PLACEMENT_3D('',#3772,#2855,#2856);
#2381=AXIS2_PLACEMENT_3D('',#3773,#2857,#2858);
#2382=AXIS2_PLACEMENT_3D('',#3774,#2859,#2860);
#2383=AXIS2_PLACEMENT_3D('',#3777,#2861,#2862);
#2384=AXIS2_PLACEMENT_3D('',#3793,#2865,#2866);
#2385=AXIS2_PLACEMENT_3D('',#3795,#2867,#2868);
#2386=AXIS2_PLACEMENT_3D('',#3800,#2869,#2870);
#2387=AXIS2_PLACEMENT_3D('',#3801,#2871,#2872);
#2388=AXIS2_PLACEMENT_3D('',#3802,#2873,#2874);
#2389=AXIS2_PLACEMENT_3D('',#3803,#2875,#2876);
#2390=AXIS2_PLACEMENT_3D('',#3804,#2877,#2878);
#2391=AXIS2_PLACEMENT_3D('',#3811,#2881,#2882);
#2392=AXIS2_PLACEMENT_3D('',#3813,#2883,#2884);
#2393=AXIS2_PLACEMENT_3D('',#3815,#2885,#2886);
#2394=AXIS2_PLACEMENT_3D('',#3817,#2887,#2888);
#2395=AXIS2_PLACEMENT_3D('',#3819,#2890,#2891);
#2396=AXIS2_PLACEMENT_3D('',#3820,#2892,#2893);
#2397=AXIS2_PLACEMENT_3D('',#3837,#2897,#2898);
#2398=AXIS2_PLACEMENT_3D('',#3838,#2899,#2900);
#2399=AXIS2_PLACEMENT_3D('',#3870,#2901,#2902);
#2400=AXIS2_PLACEMENT_3D('',#3871,#2903,#2904);
#2401=AXIS2_PLACEMENT_3D('',#3872,#2905,#2906);
#2402=DIRECTION('axis',(0.,0.,1.));
#2403=DIRECTION('refdir',(1.,0.,0.));
#2404=DIRECTION('axis',(0.,0.,1.));
#2405=DIRECTION('refdir',(1.,0.,0.));
#2406=DIRECTION('axis',(0.,0.,1.));
#2407=DIRECTION('refdir',(1.,0.,0.));
#2408=DIRECTION('center_axis',(0.,0.,-1.));
#2409=DIRECTION('ref_axis',(-1.,0.,0.));
#2410=DIRECTION('center_axis',(0.,0.,-1.));
#2411=DIRECTION('ref_axis',(-1.,0.,0.));
#2412=DIRECTION('center_axis',(-1.22464679914735E-16,-1.,0.));
#2413=DIRECTION('ref_axis',(1.,-1.22464679914735E-16,0.));
#2414=DIRECTION('center_axis',(0.,0.,1.));
#2415=DIRECTION('ref_axis',(-1.,0.,0.));
#2416=DIRECTION('center_axis',(-9.427844978134E-17,0.,-1.));
#2417=DIRECTION('ref_axis',(-1.,0.,9.427844978134E-17));
#2418=DIRECTION('center_axis',(-9.427844978134E-17,0.,-1.));
#2419=DIRECTION('ref_axis',(-1.,0.,9.427844978134E-17));
#2420=DIRECTION('center_axis',(-9.427844978134E-17,0.,-1.));
#2421=DIRECTION('ref_axis',(-1.,0.,9.427844978134E-17));
#2422=DIRECTION('',(-9.427844978134E-17,0.,-1.));
#2423=DIRECTION('center_axis',(6.12323399573676E-17,0.,1.));
#2424=DIRECTION('ref_axis',(1.,0.,0.));
#2425=DIRECTION('center_axis',(-1.22464679914735E-16,1.,0.));
#2426=DIRECTION('ref_axis',(-1.,-1.22464679914735E-16,0.));
#2427=DIRECTION('center_axis',(6.12323399573677E-17,0.,1.));
#2428=DIRECTION('ref_axis',(1.,0.,0.));
#2429=DIRECTION('center_axis',(-1.229608807544E-16,0.,-1.));
#2430=DIRECTION('ref_axis',(-1.,0.,1.229608807544E-16));
#2431=DIRECTION('center_axis',(-1.229608807544E-16,0.,-1.));
#2432=DIRECTION('ref_axis',(-1.,0.,1.229608807544E-16));
#2433=DIRECTION('center_axis',(1.22464679914735E-16,-1.,0.));
#2434=DIRECTION('ref_axis',(-1.,-1.22464679914735E-16,0.));
#2435=DIRECTION('center_axis',(-1.229608807544E-16,0.,-1.));
#2436=DIRECTION('ref_axis',(-1.,0.,1.229608807544E-16));
#2437=DIRECTION('center_axis',(0.,0.,1.));
#2438=DIRECTION('ref_axis',(1.,0.,0.));
#2439=DIRECTION('',(1.229608807544E-16,0.,1.));
#2440=DIRECTION('center_axis',(-1.229608807544E-16,0.,-1.));
#2441=DIRECTION('ref_axis',(-1.,0.,1.229608807544E-16));
#2442=DIRECTION('center_axis',(-1.229608807544E-16,0.,-1.));
#2443=DIRECTION('ref_axis',(-1.,0.,1.229608807544E-16));
#2444=DIRECTION('',(-0.70710678118623,8.65956056235105E-17,0.707106781186865));
#2445=DIRECTION('center_axis',(-1.229608807544E-16,0.,-1.));
#2446=DIRECTION('ref_axis',(-1.,0.,1.229608807544E-16));
#2447=DIRECTION('center_axis',(-1.229608807544E-16,0.,-1.));
#2448=DIRECTION('ref_axis',(-1.,0.,1.229608807544E-16));
#2449=DIRECTION('center_axis',(-1.229608807544E-16,0.,-1.));
#2450=DIRECTION('ref_axis',(-1.,0.,1.229608807544E-16));
#2451=DIRECTION('center_axis',(-1.229608807544E-16,0.,-1.));
#2452=DIRECTION('ref_axis',(-1.,0.,1.229608807544E-16));
#2453=DIRECTION('',(1.229608807544E-16,0.,1.));
#2454=DIRECTION('center_axis',(1.229608807544E-16,0.,1.));
#2455=DIRECTION('ref_axis',(1.,0.,-1.229608807544E-16));
#2456=DIRECTION('',(0.70710678118623,8.65956056235105E-17,-0.707106781186865));
#2457=DIRECTION('center_axis',(-1.229608807544E-16,0.,-1.));
#2458=DIRECTION('ref_axis',(-1.,0.,1.229608807544E-16));
#2459=DIRECTION('center_axis',(-1.229608807544E-16,0.,-1.));
#2460=DIRECTION('ref_axis',(-1.,0.,1.229608807544E-16));
#2461=DIRECTION('center_axis',(-1.229608807544E-16,0.,-1.));
#2462=DIRECTION('ref_axis',(-1.,0.,1.229608807544E-16));
#2463=DIRECTION('center_axis',(-1.229608807544E-16,0.,-1.));
#2464=DIRECTION('ref_axis',(-1.,0.,1.229608807544E-16));
#2465=DIRECTION('',(1.229608807544E-16,0.,1.));
#2466=DIRECTION('center_axis',(-1.229608807544E-16,0.,-1.));
#2467=DIRECTION('ref_axis',(-1.,0.,1.229608807544E-16));
#2468=DIRECTION('center_axis',(-1.229608807544E-16,0.,-1.));
#2469=DIRECTION('ref_axis',(-1.,0.,1.229608807544E-16));
#2470=DIRECTION('',(-0.70710678118623,8.65956056235105E-17,0.707106781186865));
#2471=DIRECTION('center_axis',(-1.229608807544E-16,0.,-1.));
#2472=DIRECTION('ref_axis',(-1.,0.,1.229608807544E-16));
#2473=DIRECTION('center_axis',(0.,0.,1.));
#2474=DIRECTION('ref_axis',(1.,0.,0.));
#2475=DIRECTION('',(1.229608807544E-16,0.,1.));
#2476=DIRECTION('center_axis',(-1.229608807544E-16,0.,-1.));
#2477=DIRECTION('ref_axis',(-1.,0.,1.229608807544E-16));
#2478=DIRECTION('center_axis',(-1.229608807544E-16,0.,-1.));
#2479=DIRECTION('ref_axis',(-1.,0.,1.229608807544E-16));
#2480=DIRECTION('center_axis',(-1.229608807544E-16,0.,-1.));
#2481=DIRECTION('ref_axis',(-1.,0.,1.229608807544E-16));
#2482=DIRECTION('',(-1.229608807544E-16,0.,-1.));
#2483=DIRECTION('center_axis',(0.,0.,-1.));
#2484=DIRECTION('ref_axis',(1.,0.,0.));
#2485=DIRECTION('center_axis',(1.229608807544E-16,0.,1.));
#2486=DIRECTION('ref_axis',(1.,0.,-1.229608807544E-16));
#2487=DIRECTION('',(-0.70710678118623,-8.65956056235105E-17,0.707106781186865));
#2488=DIRECTION('center_axis',(-1.229608807544E-16,0.,-1.));
#2489=DIRECTION('ref_axis',(-1.,0.,1.229608807544E-16));
#2490=DIRECTION('center_axis',(0.,0.,1.));
#2491=DIRECTION('ref_axis',(-1.83697019872103E-16,-1.,0.));
#2492=DIRECTION('center_axis',(0.,0.,-1.));
#2493=DIRECTION('ref_axis',(-1.,0.,0.));
#2494=DIRECTION('',(0.,0.,1.));
#2495=DIRECTION('center_axis',(0.,0.,-1.));
#2496=DIRECTION('ref_axis',(1.,0.,0.));
#2497=DIRECTION('',(0.,0.,1.));
#2498=DIRECTION('center_axis',(0.,-1.,0.));
#2499=DIRECTION('ref_axis',(0.,0.,-1.));
#2500=DIRECTION('',(-1.,0.,0.));
#2501=DIRECTION('',(0.,0.,1.));
#2502=DIRECTION('',(1.,0.,0.));
#2503=DIRECTION('',(0.,0.,1.));
#2504=DIRECTION('',(-1.,0.,0.));
#2505=DIRECTION('',(0.,0.,1.));
#2506=DIRECTION('',(-1.,0.,0.));
#2507=DIRECTION('',(0.,0.,-1.));
#2508=DIRECTION('',(-0.00709217850900526,0.,0.999974850185742));
#2509=DIRECTION('',(-0.999974850185742,0.,-0.00709217850900526));
#2510=DIRECTION('',(0.00709217850900526,0.,-0.999974850185742));
#2511=DIRECTION('',(0.999974850185742,0.,0.00709217850900526));
#2512=DIRECTION('',(-0.00709217850900526,0.,0.999974850185742));
#2513=DIRECTION('',(0.999974850185742,0.,0.00709217850900526));
#2514=DIRECTION('',(-0.00709217850900526,0.,0.999974850185742));
#2515=DIRECTION('',(-0.999974850185742,0.,-0.00709217850900526));
#2516=DIRECTION('',(0.00709217850900526,0.,-0.999974850185742));
#2517=DIRECTION('',(0.999974850185742,0.,0.00709217850900526));
#2518=DIRECTION('',(-0.00709217850900526,0.,0.999974850185742));
#2519=DIRECTION('',(-0.999974850185742,0.,-0.00709217850900526));
#2520=DIRECTION('',(-0.00709217850900526,0.,0.999974850185742));
#2521=DIRECTION('',(0.999974850185742,0.,0.00709217850900526));
#2522=DIRECTION('',(-0.00709217850900526,0.,0.999974850185742));
#2523=DIRECTION('',(-0.999974850185742,0.,-0.00709217850900526));
#2524=DIRECTION('',(-0.00709217850900526,0.,0.999974850185742));
#2525=DIRECTION('',(0.999974850185742,0.,0.00709217850900526));
#2526=DIRECTION('',(-0.999974850185742,0.,-0.00709217850900526));
#2527=DIRECTION('',(0.00709217850900526,0.,-0.999974850185742));
#2528=DIRECTION('',(0.999974850185742,0.,0.00709217850900526));
#2529=DIRECTION('center_axis',(0.,1.,0.));
#2530=DIRECTION('ref_axis',(0.850237670648736,0.,0.52639899639894));
#2531=DIRECTION('center_axis',(0.,1.,0.));
#2532=DIRECTION('ref_axis',(0.524461600013421,0.,0.851434102036889));
#2533=DIRECTION('',(0.349299057801094,0.,0.937011295673253));
#2534=DIRECTION('',(-0.999974850185742,0.,-0.00709217850900526));
#2535=DIRECTION('',(-0.342741495824264,0.,-0.939429756309723));
#2536=DIRECTION('',(-0.999974850185742,0.,-0.00709217850900526));
#2537=DIRECTION('',(-0.338211162479089,0.,0.941070246886248));
#2538=DIRECTION('',(-0.999974850185742,0.,-0.00709217850900526));
#2539=DIRECTION('',(0.36255448749734,0.,-0.931962576284875));
#2540=DIRECTION('',(0.999974850185742,0.,0.00709217850900526));
#2541=DIRECTION('center_axis',(2.62026960339697E-11,-1.,2.1218645819397E-10));
#2542=DIRECTION('ref_axis',(0.833367970222154,1.3911588500238E-10,0.552718577766124));
#2543=DIRECTION('center_axis',(0.,1.,0.));
#2544=DIRECTION('ref_axis',(0.999280407668495,0.,0.0379297620594407));
#2545=DIRECTION('center_axis',(0.,1.,0.));
#2546=DIRECTION('ref_axis',(0.872626535890685,0.,-0.48838809246277));
#2547=DIRECTION('',(-0.00709217850900526,0.,0.999974850185742));
#2548=DIRECTION('center_axis',(0.,-1.,0.));
#2549=DIRECTION('ref_axis',(0.911708792101541,0.,0.41083704604715));
#2550=DIRECTION('center_axis',(0.,-1.,0.));
#2551=DIRECTION('ref_axis',(0.981877417961118,0.,0.189517112942363));
#2552=DIRECTION('center_axis',(0.,1.,0.));
#2553=DIRECTION('ref_axis',(0.999999782313488,0.,0.000659827989656437));
#2554=DIRECTION('center_axis',(0.,1.,0.));
#2555=DIRECTION('ref_axis',(0.881595306949432,0.,-0.472006053737382));
#2556=DIRECTION('center_axis',(0.,1.,0.));
#2557=DIRECTION('ref_axis',(0.8813046410467,0.,0.472548547420842));
#2558=DIRECTION('center_axis',(0.,1.,0.));
#2559=DIRECTION('ref_axis',(0.648893553312773,0.,0.760879199655979));
#2560=DIRECTION('center_axis',(4.21695273673776E-11,1.,-5.67002946518457E-10));
#2561=DIRECTION('ref_axis',(-0.538472466071038,5.00488253088869E-10,0.842643105521771));
#2562=DIRECTION('',(0.00709217850900526,0.,-0.999974850185742));
#2563=DIRECTION('',(-0.00709217850900526,0.,0.999974850185742));
#2564=DIRECTION('',(-0.999974850185742,0.,-0.00709217850900526));
#2565=DIRECTION('',(0.00709217850900526,0.,-0.999974850185742));
#2566=DIRECTION('',(0.999974850185742,0.,0.00709217850900526));
#2567=DIRECTION('',(-0.00709217850900526,0.,0.999974850185742));
#2568=DIRECTION('',(-0.999974850185742,0.,-0.00709217850900526));
#2569=DIRECTION('',(-0.00709217850900526,0.,0.999974850185742));
#2570=DIRECTION('',(0.999974850185742,0.,0.00709217850900526));
#2571=DIRECTION('',(-0.00709217850900526,0.,0.999974850185742));
#2572=DIRECTION('',(-0.999974850185742,0.,-0.00709217850900526));
#2573=DIRECTION('',(-0.00709217850900526,0.,0.999974850185742));
#2574=DIRECTION('',(0.999974850185742,0.,0.00709217850900526));
#2575=DIRECTION('',(-0.999974850185742,0.,-0.00709217850900526));
#2576=DIRECTION('',(0.00709217850900526,0.,-0.999974850185742));
#2577=DIRECTION('',(0.999974850185742,0.,0.00709217850900526));
#2578=DIRECTION('center_axis',(0.,1.,0.));
#2579=DIRECTION('ref_axis',(0.85023767075923,0.,0.526398996220471));
#2580=DIRECTION('center_axis',(0.,1.,0.));
#2581=DIRECTION('ref_axis',(0.524461600106482,0.,0.851434101979565));
#2582=DIRECTION('',(0.349299057795172,0.,0.937011295675461));
#2583=DIRECTION('',(-0.999974850185742,0.,-0.00709217850900526));
#2584=DIRECTION('',(-0.342741495853077,0.,-0.939429756299211));
#2585=DIRECTION('',(-0.999974850185742,0.,-0.00709217850900526));
#2586=DIRECTION('',(-0.338211162486243,0.,0.941070246883677));
#2587=DIRECTION('',(-0.999974850185742,0.,-0.00709217850900526));
#2588=DIRECTION('',(0.362554487503227,0.,-0.931962576282584));
#2589=DIRECTION('',(0.999974850185742,0.,0.00709217850900526));
#2590=DIRECTION('center_axis',(-6.00470096753052E-11,1.,-7.16515641554646E-11));
#2591=DIRECTION('ref_axis',(0.296564034316042,8.62359565527619E-11,0.955012970357049));
#2592=DIRECTION('',(-0.999974850185742,0.,-0.00709217850900526));
#2593=DIRECTION('',(0.999974850185742,0.,0.00709217850900526));
#2594=DIRECTION('',(-0.999974850186671,0.,-0.00709217837795996));
#2595=DIRECTION('center_axis',(0.,-1.,0.));
#2596=DIRECTION('ref_axis',(0.939047835593946,0.,0.343786507103357));
#2597=DIRECTION('center_axis',(-1.58113014147656E-11,1.,1.00990612336817E-10));
#2598=DIRECTION('ref_axis',(0.798781422106281,7.3387881598909E-11,-0.601621342455425));
#2599=DIRECTION('',(0.889610358060177,0.,-0.456720276353091));
#2600=DIRECTION('',(0.498748469261035,0.,0.866746770637061));
#2601=DIRECTION('',(-0.88738694226275,0.,0.461025394855389));
#2602=DIRECTION('',(-0.00709217841500676,0.,0.999974850186408));
#2603=DIRECTION('center_axis',(0.,1.,0.));
#2604=DIRECTION('ref_axis',(-0.524512122162693,0.,0.851402979619162));
#2605=DIRECTION('center_axis',(0.,1.,0.));
#2606=DIRECTION('ref_axis',(0.255749653581152,0.,0.966743044812385));
#2607=DIRECTION('center_axis',(0.,1.,0.));
#2608=DIRECTION('ref_axis',(0.198149523275783,0.,0.980171804545295));
#2609=DIRECTION('center_axis',(0.,1.,0.));
#2610=DIRECTION('ref_axis',(0.285278396002984,0.,0.958444696773875));
#2611=DIRECTION('center_axis',(0.,1.,0.));
#2612=DIRECTION('ref_axis',(0.917935111722984,0.,0.396730551717551));
#2613=DIRECTION('',(0.347576530354304,0.,-0.93765161736482));
#2614=DIRECTION('',(0.999974850185742,0.,0.00709217850900526));
#2615=DIRECTION('',(-0.37338631295719,0.,0.927675946274471));
#2616=DIRECTION('center_axis',(0.,1.,0.));
#2617=DIRECTION('ref_axis',(0.922255875420681,0.,-0.386580004982195));
#2618=DIRECTION('',(0.00709217850900526,0.,-0.999974850185742));
#2619=DIRECTION('',(0.39627977191406,0.,-0.91812980692914));
#2620=DIRECTION('',(-0.359249240323362,0.,-0.933241653231941));
#2621=DIRECTION('',(0.999974850185742,0.,0.00709217850900526));
#2622=DIRECTION('',(0.321638936845219,0.,0.946862394598644));
#2623=DIRECTION('',(0.245553034398101,0.,0.969383158146398));
#2624=DIRECTION('center_axis',(0.,1.,0.));
#2625=DIRECTION('ref_axis',(0.47969828094908,0.,0.877433507027454));
#2626=DIRECTION('center_axis',(0.,1.,0.));
#2627=DIRECTION('ref_axis',(-0.60461247272712,0.,0.796519778676461));
#2628=DIRECTION('',(0.991287678229244,0.,-0.131714611911033));
#2629=DIRECTION('center_axis',(0.,-1.,0.));
#2630=DIRECTION('ref_axis',(0.642720380697291,0.,-0.766100849912287));
#2631=DIRECTION('',(0.00709217850900526,0.,-0.999974850185742));
#2632=DIRECTION('',(-0.00709217850900526,0.,0.999974850185742));
#2633=DIRECTION('',(-0.999974850185742,0.,-0.00709217850900526));
#2634=DIRECTION('',(0.00709217850900526,0.,-0.999974850185742));
#2635=DIRECTION('',(-0.00709217850900526,0.,0.999974850185742));
#2636=DIRECTION('',(-0.999974850185742,0.,-0.00709217850900526));
#2637=DIRECTION('',(0.00709217850900526,0.,-0.999974850185742));
#2638=DIRECTION('',(0.999974850185742,0.,0.00709217850900526));
#2639=DIRECTION('',(-0.00709217850900526,0.,0.999974850185742));
#2640=DIRECTION('',(-0.999974850185742,0.,-0.00709217850900526));
#2641=DIRECTION('',(-0.00709217850900526,0.,0.999974850185742));
#2642=DIRECTION('',(0.999974850185742,0.,0.00709217850900526));
#2643=DIRECTION('',(-0.00709217850900526,0.,0.999974850185742));
#2644=DIRECTION('',(-0.999974850185742,0.,-0.00709217850900526));
#2645=DIRECTION('',(-0.00709217850900526,0.,0.999974850185742));
#2646=DIRECTION('',(0.999974850185742,0.,0.00709217850900526));
#2647=DIRECTION('center_axis',(0.,1.,0.));
#2648=DIRECTION('ref_axis',(0.825284435937067,0.,-0.564717274217848));
#2649=DIRECTION('center_axis',(-3.30760518957286E-11,1.,5.68785397814375E-10));
#2650=DIRECTION('ref_axis',(0.789010284374978,3.75547711688342E-10,-0.614379989217191));
#2651=DIRECTION('',(-0.00709217850900526,0.,0.999974850185742));
#2652=DIRECTION('center_axis',(0.,-1.,0.));
#2653=DIRECTION('ref_axis',(0.502889605057252,0.,-0.864350649404141));
#2654=DIRECTION('center_axis',(2.53687020358733E-11,-1.,3.5234628537965E-10));
#2655=DIRECTION('ref_axis',(-0.497461234026301,-3.18275488740128E-10,-0.867486207752624));
#2656=DIRECTION('',(-0.00709217850900526,0.,0.999974850185742));
#2657=DIRECTION('center_axis',(0.,1.,0.));
#2658=DIRECTION('ref_axis',(0.,0.,1.));
#2659=DIRECTION('',(0.,0.,-1.));
#2660=DIRECTION('',(1.,0.,0.));
#2661=DIRECTION('',(0.,0.,-1.));
#2662=DIRECTION('',(1.,0.,0.));
#2663=DIRECTION('',(0.,0.,1.));
#2664=DIRECTION('',(1.,0.,0.));
#2665=DIRECTION('',(0.,0.,-1.));
#2666=DIRECTION('',(1.,0.,0.));
#2667=DIRECTION('center_axis',(0.,0.,1.));
#2668=DIRECTION('ref_axis',(1.,0.,0.));
#2669=DIRECTION('',(0.,1.,0.));
#2670=DIRECTION('center_axis',(0.,0.,-1.));
#2671=DIRECTION('ref_axis',(1.,0.,0.));
#2672=DIRECTION('',(0.,1.,0.));
#2673=DIRECTION('',(1.,0.,0.));
#2674=DIRECTION('',(0.,1.,0.));
#2675=DIRECTION('',(1.,0.,0.));
#2676=DIRECTION('',(0.,1.,0.));
#2677=DIRECTION('center_axis',(0.,0.,-1.));
#2678=DIRECTION('ref_axis',(1.,0.,0.));
#2679=DIRECTION('',(0.,1.,0.));
#2680=DIRECTION('',(1.,0.,0.));
#2681=DIRECTION('',(0.,1.,0.));
#2682=DIRECTION('center_axis',(0.,0.,-1.));
#2683=DIRECTION('ref_axis',(1.,0.,0.));
#2684=DIRECTION('',(-0.707106781186548,0.707106781186548,0.));
#2685=DIRECTION('center_axis',(0.,0.,-1.));
#2686=DIRECTION('ref_axis',(1.,3.794707603699E-15,0.));
#2687=DIRECTION('',(0.,-1.,0.));
#2688=DIRECTION('',(1.,0.,0.));
#2689=DIRECTION('',(0.,1.,0.));
#2690=DIRECTION('',(1.,0.,0.));
#2691=DIRECTION('',(0.,-1.,0.));
#2692=DIRECTION('center_axis',(0.,0.,-1.));
#2693=DIRECTION('ref_axis',(1.,0.,0.));
#2694=DIRECTION('',(0.,1.,0.));
#2695=DIRECTION('center_axis',(-1.,0.,0.));
#2696=DIRECTION('ref_axis',(0.,0.,1.));
#2697=DIRECTION('',(0.,0.,1.));
#2698=DIRECTION('',(0.,1.,0.));
#2699=DIRECTION('',(0.,0.,1.));
#2700=DIRECTION('',(0.,0.,1.));
#2701=DIRECTION('',(0.,1.,0.));
#2702=DIRECTION('',(0.,0.,-1.));
#2703=DIRECTION('center_axis',(1.,0.,0.));
#2704=DIRECTION('ref_axis',(0.,0.,-1.));
#2705=DIRECTION('',(0.,-1.,0.));
#2706=DIRECTION('',(0.,0.,-1.));
#2707=DIRECTION('',(0.,0.,1.));
#2708=DIRECTION('',(0.,-1.,0.));
#2709=DIRECTION('',(0.,0.,-1.));
#2710=DIRECTION('',(0.,0.,-1.));
#2711=DIRECTION('center_axis',(0.,0.,1.));
#2712=DIRECTION('ref_axis',(1.,0.,0.));
#2713=DIRECTION('',(0.707106781186548,-0.707106781186548,0.));
#2714=DIRECTION('center_axis',(0.,0.,1.));
#2715=DIRECTION('ref_axis',(1.,0.,0.));
#2716=DIRECTION('center_axis',(0.,0.,1.));
#2717=DIRECTION('ref_axis',(1.,0.,0.));
#2718=DIRECTION('center_axis',(0.,0.,1.));
#2719=DIRECTION('ref_axis',(1.,0.,0.));
#2720=DIRECTION('center_axis',(0.,0.,1.));
#2721=DIRECTION('ref_axis',(1.,0.,0.));
#2722=DIRECTION('center_axis',(0.,0.,1.));
#2723=DIRECTION('ref_axis',(1.,0.,0.));
#2724=DIRECTION('center_axis',(0.707106781186548,0.707106781186548,0.));
#2725=DIRECTION('ref_axis',(0.,0.,-1.));
#2726=DIRECTION('',(0.,0.,1.));
#2727=DIRECTION('',(0.,0.,-1.));
#2728=DIRECTION('center_axis',(0.,0.,-1.));
#2729=DIRECTION('ref_axis',(-1.,0.,0.));
#2730=DIRECTION('center_axis',(0.,0.,1.));
#2731=DIRECTION('ref_axis',(1.,0.,0.));
#2732=DIRECTION('center_axis',(0.,0.,-1.));
#2733=DIRECTION('ref_axis',(-1.,0.,0.));
#2734=DIRECTION('center_axis',(0.,0.,-1.));
#2735=DIRECTION('ref_axis',(-1.,0.,0.));
#2736=DIRECTION('center_axis',(0.,0.,-1.));
#2737=DIRECTION('ref_axis',(-1.,0.,0.));
#2738=DIRECTION('center_axis',(0.,0.,1.));
#2739=DIRECTION('ref_axis',(1.,0.,0.));
#2740=DIRECTION('',(1.,0.,0.));
#2741=DIRECTION('',(0.,1.,0.));
#2742=DIRECTION('',(1.,0.,0.));
#2743=DIRECTION('center_axis',(0.,-1.,0.));
#2744=DIRECTION('ref_axis',(0.,0.,-1.));
#2745=DIRECTION('',(0.,0.,1.));
#2746=DIRECTION('',(1.,0.,0.));
#2747=DIRECTION('',(0.,0.,1.));
#2748=DIRECTION('center_axis',(0.,-1.,0.));
#2749=DIRECTION('ref_axis',(0.,0.,-1.));
#2750=DIRECTION('',(0.,0.,1.));
#2751=DIRECTION('',(1.,0.,0.));
#2752=DIRECTION('',(0.,0.,1.));
#2753=DIRECTION('center_axis',(1.,0.,0.));
#2754=DIRECTION('ref_axis',(0.,0.,-1.));
#2755=DIRECTION('',(0.,1.,0.));
#2756=DIRECTION('center_axis',(1.,0.,0.));
#2757=DIRECTION('ref_axis',(0.,0.,-1.));
#2758=DIRECTION('',(0.,1.,0.));
#2759=DIRECTION('center_axis',(0.,0.,1.));
#2760=DIRECTION('ref_axis',(1.,0.,0.));
#2761=DIRECTION('center_axis',(0.,0.,1.));
#2762=DIRECTION('ref_axis',(1.,0.,0.));
#2763=DIRECTION('',(1.,0.,0.));
#2764=DIRECTION('',(0.,1.,0.));
#2765=DIRECTION('',(1.,0.,0.));
#2766=DIRECTION('center_axis',(0.,-1.,0.));
#2767=DIRECTION('ref_axis',(0.,0.,-1.));
#2768=DIRECTION('',(0.,0.,1.));
#2769=DIRECTION('',(1.,0.,0.));
#2770=DIRECTION('',(0.,0.,1.));
#2771=DIRECTION('center_axis',(1.,0.,0.));
#2772=DIRECTION('ref_axis',(0.,0.,-1.));
#2773=DIRECTION('',(0.,0.,1.));
#2774=DIRECTION('',(0.,1.,0.));
#2775=DIRECTION('center_axis',(0.,-1.,0.));
#2776=DIRECTION('ref_axis',(0.,0.,-1.));
#2777=DIRECTION('',(0.,0.,1.));
#2778=DIRECTION('',(1.,0.,0.));
#2779=DIRECTION('center_axis',(1.,0.,0.));
#2780=DIRECTION('ref_axis',(0.,0.,-1.));
#2781=DIRECTION('',(0.,1.,0.));
#2782=DIRECTION('center_axis',(0.,0.,1.));
#2783=DIRECTION('ref_axis',(1.,0.,0.));
#2784=DIRECTION('center_axis',(0.,0.,1.));
#2785=DIRECTION('ref_axis',(1.,0.,0.));
#2786=DIRECTION('',(0.,1.,0.));
#2787=DIRECTION('',(1.,0.,0.));
#2788=DIRECTION('',(0.,1.,0.));
#2789=DIRECTION('center_axis',(1.,0.,0.));
#2790=DIRECTION('ref_axis',(0.,0.,-1.));
#2791=DIRECTION('',(0.,0.,1.));
#2792=DIRECTION('',(0.,1.,0.));
#2793=DIRECTION('',(0.,0.,1.));
#2794=DIRECTION('center_axis',(0.,-1.,0.));
#2795=DIRECTION('ref_axis',(0.,0.,-1.));
#2796=DIRECTION('',(0.,0.,1.));
#2797=DIRECTION('',(1.,0.,0.));
#2798=DIRECTION('center_axis',(1.,0.,0.));
#2799=DIRECTION('ref_axis',(0.,0.,-1.));
#2800=DIRECTION('',(0.,0.,1.));
#2801=DIRECTION('',(0.,1.,0.));
#2802=DIRECTION('center_axis',(0.,-1.,0.));
#2803=DIRECTION('ref_axis',(0.,0.,-1.));
#2804=DIRECTION('',(1.,0.,0.));
#2805=DIRECTION('center_axis',(0.,0.,1.));
#2806=DIRECTION('ref_axis',(1.,0.,0.));
#2807=DIRECTION('center_axis',(0.,0.,-1.));
#2808=DIRECTION('ref_axis',(-1.,0.,0.));
#2809=DIRECTION('',(0.,1.,0.));
#2810=DIRECTION('',(0.,1.,0.));
#2811=DIRECTION('',(1.,0.,0.));
#2812=DIRECTION('center_axis',(1.,0.,0.));
#2813=DIRECTION('ref_axis',(0.,0.,-1.));
#2814=DIRECTION('',(0.,1.,0.));
#2815=DIRECTION('',(0.,0.,1.));
#2816=DIRECTION('center_axis',(1.,0.,0.));
#2817=DIRECTION('ref_axis',(0.,0.,-1.));
#2818=DIRECTION('',(0.,0.,1.));
#2819=DIRECTION('',(0.,1.,0.));
#2820=DIRECTION('center_axis',(0.,-1.,0.));
#2821=DIRECTION('ref_axis',(0.,0.,-1.));
#2822=DIRECTION('',(1.,0.,0.));
#2823=DIRECTION('center_axis',(0.,0.,-1.));
#2824=DIRECTION('ref_axis',(-1.,0.,0.));
#2825=DIRECTION('center_axis',(1.229608807544E-16,0.,1.));
#2826=DIRECTION('ref_axis',(1.,0.,-1.229608807544E-16));
#2827=DIRECTION('center_axis',(0.,0.,1.));
#2828=DIRECTION('ref_axis',(1.,0.,0.));
#2829=DIRECTION('center_axis',(0.,-1.,0.));
#2830=DIRECTION('ref_axis',(0.,0.,-1.));
#2831=DIRECTION('center_axis',(0.,1.,0.));
#2832=DIRECTION('ref_axis',(0.,0.,1.));
#2833=DIRECTION('center_axis',(0.,-1.,0.));
#2834=DIRECTION('ref_axis',(0.,0.,-1.));
#2835=DIRECTION('center_axis',(0.,1.,0.));
#2836=DIRECTION('ref_axis',(0.,0.,1.));
#2837=DIRECTION('',(0.00709217850900526,0.,-0.999974850185742));
#2838=DIRECTION('',(0.999974850185742,0.,0.00709217850900526));
#2839=DIRECTION('center_axis',(0.,1.,0.));
#2840=DIRECTION('ref_axis',(-0.603115441120599,0.,0.797653912848113));
#2841=DIRECTION('center_axis',(0.,1.,0.));
#2842=DIRECTION('ref_axis',(0.764661076947515,0.,-0.644432647684354));
#2843=DIRECTION('center_axis',(0.,1.,0.));
#2844=DIRECTION('ref_axis',(0.779828265602017,0.,0.625993511282785));
#2845=DIRECTION('center_axis',(-1.06384988547759E-10,1.,-1.49873934793481E-10));
#2846=DIRECTION('ref_axis',(0.624018701463403,1.83499124812695E-10,0.781409406280682));
#2847=DIRECTION('',(-0.999974850185742,0.,-0.00709217850900526));
#2848=DIRECTION('center_axis',(0.,-1.,0.));
#2849=DIRECTION('ref_axis',(0.,0.,-1.));
#2850=DIRECTION('center_axis',(0.,-1.,0.));
#2851=DIRECTION('ref_axis',(0.,0.,-1.));
#2852=DIRECTION('',(0.334929697692339,0.,0.942243120220954));
#2853=DIRECTION('',(-0.999974850185742,0.,-0.00709217850900526));
#2854=DIRECTION('',(0.345199932452358,0.,-0.938529171967972));
#2855=DIRECTION('center_axis',(0.,-1.,0.));
#2856=DIRECTION('ref_axis',(0.,0.,-1.));
#2857=DIRECTION('center_axis',(0.,-1.,0.));
#2858=DIRECTION('ref_axis',(0.,0.,-1.));
#2859=DIRECTION('center_axis',(0.,1.,0.));
#2860=DIRECTION('ref_axis',(0.,0.,1.));
#2861=DIRECTION('center_axis',(0.,1.,0.));
#2862=DIRECTION('ref_axis',(0.781636526835379,0.,0.623734190113645));
#2863=DIRECTION('',(0.99198921691233,0.,-0.126322577276042));
#2864=DIRECTION('',(-0.00709217850900526,0.,0.999974850185742));
#2865=DIRECTION('center_axis',(0.,1.,0.));
#2866=DIRECTION('ref_axis',(0.445835174462038,0.,0.895115074843679));
#2867=DIRECTION('center_axis',(0.,1.,0.));
#2868=DIRECTION('ref_axis',(-0.601883326182696,0.,0.798584035442266));
#2869=DIRECTION('center_axis',(0.,-1.,0.));
#2870=DIRECTION('ref_axis',(0.,0.,-1.));
#2871=DIRECTION('center_axis',(0.,-1.,0.));
#2872=DIRECTION('ref_axis',(0.,0.,-1.));
#2873=DIRECTION('center_axis',(0.,1.,0.));
#2874=DIRECTION('ref_axis',(0.,0.,1.));
#2875=DIRECTION('center_axis',(0.,-1.,0.));
#2876=DIRECTION('ref_axis',(0.,0.,-1.));
#2877=DIRECTION('center_axis',(0.,1.,0.));
#2878=DIRECTION('ref_axis',(0.,0.,1.));
#2879=DIRECTION('',(0.00709217850900526,0.,-0.999974850185742));
#2880=DIRECTION('',(0.999974850185742,0.,0.00709217850900526));
#2881=DIRECTION('center_axis',(0.,1.,0.));
#2882=DIRECTION('ref_axis',(-0.603115441181535,0.,0.797653912802039));
#2883=DIRECTION('center_axis',(0.,1.,0.));
#2884=DIRECTION('ref_axis',(0.764661077167572,0.,-0.644432647423242));
#2885=DIRECTION('center_axis',(0.,1.,0.));
#2886=DIRECTION('ref_axis',(0.779828265799225,0.,0.625993511037114));
#2887=DIRECTION('center_axis',(-1.06384988546891E-10,1.,-1.49873934783974E-10));
#2888=DIRECTION('ref_axis',(0.62401870111735,1.83499124809328E-10,0.781409406557034));
#2889=DIRECTION('',(-0.999974850185742,0.,-0.00709217850900526));
#2890=DIRECTION('center_axis',(0.,-1.,0.));
#2891=DIRECTION('ref_axis',(0.,0.,-1.));
#2892=DIRECTION('center_axis',(0.,-1.,0.));
#2893=DIRECTION('ref_axis',(0.,0.,-1.));
#2894=DIRECTION('',(0.334929697701276,0.,0.942243120217777));
#2895=DIRECTION('',(-0.999974850185742,0.,-0.00709217850900526));
#2896=DIRECTION('',(0.345199932434235,0.,-0.938529171974638));
#2897=DIRECTION('center_axis',(0.,-1.,0.));
#2898=DIRECTION('ref_axis',(0.,0.,-1.));
#2899=DIRECTION('center_axis',(0.,-1.,0.));
#2900=DIRECTION('ref_axis',(0.,0.,-1.));
#2901=DIRECTION('center_axis',(0.,-1.,0.));
#2902=DIRECTION('ref_axis',(0.,0.,-1.));
#2903=DIRECTION('',(0.,0.,1.));
#2904=DIRECTION('',(1.,0.,0.));
#2905=DIRECTION('',(0.,0.,1.));
#2906=DIRECTION('',(1.,0.,0.));
#2907=CARTESIAN_POINT('',(0.,0.,0.));
#2908=CARTESIAN_POINT('',(0.,0.,0.));
#2909=CARTESIAN_POINT('',(0.,0.,0.));
#2910=CARTESIAN_POINT('Origin',(1.791290545845E-17,0.,0.19));
#2911=CARTESIAN_POINT('',(0.149999999999,-1.83697019870878E-17,0.189999999999));
#2912=CARTESIAN_POINT('Origin',(1.791290545845E-17,0.,0.189999999999));
#2913=CARTESIAN_POINT('',(0.349999999999,-4.28626379700349E-17,-0.00999999999900001));
#2914=CARTESIAN_POINT('Origin',(0.349999999999,-4.28626379700349E-17,0.19));
#2915=CARTESIAN_POINT('Origin',(1.791290545845E-17,0.,-0.009999999999));
#2916=CARTESIAN_POINT('Origin',(0.,0.,0.));
#2917=CARTESIAN_POINT('',(-0.149999999999,0.,0.999999999999));
#2918=CARTESIAN_POINT('',(0.149999999999,-1.83697019870878E-17,0.999999999999));
#2919=CARTESIAN_POINT('Origin',(9.427844978134E-17,0.,0.999999999999));
#2920=CARTESIAN_POINT('Origin',(9.427844978134E-17,0.,0.999999999999));
#2921=CARTESIAN_POINT('',(0.149999999999,-1.83697019870878E-17,-1.41417674671067E-17));
#2922=CARTESIAN_POINT('Origin',(1.224646799147E-16,0.,0.999999999999));
#2923=CARTESIAN_POINT('',(1.13279828921156E-16,-1.12481983698889E-33,1.149999999998));
#2924=CARTESIAN_POINT('Origin',(1.224646799147E-16,0.,0.999999999999));
#2925=CARTESIAN_POINT('Origin',(7.960204194457E-17,0.,1.));
#2926=CARTESIAN_POINT('',(0.25,3.061616997868E-17,1.));
#2927=CARTESIAN_POINT('',(-0.25,-3.06161699786838E-17,1.));
#2928=CARTESIAN_POINT('Origin',(7.992457249038E-17,0.,1.));
#2929=CARTESIAN_POINT('Origin',(7.992457249038E-17,0.,1.));
#2930=CARTESIAN_POINT('',(6.42939569552281E-17,-1.87469972832732E-33,1.25));
#2931=CARTESIAN_POINT('Origin',(7.960204194457E-17,0.,1.));
#2932=CARTESIAN_POINT('Origin',(0.,0.,0.349999999999));
#2933=CARTESIAN_POINT('',(0.25,-3.06161699786838E-17,0.349999999999));
#2934=CARTESIAN_POINT('Origin',(0.,0.,0.349999999999));
#2935=CARTESIAN_POINT('',(0.25,-3.06161699786838E-17,0.349999999999));
#2936=CARTESIAN_POINT('Origin',(1.008279222186E-16,0.,1.169999999999));
#2937=CARTESIAN_POINT('',(1.,-1.22464679914735E-16,1.169999999999));
#2938=CARTESIAN_POINT('Origin',(1.008279222186E-16,0.,1.169999999999));
#2939=CARTESIAN_POINT('',(0.919999999999536,-1.126675055215E-16,1.24999999999954));
#2940=CARTESIAN_POINT('',(1.,-1.22464679914735E-16,1.169999999999));
#2941=CARTESIAN_POINT('Origin',(1.10664792679E-16,0.,1.249999999999));
#2942=CARTESIAN_POINT('Origin',(0.,0.,0.349999999999));
#2943=CARTESIAN_POINT('',(-1.,1.224646799147E-16,0.769999999999));
#2944=CARTESIAN_POINT('',(1.,-1.22464679914735E-16,0.769999999999));
#2945=CARTESIAN_POINT('Origin',(5.164356991686E-17,0.,0.769999999999));
#2946=CARTESIAN_POINT('Origin',(5.164356991686E-17,0.,0.769999999999));
#2947=CARTESIAN_POINT('',(1.,-1.22464679914735E-16,0.349999999999));
#2948=CARTESIAN_POINT('Origin',(4.180669945651E-17,0.,0.689999999999));
#2949=CARTESIAN_POINT('',(-0.919999999999,-1.12667505521434E-16,0.689999999999));
#2950=CARTESIAN_POINT('',(-0.919999999999,-1.12667505521434E-16,0.689999999999));
#2951=CARTESIAN_POINT('',(0.919999999999,1.126675055215E-16,0.689999999999));
#2952=CARTESIAN_POINT('Origin',(4.180669945651E-17,0.,0.689999999999));
#2953=CARTESIAN_POINT('Origin',(4.180669945651E-17,0.,0.689999999999));
#2954=CARTESIAN_POINT('Origin',(0.,0.,0.349999999999));
#2955=CARTESIAN_POINT('',(0.92,-1.12667505521557E-16,0.479999999999));
#2956=CARTESIAN_POINT('Origin',(1.598491449807E-17,0.,0.479999999999));
#2957=CARTESIAN_POINT('',(0.92,-1.12667505521557E-16,0.349999999999));
#2958=CARTESIAN_POINT('Origin',(6.148044037722E-18,0.,0.399999999999));
#2959=CARTESIAN_POINT('',(1.,-1.22464679914735E-16,0.399999999999));
#2960=CARTESIAN_POINT('Origin',(6.148044037722E-18,0.,0.399999999999));
#2961=CARTESIAN_POINT('',(1.,-1.22464679914735E-16,0.399999999999));
#2962=CARTESIAN_POINT('Origin',(0.,0.,0.349999999999));
#2963=CARTESIAN_POINT('',(1.,-1.22464679914735E-16,0.349999999999));
#2964=CARTESIAN_POINT('Origin',(0.,0.,0.349999999999));
#2965=CARTESIAN_POINT('',(1.,-1.22464679914735E-16,0.349999999999));
#2966=CARTESIAN_POINT('Origin',(0.,0.,0.349999999999));
#2967=CARTESIAN_POINT('',(-0.819999999999,1.034826545279E-16,1.199999999999));
#2968=CARTESIAN_POINT('',(0.819999999999,-1.0042103752996E-16,1.199999999999));
#2969=CARTESIAN_POINT('Origin',(1.045167486412E-16,0.,1.199999999999));
#2970=CARTESIAN_POINT('Origin',(1.045167486412E-16,0.,1.199999999999));
#2971=CARTESIAN_POINT('',(0.819999999999,-1.0042103752996E-16,0.349999999999));
#2972=CARTESIAN_POINT('',(0.819999999999,-1.0042103752996E-16,0.349999999999));
#2973=CARTESIAN_POINT('Origin',(0.,0.,0.349999999999));
#2974=CARTESIAN_POINT('Origin',(1.10664792679E-16,0.,1.249999999999));
#2975=CARTESIAN_POINT('',(-0.869999999999,-1.06544271525697E-16,1.249999999999));
#2976=CARTESIAN_POINT('',(-0.869999999999,-1.06544271525697E-16,1.249999999999));
#2977=CARTESIAN_POINT('Origin',(1.10664792679E-16,0.,1.249999999999));
#2978=CARTESIAN_POINT('Origin',(0.,0.,-0.01));
#2979=CARTESIAN_POINT('',(0.3,0.264575131106,-0.01));
#2980=CARTESIAN_POINT('',(-0.299999999999,0.264575131106,-0.01));
#2981=CARTESIAN_POINT('Origin',(0.,0.,-0.01));
#2982=CARTESIAN_POINT('',(0.3,0.264575131106,0.));
#2983=CARTESIAN_POINT('',(0.299999999999,0.264575131106,-0.01));
#2984=CARTESIAN_POINT('',(-0.299999999999,0.264575131106,0.));
#2985=CARTESIAN_POINT('Origin',(0.,0.,0.));
#2986=CARTESIAN_POINT('',(-0.299999999999,0.264575131106,-0.01));
#2987=CARTESIAN_POINT('Origin',(-1.3,1.3,0.349999999999));
#2988=CARTESIAN_POINT('',(1.099999999999,1.3,0.));
#2989=CARTESIAN_POINT('',(0.299999999999,1.3,0.));
#2990=CARTESIAN_POINT('',(-1.3,1.3,0.));
#2991=CARTESIAN_POINT('',(0.299999999999,1.3,0.125));
#2992=CARTESIAN_POINT('',(0.299999999999,1.3,0.349999999999));
#2993=CARTESIAN_POINT('',(-0.299999999999,1.3,0.125));
#2994=CARTESIAN_POINT('',(-1.3,1.3,0.125));
#2995=CARTESIAN_POINT('',(-0.299999999999,1.3,0.));
#2996=CARTESIAN_POINT('',(-0.299999999999,1.3,0.349999999999));
#2997=CARTESIAN_POINT('',(-1.099999999999,1.3,0.));
#2998=CARTESIAN_POINT('',(-1.3,1.3,0.));
#2999=CARTESIAN_POINT('',(-1.099999999999,1.3,0.349999999999));
#3000=CARTESIAN_POINT('',(-1.099999999999,1.3,0.349999999999));
#3001=CARTESIAN_POINT('',(1.099999999999,1.3,0.349999999999));
#3002=CARTESIAN_POINT('',(-1.3,1.3,0.349999999999));
#3003=CARTESIAN_POINT('',(1.099999999999,1.3,0.349999999999));
#3004=CARTESIAN_POINT('',(-0.753314019703875,1.3,0.189639235820994));
#3005=CARTESIAN_POINT('',(-0.753363352759005,1.30004999971775,0.196595041339731));
#3006=CARTESIAN_POINT('',(-0.753363352759,1.3,0.196595041339));
#3007=CARTESIAN_POINT('',(-0.721139520186,1.30005,0.189867428854012));
#3008=CARTESIAN_POINT('',(-0.753314019703,1.3,0.189639235821));
#3009=CARTESIAN_POINT('',(-0.721572235234572,1.3001,0.250878888917996));
#3010=CARTESIAN_POINT('',(-0.721139520186,1.3001,0.189867428854));
#3011=CARTESIAN_POINT('',(-0.729448203366002,1.3001,0.250823029741229));
#3012=CARTESIAN_POINT('',(-0.721572235234,1.3001,0.250878888918));
#3013=CARTESIAN_POINT('',(-0.72906482137256,1.3001,0.196767375196003));
#3014=CARTESIAN_POINT('',(-0.729448203366,1.3001,0.250823029741));
#3015=CARTESIAN_POINT('',(-0.729064821373,1.3001,0.196767375196));
#3016=CARTESIAN_POINT('',(-0.846515575260868,1.3,0.188978217127001));
#3017=CARTESIAN_POINT('',(-0.846564908315995,1.30004999971775,0.195934022645278));
#3018=CARTESIAN_POINT('',(-0.846564908316,1.3,0.195934022646));
#3019=CARTESIAN_POINT('',(-0.813701640706999,1.30005,0.189210945261755));
#3020=CARTESIAN_POINT('',(-0.846515575261,1.3,0.188978217127));
#3021=CARTESIAN_POINT('',(-0.814134355755565,1.3001,0.250222405325003));
#3022=CARTESIAN_POINT('',(-0.813701640707,1.3001,0.189210945262));
#3023=CARTESIAN_POINT('',(-0.845560248400994,1.3001,0.249999521679075));
#3024=CARTESIAN_POINT('',(-0.814134355756,1.3001,0.250222405325));
#3025=CARTESIAN_POINT('',(-0.845510472896943,1.3001,0.242981332255));
#3026=CARTESIAN_POINT('',(-0.845560248401,1.3001,0.24999952168));
#3027=CARTESIAN_POINT('',(-0.821960548384001,1.3001,0.243148356724154));
#3028=CARTESIAN_POINT('',(-0.845510472897,1.3001,0.242981332255));
#3029=CARTESIAN_POINT('',(-0.821822061870498,1.3001,0.223622194146996));
#3030=CARTESIAN_POINT('',(-0.821960548384,1.3001,0.243148356724));
#3031=CARTESIAN_POINT('',(-0.843640832991996,1.3001,0.22346744763551));
#3032=CARTESIAN_POINT('',(-0.82182206187,1.3001,0.223622194147));
#3033=CARTESIAN_POINT('',(-0.843591278712406,1.3001,0.216480450164004));
#3034=CARTESIAN_POINT('',(-0.843640832992,1.3001,0.223467447636));
#3035=CARTESIAN_POINT('',(-0.821772507590996,1.3001,0.21663519667549));
#3036=CARTESIAN_POINT('',(-0.843591278713,1.3001,0.216480450164));
#3037=CARTESIAN_POINT('',(-0.821626941894699,1.3001,0.196110891603002));
#3038=CARTESIAN_POINT('',(-0.821772507591,1.3001,0.216635196676));
#3039=CARTESIAN_POINT('',(-0.821626941895,1.3001,0.196110891603));
#3040=CARTESIAN_POINT('',(-0.858041001893999,1.3000000000005,0.188896474687804));
#3041=CARTESIAN_POINT('',(-0.874822272607,1.30004999971725,0.188777455927));
#3042=CARTESIAN_POINT('',(-0.874822272607,1.3,0.188777455927));
#3043=CARTESIAN_POINT('',(-0.858473716942786,1.3000500000005,0.249907934752001));
#3044=CARTESIAN_POINT('',(-0.858041001894,1.3,0.188896474688));
#3045=CARTESIAN_POINT('',(-0.875878826715999,1.3001,0.249784491501946));
#3046=CARTESIAN_POINT('',(-0.858473716943,1.3001,0.249907934752));
#3047=CARTESIAN_POINT('',(-0.898887978822,1.3000999999995,0.241542180186));
#3048=CARTESIAN_POINT('Ctrl Pts',(-0.898887978822,1.300099999999,0.241542180186));
#3049=CARTESIAN_POINT('Ctrl Pts',(-0.89279703189,1.300099999999,0.246981858661));
#3050=CARTESIAN_POINT('Ctrl Pts',(-0.885127240779,1.300099999999,0.249718898449));
#3051=CARTESIAN_POINT('Ctrl Pts',(-0.875878826716,1.3001,0.249784491502));
#3052=CARTESIAN_POINT('',(-0.907936075179,1.300099999999,0.219829703589));
#3053=CARTESIAN_POINT('Ctrl Pts',(-0.907936075179,1.300099999999,0.219829703589));
#3054=CARTESIAN_POINT('Ctrl Pts',(-0.908000230273,1.300099999999,0.228875369958));
#3055=CARTESIAN_POINT('Ctrl Pts',(-0.904978925754,1.300099999999,0.23610250171));
#3056=CARTESIAN_POINT('Ctrl Pts',(-0.898887978822,1.300099999999,0.241542180186));
#3057=CARTESIAN_POINT('',(-0.898573176412001,1.30010000005399,0.197156031069));
#3058=CARTESIAN_POINT('Origin',(5.93763816415487,1.300099999999,4.43857261900563));
#3059=CARTESIAN_POINT('Origin',(2.39580828269139,1.300099999999,5.53432912197946));
#3060=CARTESIAN_POINT('',(-0.965996351220124,1.3000000000005,0.188130816823046));
#3061=CARTESIAN_POINT('',(-0.943191061285001,1.30004999971725,0.249307089112137));
#3062=CARTESIAN_POINT('',(-0.943191061285,1.3,0.249307089112));
#3063=CARTESIAN_POINT('',(-0.957293796333997,1.3000500000005,0.188192538448512));
#3064=CARTESIAN_POINT('',(-0.96599635122,1.3,0.188130816823));
#3065=CARTESIAN_POINT('',(-0.951189356798421,1.3001,0.204924367583154));
#3066=CARTESIAN_POINT('',(-0.957293796334,1.3001,0.188192538449));
#3067=CARTESIAN_POINT('',(-0.925783511081005,1.3001,0.205104554907675));
#3068=CARTESIAN_POINT('',(-0.951189356798,1.3001,0.204924367583));
#3069=CARTESIAN_POINT('',(-0.919801068830014,1.3001,0.188458450251995));
#3070=CARTESIAN_POINT('',(-0.925783511081,1.3001,0.205104554907));
#3071=CARTESIAN_POINT('',(-0.911098513944,1.3001,0.188520171877023));
#3072=CARTESIAN_POINT('',(-0.91980106883,1.3001,0.188458450252));
#3073=CARTESIAN_POINT('',(-0.93476923397602,1.3001,0.249366819716992));
#3074=CARTESIAN_POINT('',(-0.911098513944,1.3001,0.188520171877));
#3075=CARTESIAN_POINT('',(-0.934769233976,1.3001,0.249366819717));
#3076=CARTESIAN_POINT('',(-0.81855750539,1.299999999999,0.097592325142));
#3077=CARTESIAN_POINT('',(-0.806017013633999,1.30004999971725,0.101892392255));
#3078=CARTESIAN_POINT('Ctrl Pts',(-0.81855750539,1.299999999999,0.097592325142));
#3079=CARTESIAN_POINT('Ctrl Pts',(-0.814065864158,1.299999999999,0.097624181465));
#3080=CARTESIAN_POINT('Ctrl Pts',(-0.809896097557,1.299999999999,0.099057463427));
#3081=CARTESIAN_POINT('Ctrl Pts',(-0.806017013634,1.3,0.101892392255));
#3082=CARTESIAN_POINT('',(-0.827613791229,1.30004999967241,0.103423670389));
#3083=CARTESIAN_POINT('Origin',(1.76784250892003,1.30000000043251,1.82127765874343));
#3084=CARTESIAN_POINT('',(-0.825678121044,1.300099999999,0.107586137279));
#3085=CARTESIAN_POINT('Ctrl Pts',(-0.825678121044,1.300099999999,0.107586137279));
#3086=CARTESIAN_POINT('Ctrl Pts',(-0.826980440214,1.300099999999,0.106485127496));
#3087=CARTESIAN_POINT('Ctrl Pts',(-0.82762573735,1.300099999999,0.105108035851));
#3088=CARTESIAN_POINT('Ctrl Pts',(-0.827613791229,1.300099999999,0.103423670389));
#3089=CARTESIAN_POINT('',(-0.817705038158,1.300099999999,0.111541875478));
#3090=CARTESIAN_POINT('Ctrl Pts',(-0.817705038158,1.300099999999,0.111541875478));
#3091=CARTESIAN_POINT('Ctrl Pts',(-0.821718181321,1.300099999999,0.110016123779));
#3092=CARTESIAN_POINT('Ctrl Pts',(-0.824375801874,1.300099999999,0.108687147061));
#3093=CARTESIAN_POINT('Ctrl Pts',(-0.825678121044,1.300099999999,0.107586137279));
#3094=CARTESIAN_POINT('',(-0.808341590855,1.30010000090125,0.117379085958));
#3095=CARTESIAN_POINT('Origin',(-1.04660073323469,1.300099999999,0.110756784747946));
#3096=CARTESIAN_POINT('',(-0.806222640727,1.30010000019475,0.124287882671));
#3097=CARTESIAN_POINT('Origin',(-1.00327043183842,1.300099999999,0.228034992159761));
#3098=CARTESIAN_POINT('',(-0.811185702238,1.300099999999,0.133548352423));
#3099=CARTESIAN_POINT('Ctrl Pts',(-0.811185702238,1.300099999999,0.133548352423));
#3100=CARTESIAN_POINT('Ctrl Pts',(-0.807909551315,1.300099999999,0.131232073905));
#3101=CARTESIAN_POINT('Ctrl Pts',(-0.806250072561,1.300099999999,0.128155684842));
#3102=CARTESIAN_POINT('Ctrl Pts',(-0.806222640727,1.300099999999,0.124287882671));
#3103=CARTESIAN_POINT('',(-0.823281543963,1.300099999999,0.13692504534));
#3104=CARTESIAN_POINT('Ctrl Pts',(-0.823281543963,1.300099999999,0.13692504534));
#3105=CARTESIAN_POINT('Ctrl Pts',(-0.818509175155,1.300099999999,0.136958892682));
#3106=CARTESIAN_POINT('Ctrl Pts',(-0.814477227913,1.300099999999,0.135833328377));
#3107=CARTESIAN_POINT('Ctrl Pts',(-0.811185702238,1.300099999999,0.133548352423));
#3108=CARTESIAN_POINT('',(-0.833592364489,1.3001,0.134917918956));
#3109=CARTESIAN_POINT('Ctrl Pts',(-0.833592364489,1.3001,0.134917918956));
#3110=CARTESIAN_POINT('Ctrl Pts',(-0.830420076711,1.300099999999,0.136250545878));
#3111=CARTESIAN_POINT('Ctrl Pts',(-0.82699338637,1.300099999999,0.136898719628));
#3112=CARTESIAN_POINT('Ctrl Pts',(-0.823281543963,1.300099999999,0.13692504534));
#3113=CARTESIAN_POINT('',(-0.833539713066938,1.3001,0.127494234143));
#3114=CARTESIAN_POINT('',(-0.833592364489,1.3001,0.134917918956));
#3115=CARTESIAN_POINT('',(-0.822488913423,1.300099999999,0.13072315608));
#3116=CARTESIAN_POINT('Ctrl Pts',(-0.822488913423,1.300099999999,0.13072315608));
#3117=CARTESIAN_POINT('Ctrl Pts',(-0.826621847196,1.300099999999,0.130693843839));
#3118=CARTESIAN_POINT('Ctrl Pts',(-0.830294976018,1.300099999999,0.12960721295));
#3119=CARTESIAN_POINT('Ctrl Pts',(-0.833539713067,1.300099999999,0.127494234143));
#3120=CARTESIAN_POINT('',(-0.816457362823,1.300099999999,0.129143870845));
#3121=CARTESIAN_POINT('Ctrl Pts',(-0.816457362823,1.300099999999,0.129143870845));
#3122=CARTESIAN_POINT('Ctrl Pts',(-0.818009107352,1.300099999999,0.130224638589));
#3123=CARTESIAN_POINT('Ctrl Pts',(-0.820024749137,1.300099999999,0.130740632813));
#3124=CARTESIAN_POINT('Ctrl Pts',(-0.822488913423,1.300099999999,0.13072315608));
#3125=CARTESIAN_POINT('',(-0.814103475798,1.30010000473743,0.12491824646));
#3126=CARTESIAN_POINT('Origin',(-0.858803817982972,1.300099999999,0.10699339986359));
#3127=CARTESIAN_POINT('',(-0.815743486103,1.300099999999,0.120851457062));
#3128=CARTESIAN_POINT('Ctrl Pts',(-0.815743486103,1.300099999999,0.120851457062));
#3129=CARTESIAN_POINT('Ctrl Pts',(-0.81464302973,1.300099999999,0.121826261073));
#3130=CARTESIAN_POINT('Ctrl Pts',(-0.814091087228,1.300099999999,0.123171497092));
#3131=CARTESIAN_POINT('Ctrl Pts',(-0.814103475798,1.300099999999,0.12491824646));
#3132=CARTESIAN_POINT('',(-0.823140623981,1.30010000003258,0.11705577128));
#3133=CARTESIAN_POINT('Origin',(-1.25178810614133,1.300099999999,0.0378119232557531));
#3134=CARTESIAN_POINT('',(-0.8329572395,1.30010000261352,0.111340120857));
#3135=CARTESIAN_POINT('Origin',(-0.709818847540679,1.300099999999,0.108199065032583));
#3136=CARTESIAN_POINT('',(-0.835463876795,1.30010000003344,0.104116639308));
#3137=CARTESIAN_POINT('Origin',(-0.180157958607254,1.300099999999,-0.240685178257948));
#3138=CARTESIAN_POINT('',(-0.830484334411,1.3001000008981,0.094731512356));
#3139=CARTESIAN_POINT('Origin',(-0.363075904346727,1.300099999999,0.351329358569368));
#3140=CARTESIAN_POINT('',(-0.817764653625,1.30010000029189,0.091359243929));
#3141=CARTESIAN_POINT('Origin',(-0.462974546254794,1.300099999999,0.528011365187987));
#3142=CARTESIAN_POINT('',(-0.805961043845,1.30010000000817,0.0940008281470001));
#3143=CARTESIAN_POINT('Origin',(-1.62194074831495,1.30010000076064,1.37482644264059));
#3144=CARTESIAN_POINT('',(-0.805961043845,1.3001,0.094000828147));
#3145=CARTESIAN_POINT('',(-0.922233804622875,1.3,0.0916476976540009));
#3146=CARTESIAN_POINT('',(-0.922283137678002,1.30004999971775,0.0986035031722591));
#3147=CARTESIAN_POINT('',(-0.922283137678,1.3,0.098603503172));
#3148=CARTESIAN_POINT('',(-0.889419870069002,1.30005,0.0918804257882545));
#3149=CARTESIAN_POINT('',(-0.922233804623,1.3,0.091647697654));
#3150=CARTESIAN_POINT('',(-0.889852585117572,1.3001,0.152891885851996));
#3151=CARTESIAN_POINT('',(-0.889419870069,1.3001,0.091880425788));
#3152=CARTESIAN_POINT('',(-0.921278477763001,1.3001,0.152669002206067));
#3153=CARTESIAN_POINT('',(-0.889852585117,1.3001,0.152891885852));
#3154=CARTESIAN_POINT('',(-0.92122870225895,1.3001,0.145650812782));
#3155=CARTESIAN_POINT('',(-0.921278477763,1.3001,0.152669002206));
#3156=CARTESIAN_POINT('',(-0.897678777746001,1.3001,0.145817837251154));
#3157=CARTESIAN_POINT('',(-0.921228702259,1.3001,0.145650812782));
#3158=CARTESIAN_POINT('',(-0.897540291232498,1.3001,0.126291674673996));
#3159=CARTESIAN_POINT('',(-0.897678777746,1.3001,0.145817837251));
#3160=CARTESIAN_POINT('',(-0.919359062354004,1.3001,0.12613692816251));
#3161=CARTESIAN_POINT('',(-0.897540291232,1.3001,0.126291674674));
#3162=CARTESIAN_POINT('',(-0.919309508074413,1.3001,0.119149930690997));
#3163=CARTESIAN_POINT('',(-0.919359062354,1.3001,0.126136928162));
#3164=CARTESIAN_POINT('',(-0.897490736952004,1.3001,0.11930467720249));
#3165=CARTESIAN_POINT('',(-0.919309508074,1.3001,0.119149930691));
#3166=CARTESIAN_POINT('',(-0.897345171255706,1.3001,0.0987803721300021));
#3167=CARTESIAN_POINT('',(-0.897490736952,1.3001,0.119304677202));
#3168=CARTESIAN_POINT('',(-0.897345171256,1.3001,0.09878037213));
#3169=CARTESIAN_POINT('',(-0.933759231255999,1.3000000000005,0.0915659552148043));
#3170=CARTESIAN_POINT('',(-0.950540501969,1.30004999971725,0.091446936454));
#3171=CARTESIAN_POINT('',(-0.950540501969,1.3,0.091446936454));
#3172=CARTESIAN_POINT('',(-0.934191946304286,1.3000500000005,0.152577415278998));
#3173=CARTESIAN_POINT('',(-0.933759231256,1.3,0.091565955215));
#3174=CARTESIAN_POINT('',(-0.951597056077,1.3001,0.152453972028946));
#3175=CARTESIAN_POINT('',(-0.934191946304,1.3001,0.152577415279));
#3176=CARTESIAN_POINT('',(-0.974606208183,1.3000999999995,0.144211660712));
#3177=CARTESIAN_POINT('Ctrl Pts',(-0.974606208183,1.300099999999,0.144211660712));
#3178=CARTESIAN_POINT('Ctrl Pts',(-0.968515261251,1.300099999999,0.149651339187));
#3179=CARTESIAN_POINT('Ctrl Pts',(-0.960845470141,1.300099999999,0.152388378975));
#3180=CARTESIAN_POINT('Ctrl Pts',(-0.951597056077,1.3001,0.152453972029));
#3181=CARTESIAN_POINT('',(-0.983654304541,1.300099999999,0.122499184115));
#3182=CARTESIAN_POINT('Ctrl Pts',(-0.983654304541,1.300099999999,0.122499184115));
#3183=CARTESIAN_POINT('Ctrl Pts',(-0.983718459635,1.300099999999,0.131544850484));
#3184=CARTESIAN_POINT('Ctrl Pts',(-0.980697155115,1.300099999999,0.138771982237));
#3185=CARTESIAN_POINT('Ctrl Pts',(-0.974606208183,1.300099999999,0.144211660712));
#3186=CARTESIAN_POINT('',(-0.974291405773001,1.30010000005399,0.0998255115959996));
#3187=CARTESIAN_POINT('Origin',(5.8619218230436,1.300099999999,4.34124326660844));
#3188=CARTESIAN_POINT('Origin',(2.32009030068705,1.300099999999,5.4369990027733));
#3189=CARTESIAN_POINT('',(-1.04171458058162,1.3,0.0908002973502294));
#3190=CARTESIAN_POINT('',(-1.01890929064699,1.30004999971775,0.151976569638142));
#3191=CARTESIAN_POINT('',(-1.018909290647,1.3,0.151976569639));
#3192=CARTESIAN_POINT('',(-1.033012025695,1.30005,0.0908620189750117));
#3193=CARTESIAN_POINT('',(-1.041714580581,1.3,0.09080029735));
#3194=CARTESIAN_POINT('',(-1.02690758615891,1.3001,0.107593848108967));
#3195=CARTESIAN_POINT('',(-1.033012025695,1.3001,0.090862018975));
#3196=CARTESIAN_POINT('',(-1.001501740442,1.3001,0.107774035433675));
#3197=CARTESIAN_POINT('',(-1.026907586159,1.3001,0.107593848109));
#3198=CARTESIAN_POINT('',(-0.995519298190888,1.3001,0.0911279307790404));
#3199=CARTESIAN_POINT('',(-1.001501740442,1.3001,0.107774035434));
#3200=CARTESIAN_POINT('',(-0.986816743305,1.3001,0.0911896524040233));
#3201=CARTESIAN_POINT('',(-0.995519298191,1.3001,0.091127930779));
#3202=CARTESIAN_POINT('',(-1.01048746333707,1.3001,0.152036300242974));
#3203=CARTESIAN_POINT('',(-0.986816743305,1.3001,0.091189652404));
#3204=CARTESIAN_POINT('',(-1.010487463337,1.3001,0.152036300243));
#3205=CARTESIAN_POINT('',(-0.670915075925,1.29999999996993,0.153951520001));
#3206=CARTESIAN_POINT('',(-0.628373376187,1.30004999971725,0.21108195106));
#3207=CARTESIAN_POINT('Ctrl Pts',(-0.670915075925,1.3,0.153951520001));
#3208=CARTESIAN_POINT('Ctrl Pts',(-0.670854050668336,1.3,0.160326290104484));
#3209=CARTESIAN_POINT('Ctrl Pts',(-0.669749096370991,1.3,0.166624967535333));
#3210=CARTESIAN_POINT('Ctrl Pts',(-0.665617461130963,1.3,0.178553787643038));
#3211=CARTESIAN_POINT('Ctrl Pts',(-0.662653978192348,1.3,0.184113433782573));
#3212=CARTESIAN_POINT('Ctrl Pts',(-0.655140190709163,1.3,0.194201211063209));
#3213=CARTESIAN_POINT('Ctrl Pts',(-0.650598749580641,1.3,0.198680886226013));
#3214=CARTESIAN_POINT('Ctrl Pts',(-0.640262511199132,1.3,0.206160811999497));
#3215=CARTESIAN_POINT('Ctrl Pts',(-0.634496654846878,1.3,0.20910041739663));
#3216=CARTESIAN_POINT('Ctrl Pts',(-0.628373376187,1.3,0.21108195106));
#3217=CARTESIAN_POINT('',(-0.654572745513,1.3000536687565,0.112855754814));
#3218=CARTESIAN_POINT('Ctrl Pts',(-0.654572745513,1.3,0.112855754814));
#3219=CARTESIAN_POINT('Ctrl Pts',(-0.659748776773851,1.3,0.118383929842096));
#3220=CARTESIAN_POINT('Ctrl Pts',(-0.663827477091808,1.3,0.124829549473916));
#3221=CARTESIAN_POINT('Ctrl Pts',(-0.669407585612325,1.3,0.138893025907811));
#3222=CARTESIAN_POINT('Ctrl Pts',(-0.670861411736133,1.3,0.14638503826165));
#3223=CARTESIAN_POINT('Ctrl Pts',(-0.670915075925,1.3,0.153951520001));
#3224=CARTESIAN_POINT('',(-0.614959849987,1.3001,0.093615385846));
#3225=CARTESIAN_POINT('Origin',(-0.605976020839871,1.30010000000582,0.167266208899768));
#3226=CARTESIAN_POINT('',(-0.58936653068,1.3001,0.0937969028));
#3227=CARTESIAN_POINT('',(-0.58936653068,1.3001,0.0937969028));
#3228=CARTESIAN_POINT('',(-0.576882125369,1.30010000000771,0.10733345894));
#3229=CARTESIAN_POINT('Ctrl Pts',(-0.576882125369,1.300099999999,0.10733345894));
#3230=CARTESIAN_POINT('Ctrl Pts',(-0.576869995896397,1.300099999999,0.105623241478726));
#3231=CARTESIAN_POINT('Ctrl Pts',(-0.577200963377688,1.300099999999,0.103935656711986));
#3232=CARTESIAN_POINT('Ctrl Pts',(-0.57846563499884,1.300099999999,0.100796523689312));
#3233=CARTESIAN_POINT('Ctrl Pts',(-0.57937863265746,1.300099999999,0.0993642957493343));
#3234=CARTESIAN_POINT('Ctrl Pts',(-0.581646654008412,1.300099999999,0.0969047967806797));
#3235=CARTESIAN_POINT('Ctrl Pts',(-0.582994548975579,1.300099999999,0.0958822228696124));
#3236=CARTESIAN_POINT('Ctrl Pts',(-0.586013623056299,1.300099999999,0.0943753706767261));
#3237=CARTESIAN_POINT('Ctrl Pts',(-0.587664539450501,1.300099999999,0.0939153991308823));
#3238=CARTESIAN_POINT('Ctrl Pts',(-0.58936653068,1.300099999999,0.0937969028));
#3239=CARTESIAN_POINT('',(-0.590424834535,1.30010000001435,0.120685421496));
#3240=CARTESIAN_POINT('Ctrl Pts',(-0.590424834535,1.300099999999,0.120685421496));
#3241=CARTESIAN_POINT('Ctrl Pts',(-0.588682240456775,1.300099999999,0.120697780595084));
#3242=CARTESIAN_POINT('Ctrl Pts',(-0.586967542893586,1.300099999999,0.120370809025158));
#3243=CARTESIAN_POINT('Ctrl Pts',(-0.58369414949753,1.300099999999,0.11904934762835));
#3244=CARTESIAN_POINT('Ctrl Pts',(-0.582181984040104,1.300099999999,0.118050755610871));
#3245=CARTESIAN_POINT('Ctrl Pts',(-0.579633438069072,1.300099999999,0.115538103318749));
#3246=CARTESIAN_POINT('Ctrl Pts',(-0.578613499359993,1.300099999999,0.114040253628422));
#3247=CARTESIAN_POINT('Ctrl Pts',(-0.577245743945665,1.300099999999,0.110785935489189));
#3248=CARTESIAN_POINT('Ctrl Pts',(-0.576894484449326,1.300099999999,0.109076050361254));
#3249=CARTESIAN_POINT('Ctrl Pts',(-0.576882125369,1.300099999999,0.10733345894));
#3250=CARTESIAN_POINT('',(-0.593024462851,1.3001,0.120233183562));
#3251=CARTESIAN_POINT('Ctrl Pts',(-0.593024462851,1.3001,0.120233183562));
#3252=CARTESIAN_POINT('Ctrl Pts',(-0.592156889058,1.300099999999,0.120239336705));
#3253=CARTESIAN_POINT('Ctrl Pts',(-0.591292391779,1.300099999999,0.12067926847));
#3254=CARTESIAN_POINT('Ctrl Pts',(-0.590424834535,1.300099999999,0.120685421496));
#3255=CARTESIAN_POINT('',(-0.612544798708,1.3001,0.120094738374));
#3256=CARTESIAN_POINT('',(-0.612544798708,1.3001,0.120094738374));
#3257=CARTESIAN_POINT('',(-0.644017311026,1.30010000010488,0.153708471559));
#3258=CARTESIAN_POINT('Ctrl Pts',(-0.644017311026,1.300099999999,0.153708471559));
#3259=CARTESIAN_POINT('Ctrl Pts',(-0.643986554782199,1.300099999999,0.149371937971633));
#3260=CARTESIAN_POINT('Ctrl Pts',(-0.643156776866597,1.300099999999,0.145104850968361));
#3261=CARTESIAN_POINT('Ctrl Pts',(-0.639976784100428,1.300099999999,0.137220864178869));
#3262=CARTESIAN_POINT('Ctrl Pts',(-0.637715821062656,1.300099999999,0.133673634558145));
#3263=CARTESIAN_POINT('Ctrl Pts',(-0.632032650683792,1.300099999999,0.127602649397567));
#3264=CARTESIAN_POINT('Ctrl Pts',(-0.628664178933666,1.300099999999,0.12512440466358));
#3265=CARTESIAN_POINT('Ctrl Pts',(-0.621038768541795,1.300099999999,0.121462605081185));
#3266=CARTESIAN_POINT('Ctrl Pts',(-0.616854126249287,1.300099999999,0.120379343060493));
#3267=CARTESIAN_POINT('Ctrl Pts',(-0.612544798708,1.300099999999,0.120094738374));
#3268=CARTESIAN_POINT('',(-0.610422037152,1.30010000011875,0.187783688706));
#3269=CARTESIAN_POINT('Ctrl Pts',(-0.610422037152,1.300099999999,0.187783688706));
#3270=CARTESIAN_POINT('Ctrl Pts',(-0.61485278498218,1.300099999999,0.187752264260993));
#3271=CARTESIAN_POINT('Ctrl Pts',(-0.619200373623817,1.300099999999,0.18686472238975));
#3272=CARTESIAN_POINT('Ctrl Pts',(-0.627393675559584,1.300099999999,0.183412476506255));
#3273=CARTESIAN_POINT('Ctrl Pts',(-0.631128880677109,1.300099999999,0.180871234510428));
#3274=CARTESIAN_POINT('Ctrl Pts',(-0.637399258084141,1.300099999999,0.174511278269573));
#3275=CARTESIAN_POINT('Ctrl Pts',(-0.639887264285633,1.300099999999,0.170740403928965));
#3276=CARTESIAN_POINT('Ctrl Pts',(-0.643222949083039,1.300099999999,0.162498959566291));
#3277=CARTESIAN_POINT('Ctrl Pts',(-0.644048735470769,1.300099999999,0.15813921938918));
#3278=CARTESIAN_POINT('Ctrl Pts',(-0.644017311026,1.300099999999,0.153708471559));
#3279=CARTESIAN_POINT('',(-0.606951758531,1.300099999999,0.18780830116));
#3280=CARTESIAN_POINT('',(-0.606951758531,1.300099999999,0.18780830116));
#3281=CARTESIAN_POINT('',(-0.54660639472,1.300099999999,0.242462174684));
#3282=CARTESIAN_POINT('Ctrl Pts',(-0.54660639472,1.300099999999,0.242462174684));
#3283=CARTESIAN_POINT('Ctrl Pts',(-0.577838935402,1.300099999999,0.242240662359));
#3284=CARTESIAN_POINT('Ctrl Pts',(-0.603696839092,1.300099999999,0.218197880504));
#3285=CARTESIAN_POINT('Ctrl Pts',(-0.606951758531,1.300099999999,0.18780830116));
#3286=CARTESIAN_POINT('',(-0.488183832746,1.30010000006707,0.201231073622));
#3287=CARTESIAN_POINT('Ctrl Pts',(-0.488183832746,1.300099999999,0.201231073622));
#3288=CARTESIAN_POINT('Ctrl Pts',(-0.490293613697775,1.300099999999,0.207307395436681));
#3289=CARTESIAN_POINT('Ctrl Pts',(-0.493325764776223,1.300099999999,0.213014341130169));
#3290=CARTESIAN_POINT('Ctrl Pts',(-0.50100376188557,1.300099999999,0.223223793818794));
#3291=CARTESIAN_POINT('Ctrl Pts',(-0.50558070331296,1.300099999999,0.227675603842866));
#3292=CARTESIAN_POINT('Ctrl Pts',(-0.515856817181753,1.300099999999,0.234932928663127));
#3293=CARTESIAN_POINT('Ctrl Pts',(-0.521462187523836,1.300099999999,0.237715754842275));
#3294=CARTESIAN_POINT('Ctrl Pts',(-0.533623840068602,1.300099999999,0.241564763737232));
#3295=CARTESIAN_POINT('Ctrl Pts',(-0.540080467904164,1.300099999999,0.242508458885909));
#3296=CARTESIAN_POINT('Ctrl Pts',(-0.54660639472,1.300099999999,0.242462174684));
#3297=CARTESIAN_POINT('',(-0.465239366664,1.30010108043834,0.207900909884));
#3298=CARTESIAN_POINT('Origin',(-0.473064743862663,1.300099999999,0.186020142218135));
#3299=CARTESIAN_POINT('',(-0.421553186562,1.30010000017886,0.164830041731));
#3300=CARTESIAN_POINT('Ctrl Pts',(-0.421553186562,1.300099999999,0.164830041731));
#3301=CARTESIAN_POINT('Ctrl Pts',(-0.421593288879239,1.300099999999,0.170484342247915));
#3302=CARTESIAN_POINT('Ctrl Pts',(-0.422729096220146,1.300099999999,0.176032482214416));
#3303=CARTESIAN_POINT('Ctrl Pts',(-0.427148963500692,1.300099999999,0.186533880268769));
#3304=CARTESIAN_POINT('Ctrl Pts',(-0.430421138511001,1.300099999999,0.191341610770492));
#3305=CARTESIAN_POINT('Ctrl Pts',(-0.438604681601997,1.300099999999,0.199409890136506));
#3306=CARTESIAN_POINT('Ctrl Pts',(-0.443458340987021,1.300099999999,0.202613543121682));
#3307=CARTESIAN_POINT('Ctrl Pts',(-0.454021374020662,1.300099999999,0.206884013939251));
#3308=CARTESIAN_POINT('Ctrl Pts',(-0.459585066147087,1.300099999999,0.207941012201239));
#3309=CARTESIAN_POINT('Ctrl Pts',(-0.465239366664,1.300099999999,0.207900909884));
#3310=CARTESIAN_POINT('',(-0.447297257519,1.3001000000112,0.124737202639));
#3311=CARTESIAN_POINT('Ctrl Pts',(-0.447297257519,1.300099999999,0.124737202639));
#3312=CARTESIAN_POINT('Ctrl Pts',(-0.443453732915968,1.300099999999,0.126527306436823));
#3313=CARTESIAN_POINT('Ctrl Pts',(-0.439875867331482,1.300099999999,0.128855617283491));
#3314=CARTESIAN_POINT('Ctrl Pts',(-0.433495475733355,1.300099999999,0.134416736233631));
#3315=CARTESIAN_POINT('Ctrl Pts',(-0.430708816544195,1.300099999999,0.137630432365564));
#3316=CARTESIAN_POINT('Ctrl Pts',(-0.426208714454217,1.300099999999,0.144633150123267));
#3317=CARTESIAN_POINT('Ctrl Pts',(-0.424485509638076,1.300099999999,0.148371286687923));
#3318=CARTESIAN_POINT('Ctrl Pts',(-0.422112427509466,1.300099999999,0.15637369645954));
#3319=CARTESIAN_POINT('Ctrl Pts',(-0.421523045944213,1.300099999999,0.160580309474109));
#3320=CARTESIAN_POINT('Ctrl Pts',(-0.421553186562,1.300099999999,0.164830041731));
#3321=CARTESIAN_POINT('',(-0.488276121499,1.300099999999,0.153077833614));
#3322=CARTESIAN_POINT('Ctrl Pts',(-0.488276121499,1.300099999999,0.153077833614));
#3323=CARTESIAN_POINT('Ctrl Pts',(-0.483792263926606,1.300099999999,0.153109634732092));
#3324=CARTESIAN_POINT('Ctrl Pts',(-0.479356500958708,1.300099999999,0.152439200856123));
#3325=CARTESIAN_POINT('Ctrl Pts',(-0.470950513479291,1.300099999999,0.14977376389447));
#3326=CARTESIAN_POINT('Ctrl Pts',(-0.467037335511672,1.300099999999,0.147841194315097));
#3327=CARTESIAN_POINT('Ctrl Pts',(-0.459822862855768,1.300099999999,0.142847698092177));
#3328=CARTESIAN_POINT('Ctrl Pts',(-0.456564150318821,1.300099999999,0.139779818211936));
#3329=CARTESIAN_POINT('Ctrl Pts',(-0.451075278067021,1.300099999999,0.132795731270854));
#3330=CARTESIAN_POINT('Ctrl Pts',(-0.448864241420224,1.300099999999,0.128899211920116));
#3331=CARTESIAN_POINT('Ctrl Pts',(-0.447297257519,1.300099999999,0.124737202639));
#3332=CARTESIAN_POINT('',(-0.520705411576,1.3001,0.138098395085));
#3333=CARTESIAN_POINT('Origin',(-0.486548486507953,1.30010000000344,0.1094296127282));
#3334=CARTESIAN_POINT('',(-0.579047991434,1.3001,0.168051102981));
#3335=CARTESIAN_POINT('',(-0.579047991434,1.3001,0.168051102981));
#3336=CARTESIAN_POINT('',(-0.592332269593,1.3001,0.144965106924));
#3337=CARTESIAN_POINT('',(-0.592332269593,1.3001,0.144965106924));
#3338=CARTESIAN_POINT('',(-0.531374670405,1.3001,0.113295719088));
#3339=CARTESIAN_POINT('',(-0.531374670405,1.3001,0.113295719088));
#3340=CARTESIAN_POINT('',(-0.531343904808,1.300099999999,0.108957866675));
#3341=CARTESIAN_POINT('',(-0.531343904808,1.300099999999,0.108957866675));
#3342=CARTESIAN_POINT('',(-0.487657724706,1.30010000017886,0.065886998521));
#3343=CARTESIAN_POINT('Ctrl Pts',(-0.487657724706,1.300099999999,0.065886998521));
#3344=CARTESIAN_POINT('Ctrl Pts',(-0.493312025222993,1.300099999999,0.0658468962037606));
#3345=CARTESIAN_POINT('Ctrl Pts',(-0.498875717349493,1.300099999999,0.0669038944657788));
#3346=CARTESIAN_POINT('Ctrl Pts',(-0.509438750383126,1.300099999999,0.0711743652834401));
#3347=CARTESIAN_POINT('Ctrl Pts',(-0.514292409768071,1.300099999999,0.0743780182686214));
#3348=CARTESIAN_POINT('Ctrl Pts',(-0.522475952858974,1.300099999999,0.0824462976346733));
#3349=CARTESIAN_POINT('Ctrl Pts',(-0.525748127869237,1.300099999999,0.0872540281364299));
#3350=CARTESIAN_POINT('Ctrl Pts',(-0.530167995149843,1.300099999999,0.0977554261910562));
#3351=CARTESIAN_POINT('Ctrl Pts',(-0.531303802490761,1.300099999999,0.10330356615782));
#3352=CARTESIAN_POINT('Ctrl Pts',(-0.531343904808,1.300099999999,0.108957866675));
#3353=CARTESIAN_POINT('',(-0.446657328686,1.30010000002768,0.095676664823));
#3354=CARTESIAN_POINT('Ctrl Pts',(-0.446657328686,1.300099999999,0.095676664823));
#3355=CARTESIAN_POINT('Ctrl Pts',(-0.448027612441574,1.300099999999,0.0913564098500821));
#3356=CARTESIAN_POINT('Ctrl Pts',(-0.450087487444447,1.300099999999,0.0872976488123163));
#3357=CARTESIAN_POINT('Ctrl Pts',(-0.455390357234298,1.300099999999,0.080021839003911));
#3358=CARTESIAN_POINT('Ctrl Pts',(-0.458583052626828,1.300099999999,0.0768437269170861));
#3359=CARTESIAN_POINT('Ctrl Pts',(-0.465815266698543,1.300099999999,0.0715873819064148));
#3360=CARTESIAN_POINT('Ctrl Pts',(-0.469813799392602,1.300099999999,0.0695355395867352));
#3361=CARTESIAN_POINT('Ctrl Pts',(-0.478445671108369,1.300099999999,0.0666676060693019));
#3362=CARTESIAN_POINT('Ctrl Pts',(-0.483026071219633,1.300099999999,0.0659198478605843));
#3363=CARTESIAN_POINT('Ctrl Pts',(-0.487657724706,1.300099999999,0.065886998521));
#3364=CARTESIAN_POINT('',(-0.412102184228,1.30010005134513,0.116744477874));
#3365=CARTESIAN_POINT('Origin',(-0.599710014691752,1.300099999999,0.383298166153072));
#3366=CARTESIAN_POINT('',(-0.394218549863,1.3001000000529,0.164156274749));
#3367=CARTESIAN_POINT('Ctrl Pts',(-0.394218549863,1.300099999999,0.164156274749));
#3368=CARTESIAN_POINT('Ctrl Pts',(-0.394157133782141,1.300099999999,0.155496800654609));
#3369=CARTESIAN_POINT('Ctrl Pts',(-0.395717533811621,1.300099999999,0.146895059657102));
#3370=CARTESIAN_POINT('Ctrl Pts',(-0.401837840701697,1.300099999999,0.130703687033604));
#3371=CARTESIAN_POINT('Ctrl Pts',(-0.40635564481775,1.300099999999,0.123221310450895));
#3372=CARTESIAN_POINT('Ctrl Pts',(-0.412102184228,1.300099999999,0.116744477874));
#3373=CARTESIAN_POINT('',(-0.414957195556,1.300099999999,0.213463188073));
#3374=CARTESIAN_POINT('Ctrl Pts',(-0.414957195556,1.300099999999,0.213463188073));
#3375=CARTESIAN_POINT('Ctrl Pts',(-0.408419065206542,1.300099999999,0.207017153792367));
#3376=CARTESIAN_POINT('Ctrl Pts',(-0.403236874399068,1.300099999999,0.199333437568314));
#3377=CARTESIAN_POINT('Ctrl Pts',(-0.396135866589478,1.300099999999,0.182411444243223));
#3378=CARTESIAN_POINT('Ctrl Pts',(-0.394283686574972,1.300099999999,0.173340346172967));
#3379=CARTESIAN_POINT('Ctrl Pts',(-0.394218549863,1.300099999999,0.164156274749));
#3380=CARTESIAN_POINT('',(-0.464990173176,1.300099999999,0.233931076111));
#3381=CARTESIAN_POINT('Origin',(-0.467339837532401,1.300099999999,0.153166018410335));
#3382=CARTESIAN_POINT('',(-0.474961077303,1.300099999999,0.232992745606));
#3383=CARTESIAN_POINT('Ctrl Pts',(-0.474961077303,1.300099999999,0.232992745606));
#3384=CARTESIAN_POINT('Ctrl Pts',(-0.471493875253,1.300099999999,0.233451144956));
#3385=CARTESIAN_POINT('Ctrl Pts',(-0.468460451797,1.300099999999,0.233906463657));
#3386=CARTESIAN_POINT('Ctrl Pts',(-0.464990173176,1.300099999999,0.233931076111));
#3387=CARTESIAN_POINT('',(-0.494182994896,1.300099999999,0.251943928019));
#3388=CARTESIAN_POINT('Ctrl Pts',(-0.494182994896,1.300099999999,0.251943928019));
#3389=CARTESIAN_POINT('Ctrl Pts',(-0.486771723759,1.300099999999,0.246790805421));
#3390=CARTESIAN_POINT('Ctrl Pts',(-0.480652583639,1.300099999999,0.240327098627));
#3391=CARTESIAN_POINT('Ctrl Pts',(-0.474961077303,1.300099999999,0.232992745606));
#3392=CARTESIAN_POINT('',(-0.546357209682,1.300099999999,0.268492365673));
#3393=CARTESIAN_POINT('Origin',(-0.558213550629904,1.300099999999,0.118621829344815));
#3394=CARTESIAN_POINT('',(-0.605192014762,1.300099999999,0.245517119808));
#3395=CARTESIAN_POINT('Origin',(-0.549098757126759,1.300099999999,0.173201183789799));
#3396=CARTESIAN_POINT('Origin',(-0.546702726647419,1.300099999999,0.196781050147861));
#3397=CARTESIAN_POINT('',(-0.861439030787,1.3000999999995,0.102840640976));
#3398=CARTESIAN_POINT('',(-0.860376899985001,1.3001,0.0993233060005002));
#3399=CARTESIAN_POINT('Ctrl Pts',(-0.861439030787,1.300099999999,0.102840640976));
#3400=CARTESIAN_POINT('Ctrl Pts',(-0.860960311493,1.300099999999,0.101315553646));
#3401=CARTESIAN_POINT('Ctrl Pts',(-0.860639985433,1.300099999999,0.100132471677));
#3402=CARTESIAN_POINT('Ctrl Pts',(-0.860478273832,1.3001,0.099322587021));
#3403=CARTESIAN_POINT('',(-0.873571488990543,1.30004999971725,0.135570178397799));
#3404=CARTESIAN_POINT('',(-0.861439030787,1.3001,0.102840640976));
#3405=CARTESIAN_POINT('',(-0.881494245051004,1.3000000000005,0.135513987384539));
#3406=CARTESIAN_POINT('',(-0.87357148899,1.3,0.135570178398));
#3407=CARTESIAN_POINT('',(-0.861362817914936,1.3000500000005,0.0854975832730259));
#3408=CARTESIAN_POINT('',(-0.881494245051,1.3,0.135513987384));
#3409=CARTESIAN_POINT('',(-0.845714742011,1.3000999999995,0.071665060677));
#3410=CARTESIAN_POINT('Ctrl Pts',(-0.845714742011,1.300099999999,0.071665060677));
#3411=CARTESIAN_POINT('Ctrl Pts',(-0.852405415929,1.300099999999,0.07161760803));
#3412=CARTESIAN_POINT('Ctrl Pts',(-0.857616242571,1.300099999999,0.076228485766));
#3413=CARTESIAN_POINT('Ctrl Pts',(-0.861362817915,1.3001,0.085497583273));
#3414=CARTESIAN_POINT('',(-0.840790837926,1.30010000031008,0.072323853202));
#3415=CARTESIAN_POINT('Origin',(-0.858901865018103,1.300099999999,0.0847786832527008));
#3416=CARTESIAN_POINT('',(-0.84083906485882,1.3001,0.0791236989560013));
#3417=CARTESIAN_POINT('',(-0.840790837926,1.3001,0.072323853202));
#3418=CARTESIAN_POINT('',(-0.845168552041,1.3000999999995,0.078219574071));
#3419=CARTESIAN_POINT('Ctrl Pts',(-0.845168552041,1.300099999999,0.078219574071));
#3420=CARTESIAN_POINT('Ctrl Pts',(-0.843764914156,1.300099999999,0.078229529172));
#3421=CARTESIAN_POINT('Ctrl Pts',(-0.842332075338,1.300099999999,0.078520433075));
#3422=CARTESIAN_POINT('Ctrl Pts',(-0.840839064859,1.3001,0.079123698956));
#3423=CARTESIAN_POINT('',(-0.853041313462,1.300099999999,0.084308861472));
#3424=CARTESIAN_POINT('Ctrl Pts',(-0.853041313462,1.300099999999,0.084308861472));
#3425=CARTESIAN_POINT('Ctrl Pts',(-0.851280958442,1.300099999999,0.080203801634));
#3426=CARTESIAN_POINT('Ctrl Pts',(-0.848662050777,1.300099999999,0.078194796932));
#3427=CARTESIAN_POINT('Ctrl Pts',(-0.845168552041,1.300099999999,0.078219574071));
#3428=CARTESIAN_POINT('',(-0.856450639422942,1.3001,0.0922078359040252));
#3429=CARTESIAN_POINT('',(-0.853041313462,1.3001,0.084308861472));
#3430=CARTESIAN_POINT('',(-0.839665836080975,1.3001,0.13581064938799));
#3431=CARTESIAN_POINT('',(-0.856450639423,1.3001,0.092207835904));
#3432=CARTESIAN_POINT('',(-0.848212431202995,1.3001,0.135750033885282));
#3433=CARTESIAN_POINT('',(-0.839665836081,1.3001,0.135810649388));
#3434=CARTESIAN_POINT('',(-0.859365208361571,1.3001,0.102917736309194));
#3435=CARTESIAN_POINT('',(-0.848212431203,1.3001,0.135750033886));
#3436=CARTESIAN_POINT('',(-0.859365208361,1.3001,0.102917736309));
#3437=CARTESIAN_POINT('',(-0.774392242982,1.30010000106379,0.0916668565449999));
#3438=CARTESIAN_POINT('',(-0.787898856538685,1.3000999999995,0.0993382497990484));
#3439=CARTESIAN_POINT('Origin',(-0.178094669187033,1.300099999999,1.19792674919424));
#3440=CARTESIAN_POINT('',(-0.764341576854,1.30010000002455,0.0951694268760002));
#3441=CARTESIAN_POINT('Origin',(-1.85222390509161,1.300099999999,1.52641225087145));
#3442=CARTESIAN_POINT('',(-0.76066424616,1.300099999999,0.104459983852));
#3443=CARTESIAN_POINT('Ctrl Pts',(-0.76066424616,1.300099999999,0.104459983852));
#3444=CARTESIAN_POINT('Ctrl Pts',(-0.760636593102,1.300099999999,0.100560989727));
#3445=CARTESIAN_POINT('Ctrl Pts',(-0.76186237,1.300099999999,0.097464137401));
#3446=CARTESIAN_POINT('Ctrl Pts',(-0.764341576854,1.300099999999,0.095169426876));
#3447=CARTESIAN_POINT('',(-0.775222594729,1.3001,0.11858097688));
#3448=CARTESIAN_POINT('Ctrl Pts',(-0.775222594729,1.3001,0.11858097688));
#3449=CARTESIAN_POINT('Ctrl Pts',(-0.765574768601,1.300099999999,0.11730808126));
#3450=CARTESIAN_POINT('Ctrl Pts',(-0.760721985744,1.300099999999,0.112601083584));
#3451=CARTESIAN_POINT('Ctrl Pts',(-0.76066424616,1.300099999999,0.104459983852));
#3452=CARTESIAN_POINT('',(-0.788148894289076,1.3001,0.120298523226427));
#3453=CARTESIAN_POINT('',(-0.775222594729,1.3001,0.11858097688));
#3454=CARTESIAN_POINT('',(-0.779397230356999,1.30010000062918,0.131028777675));
#3455=CARTESIAN_POINT('Origin',(1.73361584713481,1.300099999999,-2.87299494781195));
#3456=CARTESIAN_POINT('',(-0.765073928949,1.3001,0.125858658422));
#3457=CARTESIAN_POINT('Ctrl Pts',(-0.765073928949,1.3001,0.125858658422));
#3458=CARTESIAN_POINT('Ctrl Pts',(-0.769403195603,1.300099999999,0.129321628182));
#3459=CARTESIAN_POINT('Ctrl Pts',(-0.77417257823,1.300099999999,0.131065832772));
#3460=CARTESIAN_POINT('Ctrl Pts',(-0.779397230357,1.300099999999,0.131028777675));
#3461=CARTESIAN_POINT('',(-0.76512658037108,1.30004999971725,0.133282343236006));
#3462=CARTESIAN_POINT('',(-0.765073928949,1.3001,0.125858658422));
#3463=CARTESIAN_POINT('',(-0.780158668944,1.299999999999,0.137230888159));
#3464=CARTESIAN_POINT('Ctrl Pts',(-0.780158668944,1.299999999999,0.137230888159));
#3465=CARTESIAN_POINT('Ctrl Pts',(-0.774481733498,1.299999999999,0.137271151011));
#3466=CARTESIAN_POINT('Ctrl Pts',(-0.76946591239,1.299999999999,0.135965403558));
#3467=CARTESIAN_POINT('Ctrl Pts',(-0.765126580372,1.3,0.133282343236));
#3468=CARTESIAN_POINT('',(-0.795793356243,1.30005,0.120587434716));
#3469=CARTESIAN_POINT('Ctrl Pts',(-0.795793356243,1.3,0.120587434716));
#3470=CARTESIAN_POINT('Ctrl Pts',(-0.795871669702,1.299999999999,0.131629386078));
#3471=CARTESIAN_POINT('Ctrl Pts',(-0.790654761128,1.299999999999,0.137156446127));
#3472=CARTESIAN_POINT('Ctrl Pts',(-0.780158668944,1.299999999999,0.137230888159));
#3473=CARTESIAN_POINT('',(-0.79559447545125,1.3001,0.0925458689709982));
#3474=CARTESIAN_POINT('',(-0.795793356243,1.3001,0.120587434716));
#3475=CARTESIAN_POINT('',(-0.787952446965995,1.3001,0.0926000689643063));
#3476=CARTESIAN_POINT('',(-0.795594475451,1.3001,0.092545868971));
#3477=CARTESIAN_POINT('',(-0.787952446966,1.3001,0.092600068965));
#3478=CARTESIAN_POINT('',(-0.753266995232875,1.3,0.0928460705670009));
#3479=CARTESIAN_POINT('',(-0.753316328288002,1.30004999971775,0.0998018760852591));
#3480=CARTESIAN_POINT('',(-0.753316328288,1.3,0.099801876085));
#3481=CARTESIAN_POINT('',(-0.720453060679002,1.30005,0.0930787987012546));
#3482=CARTESIAN_POINT('',(-0.753266995233,1.3,0.092846070567));
#3483=CARTESIAN_POINT('',(-0.720885775727572,1.3001,0.154090258764996));
#3484=CARTESIAN_POINT('',(-0.720453060679,1.3001,0.093078798701));
#3485=CARTESIAN_POINT('',(-0.752311668373,1.3001,0.153867375119067));
#3486=CARTESIAN_POINT('',(-0.720885775727,1.3001,0.154090258765));
#3487=CARTESIAN_POINT('',(-0.75226189286895,1.3001,0.146849185695));
#3488=CARTESIAN_POINT('',(-0.752311668373,1.3001,0.153867375119));
#3489=CARTESIAN_POINT('',(-0.728711968355001,1.3001,0.147016210164161));
#3490=CARTESIAN_POINT('',(-0.752261892869,1.3001,0.146849185695));
#3491=CARTESIAN_POINT('',(-0.728573481841498,1.3001,0.127490047587004));
#3492=CARTESIAN_POINT('',(-0.728711968355,1.3001,0.147016210164));
#3493=CARTESIAN_POINT('',(-0.750392252963996,1.3001,0.12733530107551));
#3494=CARTESIAN_POINT('',(-0.728573481842,1.3001,0.127490047587));
#3495=CARTESIAN_POINT('',(-0.750342698684406,1.3001,0.120348303603997));
#3496=CARTESIAN_POINT('',(-0.750392252964,1.3001,0.127335301076));
#3497=CARTESIAN_POINT('',(-0.728523927561996,1.3001,0.12050305011549));
#3498=CARTESIAN_POINT('',(-0.750342698684,1.3001,0.120348303604));
#3499=CARTESIAN_POINT('',(-0.728378361865699,1.3001,0.0999787450430022));
#3500=CARTESIAN_POINT('',(-0.728523927562,1.3001,0.120503050116));
#3501=CARTESIAN_POINT('',(-0.728378361866,1.3001,0.099978745043));
#3502=CARTESIAN_POINT('',(-0.784592248153,1.299999999999,0.188388013236));
#3503=CARTESIAN_POINT('',(-0.801507910290087,1.30004999971725,0.191824102831999));
#3504=CARTESIAN_POINT('Ctrl Pts',(-0.784592248153,1.299999999999,0.188388013236));
#3505=CARTESIAN_POINT('Ctrl Pts',(-0.791360901953,1.299999999999,0.188340007528));
#3506=CARTESIAN_POINT('Ctrl Pts',(-0.796999455999,1.299999999999,0.189485370726));
#3507=CARTESIAN_POINT('Ctrl Pts',(-0.80150791029,1.3,0.191824102832));
#3508=CARTESIAN_POINT('',(-0.76369032267,1.3000500002012,0.196864927525));
#3509=CARTESIAN_POINT('Ctrl Pts',(-0.76369032267,1.3,0.196864927525));
#3510=CARTESIAN_POINT('Ctrl Pts',(-0.768875596843,1.299999999999,0.191275704794));
#3511=CARTESIAN_POINT('Ctrl Pts',(-0.775842905337,1.299999999999,0.188450066698));
#3512=CARTESIAN_POINT('Ctrl Pts',(-0.784592248153,1.299999999999,0.188388013236));
#3513=CARTESIAN_POINT('',(-0.756017548162,1.3001000002012,0.218973165635));
#3514=CARTESIAN_POINT('Origin',(-3.40792435968728,1.300099999999,2.01107153255426));
#3515=CARTESIAN_POINT('',(-0.764997405476,1.300099999999,0.242616554003));
#3516=CARTESIAN_POINT('Ctrl Pts',(-0.764997405476,1.300099999999,0.242616554003));
#3517=CARTESIAN_POINT('Ctrl Pts',(-0.759075247239,1.300099999999,0.236669399838));
#3518=CARTESIAN_POINT('Ctrl Pts',(-0.756087233868,1.300099999999,0.228798630829));
#3519=CARTESIAN_POINT('Ctrl Pts',(-0.756017548162,1.300099999999,0.218973165635));
#3520=CARTESIAN_POINT('',(-0.78747253635,1.300099999999,0.25144088669));
#3521=CARTESIAN_POINT('Ctrl Pts',(-0.78747253635,1.300099999999,0.25144088669));
#3522=CARTESIAN_POINT('Ctrl Pts',(-0.778411274004,1.300099999999,0.251505152396));
#3523=CARTESIAN_POINT('Ctrl Pts',(-0.770919563713,1.300099999999,0.248563708167));
#3524=CARTESIAN_POINT('Ctrl Pts',(-0.764997405476,1.300099999999,0.242616554003));
#3525=CARTESIAN_POINT('',(-0.801912308608,1.30010000017111,0.248842992912));
#3526=CARTESIAN_POINT('Origin',(-0.442674079996479,1.300100000177,-0.0414537368062731));
#3527=CARTESIAN_POINT('',(-0.801853905349907,1.3001,0.240608317320001));
#3528=CARTESIAN_POINT('',(-0.801912308608,1.3001,0.248842992912));
#3529=CARTESIAN_POINT('',(-0.787500077055,1.300099999999,0.244328568345));
#3530=CARTESIAN_POINT('Ctrl Pts',(-0.787500077055,1.300099999999,0.244328568345));
#3531=CARTESIAN_POINT('Ctrl Pts',(-0.792724729182,1.300099999999,0.244291513248));
#3532=CARTESIAN_POINT('Ctrl Pts',(-0.797504287438,1.300099999999,0.243072261079));
#3533=CARTESIAN_POINT('Ctrl Pts',(-0.80185390535,1.300099999999,0.24060831732));
#3534=CARTESIAN_POINT('',(-0.770826760399,1.300099999999,0.237677827183));
#3535=CARTESIAN_POINT('Ctrl Pts',(-0.770826760399,1.300099999999,0.237677827183));
#3536=CARTESIAN_POINT('Ctrl Pts',(-0.775147731483,1.300099999999,0.242170242004));
#3537=CARTESIAN_POINT('Ctrl Pts',(-0.780700231302,1.300099999999,0.244376795278));
#3538=CARTESIAN_POINT('Ctrl Pts',(-0.787500077055,1.300099999999,0.244328568345));
#3539=CARTESIAN_POINT('',(-0.764286734074,1.300099999999,0.219382420448));
#3540=CARTESIAN_POINT('Ctrl Pts',(-0.764286734074,1.300099999999,0.219382420448));
#3541=CARTESIAN_POINT('Ctrl Pts',(-0.764341155292,1.300099999999,0.227055640885));
#3542=CARTESIAN_POINT('Ctrl Pts',(-0.766521164066,1.300099999999,0.233154109797));
#3543=CARTESIAN_POINT('Ctrl Pts',(-0.770826760399,1.300099999999,0.237677827183));
#3544=CARTESIAN_POINT('',(-0.770152145799,1.300099999999,0.201934835578));
#3545=CARTESIAN_POINT('Ctrl Pts',(-0.770152145799,1.300099999999,0.201934835578));
#3546=CARTESIAN_POINT('Ctrl Pts',(-0.766190104791,1.300099999999,0.206267641823));
#3547=CARTESIAN_POINT('Ctrl Pts',(-0.76423496755,1.300099999999,0.212083503446));
#3548=CARTESIAN_POINT('Ctrl Pts',(-0.764286734074,1.300099999999,0.219382420448));
#3549=CARTESIAN_POINT('',(-0.785780529941,1.30010000019596,0.195398127968));
#3550=CARTESIAN_POINT('Origin',(-1.7875154282491,1.300099999999,1.93883403379902));
#3551=CARTESIAN_POINT('',(-0.80156144661,1.30010000030129,0.199372555457));
#3552=CARTESIAN_POINT('Origin',(-0.482870168440223,1.30010000020355,0.754124017072055));
#3553=CARTESIAN_POINT('',(-0.80156144661,1.3001,0.199372555457));
#3554=CARTESIAN_POINT('Origin',(-1.3,-1.3,0.349999999999));
#3555=CARTESIAN_POINT('',(-0.299999999999,-1.3,0.125));
#3556=CARTESIAN_POINT('',(-0.299999999999,-1.3,0.));
#3557=CARTESIAN_POINT('',(-0.299999999999,-1.3,0.349999999999));
#3558=CARTESIAN_POINT('',(0.3,-1.3,0.125));
#3559=CARTESIAN_POINT('',(-1.3,-1.3,0.125));
#3560=CARTESIAN_POINT('',(0.3,-1.3,0.));
#3561=CARTESIAN_POINT('',(0.299999999999,-1.3,0.349999999999));
#3562=CARTESIAN_POINT('',(1.099999999999,-1.3,0.));
#3563=CARTESIAN_POINT('',(-1.3,-1.3,0.));
#3564=CARTESIAN_POINT('',(1.099999999999,-1.3,0.349999999999));
#3565=CARTESIAN_POINT('',(1.099999999999,-1.3,0.349999999999));
#3566=CARTESIAN_POINT('',(-0.917157287525,-1.3,0.349999999999));
#3567=CARTESIAN_POINT('',(-1.3,-1.3,0.349999999999));
#3568=CARTESIAN_POINT('',(-0.917157287525,-1.3,0.));
#3569=CARTESIAN_POINT('',(-0.917157287525,-1.3,0.));
#3570=CARTESIAN_POINT('',(-1.3,-1.3,0.));
#3571=CARTESIAN_POINT('Origin',(0.,0.,0.));
#3572=CARTESIAN_POINT('',(0.3,0.,0.));
#3573=CARTESIAN_POINT('',(1.3,1.099999999999,0.));
#3574=CARTESIAN_POINT('Origin',(1.099999999999,1.099999999999,0.));
#3575=CARTESIAN_POINT('',(1.3,0.9,0.));
#3576=CARTESIAN_POINT('',(1.3,1.3,0.));
#3577=CARTESIAN_POINT('',(1.099999999999,0.9,0.));
#3578=CARTESIAN_POINT('',(0.,0.9,0.));
#3579=CARTESIAN_POINT('',(1.099999999999,-0.9,0.));
#3580=CARTESIAN_POINT('',(1.099999999999,0.,0.));
#3581=CARTESIAN_POINT('',(1.3,-0.9,0.));
#3582=CARTESIAN_POINT('',(0.,-0.9,0.));
#3583=CARTESIAN_POINT('',(1.3,-1.099999999999,0.));
#3584=CARTESIAN_POINT('',(1.3,1.3,0.));
#3585=CARTESIAN_POINT('Origin',(1.099999999999,-1.099999999999,0.));
#3586=CARTESIAN_POINT('',(0.3,-1.06,0.));
#3587=CARTESIAN_POINT('',(0.3,0.,0.));
#3588=CARTESIAN_POINT('',(-0.299999999999,-1.06,-3.388131789017E-18));
#3589=CARTESIAN_POINT('',(0.,-1.06,0.));
#3590=CARTESIAN_POINT('',(-0.299999999999,0.,0.));
#3591=CARTESIAN_POINT('',(-1.058578643762,-1.241421356237,0.));
#3592=CARTESIAN_POINT('Origin',(-0.917157287525,-1.099999999999,0.));
#3593=CARTESIAN_POINT('',(-1.241421356237,-1.058578643762,0.));
#3594=CARTESIAN_POINT('',(-1.,-1.3,0.));
#3595=CARTESIAN_POINT('',(-1.3,-0.917157287525,0.));
#3596=CARTESIAN_POINT('Origin',(-1.099999999999,-0.917157287525,0.));
#3597=CARTESIAN_POINT('',(-1.3,-0.9,0.));
#3598=CARTESIAN_POINT('',(-1.3,1.3,0.));
#3599=CARTESIAN_POINT('',(-1.099999999999,-0.9,-3.388131789017E-18));
#3600=CARTESIAN_POINT('',(0.,-0.9,0.));
#3601=CARTESIAN_POINT('',(-1.099999999999,0.9,0.));
#3602=CARTESIAN_POINT('',(-1.099999999999,0.,0.));
#3603=CARTESIAN_POINT('',(-1.3,0.9,0.));
#3604=CARTESIAN_POINT('',(0.,0.9,0.));
#3605=CARTESIAN_POINT('',(-1.3,1.099999999999,0.));
#3606=CARTESIAN_POINT('',(-1.3,1.3,0.));
#3607=CARTESIAN_POINT('Origin',(-1.099999999999,1.099999999999,0.));
#3608=CARTESIAN_POINT('',(-0.299999999999,0.,0.));
#3609=CARTESIAN_POINT('Origin',(1.3,1.3,0.349999999999));
#3610=CARTESIAN_POINT('',(1.3,-0.9,0.125));
#3611=CARTESIAN_POINT('',(1.3,-0.9,0.349999999999));
#3612=CARTESIAN_POINT('',(1.3,0.9,0.125));
#3613=CARTESIAN_POINT('',(1.3,1.3,0.125));
#3614=CARTESIAN_POINT('',(1.3,0.9,0.349999999999));
#3615=CARTESIAN_POINT('',(1.3,1.099999999999,0.349999999999));
#3616=CARTESIAN_POINT('',(1.3,1.099999999999,0.349999999999));
#3617=CARTESIAN_POINT('',(1.3,-1.099999999999,0.349999999999));
#3618=CARTESIAN_POINT('',(1.3,1.3,0.349999999999));
#3619=CARTESIAN_POINT('',(1.3,-1.099999999999,0.349999999999));
#3620=CARTESIAN_POINT('Origin',(-1.3,1.3,0.349999999999));
#3621=CARTESIAN_POINT('',(-1.3,0.9,0.125));
#3622=CARTESIAN_POINT('',(-1.3,-0.9,0.125));
#3623=CARTESIAN_POINT('',(-1.3,1.3,0.125));
#3624=CARTESIAN_POINT('',(-1.3,-0.9,0.349999999999));
#3625=CARTESIAN_POINT('',(-1.3,-0.917157287525,0.349999999999));
#3626=CARTESIAN_POINT('',(-1.3,-0.917157287525,0.349999999999));
#3627=CARTESIAN_POINT('',(-1.3,1.099999999999,0.349999999999));
#3628=CARTESIAN_POINT('',(-1.3,1.3,0.349999999999));
#3629=CARTESIAN_POINT('',(-1.3,1.099999999999,0.349999999999));
#3630=CARTESIAN_POINT('',(-1.3,0.9,0.349999999999));
#3631=CARTESIAN_POINT('Origin',(0.,0.,0.349999999999));
#3632=CARTESIAN_POINT('',(-1.241421356237,-1.058578643762,0.349999999999));
#3633=CARTESIAN_POINT('',(-1.058578643762,-1.241421356237,0.349999999999));
#3634=CARTESIAN_POINT('',(-1.15,-1.149999999999,0.349999999999));
#3635=CARTESIAN_POINT('Origin',(-0.917157287525,-1.099999999999,0.349999999999));
#3636=CARTESIAN_POINT('Origin',(1.099999999999,-1.099999999999,0.349999999999));
#3637=CARTESIAN_POINT('Origin',(1.099999999999,1.099999999999,0.349999999999));
#3638=CARTESIAN_POINT('Origin',(-1.099999999999,1.099999999999,0.349999999999));
#3639=CARTESIAN_POINT('Origin',(-1.099999999999,-0.917157287525,0.349999999999));
#3640=CARTESIAN_POINT('Origin',(-1.,-1.3,0.349999999999));
#3641=CARTESIAN_POINT('',(-1.058578643762,-1.241421356237,0.349999999999));
#3642=CARTESIAN_POINT('',(-1.241421356237,-1.058578643762,0.));
#3643=CARTESIAN_POINT('Origin',(-0.917157287525,-1.099999999999,0.349999999999));
#3644=CARTESIAN_POINT('Origin',(-1.099999999999,-0.917157287525,0.349999999999));
#3645=CARTESIAN_POINT('Origin',(1.099999999999,-1.099999999999,0.349999999999));
#3646=CARTESIAN_POINT('Origin',(1.099999999999,1.099999999999,0.349999999999));
#3647=CARTESIAN_POINT('Origin',(-1.099999999999,1.099999999999,0.349999999999));
#3648=CARTESIAN_POINT('Origin',(0.,0.,0.125));
#3649=CARTESIAN_POINT('',(-1.5,0.9,0.125));
#3650=CARTESIAN_POINT('',(-1.5,0.9,0.125));
#3651=CARTESIAN_POINT('',(-1.5,-0.9,0.125));
#3652=CARTESIAN_POINT('',(-1.5,-0.9,0.125));
#3653=CARTESIAN_POINT('',(-1.5,-0.9,0.125));
#3654=CARTESIAN_POINT('Origin',(-1.5,-0.9,-0.01));
#3655=CARTESIAN_POINT('',(-1.5,-0.9,-0.01));
#3656=CARTESIAN_POINT('',(-1.5,-0.9,-0.01));
#3657=CARTESIAN_POINT('',(-1.099999999999,-0.9,-0.01));
#3658=CARTESIAN_POINT('',(-1.5,-0.9,-0.01));
#3659=CARTESIAN_POINT('',(-1.099999999999,-0.9,-0.01));
#3660=CARTESIAN_POINT('Origin',(-1.5,0.9,-0.01));
#3661=CARTESIAN_POINT('',(-1.099999999999,0.9,-0.01));
#3662=CARTESIAN_POINT('',(-1.099999999999,0.9,-0.01));
#3663=CARTESIAN_POINT('',(-1.5,0.9,-0.01));
#3664=CARTESIAN_POINT('',(-1.5,0.9,-0.01));
#3665=CARTESIAN_POINT('',(-1.5,0.9,-0.01));
#3666=CARTESIAN_POINT('Origin',(-1.099999999999,-0.9,-0.01));
#3667=CARTESIAN_POINT('',(-1.099999999999,-0.9,-0.01));
#3668=CARTESIAN_POINT('Origin',(-1.5,-0.9,-0.01));
#3669=CARTESIAN_POINT('',(-1.5,-0.9,-0.01));
#3670=CARTESIAN_POINT('Origin',(0.,0.,-0.01));
#3671=CARTESIAN_POINT('Origin',(0.,0.,0.125));
#3672=CARTESIAN_POINT('',(1.5,-0.9,0.125));
#3673=CARTESIAN_POINT('',(1.099999999999,-0.9,0.125));
#3674=CARTESIAN_POINT('',(1.5,0.9,0.125));
#3675=CARTESIAN_POINT('',(1.5,-0.9,0.125));
#3676=CARTESIAN_POINT('',(1.099999999999,0.9,0.125));
#3677=CARTESIAN_POINT('Origin',(1.099999999999,-0.9,-0.01));
#3678=CARTESIAN_POINT('',(1.099999999999,-0.9,-0.01));
#3679=CARTESIAN_POINT('',(1.099999999999,-0.9,-0.01));
#3680=CARTESIAN_POINT('',(1.5,-0.9,-0.01));
#3681=CARTESIAN_POINT('',(1.099999999999,-0.9,-0.01));
#3682=CARTESIAN_POINT('',(1.5,-0.9,-0.01));
#3683=CARTESIAN_POINT('Origin',(1.099999999999,-0.9,-0.01));
#3684=CARTESIAN_POINT('',(1.099999999999,0.9,-0.01));
#3685=CARTESIAN_POINT('',(1.099999999999,0.9,-0.01));
#3686=CARTESIAN_POINT('',(1.099999999999,-0.9,-0.01));
#3687=CARTESIAN_POINT('Origin',(1.099999999999,0.9,-0.01));
#3688=CARTESIAN_POINT('',(1.5,0.9,-0.01));
#3689=CARTESIAN_POINT('',(1.5,0.9,-0.01));
#3690=CARTESIAN_POINT('',(1.099999999999,0.9,-0.01));
#3691=CARTESIAN_POINT('Origin',(1.5,-0.9,-0.01));
#3692=CARTESIAN_POINT('',(1.5,-0.9,-0.01));
#3693=CARTESIAN_POINT('Origin',(0.,0.,-0.01));
#3694=CARTESIAN_POINT('Origin',(0.,0.,0.125));
#3695=CARTESIAN_POINT('',(-0.299999999999,-1.56,0.125));
#3696=CARTESIAN_POINT('',(-0.299999999999,-1.56,0.125));
#3697=CARTESIAN_POINT('',(0.3,-1.56,0.125));
#3698=CARTESIAN_POINT('',(-0.299999999999,-1.56,0.125));
#3699=CARTESIAN_POINT('',(0.3,-1.56,0.125));
#3700=CARTESIAN_POINT('Origin',(-0.299999999999,-1.56,-0.01));
#3701=CARTESIAN_POINT('',(-0.299999999999,-1.06,-0.01));
#3702=CARTESIAN_POINT('',(-0.299999999999,-1.06,-0.01));
#3703=CARTESIAN_POINT('',(-0.299999999999,-1.56,-0.01));
#3704=CARTESIAN_POINT('',(-0.299999999999,-1.56,-0.01));
#3705=CARTESIAN_POINT('',(-0.299999999999,-1.56,-0.01));
#3706=CARTESIAN_POINT('Origin',(-0.299999999999,-1.06,-0.01));
#3707=CARTESIAN_POINT('',(0.3,-1.06,-0.01));
#3708=CARTESIAN_POINT('',(0.3,-1.06,-0.01));
#3709=CARTESIAN_POINT('',(-0.299999999999,-1.06,-0.01));
#3710=CARTESIAN_POINT('Origin',(0.3,-1.56,-0.01));
#3711=CARTESIAN_POINT('',(0.3,-1.56,-0.01));
#3712=CARTESIAN_POINT('',(0.3,-1.56,-0.01));
#3713=CARTESIAN_POINT('',(0.3,-1.56,-0.01));
#3714=CARTESIAN_POINT('Origin',(-0.299999999999,-1.56,-0.01));
#3715=CARTESIAN_POINT('',(-0.299999999999,-1.56,-0.01));
#3716=CARTESIAN_POINT('Origin',(0.,0.,-0.01));
#3717=CARTESIAN_POINT('Origin',(0.,0.,0.125));
#3718=CARTESIAN_POINT('',(-0.299999999999,1.56,0.125));
#3719=CARTESIAN_POINT('',(-0.299999999999,-0.198550945243,0.125));
#3720=CARTESIAN_POINT('',(0.3,1.56,0.125));
#3721=CARTESIAN_POINT('',(0.3,-0.198550945243,0.125));
#3722=CARTESIAN_POINT('',(-0.299999999999,1.56,0.125));
#3723=CARTESIAN_POINT('Origin',(0.3,-0.198550945243,-0.01));
#3724=CARTESIAN_POINT('',(0.3,1.56,-0.01));
#3725=CARTESIAN_POINT('',(0.3,-0.198550945243,-0.01));
#3726=CARTESIAN_POINT('',(0.3,1.56,-0.01));
#3727=CARTESIAN_POINT('Origin',(-0.299999999999,-0.198550945243,-0.01));
#3728=CARTESIAN_POINT('',(-0.299999999999,1.56,-0.01));
#3729=CARTESIAN_POINT('',(-0.299999999999,1.56,-0.01));
#3730=CARTESIAN_POINT('',(-0.299999999999,-0.198550945243,-0.01));
#3731=CARTESIAN_POINT('Origin',(-0.299999999999,1.56,-0.01));
#3732=CARTESIAN_POINT('',(-0.299999999999,1.56,-0.01));
#3733=CARTESIAN_POINT('Origin',(0.,0.,-0.01));
#3734=CARTESIAN_POINT('Origin',(-0.919999999999,0.,1.25));
#3735=CARTESIAN_POINT('Origin',(0.,0.,0.349999999999));
#3736=CARTESIAN_POINT('Origin',(0.,1.3001,0.));
#3737=CARTESIAN_POINT('Origin',(-0.793897654038,1.300099999999,0.189211031354));
#3738=CARTESIAN_POINT('Origin',(0.,1.3001,0.));
#3739=CARTESIAN_POINT('Origin',(-0.888567452943,1.300099999999,0.247678617877));
#3740=CARTESIAN_POINT('',(-0.866299909571,1.3,0.242833886151));
#3741=CARTESIAN_POINT('',(-0.865966303081609,1.3,0.195796421029996));
#3742=CARTESIAN_POINT('',(-0.866299909571,1.3,0.242833886151));
#3743=CARTESIAN_POINT('',(-0.875517131681,1.30005000002581,0.242768514322));
#3744=CARTESIAN_POINT('',(-0.875517131681,1.3,0.242768514322));
#3745=CARTESIAN_POINT('',(-0.893084283848,1.30004999946711,0.236904313761));
#3746=CARTESIAN_POINT('Origin',(2.08074046425159,1.300099999999,-3.69363827929554));
#3747=CARTESIAN_POINT('',(-0.899653063087,1.2999999994413,0.219670095012));
#3748=CARTESIAN_POINT('Origin',(0.335445524256827,1.299999999999,-0.801954461266708));
#3749=CARTESIAN_POINT('',(-0.893008068191,1.29999999981431,0.201968109669));
#3750=CARTESIAN_POINT('Origin',(1.06498704192606,1.299999999999,1.77704198253536));
#3751=CARTESIAN_POINT('',(-0.874824817733,1.29999999988342,0.195733593283));
#3752=CARTESIAN_POINT('Origin',(1.01191096111335,1.30000000055871,2.58433308658217));
#3753=CARTESIAN_POINT('',(-0.865966303081,1.3,0.19579642103));
#3754=CARTESIAN_POINT('Origin',(-1.3,1.3,0.349999999999));
#3755=CARTESIAN_POINT('Origin',(0.,1.300099999999,0.));
#3756=CARTESIAN_POINT('',(-0.939767908447,1.2999999999995,0.237259474319));
#3757=CARTESIAN_POINT('',(-0.938753285772965,1.29999337246905,0.2415401828995));
#3758=CARTESIAN_POINT('Ctrl Pts',(-0.939767908447,1.3,0.237259474319));
#3759=CARTESIAN_POINT('Ctrl Pts',(-0.939477557954,1.299999999999,0.238103758682));
#3760=CARTESIAN_POINT('Ctrl Pts',(-0.939175593525,1.299999999999,0.239509608812));
#3761=CARTESIAN_POINT('Ctrl Pts',(-0.938846861632,1.299999999999,0.241539519226));
#3762=CARTESIAN_POINT('',(-0.948805275070003,1.3,0.211835044703396));
#3763=CARTESIAN_POINT('',(-0.94880527507,1.3,0.211835044703));
#3764=CARTESIAN_POINT('',(-0.928327757927025,1.3000500000005,0.211980278562991));
#3765=CARTESIAN_POINT('',(-0.928327757927,1.3,0.211980278563));
#3766=CARTESIAN_POINT('',(-0.937631259667,1.3000499999995,0.237274628195));
#3767=CARTESIAN_POINT('',(-0.937631259667,1.3001,0.237274628195));
#3768=CARTESIAN_POINT('Ctrl Pts',(-0.938659709914,1.3,0.241540846573));
#3769=CARTESIAN_POINT('Ctrl Pts',(-0.938350334117,1.299999999999,0.239702622979));
#3770=CARTESIAN_POINT('Ctrl Pts',(-0.938012642286,1.299999999999,0.238270115997));
#3771=CARTESIAN_POINT('Ctrl Pts',(-0.937631259667,1.299999999999,0.237274628195));
#3772=CARTESIAN_POINT('Origin',(-1.3,1.3,0.349999999999));
#3773=CARTESIAN_POINT('Origin',(0.,1.3001,0.));
#3774=CARTESIAN_POINT('Origin',(-0.772141023373,1.300099999999,0.136277861888));
#3775=CARTESIAN_POINT('',(-0.770486504644,1.29999999970514,0.110535444723));
#3776=CARTESIAN_POINT('',(-0.768419870969,1.29999999970514,0.105028848632));
#3777=CARTESIAN_POINT('Origin',(-0.918405815219743,1.299999999999,-0.00853543901746639));
#3778=CARTESIAN_POINT('',(-0.777898022807988,1.30005,0.113165522483096));
#3779=CARTESIAN_POINT('Ctrl Pts',(-0.777898022808,1.3,0.113165522483));
#3780=CARTESIAN_POINT('Ctrl Pts',(-0.774323004598,1.299999999999,0.112691781436));
#3781=CARTESIAN_POINT('Ctrl Pts',(-0.771852646026,1.299999999999,0.111835883485));
#3782=CARTESIAN_POINT('Ctrl Pts',(-0.770486504644,1.299999999999,0.110535444723));
#3783=CARTESIAN_POINT('',(-0.788107525314986,1.3000500000005,0.114465628016));
#3784=CARTESIAN_POINT('',(-0.788107525315,1.3001,0.114465628016));
#3785=CARTESIAN_POINT('',(-0.788077881237,1.3,0.110285906314));
#3786=CARTESIAN_POINT('',(-0.788077881237,1.3,0.110285906314));
#3787=CARTESIAN_POINT('',(-0.7847396772,1.299999999999,0.101419428279));
#3788=CARTESIAN_POINT('Ctrl Pts',(-0.7847396772,1.299999999999,0.101419428279));
#3789=CARTESIAN_POINT('Ctrl Pts',(-0.786939705745,1.299999999999,0.103743339041));
#3790=CARTESIAN_POINT('Ctrl Pts',(-0.788052440423,1.299999999999,0.106698831719));
#3791=CARTESIAN_POINT('Ctrl Pts',(-0.788077881237,1.3,0.110285906314));
#3792=CARTESIAN_POINT('',(-0.776417398114,1.29999999934695,0.097922391344));
#3793=CARTESIAN_POINT('Origin',(-0.637991739144304,1.299999999999,0.387417781174753));
#3794=CARTESIAN_POINT('',(-0.770598440044,1.2999999998914,0.099928853357));
#3795=CARTESIAN_POINT('Origin',(-0.941939613734661,1.299999999999,0.326200115461224));
#3796=CARTESIAN_POINT('Ctrl Pts',(-0.768419870969,1.299999999999,0.105028848632));
#3797=CARTESIAN_POINT('Ctrl Pts',(-0.76840504893,1.299999999999,0.102938987782));
#3798=CARTESIAN_POINT('Ctrl Pts',(-0.769126113704,1.299999999999,0.101249423545));
#3799=CARTESIAN_POINT('Ctrl Pts',(-0.770598440044,1.299999999999,0.099928853357));
#3800=CARTESIAN_POINT('Origin',(-1.3,1.3,0.349999999999));
#3801=CARTESIAN_POINT('Origin',(-0.812057550521,1.300099999999,0.098691206509));
#3802=CARTESIAN_POINT('Origin',(-0.854642816928,1.300099999999,0.075087615667));
#3803=CARTESIAN_POINT('Origin',(0.,1.3001,0.));
#3804=CARTESIAN_POINT('Origin',(-0.964285682304,1.300099999999,0.150348098404));
#3805=CARTESIAN_POINT('',(-0.942018138932,1.3,0.145503366677));
#3806=CARTESIAN_POINT('',(-0.94168453244261,1.3,0.0984659015560028));
#3807=CARTESIAN_POINT('',(-0.942018138932,1.3,0.145503366677));
#3808=CARTESIAN_POINT('',(-0.951235361043,1.30005000002581,0.145437994849));
#3809=CARTESIAN_POINT('',(-0.951235361043,1.3,0.145437994849));
#3810=CARTESIAN_POINT('',(-0.968802513209,1.30004999946711,0.139573794288));
#3811=CARTESIAN_POINT('Origin',(2.00502185997795,1.300099999999,-3.79096830230398));
#3812=CARTESIAN_POINT('',(-0.975371292448,1.2999999994413,0.122339575539));
#3813=CARTESIAN_POINT('Origin',(0.259727394103022,1.299999999999,-0.899285063637906));
#3814=CARTESIAN_POINT('',(-0.968726297553001,1.29999999981431,0.104637590196));
#3815=CARTESIAN_POINT('Origin',(0.989269039389073,1.299999999999,1.67971164413269));
#3816=CARTESIAN_POINT('',(-0.950543047094,1.29999999988342,0.0984030738090001));
#3817=CARTESIAN_POINT('Origin',(0.936192950708046,1.30000000055871,2.48700284344066));
#3818=CARTESIAN_POINT('',(-0.941684532443,1.3,0.098465901556));
#3819=CARTESIAN_POINT('Origin',(-1.3,1.3,0.349999999999));
#3820=CARTESIAN_POINT('Origin',(0.,1.3001,0.));
#3821=CARTESIAN_POINT('',(-1.015486137809,1.2999999999995,0.139928954846));
#3822=CARTESIAN_POINT('',(-1.01447151513496,1.29999337246799,0.1442096634255));
#3823=CARTESIAN_POINT('Ctrl Pts',(-1.015486137809,1.3,0.139928954846));
#3824=CARTESIAN_POINT('Ctrl Pts',(-1.015195787316,1.299999999999,0.140773239209));
#3825=CARTESIAN_POINT('Ctrl Pts',(-1.014893822886,1.299999999999,0.142179089339));
#3826=CARTESIAN_POINT('Ctrl Pts',(-1.014565090994,1.299999999999,0.144208999752));
#3827=CARTESIAN_POINT('',(-1.024523504432,1.3,0.114504525229396));
#3828=CARTESIAN_POINT('',(-1.024523504432,1.3,0.11450452523));
#3829=CARTESIAN_POINT('',(-1.00404598728867,1.30005,0.114649759089123));
#3830=CARTESIAN_POINT('',(-1.004045987289,1.3,0.114649759089));
#3831=CARTESIAN_POINT('',(-1.013349489028,1.300049999999,0.139944108722));
#3832=CARTESIAN_POINT('',(-1.013349489028,1.3001,0.139944108722));
#3833=CARTESIAN_POINT('Ctrl Pts',(-1.014377939276,1.3,0.144210327099));
#3834=CARTESIAN_POINT('Ctrl Pts',(-1.014068563479,1.299999999999,0.142372103505));
#3835=CARTESIAN_POINT('Ctrl Pts',(-1.013730871647,1.299999999999,0.140939596524));
#3836=CARTESIAN_POINT('Ctrl Pts',(-1.013349489028,1.299999999999,0.139944108722));
#3837=CARTESIAN_POINT('Origin',(-1.3,1.3,0.349999999999));
#3838=CARTESIAN_POINT('Origin',(-0.658802169422,1.300099999999,0.18928424038));
#3839=CARTESIAN_POINT('',(-0.487408531159,1.30005000003309,0.091917156474));
#3840=CARTESIAN_POINT('',(-0.487648502913,1.30005000003259,0.125752418532));
#3841=CARTESIAN_POINT('Ctrl Pts',(-0.487408531159,1.3,0.091917156474));
#3842=CARTESIAN_POINT('Ctrl Pts',(-0.496951801503,1.29999999999983,0.091849472195));
#3843=CARTESIAN_POINT('Ctrl Pts',(-0.504381532084,1.29999999999967,0.099605318237));
#3844=CARTESIAN_POINT('Ctrl Pts',(-0.504446139791,1.2999999999995,0.108714801685));
#3845=CARTESIAN_POINT('Ctrl Pts',(-0.504513824129,1.29999999999933,0.118258080302));
#3846=CARTESIAN_POINT('Ctrl Pts',(-0.496757994635,1.29999999999917,0.125687810766));
#3847=CARTESIAN_POINT('Ctrl Pts',(-0.487648502913,1.299999999999,0.125752418532));
#3848=CARTESIAN_POINT('Ctrl Pts',(-0.487648502913,1.300099999999,0.125752418532));
#3849=CARTESIAN_POINT('Ctrl Pts',(-0.486468478881004,1.300099999999,0.125760787683526));
#3850=CARTESIAN_POINT('Ctrl Pts',(-0.4852930991343,1.300099999999,0.125645375623192));
#3851=CARTESIAN_POINT('Ctrl Pts',(-0.48300731158357,1.300099999999,0.125174308088628));
#3852=CARTESIAN_POINT('Ctrl Pts',(-0.481904361204143,1.300099999999,0.124825563650488));
#3853=CARTESIAN_POINT('Ctrl Pts',(-0.478807283714844,1.300099999999,0.123486549999101));
#3854=CARTESIAN_POINT('Ctrl Pts',(-0.476956183250515,1.300099999999,0.122211783248379));
#3855=CARTESIAN_POINT('Ctrl Pts',(-0.473910901558497,1.300099999999,0.119094560646093));
#3856=CARTESIAN_POINT('Ctrl Pts',(-0.472716600236256,1.300099999999,0.11729669089271));
#3857=CARTESIAN_POINT('Ctrl Pts',(-0.471054445240009,1.300099999999,0.113298840627151));
#3858=CARTESIAN_POINT('Ctrl Pts',(-0.470626455466204,1.300099999999,0.111148851455556));
#3859=CARTESIAN_POINT('Ctrl Pts',(-0.470595333095795,1.300099999999,0.10676069518732));
#3860=CARTESIAN_POINT('Ctrl Pts',(-0.470992784367607,1.300099999999,0.104604851693251));
#3861=CARTESIAN_POINT('Ctrl Pts',(-0.472598066644976,1.300099999999,0.100583827596276));
#3862=CARTESIAN_POINT('Ctrl Pts',(-0.473766746837799,1.300099999999,0.0987691987345302));
#3863=CARTESIAN_POINT('Ctrl Pts',(-0.476767507494277,1.300099999999,0.0956090954419778));
#3864=CARTESIAN_POINT('Ctrl Pts',(-0.478600340449633,1.300099999999,0.0943082009206184));
#3865=CARTESIAN_POINT('Ctrl Pts',(-0.481678113809146,1.300099999999,0.0929253930232585));
#3866=CARTESIAN_POINT('Ctrl Pts',(-0.482776006642773,1.300099999999,0.0925610394196057));
#3867=CARTESIAN_POINT('Ctrl Pts',(-0.485054882625836,1.300099999999,0.0920575976622552));
#3868=CARTESIAN_POINT('Ctrl Pts',(-0.486228507127004,1.300099999999,0.0919255256255255));
#3869=CARTESIAN_POINT('Ctrl Pts',(-0.487408531159,1.300099999999,0.091917156474));
#3870=CARTESIAN_POINT('Origin',(-1.3,1.3,0.349999999999));
#3871=CARTESIAN_POINT('',(0.,0.,0.));
#3872=CARTESIAN_POINT('',(0.,0.,1.610050799878));
#3873=UNCERTAINTY_MEASURE_WITH_UNIT(LENGTH_MEASURE(0.01),#3881,
'DISTANCE_ACCURACY_VALUE',
'Maximum model space distance between geometric entities at asserted c
onnectivities');
#3874=UNCERTAINTY_MEASURE_WITH_UNIT(LENGTH_MEASURE(0.01),#3881,
'DISTANCE_ACCURACY_VALUE',
'Maximum model space distance between geometric entities at asserted c
onnectivities');
#3875=UNCERTAINTY_MEASURE_WITH_UNIT(LENGTH_MEASURE(0.01),#3881,
'DISTANCE_ACCURACY_VALUE',
'Maximum model space distance between geometric entities at asserted c
onnectivities');
#3876=UNCERTAINTY_MEASURE_WITH_UNIT(LENGTH_MEASURE(0.01),#3881,
'DISTANCE_ACCURACY_VALUE',
'Maximum model space distance between geometric entities at asserted c
onnectivities');
#3877=(
GEOMETRIC_REPRESENTATION_CONTEXT(3)
GLOBAL_UNCERTAINTY_ASSIGNED_CONTEXT((#3873))
GLOBAL_UNIT_ASSIGNED_CONTEXT((#3881,#3883,#3884))
REPRESENTATION_CONTEXT('','3D')
);
#3878=(
GEOMETRIC_REPRESENTATION_CONTEXT(3)
GLOBAL_UNCERTAINTY_ASSIGNED_CONTEXT((#3874))
GLOBAL_UNIT_ASSIGNED_CONTEXT((#3881,#3883,#3884))
REPRESENTATION_CONTEXT('','3D')
);
#3879=(
GEOMETRIC_REPRESENTATION_CONTEXT(3)
GLOBAL_UNCERTAINTY_ASSIGNED_CONTEXT((#3875))
GLOBAL_UNIT_ASSIGNED_CONTEXT((#3881,#3883,#3884))
REPRESENTATION_CONTEXT('','3D')
);
#3880=(
GEOMETRIC_REPRESENTATION_CONTEXT(3)
GLOBAL_UNCERTAINTY_ASSIGNED_CONTEXT((#3876))
GLOBAL_UNIT_ASSIGNED_CONTEXT((#3881,#3883,#3884))
REPRESENTATION_CONTEXT('','3D')
);
#3881=(
LENGTH_UNIT()
NAMED_UNIT(*)
SI_UNIT(.MILLI.,.METRE.)
);
#3882=(
LENGTH_UNIT()
NAMED_UNIT(*)
SI_UNIT($,.METRE.)
);
#3883=(
NAMED_UNIT(*)
PLANE_ANGLE_UNIT()
SI_UNIT($,.RADIAN.)
);
#3884=(
NAMED_UNIT(*)
SI_UNIT($,.STERADIAN.)
SOLID_ANGLE_UNIT()
);
#3885=SHAPE_DEFINITION_REPRESENTATION(#3888,#3893);
#3886=SHAPE_DEFINITION_REPRESENTATION(#3889,#3894);
#3887=SHAPE_DEFINITION_REPRESENTATION(#3890,#3895);
#3888=PRODUCT_DEFINITION_SHAPE('',$,#3897);
#3889=PRODUCT_DEFINITION_SHAPE('',$,#3898);
#3890=PRODUCT_DEFINITION_SHAPE('',$,#3899);
#3891=PRODUCT_DEFINITION_SHAPE($,$,#17);
#3892=PRODUCT_DEFINITION_SHAPE($,$,#18);
#3893=SHAPE_REPRESENTATION('',(#2251,#2401),#3877);
#3894=SHAPE_REPRESENTATION('',(#2252,#2400),#3878);
#3895=SHAPE_REPRESENTATION('',(#2253),#3879);
#3896=PRODUCT_DEFINITION_CONTEXT('part definition',#3907,'design');
#3897=PRODUCT_DEFINITION('EasyEDA PCB Model~EX1o','(Unsaved)',#3900,#3896);
#3898=PRODUCT_DEFINITION(
'RF1~ANT-SMD_KH-IPEX-K501-29~ANT-SMD_KH-IPEX-K501-29~0FHA',
'RF1~ANT-SMD_KH-IPEX-K501-29~ANT-SMD_KH-IPEX-K501-29~0FHA',#3901,#3896);
#3899=PRODUCT_DEFINITION(
'ANT-SMD_KH-IPEX-K501-29~ANT-SMD_KH-IPEX-K501-29~Lgw9',
'ANT-SMD_KH-IPEX-K501-29~ANT-SMD_KH-IPEX-K501-29~Lgw9',#3902,#3896);
#3900=PRODUCT_DEFINITION_FORMATION('',$,#3909);
#3901=PRODUCT_DEFINITION_FORMATION('',$,#3910);
#3902=PRODUCT_DEFINITION_FORMATION('',$,#3911);
#3903=PRODUCT_RELATED_PRODUCT_CATEGORY('(Unsaved)','(Unsaved)',(#3909));
#3904=PRODUCT_RELATED_PRODUCT_CATEGORY(
'RF1~ANT-SMD_KH-IPEX-K501-29~ANT-SMD_KH-IPEX-K501-29~0FHA',
'RF1~ANT-SMD_KH-IPEX-K501-29~ANT-SMD_KH-IPEX-K501-29~0FHA',(#3910));
#3905=PRODUCT_RELATED_PRODUCT_CATEGORY(
'ANT-SMD_KH-IPEX-K501-29~ANT-SMD_KH-IPEX-K501-29~Lgw9',
'ANT-SMD_KH-IPEX-K501-29~ANT-SMD_KH-IPEX-K501-29~Lgw9',(#3911));
#3906=APPLICATION_PROTOCOL_DEFINITION('international standard',
'automotive_design',2009,#3907);
#3907=APPLICATION_CONTEXT(
'Core Data for Automotive Mechanical Design Process');
#3908=PRODUCT_CONTEXT('part definition',#3907,'mechanical');
#3909=PRODUCT('EasyEDA PCB Model~EX1o','(Unsaved)',
'Designed by EasyEDA Pro',(#3908));
#3910=PRODUCT(
'RF1~ANT-SMD_KH-IPEX-K501-29~ANT-SMD_KH-IPEX-K501-29~0FHA',
'RF1~ANT-SMD_KH-IPEX-K501-29~ANT-SMD_KH-IPEX-K501-29~0FHA',$,(#3908));
#3911=PRODUCT('ANT-SMD_KH-IPEX-K501-29~ANT-SMD_KH-IPEX-K501-29~Lgw9',
'ANT-SMD_KH-IPEX-K501-29~ANT-SMD_KH-IPEX-K501-29~Lgw9',$,(#3908));
#3912=PRESENTATION_STYLE_ASSIGNMENT((#3916));
#3913=PRESENTATION_STYLE_ASSIGNMENT((#3917));
#3914=PRESENTATION_STYLE_ASSIGNMENT((#3918));
#3915=PRESENTATION_STYLE_ASSIGNMENT((#3919));
#3916=SURFACE_STYLE_USAGE(.BOTH.,#3920);
#3917=SURFACE_STYLE_USAGE(.BOTH.,#3921);
#3918=SURFACE_STYLE_USAGE(.BOTH.,#3922);
#3919=SURFACE_STYLE_USAGE(.BOTH.,#3923);
#3920=SURFACE_SIDE_STYLE('',(#3924));
#3921=SURFACE_SIDE_STYLE('',(#3925));
#3922=SURFACE_SIDE_STYLE('',(#3926));
#3923=SURFACE_SIDE_STYLE('',(#3927));
#3924=SURFACE_STYLE_FILL_AREA(#3928);
#3925=SURFACE_STYLE_FILL_AREA(#3929);
#3926=SURFACE_STYLE_FILL_AREA(#3930);
#3927=SURFACE_STYLE_FILL_AREA(#3931);
#3928=FILL_AREA_STYLE('Steel - Satin',(#3932));
#3929=FILL_AREA_STYLE('Opaque(255,255,255)',(#3933));
#3930=FILL_AREA_STYLE('Opaque(247,224,153)',(#3934));
#3931=FILL_AREA_STYLE('Opaque(63,63,63)',(#3935));
#3932=FILL_AREA_STYLE_COLOUR('Steel - Satin',#3936);
#3933=FILL_AREA_STYLE_COLOUR('Opaque(255,255,255)',#3937);
#3934=FILL_AREA_STYLE_COLOUR('Opaque(247,224,153)',#3938);
#3935=FILL_AREA_STYLE_COLOUR('Opaque(63,63,63)',#3939);
#3936=COLOUR_RGB('Steel - Satin',0.627450980392157,0.627450980392157,0.627450980392157);
#3937=COLOUR_RGB('Opaque(255,255,255)',1.,1.,1.);
#3938=COLOUR_RGB('Opaque(247,224,153)',0.968627450980392,0.87843137254902,
0.6);
#3939=COLOUR_RGB('Opaque(63,63,63)',0.250980392156863,0.250980392156863,
0.250980392156863);
ENDSEC;
END-ISO-10303-21;
