ISO-10303-21;
HEADER;
/* Generated by software containing ST-Developer
 * from STEP Tools, Inc. (www.steptools.com) 
 */

FILE_DESCRIPTION(
/* description */ ('Designed by EasyEDA Pro'),
/* implementation_level */ '2;1');

FILE_NAME(
/* name */ 'GP-02.step',
/* time_stamp */ '2026-05-17T14:44:53+08:00',
/* author */ (''),
/* organization */ (''),
/* preprocessor_version */ 'ST-DEVELOPER v20.1',
/* originating_system */ 'Autodesk Translation Framework v14.24.0.0',
/* authorisation */ '');

FILE_SCHEMA (('AUTOMOTIVE_DESIGN { 1 0 10303 214 3 1 1 }'));
ENDSEC;

DATA;
#10=MECHANICAL_DESIGN_GEOMETRIC_PRESENTATION_REPRESENTATION('',(#4979,#4980,
#4981,#4982,#4983,#4984,#4985,#4986,#4987,#4988,#4989,#4990,#4991,#4992,
#4993,#4994,#4995,#4996,#4997,#4998,#4999,#5000,#5001,#5002,#5003,#5004,
#5005,#5006,#5007,#5008,#5009,#5010,#5011,#5012,#5013,#5014,#5015,#5016,
#5017,#5018,#5019,#5020,#5021,#5022,#5023,#5024,#5025,#5026,#5027,#5028,
#5029,#5030,#5031,#5032,#5033,#5034,#5035,#5036,#5037,#5038,#5039,#5040,
#5041,#5042,#5043,#5044,#5045,#5046,#5047,#5048,#5049,#5050,#5051,#5052,
#5053,#5054,#5055,#5056,#5057,#5058,#5059,#5060,#5061,#5062,#5063,#5064,
#5065,#5066,#5067,#5068,#5069,#5070,#5071,#5072,#5073,#5074,#5075,#5076,
#5077,#5078,#5079,#5080,#5081,#5082,#5083,#5084,#5085,#5086,#5087,#5088,
#5089,#5090,#5091,#5092,#5093,#5094,#5095,#5096,#5097,#5098,#5099,#5100,
#5101,#5102,#5103,#5104,#5105,#5106,#5107,#5108,#5109,#5110,#5111,#5112,
#5113,#5114,#5115,#5116,#5117,#5118,#5119,#5120,#5121,#5122,#5123,#5124,
#5125,#5126,#5127,#5128,#5129,#5130,#5131,#5132,#5133,#5134,#5135,#5136,
#5137,#5138,#5139,#5140,#5141,#5142,#5143,#5144,#5145,#5146,#5147,#5148,
#5149,#5150,#5151,#5152,#5153,#5154,#5155,#5156,#5157,#5158,#5159,#5160,
#5161,#5162,#5163,#5164,#5165,#5166,#5167,#5168,#5169,#5170,#5171,#5172,
#5173,#5174,#5175,#5176,#5177,#5178,#5179,#5180,#5181,#5182,#5183,#5184,
#5185,#5186,#5187,#5188,#5189,#5190,#5191,#5192,#5193,#5194,#5195,#5196,
#5197,#5198,#5199,#5200,#5201,#5202,#5203,#5204,#5205,#5206,#5207,#5208,
#5209,#5210,#5211,#5212,#5213,#5214,#5215,#5216,#5217,#5218,#5219,#5220,
#5221,#5222,#5223,#5224,#5225,#5226,#5227,#5228,#5229,#5230,#5231,#5232,
#5233,#5234,#5235,#5236,#5237,#5238,#5239,#5240,#5241),#9426);
#11=ITEM_DEFINED_TRANSFORMATION($,$,#5521,#5826);
#12=ITEM_DEFINED_TRANSFORMATION($,$,#5520,#5827);
#13=(
REPRESENTATION_RELATIONSHIP($,$,#9441,#9440)
REPRESENTATION_RELATIONSHIP_WITH_TRANSFORMATION(#11)
SHAPE_REPRESENTATION_RELATIONSHIP()
);
#14=(
REPRESENTATION_RELATIONSHIP($,$,#9440,#9439)
REPRESENTATION_RELATIONSHIP_WITH_TRANSFORMATION(#12)
SHAPE_REPRESENTATION_RELATIONSHIP()
);
#15=CONTEXT_DEPENDENT_SHAPE_REPRESENTATION(#13,#9437);
#16=CONTEXT_DEPENDENT_SHAPE_REPRESENTATION(#14,#9438);
#17=NEXT_ASSEMBLY_USAGE_OCCURRENCE('GPS-SMD_GP-02~GPS-SMD_GP-02~35Id:1',
'GPS-SMD_GP-02~GPS-SMD_GP-02~35Id:1',
'GPS-SMD_GP-02~GPS-SMD_GP-02~35Id:1',#9444,#9445,
'GPS-SMD_GP-02~GPS-SMD_GP-02~35Id:1');
#18=NEXT_ASSEMBLY_USAGE_OCCURRENCE(
'U1~GPS-SMD_GP-02~GPS-SMD_GP-02~gwOO:1',
'U1~GPS-SMD_GP-02~GPS-SMD_GP-02~gwOO:1',
'U1~GPS-SMD_GP-02~GPS-SMD_GP-02~gwOO:1',#9443,#9444,
'U1~GPS-SMD_GP-02~GPS-SMD_GP-02~gwOO:1');
#19=SHAPE_REPRESENTATION_RELATIONSHIP('SRR','None',#9441,#20);
#20=ADVANCED_BREP_SHAPE_REPRESENTATION('',(#21),#9425);
#21=MANIFOLD_SOLID_BREP('Body1',#5506);
#22=B_SPLINE_SURFACE_WITH_KNOTS('',3,1,((#8597,#8598),(#8599,#8600),(#8601,
#8602),(#8603,#8604),(#8605,#8606),(#8607,#8608),(#8609,#8610)),
 .UNSPECIFIED.,.F.,.F.,.F.,(4,1,1,1,4),(2,2),(0.,0.300541113158,0.567747146483,
0.800033613736,1.),(0.,0.00012),.UNSPECIFIED.);
#23=B_SPLINE_SURFACE_WITH_KNOTS('',3,1,((#8624,#8625),(#8626,#8627),(#8628,
#8629),(#8630,#8631),(#8632,#8633),(#8634,#8635),(#8636,#8637)),
 .UNSPECIFIED.,.F.,.F.,.F.,(4,1,1,1,4),(2,2),(0.,0.174481715317,0.398285759128,
0.673897847398,1.),(0.,0.00012),.UNSPECIFIED.);
#24=B_SPLINE_SURFACE_WITH_KNOTS('',3,1,((#8663,#8664),(#8665,#8666),(#8667,
#8668),(#8669,#8670),(#8671,#8672),(#8673,#8674),(#8675,#8676),(#8677,#8678),
(#8679,#8680),(#8681,#8682),(#8683,#8684),(#8685,#8686),(#8687,#8688),(#8689,
#8690),(#8691,#8692),(#8693,#8694),(#8695,#8696),(#8697,#8698),(#8699,#8700)),
 .UNSPECIFIED.,.F.,.F.,.F.,(4,1,1,1,1,1,1,1,1,1,1,1,1,1,1,1,4),(2,2),(0.,
0.068631178676,0.134566466038,0.19832815401,0.26078976664,0.321999151484,
0.382721746503,0.443537474035,0.505133429484,0.566213874764,0.626105864617,
0.68534932216,0.744995870347,0.805415841814,0.867636266345,0.932307782302,
1.),(0.,0.00012),.UNSPECIFIED.);
#25=B_SPLINE_SURFACE_WITH_KNOTS('',3,1,((#8722,#8723),(#8724,#8725),(#8726,
#8727),(#8728,#8729),(#8730,#8731),(#8732,#8733),(#8734,#8735),(#8736,#8737),
(#8738,#8739),(#8740,#8741),(#8742,#8743),(#8744,#8745),(#8746,#8747),(#8748,
#8749),(#8750,#8751),(#8752,#8753),(#8754,#8755),(#8756,#8757),(#8758,#8759)),
 .UNSPECIFIED.,.F.,.F.,.F.,(4,1,1,1,1,1,1,1,1,1,1,1,1,1,1,1,4),(2,2),(0.,
0.068068695844,0.133427432818,0.196146033813,0.257048592449,0.316882663159,
0.376187208666,0.435960335363,0.496535236862,0.55746534348,0.61768686341,
0.677943640696,0.738805284806,0.800949336766,0.86481466747,0.931024781078,
1.),(0.,0.00012),.UNSPECIFIED.);
#26=B_SPLINE_SURFACE_WITH_KNOTS('',3,1,((#8832,#8833),(#8834,#8835),(#8836,
#8837),(#8838,#8839),(#8840,#8841),(#8842,#8843),(#8844,#8845),(#8846,#8847),
(#8848,#8849),(#8850,#8851),(#8852,#8853),(#8854,#8855),(#8856,#8857),(#8858,
#8859),(#8860,#8861),(#8862,#8863),(#8864,#8865),(#8866,#8867),(#8868,#8869)),
 .UNSPECIFIED.,.F.,.F.,.F.,(4,1,1,1,1,1,1,1,1,1,1,1,1,1,1,1,4),(2,2),(0.,
0.074303796442,0.144393610364,0.210499496103,0.273542606503,0.333824744579,
0.392529672408,0.450087454599,0.507820611555,0.565464912776,0.623148722333,
0.68129719279,0.740913498156,0.801855752195,0.86524123772,0.930941657046,
1.),(0.,0.00012),.UNSPECIFIED.);
#27=B_SPLINE_SURFACE_WITH_KNOTS('',3,1,((#8891,#8892),(#8893,#8894),(#8895,
#8896),(#8897,#8898),(#8899,#8900),(#8901,#8902),(#8903,#8904),(#8905,#8906),
(#8907,#8908),(#8909,#8910),(#8911,#8912),(#8913,#8914),(#8915,#8916),(#8917,
#8918),(#8919,#8920),(#8921,#8922),(#8923,#8924),(#8925,#8926),(#8927,#8928)),
 .UNSPECIFIED.,.F.,.F.,.F.,(4,1,1,1,1,1,1,1,1,1,1,1,1,1,1,1,4),(2,2),(0.,
0.070826572555,0.138169033279,0.202475331533,0.263973754413,0.323380320598,
0.381797622713,0.439390074519,0.496902724545,0.554662169609,0.612741878492,
0.671538836391,0.73165572209,0.794297811613,0.859482204979,0.927681325452,
0.999999999999),(0.,0.00012),.UNSPECIFIED.);
#28=B_SPLINE_SURFACE_WITH_KNOTS('',3,1,((#9011,#9012),(#9013,#9014),(#9015,
#9016),(#9017,#9018),(#9019,#9020),(#9021,#9022),(#9023,#9024),(#9025,#9026),
(#9027,#9028),(#9029,#9030),(#9031,#9032)),.UNSPECIFIED.,.F.,.F.,.F.,(4,
1,1,1,1,1,1,1,4),(2,2),(0.,0.112448389908,0.226527675212,0.344401949326,
0.465864972487,0.591659449352,0.722168487024,0.858606387554,1.),(0.,0.00012),
 .UNSPECIFIED.);
#29=B_SPLINE_SURFACE_WITH_KNOTS('',3,1,((#9046,#9047),(#9048,#9049),(#9050,
#9051),(#9052,#9053),(#9054,#9055),(#9056,#9057),(#9058,#9059),(#9060,#9061),
(#9062,#9063),(#9064,#9065),(#9066,#9067),(#9068,#9069),(#9070,#9071),(#9072,
#9073),(#9074,#9075),(#9076,#9077),(#9078,#9079),(#9080,#9081),(#9082,#9083)),
 .UNSPECIFIED.,.F.,.F.,.F.,(4,1,1,1,1,1,1,1,1,1,1,1,1,1,1,1,4),(2,2),(0.,
0.067833248455,0.132655536507,0.19505088405,0.255582933068,0.314799834147,
0.373600472826,0.432545595326,0.492430629283,0.552671255962,0.612513044188,
0.672610250357,0.733838369313,0.796594238567,0.86144979929,0.92919894235,
1.),(0.,0.00012),.UNSPECIFIED.);
#30=B_SPLINE_SURFACE_WITH_KNOTS('',3,1,((#9105,#9106),(#9107,#9108),(#9109,
#9110),(#9111,#9112),(#9113,#9114),(#9115,#9116),(#9117,#9118),(#9119,#9120),
(#9121,#9122),(#9123,#9124),(#9125,#9126),(#9127,#9128),(#9129,#9130),(#9131,
#9132),(#9133,#9134),(#9135,#9136),(#9137,#9138),(#9139,#9140),(#9141,#9142)),
 .UNSPECIFIED.,.F.,.F.,.F.,(4,1,1,1,1,1,1,1,1,1,1,1,1,1,1,1,4),(2,2),(0.,
0.070643718575,0.138256715508,0.203364124217,0.266324093803,0.327904761542,
0.388737715173,0.449423528109,0.510861011459,0.572079396047,0.631734428731,
0.691117210578,0.75036002949,0.810032900531,0.871362450828,0.934427141231,
1.),(0.,0.00012),.UNSPECIFIED.);
#31=B_SPLINE_SURFACE_WITH_KNOTS('',3,1,((#9164,#9165),(#9166,#9167),(#9168,
#9169),(#9170,#9171),(#9172,#9173),(#9174,#9175),(#9176,#9177),(#9178,#9179),
(#9180,#9181),(#9182,#9183),(#9184,#9185)),.UNSPECIFIED.,.F.,.F.,.F.,(4,
1,1,1,1,1,1,1,4),(2,2),(0.,0.145186866472,0.283442610919,0.416524365928,
0.543181123535,0.665153082637,0.781360206312,0.892756655641,1.),(0.,0.00012),
 .UNSPECIFIED.);
#32=B_SPLINE_SURFACE_WITH_KNOTS('',3,1,((#9203,#9204),(#9205,#9206),(#9207,
#9208),(#9209,#9210),(#9211,#9212),(#9213,#9214),(#9215,#9216),(#9217,#9218),
(#9219,#9220),(#9221,#9222),(#9223,#9224)),.UNSPECIFIED.,.F.,.F.,.F.,(4,
1,1,1,1,1,1,1,4),(2,2),(0.,0.125279696735,0.249419970742,0.373356799492,
0.496681278782,0.620202915743,0.745086320161,0.871269195019,1.),(0.,0.00012),
 .UNSPECIFIED.);
#33=B_SPLINE_SURFACE_WITH_KNOTS('',3,1,((#9238,#9239),(#9240,#9241),(#9242,
#9243),(#9244,#9245),(#9246,#9247),(#9248,#9249),(#9250,#9251),(#9252,#9253),
(#9254,#9255),(#9256,#9257),(#9258,#9259),(#9260,#9261),(#9262,#9263),(#9264,
#9265),(#9266,#9267),(#9268,#9269),(#9270,#9271),(#9272,#9273),(#9274,#9275)),
 .UNSPECIFIED.,.F.,.F.,.F.,(4,1,1,1,1,1,1,1,1,1,1,1,1,1,1,1,4),(2,2),(0.,
0.064603970288,0.126702413962,0.186756814035,0.245505687365,0.303652024449,
0.36150307397,0.420240222928,0.480033340776,0.540678134775,0.60119180638,
0.662333502477,0.724739510297,0.789467736172,0.856504860043,0.926312095839,
1.),(0.,0.00012),.UNSPECIFIED.);
#34=B_SPLINE_SURFACE_WITH_KNOTS('',3,1,((#9297,#9298),(#9299,#9300),(#9301,
#9302),(#9303,#9304),(#9305,#9306),(#9307,#9308),(#9309,#9310),(#9311,#9312),
(#9313,#9314),(#9315,#9316),(#9317,#9318),(#9319,#9320),(#9321,#9322),(#9323,
#9324),(#9325,#9326),(#9327,#9328),(#9329,#9330),(#9331,#9332),(#9333,#9334)),
 .UNSPECIFIED.,.F.,.F.,.F.,(4,1,1,1,1,1,1,1,1,1,1,1,1,1,1,1,4),(2,2),(0.,
0.073774119374,0.144079114726,0.211348518308,0.276076885739,0.338520915819,
0.399885116693,0.460254067465,0.520588964391,0.580207684563,0.638632908552,
0.69636454949,0.75400177466,0.812805681374,0.872754425525,0.935181996978,
0.999999999999),(0.,0.00012),.UNSPECIFIED.);
#35=B_SPLINE_SURFACE_WITH_KNOTS('',3,1,((#9356,#9357),(#9358,#9359),(#9360,
#9361),(#9362,#9363),(#9364,#9365),(#9366,#9367),(#9368,#9369),(#9370,#9371),
(#9372,#9373),(#9374,#9375),(#9376,#9377)),.UNSPECIFIED.,.F.,.F.,.F.,(4,
1,1,1,1,1,1,1,4),(2,2),(0.,0.135294604763,0.266765657924,0.394816018835,
0.520051654434,0.64217570297,0.762651820558,0.88183400438,1.),(0.,0.00012),
 .UNSPECIFIED.);
#36=SPHERICAL_SURFACE('',#5763,0.2);
#37=SPHERICAL_SURFACE('',#5765,0.2);
#38=SPHERICAL_SURFACE('',#5775,0.2);
#39=SPHERICAL_SURFACE('',#5777,0.2);
#40=B_SPLINE_CURVE_WITH_KNOTS('',3,(#7410,#7411,#7412,#7413,#7414,#7415,
#7416,#7417,#7418,#7419,#7420),.UNSPECIFIED.,.F.,.F.,(4,1,1,1,1,1,1,1,4),
(0.,0.112448389908,0.226527675212,0.344401949326,0.465864972487,0.591659449352,
0.722168487024,0.858606387554,1.),.UNSPECIFIED.);
#41=B_SPLINE_CURVE_WITH_KNOTS('',3,(#7422,#7423,#7424,#7425,#7426,#7427,
#7428,#7429,#7430,#7431,#7432,#7433,#7434,#7435,#7436,#7437,#7438,#7439,
#7440),.UNSPECIFIED.,.F.,.F.,(4,1,1,1,1,1,1,1,1,1,1,1,1,1,1,1,4),(0.,0.067833248455,
0.132655536507,0.19505088405,0.255582933068,0.314799834147,0.373600472826,
0.432545595326,0.492430629283,0.552671255962,0.612513044188,0.672610250357,
0.733838369313,0.796594238567,0.86144979929,0.92919894235,1.),
 .UNSPECIFIED.);
#42=B_SPLINE_CURVE_WITH_KNOTS('',3,(#7442,#7443,#7444,#7445,#7446,#7447,
#7448,#7449,#7450,#7451,#7452,#7453,#7454,#7455,#7456,#7457,#7458,#7459,
#7460),.UNSPECIFIED.,.F.,.F.,(4,1,1,1,1,1,1,1,1,1,1,1,1,1,1,1,4),(0.,0.070643718575,
0.138256715508,0.203364124217,0.266324093803,0.327904761542,0.388737715173,
0.449423528109,0.510861011459,0.572079396047,0.631734428731,0.691117210578,
0.75036002949,0.810032900531,0.871362450828,0.934427141231,1.),
 .UNSPECIFIED.);
#43=B_SPLINE_CURVE_WITH_KNOTS('',3,(#7462,#7463,#7464,#7465,#7466,#7467,
#7468,#7469,#7470,#7471,#7472),.UNSPECIFIED.,.F.,.F.,(4,1,1,1,1,1,1,1,4),
(0.,0.145186866472,0.283442610919,0.416524365928,0.543181123535,0.665153082637,
0.781360206312,0.892756655641,1.),.UNSPECIFIED.);
#44=B_SPLINE_CURVE_WITH_KNOTS('',3,(#7476,#7477,#7478,#7479,#7480,#7481,
#7482,#7483,#7484,#7485,#7486),.UNSPECIFIED.,.F.,.F.,(4,1,1,1,1,1,1,1,4),
(0.,0.125279696735,0.249419970742,0.373356799492,0.496681278782,0.620202915743,
0.745086320161,0.871269195019,1.),.UNSPECIFIED.);
#45=B_SPLINE_CURVE_WITH_KNOTS('',3,(#7488,#7489,#7490,#7491,#7492,#7493,
#7494,#7495,#7496,#7497,#7498,#7499,#7500,#7501,#7502,#7503,#7504,#7505,
#7506),.UNSPECIFIED.,.F.,.F.,(4,1,1,1,1,1,1,1,1,1,1,1,1,1,1,1,4),(0.,0.064603970288,
0.126702413962,0.186756814035,0.245505687365,0.303652024449,0.36150307397,
0.420240222928,0.480033340776,0.540678134775,0.60119180638,0.662333502477,
0.724739510297,0.789467736172,0.856504860043,0.926312095839,1.),
 .UNSPECIFIED.);
#46=B_SPLINE_CURVE_WITH_KNOTS('',3,(#7508,#7509,#7510,#7511,#7512,#7513,
#7514,#7515,#7516,#7517,#7518,#7519,#7520,#7521,#7522,#7523,#7524,#7525,
#7526),.UNSPECIFIED.,.F.,.F.,(4,1,1,1,1,1,1,1,1,1,1,1,1,1,1,1,4),(0.,0.073774119374,
0.144079114726,0.211348518308,0.276076885739,0.338520915819,0.399885116693,
0.460254067465,0.520588964391,0.580207684563,0.638632908552,0.69636454949,
0.75400177466,0.812805681374,0.872754425525,0.935181996978,0.999999999999),
 .UNSPECIFIED.);
#47=B_SPLINE_CURVE_WITH_KNOTS('',3,(#7527,#7528,#7529,#7530,#7531,#7532,
#7533,#7534,#7535,#7536,#7537),.UNSPECIFIED.,.F.,.F.,(4,1,1,1,1,1,1,1,4),
(0.,0.135294604763,0.266765657924,0.394816018835,0.520051654434,0.64217570297,
0.762651820558,0.88183400438,1.),.UNSPECIFIED.);
#48=B_SPLINE_CURVE_WITH_KNOTS('',3,(#7546,#7547,#7548,#7549,#7550,#7551,
#7552,#7553,#7554,#7555,#7556,#7557,#7558,#7559,#7560,#7561,#7562,#7563,
#7564),.UNSPECIFIED.,.F.,.F.,(4,1,1,1,1,1,1,1,1,1,1,1,1,1,1,1,4),(0.,0.068631178676,
0.134566466038,0.19832815401,0.26078976664,0.321999151484,0.382721746503,
0.443537474035,0.505133429484,0.566213874764,0.626105864617,0.68534932216,
0.744995870347,0.805415841814,0.867636266345,0.932307782302,1.),
 .UNSPECIFIED.);
#49=B_SPLINE_CURVE_WITH_KNOTS('',3,(#7565,#7566,#7567,#7568,#7569,#7570,
#7571,#7572,#7573,#7574,#7575,#7576,#7577,#7578,#7579,#7580,#7581,#7582,
#7583),.UNSPECIFIED.,.F.,.F.,(4,1,1,1,1,1,1,1,1,1,1,1,1,1,1,1,4),(0.,0.068068695844,
0.133427432818,0.196146033813,0.257048592449,0.316882663159,0.376187208666,
0.435960335363,0.496535236862,0.55746534348,0.61768686341,0.677943640696,
0.738805284806,0.800949336766,0.86481466747,0.931024781078,1.),
 .UNSPECIFIED.);
#50=B_SPLINE_CURVE_WITH_KNOTS('',3,(#8569,#8570,#8571,#8572,#8573,#8574,
#8575),.UNSPECIFIED.,.F.,.F.,(4,1,1,1,4),(0.,0.300541113158,0.567747146483,
0.800033613736,1.),.UNSPECIFIED.);
#51=B_SPLINE_CURVE_WITH_KNOTS('',3,(#8579,#8580,#8581,#8582,#8583,#8584,
#8585),.UNSPECIFIED.,.F.,.F.,(4,1,1,1,4),(0.,0.174481715317,0.398285759128,
0.673897847398,1.),.UNSPECIFIED.);
#52=B_SPLINE_CURVE_WITH_KNOTS('',3,(#8612,#8613,#8614,#8615,#8616,#8617,
#8618),.UNSPECIFIED.,.F.,.F.,(4,1,1,1,4),(0.,0.300541113158,0.567747146483,
0.800033613736,1.),.UNSPECIFIED.);
#53=B_SPLINE_CURVE_WITH_KNOTS('',3,(#8639,#8640,#8641,#8642,#8643,#8644,
#8645),.UNSPECIFIED.,.F.,.F.,(4,1,1,1,4),(0.,0.174481715317,0.398285759128,
0.673897847398,1.),.UNSPECIFIED.);
#54=B_SPLINE_CURVE_WITH_KNOTS('',3,(#8702,#8703,#8704,#8705,#8706,#8707,
#8708,#8709,#8710,#8711,#8712,#8713,#8714,#8715,#8716,#8717,#8718,#8719,
#8720),.UNSPECIFIED.,.F.,.F.,(4,1,1,1,1,1,1,1,1,1,1,1,1,1,1,1,4),(0.,0.068631178676,
0.134566466038,0.19832815401,0.26078976664,0.321999151484,0.382721746503,
0.443537474035,0.505133429484,0.566213874764,0.626105864617,0.68534932216,
0.744995870347,0.805415841814,0.867636266345,0.932307782302,1.),
 .UNSPECIFIED.);
#55=B_SPLINE_CURVE_WITH_KNOTS('',3,(#8760,#8761,#8762,#8763,#8764,#8765,
#8766,#8767,#8768,#8769,#8770,#8771,#8772,#8773,#8774,#8775,#8776,#8777,
#8778),.UNSPECIFIED.,.F.,.F.,(4,1,1,1,1,1,1,1,1,1,1,1,1,1,1,1,4),(0.,0.068068695844,
0.133427432818,0.196146033813,0.257048592449,0.316882663159,0.376187208666,
0.435960335363,0.496535236862,0.55746534348,0.61768686341,0.677943640696,
0.738805284806,0.800949336766,0.86481466747,0.931024781078,1.),
 .UNSPECIFIED.);
#56=B_SPLINE_CURVE_WITH_KNOTS('',3,(#8782,#8783,#8784,#8785,#8786,#8787,
#8788,#8789,#8790,#8791,#8792,#8793,#8794,#8795,#8796,#8797,#8798,#8799,
#8800),.UNSPECIFIED.,.F.,.F.,(4,1,1,1,1,1,1,1,1,1,1,1,1,1,1,1,4),(0.,0.074303796442,
0.144393610364,0.210499496103,0.273542606503,0.333824744579,0.392529672408,
0.450087454599,0.507820611555,0.565464912776,0.623148722333,0.68129719279,
0.740913498156,0.801855752195,0.86524123772,0.930941657046,1.),
 .UNSPECIFIED.);
#57=B_SPLINE_CURVE_WITH_KNOTS('',3,(#8802,#8803,#8804,#8805,#8806,#8807,
#8808,#8809,#8810,#8811,#8812,#8813,#8814,#8815,#8816,#8817,#8818,#8819,
#8820),.UNSPECIFIED.,.F.,.F.,(4,1,1,1,1,1,1,1,1,1,1,1,1,1,1,1,4),(0.,0.070826572555,
0.138169033279,0.202475331533,0.263973754413,0.323380320598,0.381797622713,
0.439390074519,0.496902724545,0.554662169609,0.612741878492,0.671538836391,
0.73165572209,0.794297811613,0.859482204979,0.927681325452,0.999999999999),
 .UNSPECIFIED.);
#58=B_SPLINE_CURVE_WITH_KNOTS('',3,(#8871,#8872,#8873,#8874,#8875,#8876,
#8877,#8878,#8879,#8880,#8881,#8882,#8883,#8884,#8885,#8886,#8887,#8888,
#8889),.UNSPECIFIED.,.F.,.F.,(4,1,1,1,1,1,1,1,1,1,1,1,1,1,1,1,4),(0.,0.074303796442,
0.144393610364,0.210499496103,0.273542606503,0.333824744579,0.392529672408,
0.450087454599,0.507820611555,0.565464912776,0.623148722333,0.68129719279,
0.740913498156,0.801855752195,0.86524123772,0.930941657046,1.),
 .UNSPECIFIED.);
#59=B_SPLINE_CURVE_WITH_KNOTS('',3,(#8930,#8931,#8932,#8933,#8934,#8935,
#8936,#8937,#8938,#8939,#8940,#8941,#8942,#8943,#8944,#8945,#8946,#8947,
#8948),.UNSPECIFIED.,.F.,.F.,(4,1,1,1,1,1,1,1,1,1,1,1,1,1,1,1,4),(0.,0.070826572555,
0.138169033279,0.202475331533,0.263973754413,0.323380320598,0.381797622713,
0.439390074519,0.496902724545,0.554662169609,0.612741878492,0.671538836391,
0.73165572209,0.794297811613,0.859482204979,0.927681325452,0.999999999999),
 .UNSPECIFIED.);
#60=B_SPLINE_CURVE_WITH_KNOTS('',3,(#9034,#9035,#9036,#9037,#9038,#9039,
#9040,#9041,#9042,#9043,#9044),.UNSPECIFIED.,.F.,.F.,(4,1,1,1,1,1,1,1,4),
(0.,0.112448389908,0.226527675212,0.344401949326,0.465864972487,0.591659449352,
0.722168487024,0.858606387554,1.),.UNSPECIFIED.);
#61=B_SPLINE_CURVE_WITH_KNOTS('',3,(#9085,#9086,#9087,#9088,#9089,#9090,
#9091,#9092,#9093,#9094,#9095,#9096,#9097,#9098,#9099,#9100,#9101,#9102,
#9103),.UNSPECIFIED.,.F.,.F.,(4,1,1,1,1,1,1,1,1,1,1,1,1,1,1,1,4),(0.,0.067833248455,
0.132655536507,0.19505088405,0.255582933068,0.314799834147,0.373600472826,
0.432545595326,0.492430629283,0.552671255962,0.612513044188,0.672610250357,
0.733838369313,0.796594238567,0.86144979929,0.92919894235,1.),
 .UNSPECIFIED.);
#62=B_SPLINE_CURVE_WITH_KNOTS('',3,(#9144,#9145,#9146,#9147,#9148,#9149,
#9150,#9151,#9152,#9153,#9154,#9155,#9156,#9157,#9158,#9159,#9160,#9161,
#9162),.UNSPECIFIED.,.F.,.F.,(4,1,1,1,1,1,1,1,1,1,1,1,1,1,1,1,4),(0.,0.070643718575,
0.138256715508,0.203364124217,0.266324093803,0.327904761542,0.388737715173,
0.449423528109,0.510861011459,0.572079396047,0.631734428731,0.691117210578,
0.75036002949,0.810032900531,0.871362450828,0.934427141231,1.),
 .UNSPECIFIED.);
#63=B_SPLINE_CURVE_WITH_KNOTS('',3,(#9187,#9188,#9189,#9190,#9191,#9192,
#9193,#9194,#9195,#9196,#9197),.UNSPECIFIED.,.F.,.F.,(4,1,1,1,1,1,1,1,4),
(0.,0.145186866472,0.283442610919,0.416524365928,0.543181123535,0.665153082637,
0.781360206312,0.892756655641,1.),.UNSPECIFIED.);
#64=B_SPLINE_CURVE_WITH_KNOTS('',3,(#9226,#9227,#9228,#9229,#9230,#9231,
#9232,#9233,#9234,#9235,#9236),.UNSPECIFIED.,.F.,.F.,(4,1,1,1,1,1,1,1,4),
(0.,0.125279696735,0.249419970742,0.373356799492,0.496681278782,0.620202915743,
0.745086320161,0.871269195019,1.),.UNSPECIFIED.);
#65=B_SPLINE_CURVE_WITH_KNOTS('',3,(#9277,#9278,#9279,#9280,#9281,#9282,
#9283,#9284,#9285,#9286,#9287,#9288,#9289,#9290,#9291,#9292,#9293,#9294,
#9295),.UNSPECIFIED.,.F.,.F.,(4,1,1,1,1,1,1,1,1,1,1,1,1,1,1,1,4),(0.,0.064603970288,
0.126702413962,0.186756814035,0.245505687365,0.303652024449,0.36150307397,
0.420240222928,0.480033340776,0.540678134775,0.60119180638,0.662333502477,
0.724739510297,0.789467736172,0.856504860043,0.926312095839,1.),
 .UNSPECIFIED.);
#66=B_SPLINE_CURVE_WITH_KNOTS('',3,(#9336,#9337,#9338,#9339,#9340,#9341,
#9342,#9343,#9344,#9345,#9346,#9347,#9348,#9349,#9350,#9351,#9352,#9353,
#9354),.UNSPECIFIED.,.F.,.F.,(4,1,1,1,1,1,1,1,1,1,1,1,1,1,1,1,4),(0.,0.073774119374,
0.144079114726,0.211348518308,0.276076885739,0.338520915819,0.399885116693,
0.460254067465,0.520588964391,0.580207684563,0.638632908552,0.69636454949,
0.75400177466,0.812805681374,0.872754425525,0.935181996978,0.999999999999),
 .UNSPECIFIED.);
#67=B_SPLINE_CURVE_WITH_KNOTS('',3,(#9378,#9379,#9380,#9381,#9382,#9383,
#9384,#9385,#9386,#9387,#9388),.UNSPECIFIED.,.F.,.F.,(4,1,1,1,1,1,1,1,4),
(0.,0.135294604763,0.266765657924,0.394816018835,0.520051654434,0.64217570297,
0.762651820558,0.88183400438,1.),.UNSPECIFIED.);
#68=FACE_BOUND('',#571,.T.);
#69=FACE_BOUND('',#572,.T.);
#70=FACE_BOUND('',#573,.T.);
#71=FACE_BOUND('',#574,.T.);
#72=FACE_BOUND('',#575,.T.);
#73=FACE_BOUND('',#612,.T.);
#74=FACE_BOUND('',#629,.T.);
#75=FACE_BOUND('',#781,.T.);
#76=FACE_BOUND('',#794,.T.);
#77=PLANE('',#5552);
#78=PLANE('',#5553);
#79=PLANE('',#5554);
#80=PLANE('',#5555);
#81=PLANE('',#5556);
#82=PLANE('',#5557);
#83=PLANE('',#5558);
#84=PLANE('',#5559);
#85=PLANE('',#5560);
#86=PLANE('',#5561);
#87=PLANE('',#5562);
#88=PLANE('',#5563);
#89=PLANE('',#5564);
#90=PLANE('',#5565);
#91=PLANE('',#5566);
#92=PLANE('',#5567);
#93=PLANE('',#5568);
#94=PLANE('',#5569);
#95=PLANE('',#5570);
#96=PLANE('',#5571);
#97=PLANE('',#5572);
#98=PLANE('',#5573);
#99=PLANE('',#5574);
#100=PLANE('',#5575);
#101=PLANE('',#5576);
#102=PLANE('',#5577);
#103=PLANE('',#5578);
#104=PLANE('',#5579);
#105=PLANE('',#5580);
#106=PLANE('',#5581);
#107=PLANE('',#5582);
#108=PLANE('',#5583);
#109=PLANE('',#5584);
#110=PLANE('',#5585);
#111=PLANE('',#5586);
#112=PLANE('',#5587);
#113=PLANE('',#5588);
#114=PLANE('',#5593);
#115=PLANE('',#5594);
#116=PLANE('',#5595);
#117=PLANE('',#5596);
#118=PLANE('',#5597);
#119=PLANE('',#5598);
#120=PLANE('',#5599);
#121=PLANE('',#5600);
#122=PLANE('',#5601);
#123=PLANE('',#5602);
#124=PLANE('',#5603);
#125=PLANE('',#5604);
#126=PLANE('',#5605);
#127=PLANE('',#5606);
#128=PLANE('',#5607);
#129=PLANE('',#5608);
#130=PLANE('',#5609);
#131=PLANE('',#5611);
#132=PLANE('',#5612);
#133=PLANE('',#5613);
#134=PLANE('',#5614);
#135=PLANE('',#5615);
#136=PLANE('',#5616);
#137=PLANE('',#5618);
#138=PLANE('',#5619);
#139=PLANE('',#5621);
#140=PLANE('',#5622);
#141=PLANE('',#5623);
#142=PLANE('',#5624);
#143=PLANE('',#5625);
#144=PLANE('',#5626);
#145=PLANE('',#5628);
#146=PLANE('',#5630);
#147=PLANE('',#5631);
#148=PLANE('',#5632);
#149=PLANE('',#5633);
#150=PLANE('',#5634);
#151=PLANE('',#5635);
#152=PLANE('',#5637);
#153=PLANE('',#5639);
#154=PLANE('',#5640);
#155=PLANE('',#5641);
#156=PLANE('',#5642);
#157=PLANE('',#5643);
#158=PLANE('',#5644);
#159=PLANE('',#5646);
#160=PLANE('',#5648);
#161=PLANE('',#5649);
#162=PLANE('',#5650);
#163=PLANE('',#5651);
#164=PLANE('',#5652);
#165=PLANE('',#5653);
#166=PLANE('',#5655);
#167=PLANE('',#5657);
#168=PLANE('',#5658);
#169=PLANE('',#5659);
#170=PLANE('',#5660);
#171=PLANE('',#5661);
#172=PLANE('',#5662);
#173=PLANE('',#5664);
#174=PLANE('',#5666);
#175=PLANE('',#5667);
#176=PLANE('',#5668);
#177=PLANE('',#5669);
#178=PLANE('',#5670);
#179=PLANE('',#5671);
#180=PLANE('',#5673);
#181=PLANE('',#5675);
#182=PLANE('',#5676);
#183=PLANE('',#5677);
#184=PLANE('',#5678);
#185=PLANE('',#5679);
#186=PLANE('',#5680);
#187=PLANE('',#5682);
#188=PLANE('',#5684);
#189=PLANE('',#5685);
#190=PLANE('',#5686);
#191=PLANE('',#5687);
#192=PLANE('',#5688);
#193=PLANE('',#5689);
#194=PLANE('',#5691);
#195=PLANE('',#5692);
#196=PLANE('',#5693);
#197=PLANE('',#5694);
#198=PLANE('',#5695);
#199=PLANE('',#5696);
#200=PLANE('',#5697);
#201=PLANE('',#5698);
#202=PLANE('',#5708);
#203=PLANE('',#5709);
#204=PLANE('',#5710);
#205=PLANE('',#5711);
#206=PLANE('',#5712);
#207=PLANE('',#5713);
#208=PLANE('',#5714);
#209=PLANE('',#5715);
#210=PLANE('',#5716);
#211=PLANE('',#5717);
#212=PLANE('',#5718);
#213=PLANE('',#5719);
#214=PLANE('',#5720);
#215=PLANE('',#5721);
#216=PLANE('',#5722);
#217=PLANE('',#5723);
#218=PLANE('',#5724);
#219=PLANE('',#5725);
#220=PLANE('',#5726);
#221=PLANE('',#5727);
#222=PLANE('',#5728);
#223=PLANE('',#5729);
#224=PLANE('',#5730);
#225=PLANE('',#5731);
#226=PLANE('',#5732);
#227=PLANE('',#5733);
#228=PLANE('',#5734);
#229=PLANE('',#5735);
#230=PLANE('',#5736);
#231=PLANE('',#5737);
#232=PLANE('',#5738);
#233=PLANE('',#5739);
#234=PLANE('',#5740);
#235=PLANE('',#5741);
#236=PLANE('',#5742);
#237=PLANE('',#5743);
#238=PLANE('',#5744);
#239=PLANE('',#5745);
#240=PLANE('',#5746);
#241=PLANE('',#5747);
#242=PLANE('',#5748);
#243=PLANE('',#5749);
#244=PLANE('',#5750);
#245=PLANE('',#5751);
#246=PLANE('',#5752);
#247=PLANE('',#5753);
#248=PLANE('',#5754);
#249=PLANE('',#5755);
#250=PLANE('',#5780);
#251=PLANE('',#5781);
#252=PLANE('',#5782);
#253=PLANE('',#5783);
#254=PLANE('',#5784);
#255=PLANE('',#5785);
#256=PLANE('',#5786);
#257=PLANE('',#5787);
#258=PLANE('',#5788);
#259=PLANE('',#5789);
#260=PLANE('',#5790);
#261=PLANE('',#5791);
#262=PLANE('',#5792);
#263=PLANE('',#5793);
#264=PLANE('',#5794);
#265=PLANE('',#5795);
#266=PLANE('',#5796);
#267=PLANE('',#5797);
#268=PLANE('',#5798);
#269=PLANE('',#5799);
#270=PLANE('',#5800);
#271=PLANE('',#5801);
#272=PLANE('',#5802);
#273=PLANE('',#5803);
#274=PLANE('',#5804);
#275=PLANE('',#5805);
#276=PLANE('',#5806);
#277=PLANE('',#5807);
#278=PLANE('',#5808);
#279=PLANE('',#5809);
#280=PLANE('',#5810);
#281=PLANE('',#5811);
#282=PLANE('',#5812);
#283=PLANE('',#5813);
#284=PLANE('',#5814);
#285=PLANE('',#5815);
#286=PLANE('',#5816);
#287=PLANE('',#5817);
#288=PLANE('',#5818);
#289=PLANE('',#5819);
#290=PLANE('',#5820);
#291=PLANE('',#5821);
#292=PLANE('',#5822);
#293=PLANE('',#5823);
#294=PLANE('',#5824);
#295=PLANE('',#5825);
#296=FACE_OUTER_BOUND('',#560,.T.);
#297=FACE_OUTER_BOUND('',#561,.T.);
#298=FACE_OUTER_BOUND('',#562,.T.);
#299=FACE_OUTER_BOUND('',#563,.T.);
#300=FACE_OUTER_BOUND('',#564,.T.);
#301=FACE_OUTER_BOUND('',#565,.T.);
#302=FACE_OUTER_BOUND('',#566,.T.);
#303=FACE_OUTER_BOUND('',#567,.T.);
#304=FACE_OUTER_BOUND('',#568,.T.);
#305=FACE_OUTER_BOUND('',#569,.T.);
#306=FACE_OUTER_BOUND('',#570,.T.);
#307=FACE_OUTER_BOUND('',#576,.T.);
#308=FACE_OUTER_BOUND('',#577,.T.);
#309=FACE_OUTER_BOUND('',#578,.T.);
#310=FACE_OUTER_BOUND('',#579,.T.);
#311=FACE_OUTER_BOUND('',#580,.T.);
#312=FACE_OUTER_BOUND('',#581,.T.);
#313=FACE_OUTER_BOUND('',#582,.T.);
#314=FACE_OUTER_BOUND('',#583,.T.);
#315=FACE_OUTER_BOUND('',#584,.T.);
#316=FACE_OUTER_BOUND('',#585,.T.);
#317=FACE_OUTER_BOUND('',#586,.T.);
#318=FACE_OUTER_BOUND('',#587,.T.);
#319=FACE_OUTER_BOUND('',#588,.T.);
#320=FACE_OUTER_BOUND('',#589,.T.);
#321=FACE_OUTER_BOUND('',#590,.T.);
#322=FACE_OUTER_BOUND('',#591,.T.);
#323=FACE_OUTER_BOUND('',#592,.T.);
#324=FACE_OUTER_BOUND('',#593,.T.);
#325=FACE_OUTER_BOUND('',#594,.T.);
#326=FACE_OUTER_BOUND('',#595,.T.);
#327=FACE_OUTER_BOUND('',#596,.T.);
#328=FACE_OUTER_BOUND('',#597,.T.);
#329=FACE_OUTER_BOUND('',#598,.T.);
#330=FACE_OUTER_BOUND('',#599,.T.);
#331=FACE_OUTER_BOUND('',#600,.T.);
#332=FACE_OUTER_BOUND('',#601,.T.);
#333=FACE_OUTER_BOUND('',#602,.T.);
#334=FACE_OUTER_BOUND('',#603,.T.);
#335=FACE_OUTER_BOUND('',#604,.T.);
#336=FACE_OUTER_BOUND('',#605,.T.);
#337=FACE_OUTER_BOUND('',#606,.T.);
#338=FACE_OUTER_BOUND('',#607,.T.);
#339=FACE_OUTER_BOUND('',#608,.T.);
#340=FACE_OUTER_BOUND('',#609,.T.);
#341=FACE_OUTER_BOUND('',#610,.T.);
#342=FACE_OUTER_BOUND('',#611,.T.);
#343=FACE_OUTER_BOUND('',#613,.T.);
#344=FACE_OUTER_BOUND('',#614,.T.);
#345=FACE_OUTER_BOUND('',#615,.T.);
#346=FACE_OUTER_BOUND('',#616,.T.);
#347=FACE_OUTER_BOUND('',#617,.T.);
#348=FACE_OUTER_BOUND('',#618,.T.);
#349=FACE_OUTER_BOUND('',#619,.T.);
#350=FACE_OUTER_BOUND('',#620,.T.);
#351=FACE_OUTER_BOUND('',#621,.T.);
#352=FACE_OUTER_BOUND('',#622,.T.);
#353=FACE_OUTER_BOUND('',#623,.T.);
#354=FACE_OUTER_BOUND('',#624,.T.);
#355=FACE_OUTER_BOUND('',#625,.T.);
#356=FACE_OUTER_BOUND('',#626,.T.);
#357=FACE_OUTER_BOUND('',#627,.T.);
#358=FACE_OUTER_BOUND('',#628,.T.);
#359=FACE_OUTER_BOUND('',#630,.T.);
#360=FACE_OUTER_BOUND('',#631,.T.);
#361=FACE_OUTER_BOUND('',#632,.T.);
#362=FACE_OUTER_BOUND('',#633,.T.);
#363=FACE_OUTER_BOUND('',#634,.T.);
#364=FACE_OUTER_BOUND('',#635,.T.);
#365=FACE_OUTER_BOUND('',#636,.T.);
#366=FACE_OUTER_BOUND('',#637,.T.);
#367=FACE_OUTER_BOUND('',#638,.T.);
#368=FACE_OUTER_BOUND('',#639,.T.);
#369=FACE_OUTER_BOUND('',#640,.T.);
#370=FACE_OUTER_BOUND('',#641,.T.);
#371=FACE_OUTER_BOUND('',#642,.T.);
#372=FACE_OUTER_BOUND('',#643,.T.);
#373=FACE_OUTER_BOUND('',#644,.T.);
#374=FACE_OUTER_BOUND('',#645,.T.);
#375=FACE_OUTER_BOUND('',#646,.T.);
#376=FACE_OUTER_BOUND('',#647,.T.);
#377=FACE_OUTER_BOUND('',#648,.T.);
#378=FACE_OUTER_BOUND('',#649,.T.);
#379=FACE_OUTER_BOUND('',#650,.T.);
#380=FACE_OUTER_BOUND('',#651,.T.);
#381=FACE_OUTER_BOUND('',#652,.T.);
#382=FACE_OUTER_BOUND('',#653,.T.);
#383=FACE_OUTER_BOUND('',#654,.T.);
#384=FACE_OUTER_BOUND('',#655,.T.);
#385=FACE_OUTER_BOUND('',#656,.T.);
#386=FACE_OUTER_BOUND('',#657,.T.);
#387=FACE_OUTER_BOUND('',#658,.T.);
#388=FACE_OUTER_BOUND('',#659,.T.);
#389=FACE_OUTER_BOUND('',#660,.T.);
#390=FACE_OUTER_BOUND('',#661,.T.);
#391=FACE_OUTER_BOUND('',#662,.T.);
#392=FACE_OUTER_BOUND('',#663,.T.);
#393=FACE_OUTER_BOUND('',#664,.T.);
#394=FACE_OUTER_BOUND('',#665,.T.);
#395=FACE_OUTER_BOUND('',#666,.T.);
#396=FACE_OUTER_BOUND('',#667,.T.);
#397=FACE_OUTER_BOUND('',#668,.T.);
#398=FACE_OUTER_BOUND('',#669,.T.);
#399=FACE_OUTER_BOUND('',#670,.T.);
#400=FACE_OUTER_BOUND('',#671,.T.);
#401=FACE_OUTER_BOUND('',#672,.T.);
#402=FACE_OUTER_BOUND('',#673,.T.);
#403=FACE_OUTER_BOUND('',#674,.T.);
#404=FACE_OUTER_BOUND('',#675,.T.);
#405=FACE_OUTER_BOUND('',#676,.T.);
#406=FACE_OUTER_BOUND('',#677,.T.);
#407=FACE_OUTER_BOUND('',#678,.T.);
#408=FACE_OUTER_BOUND('',#679,.T.);
#409=FACE_OUTER_BOUND('',#680,.T.);
#410=FACE_OUTER_BOUND('',#681,.T.);
#411=FACE_OUTER_BOUND('',#682,.T.);
#412=FACE_OUTER_BOUND('',#683,.T.);
#413=FACE_OUTER_BOUND('',#684,.T.);
#414=FACE_OUTER_BOUND('',#685,.T.);
#415=FACE_OUTER_BOUND('',#686,.T.);
#416=FACE_OUTER_BOUND('',#687,.T.);
#417=FACE_OUTER_BOUND('',#688,.T.);
#418=FACE_OUTER_BOUND('',#689,.T.);
#419=FACE_OUTER_BOUND('',#690,.T.);
#420=FACE_OUTER_BOUND('',#691,.T.);
#421=FACE_OUTER_BOUND('',#692,.T.);
#422=FACE_OUTER_BOUND('',#693,.T.);
#423=FACE_OUTER_BOUND('',#694,.T.);
#424=FACE_OUTER_BOUND('',#695,.T.);
#425=FACE_OUTER_BOUND('',#696,.T.);
#426=FACE_OUTER_BOUND('',#697,.T.);
#427=FACE_OUTER_BOUND('',#698,.T.);
#428=FACE_OUTER_BOUND('',#699,.T.);
#429=FACE_OUTER_BOUND('',#700,.T.);
#430=FACE_OUTER_BOUND('',#701,.T.);
#431=FACE_OUTER_BOUND('',#702,.T.);
#432=FACE_OUTER_BOUND('',#703,.T.);
#433=FACE_OUTER_BOUND('',#704,.T.);
#434=FACE_OUTER_BOUND('',#705,.T.);
#435=FACE_OUTER_BOUND('',#706,.T.);
#436=FACE_OUTER_BOUND('',#707,.T.);
#437=FACE_OUTER_BOUND('',#708,.T.);
#438=FACE_OUTER_BOUND('',#709,.T.);
#439=FACE_OUTER_BOUND('',#710,.T.);
#440=FACE_OUTER_BOUND('',#711,.T.);
#441=FACE_OUTER_BOUND('',#712,.T.);
#442=FACE_OUTER_BOUND('',#713,.T.);
#443=FACE_OUTER_BOUND('',#714,.T.);
#444=FACE_OUTER_BOUND('',#715,.T.);
#445=FACE_OUTER_BOUND('',#716,.T.);
#446=FACE_OUTER_BOUND('',#717,.T.);
#447=FACE_OUTER_BOUND('',#718,.T.);
#448=FACE_OUTER_BOUND('',#719,.T.);
#449=FACE_OUTER_BOUND('',#720,.T.);
#450=FACE_OUTER_BOUND('',#721,.T.);
#451=FACE_OUTER_BOUND('',#722,.T.);
#452=FACE_OUTER_BOUND('',#723,.T.);
#453=FACE_OUTER_BOUND('',#724,.T.);
#454=FACE_OUTER_BOUND('',#725,.T.);
#455=FACE_OUTER_BOUND('',#726,.T.);
#456=FACE_OUTER_BOUND('',#727,.T.);
#457=FACE_OUTER_BOUND('',#728,.T.);
#458=FACE_OUTER_BOUND('',#729,.T.);
#459=FACE_OUTER_BOUND('',#730,.T.);
#460=FACE_OUTER_BOUND('',#731,.T.);
#461=FACE_OUTER_BOUND('',#732,.T.);
#462=FACE_OUTER_BOUND('',#733,.T.);
#463=FACE_OUTER_BOUND('',#734,.T.);
#464=FACE_OUTER_BOUND('',#735,.T.);
#465=FACE_OUTER_BOUND('',#736,.T.);
#466=FACE_OUTER_BOUND('',#737,.T.);
#467=FACE_OUTER_BOUND('',#738,.T.);
#468=FACE_OUTER_BOUND('',#739,.T.);
#469=FACE_OUTER_BOUND('',#740,.T.);
#470=FACE_OUTER_BOUND('',#741,.T.);
#471=FACE_OUTER_BOUND('',#742,.T.);
#472=FACE_OUTER_BOUND('',#743,.T.);
#473=FACE_OUTER_BOUND('',#744,.T.);
#474=FACE_OUTER_BOUND('',#745,.T.);
#475=FACE_OUTER_BOUND('',#746,.T.);
#476=FACE_OUTER_BOUND('',#747,.T.);
#477=FACE_OUTER_BOUND('',#748,.T.);
#478=FACE_OUTER_BOUND('',#749,.T.);
#479=FACE_OUTER_BOUND('',#750,.T.);
#480=FACE_OUTER_BOUND('',#751,.T.);
#481=FACE_OUTER_BOUND('',#752,.T.);
#482=FACE_OUTER_BOUND('',#753,.T.);
#483=FACE_OUTER_BOUND('',#754,.T.);
#484=FACE_OUTER_BOUND('',#755,.T.);
#485=FACE_OUTER_BOUND('',#756,.T.);
#486=FACE_OUTER_BOUND('',#757,.T.);
#487=FACE_OUTER_BOUND('',#758,.T.);
#488=FACE_OUTER_BOUND('',#759,.T.);
#489=FACE_OUTER_BOUND('',#760,.T.);
#490=FACE_OUTER_BOUND('',#761,.T.);
#491=FACE_OUTER_BOUND('',#762,.T.);
#492=FACE_OUTER_BOUND('',#763,.T.);
#493=FACE_OUTER_BOUND('',#764,.T.);
#494=FACE_OUTER_BOUND('',#765,.T.);
#495=FACE_OUTER_BOUND('',#766,.T.);
#496=FACE_OUTER_BOUND('',#767,.T.);
#497=FACE_OUTER_BOUND('',#768,.T.);
#498=FACE_OUTER_BOUND('',#769,.T.);
#499=FACE_OUTER_BOUND('',#770,.T.);
#500=FACE_OUTER_BOUND('',#771,.T.);
#501=FACE_OUTER_BOUND('',#772,.T.);
#502=FACE_OUTER_BOUND('',#773,.T.);
#503=FACE_OUTER_BOUND('',#774,.T.);
#504=FACE_OUTER_BOUND('',#775,.T.);
#505=FACE_OUTER_BOUND('',#776,.T.);
#506=FACE_OUTER_BOUND('',#777,.T.);
#507=FACE_OUTER_BOUND('',#778,.T.);
#508=FACE_OUTER_BOUND('',#779,.T.);
#509=FACE_OUTER_BOUND('',#780,.T.);
#510=FACE_OUTER_BOUND('',#782,.T.);
#511=FACE_OUTER_BOUND('',#783,.T.);
#512=FACE_OUTER_BOUND('',#784,.T.);
#513=FACE_OUTER_BOUND('',#785,.T.);
#514=FACE_OUTER_BOUND('',#786,.T.);
#515=FACE_OUTER_BOUND('',#787,.T.);
#516=FACE_OUTER_BOUND('',#788,.T.);
#517=FACE_OUTER_BOUND('',#789,.T.);
#518=FACE_OUTER_BOUND('',#790,.T.);
#519=FACE_OUTER_BOUND('',#791,.T.);
#520=FACE_OUTER_BOUND('',#792,.T.);
#521=FACE_OUTER_BOUND('',#793,.T.);
#522=FACE_OUTER_BOUND('',#795,.T.);
#523=FACE_OUTER_BOUND('',#796,.T.);
#524=FACE_OUTER_BOUND('',#797,.T.);
#525=FACE_OUTER_BOUND('',#798,.T.);
#526=FACE_OUTER_BOUND('',#799,.T.);
#527=FACE_OUTER_BOUND('',#800,.T.);
#528=FACE_OUTER_BOUND('',#801,.T.);
#529=FACE_OUTER_BOUND('',#802,.T.);
#530=FACE_OUTER_BOUND('',#803,.T.);
#531=FACE_OUTER_BOUND('',#804,.T.);
#532=FACE_OUTER_BOUND('',#805,.T.);
#533=FACE_OUTER_BOUND('',#806,.T.);
#534=FACE_OUTER_BOUND('',#807,.T.);
#535=FACE_OUTER_BOUND('',#808,.T.);
#536=FACE_OUTER_BOUND('',#809,.T.);
#537=FACE_OUTER_BOUND('',#810,.T.);
#538=FACE_OUTER_BOUND('',#811,.T.);
#539=FACE_OUTER_BOUND('',#812,.T.);
#540=FACE_OUTER_BOUND('',#813,.T.);
#541=FACE_OUTER_BOUND('',#814,.T.);
#542=FACE_OUTER_BOUND('',#815,.T.);
#543=FACE_OUTER_BOUND('',#816,.T.);
#544=FACE_OUTER_BOUND('',#817,.T.);
#545=FACE_OUTER_BOUND('',#818,.T.);
#546=FACE_OUTER_BOUND('',#819,.T.);
#547=FACE_OUTER_BOUND('',#820,.T.);
#548=FACE_OUTER_BOUND('',#821,.T.);
#549=FACE_OUTER_BOUND('',#822,.T.);
#550=FACE_OUTER_BOUND('',#823,.T.);
#551=FACE_OUTER_BOUND('',#824,.T.);
#552=FACE_OUTER_BOUND('',#825,.T.);
#553=FACE_OUTER_BOUND('',#826,.T.);
#554=FACE_OUTER_BOUND('',#827,.T.);
#555=FACE_OUTER_BOUND('',#828,.T.);
#556=FACE_OUTER_BOUND('',#829,.T.);
#557=FACE_OUTER_BOUND('',#830,.T.);
#558=FACE_OUTER_BOUND('',#831,.T.);
#559=FACE_OUTER_BOUND('',#832,.T.);
#560=EDGE_LOOP('',(#3458,#3459,#3460,#3461));
#561=EDGE_LOOP('',(#3462,#3463,#3464,#3465));
#562=EDGE_LOOP('',(#3466,#3467,#3468,#3469));
#563=EDGE_LOOP('',(#3470,#3471,#3472,#3473));
#564=EDGE_LOOP('',(#3474,#3475,#3476,#3477));
#565=EDGE_LOOP('',(#3478,#3479,#3480,#3481));
#566=EDGE_LOOP('',(#3482,#3483,#3484,#3485));
#567=EDGE_LOOP('',(#3486,#3487,#3488,#3489));
#568=EDGE_LOOP('',(#3490,#3491,#3492,#3493));
#569=EDGE_LOOP('',(#3494,#3495,#3496,#3497));
#570=EDGE_LOOP('',(#3498,#3499,#3500,#3501,#3502,#3503,#3504,#3505,#3506,
#3507,#3508,#3509,#3510,#3511,#3512,#3513,#3514,#3515,#3516,#3517,#3518,
#3519,#3520,#3521,#3522,#3523,#3524,#3525,#3526,#3527,#3528,#3529,#3530,
#3531,#3532,#3533,#3534,#3535,#3536,#3537,#3538,#3539,#3540,#3541,#3542,
#3543,#3544,#3545,#3546,#3547,#3548,#3549,#3550,#3551,#3552,#3553,#3554,
#3555,#3556,#3557,#3558,#3559,#3560,#3561,#3562,#3563,#3564,#3565,#3566,
#3567,#3568,#3569,#3570,#3571,#3572,#3573));
#571=EDGE_LOOP('',(#3574,#3575,#3576,#3577,#3578,#3579,#3580,#3581));
#572=EDGE_LOOP('',(#3582,#3583,#3584,#3585,#3586,#3587,#3588,#3589,#3590,
#3591,#3592,#3593));
#573=EDGE_LOOP('',(#3594,#3595,#3596,#3597,#3598,#3599));
#574=EDGE_LOOP('',(#3600,#3601,#3602,#3603,#3604,#3605,#3606,#3607,#3608,
#3609));
#575=EDGE_LOOP('',(#3610,#3611,#3612,#3613,#3614));
#576=EDGE_LOOP('',(#3615,#3616,#3617,#3618,#3619,#3620,#3621,#3622,#3623,
#3624,#3625,#3626));
#577=EDGE_LOOP('',(#3627,#3628,#3629,#3630,#3631,#3632,#3633,#3634,#3635,
#3636,#3637,#3638));
#578=EDGE_LOOP('',(#3639,#3640,#3641,#3642,#3643,#3644,#3645,#3646,#3647,
#3648,#3649,#3650));
#579=EDGE_LOOP('',(#3651,#3652,#3653,#3654,#3655,#3656,#3657,#3658,#3659,
#3660,#3661,#3662));
#580=EDGE_LOOP('',(#3663,#3664,#3665,#3666,#3667,#3668,#3669,#3670,#3671,
#3672,#3673,#3674));
#581=EDGE_LOOP('',(#3675,#3676,#3677,#3678,#3679,#3680,#3681,#3682,#3683,
#3684,#3685,#3686));
#582=EDGE_LOOP('',(#3687,#3688,#3689,#3690,#3691,#3692,#3693,#3694,#3695,
#3696,#3697,#3698));
#583=EDGE_LOOP('',(#3699,#3700,#3701,#3702,#3703,#3704,#3705,#3706,#3707,
#3708,#3709,#3710));
#584=EDGE_LOOP('',(#3711,#3712,#3713,#3714,#3715,#3716,#3717,#3718));
#585=EDGE_LOOP('',(#3719,#3720,#3721,#3722,#3723,#3724,#3725,#3726));
#586=EDGE_LOOP('',(#3727,#3728,#3729,#3730,#3731,#3732));
#587=EDGE_LOOP('',(#3733,#3734,#3735,#3736));
#588=EDGE_LOOP('',(#3737,#3738,#3739,#3740));
#589=EDGE_LOOP('',(#3741,#3742,#3743,#3744,#3745,#3746));
#590=EDGE_LOOP('',(#3747,#3748,#3749,#3750));
#591=EDGE_LOOP('',(#3751,#3752,#3753,#3754));
#592=EDGE_LOOP('',(#3755,#3756,#3757,#3758,#3759,#3760));
#593=EDGE_LOOP('',(#3761,#3762,#3763,#3764));
#594=EDGE_LOOP('',(#3765,#3766,#3767,#3768));
#595=EDGE_LOOP('',(#3769,#3770,#3771,#3772,#3773,#3774));
#596=EDGE_LOOP('',(#3775,#3776,#3777,#3778));
#597=EDGE_LOOP('',(#3779,#3780,#3781,#3782));
#598=EDGE_LOOP('',(#3783,#3784,#3785,#3786,#3787,#3788));
#599=EDGE_LOOP('',(#3789,#3790,#3791,#3792));
#600=EDGE_LOOP('',(#3793,#3794,#3795,#3796));
#601=EDGE_LOOP('',(#3797,#3798,#3799,#3800,#3801,#3802));
#602=EDGE_LOOP('',(#3803,#3804,#3805,#3806));
#603=EDGE_LOOP('',(#3807,#3808,#3809,#3810));
#604=EDGE_LOOP('',(#3811,#3812,#3813,#3814,#3815,#3816));
#605=EDGE_LOOP('',(#3817,#3818,#3819,#3820));
#606=EDGE_LOOP('',(#3821,#3822,#3823,#3824));
#607=EDGE_LOOP('',(#3825,#3826,#3827,#3828,#3829,#3830));
#608=EDGE_LOOP('',(#3831,#3832,#3833,#3834));
#609=EDGE_LOOP('',(#3835,#3836,#3837,#3838));
#610=EDGE_LOOP('',(#3839,#3840,#3841,#3842));
#611=EDGE_LOOP('',(#3843,#3844,#3845,#3846,#3847,#3848,#3849,#3850,#3851,
#3852,#3853,#3854,#3855,#3856,#3857,#3858,#3859,#3860,#3861,#3862,#3863,
#3864,#3865,#3866,#3867,#3868,#3869,#3870,#3871,#3872,#3873,#3874,#3875,
#3876,#3877,#3878,#3879,#3880,#3881,#3882,#3883,#3884,#3885,#3886,#3887,
#3888,#3889,#3890,#3891,#3892,#3893,#3894,#3895,#3896,#3897,#3898,#3899,
#3900,#3901,#3902,#3903,#3904,#3905,#3906,#3907,#3908,#3909,#3910,#3911,
#3912,#3913,#3914,#3915,#3916,#3917,#3918));
#612=EDGE_LOOP('',(#3919,#3920,#3921,#3922,#3923,#3924,#3925,#3926));
#613=EDGE_LOOP('',(#3927,#3928,#3929,#3930,#3931,#3932,#3933,#3934,#3935,
#3936,#3937,#3938));
#614=EDGE_LOOP('',(#3939,#3940,#3941,#3942,#3943,#3944,#3945,#3946,#3947,
#3948,#3949,#3950));
#615=EDGE_LOOP('',(#3951,#3952,#3953,#3954,#3955,#3956,#3957,#3958,#3959,
#3960,#3961,#3962));
#616=EDGE_LOOP('',(#3963,#3964,#3965,#3966,#3967,#3968,#3969,#3970,#3971,
#3972,#3973,#3974));
#617=EDGE_LOOP('',(#3975,#3976,#3977,#3978,#3979,#3980,#3981,#3982,#3983,
#3984,#3985,#3986));
#618=EDGE_LOOP('',(#3987,#3988,#3989,#3990,#3991,#3992,#3993,#3994,#3995,
#3996,#3997,#3998));
#619=EDGE_LOOP('',(#3999,#4000,#4001,#4002,#4003,#4004,#4005,#4006,#4007,
#4008,#4009,#4010));
#620=EDGE_LOOP('',(#4011,#4012,#4013,#4014,#4015,#4016,#4017,#4018));
#621=EDGE_LOOP('',(#4019,#4020,#4021,#4022,#4023,#4024,#4025,#4026,#4027,
#4028,#4029,#4030));
#622=EDGE_LOOP('',(#4031,#4032,#4033,#4034,#4035,#4036,#4037,#4038));
#623=EDGE_LOOP('',(#4039,#4040,#4041,#4042));
#624=EDGE_LOOP('',(#4043,#4044,#4045,#4046));
#625=EDGE_LOOP('',(#4047,#4048,#4049,#4050));
#626=EDGE_LOOP('',(#4051,#4052,#4053,#4054));
#627=EDGE_LOOP('',(#4055,#4056,#4057,#4058));
#628=EDGE_LOOP('',(#4059,#4060,#4061,#4062));
#629=EDGE_LOOP('',(#4063));
#630=EDGE_LOOP('',(#4064,#4065,#4066,#4067,#4068,#4069));
#631=EDGE_LOOP('',(#4070,#4071,#4072,#4073));
#632=EDGE_LOOP('',(#4074,#4075,#4076,#4077));
#633=EDGE_LOOP('',(#4078,#4079,#4080,#4081));
#634=EDGE_LOOP('',(#4082,#4083,#4084,#4085));
#635=EDGE_LOOP('',(#4086,#4087,#4088,#4089));
#636=EDGE_LOOP('',(#4090,#4091,#4092,#4093,#4094,#4095));
#637=EDGE_LOOP('',(#4096,#4097,#4098,#4099));
#638=EDGE_LOOP('',(#4100,#4101,#4102,#4103,#4104,#4105));
#639=EDGE_LOOP('',(#4106,#4107,#4108,#4109));
#640=EDGE_LOOP('',(#4110,#4111,#4112,#4113));
#641=EDGE_LOOP('',(#4114,#4115,#4116,#4117));
#642=EDGE_LOOP('',(#4118,#4119,#4120,#4121));
#643=EDGE_LOOP('',(#4122,#4123,#4124,#4125));
#644=EDGE_LOOP('',(#4126,#4127,#4128,#4129,#4130,#4131));
#645=EDGE_LOOP('',(#4132,#4133,#4134,#4135,#4136,#4137));
#646=EDGE_LOOP('',(#4138,#4139,#4140,#4141));
#647=EDGE_LOOP('',(#4142,#4143,#4144,#4145));
#648=EDGE_LOOP('',(#4146,#4147,#4148,#4149));
#649=EDGE_LOOP('',(#4150,#4151,#4152,#4153));
#650=EDGE_LOOP('',(#4154,#4155,#4156,#4157));
#651=EDGE_LOOP('',(#4158,#4159,#4160,#4161,#4162,#4163));
#652=EDGE_LOOP('',(#4164,#4165,#4166,#4167,#4168,#4169));
#653=EDGE_LOOP('',(#4170,#4171,#4172,#4173));
#654=EDGE_LOOP('',(#4174,#4175,#4176,#4177));
#655=EDGE_LOOP('',(#4178,#4179,#4180,#4181));
#656=EDGE_LOOP('',(#4182,#4183,#4184,#4185));
#657=EDGE_LOOP('',(#4186,#4187,#4188,#4189));
#658=EDGE_LOOP('',(#4190,#4191,#4192,#4193,#4194,#4195));
#659=EDGE_LOOP('',(#4196,#4197,#4198,#4199,#4200,#4201));
#660=EDGE_LOOP('',(#4202,#4203,#4204,#4205));
#661=EDGE_LOOP('',(#4206,#4207,#4208,#4209));
#662=EDGE_LOOP('',(#4210,#4211,#4212,#4213));
#663=EDGE_LOOP('',(#4214,#4215,#4216,#4217));
#664=EDGE_LOOP('',(#4218,#4219,#4220,#4221));
#665=EDGE_LOOP('',(#4222,#4223,#4224,#4225,#4226,#4227));
#666=EDGE_LOOP('',(#4228,#4229,#4230,#4231,#4232,#4233));
#667=EDGE_LOOP('',(#4234,#4235,#4236,#4237));
#668=EDGE_LOOP('',(#4238,#4239,#4240,#4241));
#669=EDGE_LOOP('',(#4242,#4243,#4244,#4245));
#670=EDGE_LOOP('',(#4246,#4247,#4248,#4249));
#671=EDGE_LOOP('',(#4250,#4251,#4252,#4253));
#672=EDGE_LOOP('',(#4254,#4255,#4256,#4257,#4258,#4259));
#673=EDGE_LOOP('',(#4260,#4261,#4262,#4263,#4264,#4265));
#674=EDGE_LOOP('',(#4266,#4267,#4268,#4269));
#675=EDGE_LOOP('',(#4270,#4271,#4272,#4273));
#676=EDGE_LOOP('',(#4274,#4275,#4276,#4277));
#677=EDGE_LOOP('',(#4278,#4279,#4280,#4281));
#678=EDGE_LOOP('',(#4282,#4283,#4284,#4285));
#679=EDGE_LOOP('',(#4286,#4287,#4288,#4289,#4290,#4291));
#680=EDGE_LOOP('',(#4292,#4293,#4294,#4295,#4296,#4297));
#681=EDGE_LOOP('',(#4298,#4299,#4300,#4301));
#682=EDGE_LOOP('',(#4302,#4303,#4304,#4305));
#683=EDGE_LOOP('',(#4306,#4307,#4308,#4309));
#684=EDGE_LOOP('',(#4310,#4311,#4312,#4313));
#685=EDGE_LOOP('',(#4314,#4315,#4316,#4317));
#686=EDGE_LOOP('',(#4318,#4319,#4320,#4321,#4322,#4323));
#687=EDGE_LOOP('',(#4324,#4325,#4326,#4327,#4328,#4329));
#688=EDGE_LOOP('',(#4330,#4331,#4332,#4333));
#689=EDGE_LOOP('',(#4334,#4335,#4336,#4337));
#690=EDGE_LOOP('',(#4338,#4339,#4340,#4341));
#691=EDGE_LOOP('',(#4342,#4343,#4344,#4345));
#692=EDGE_LOOP('',(#4346,#4347,#4348,#4349));
#693=EDGE_LOOP('',(#4350,#4351,#4352,#4353,#4354,#4355));
#694=EDGE_LOOP('',(#4356,#4357,#4358,#4359));
#695=EDGE_LOOP('',(#4360,#4361,#4362,#4363));
#696=EDGE_LOOP('',(#4364,#4365,#4366,#4367));
#697=EDGE_LOOP('',(#4368,#4369,#4370,#4371));
#698=EDGE_LOOP('',(#4372,#4373,#4374,#4375));
#699=EDGE_LOOP('',(#4376,#4377,#4378,#4379));
#700=EDGE_LOOP('',(#4380,#4381,#4382,#4383));
#701=EDGE_LOOP('',(#4384,#4385,#4386,#4387));
#702=EDGE_LOOP('',(#4388,#4389,#4390,#4391));
#703=EDGE_LOOP('',(#4392,#4393,#4394,#4395));
#704=EDGE_LOOP('',(#4396,#4397,#4398,#4399));
#705=EDGE_LOOP('',(#4400,#4401,#4402,#4403));
#706=EDGE_LOOP('',(#4404,#4405,#4406,#4407));
#707=EDGE_LOOP('',(#4408,#4409,#4410,#4411));
#708=EDGE_LOOP('',(#4412,#4413,#4414,#4415));
#709=EDGE_LOOP('',(#4416,#4417,#4418,#4419));
#710=EDGE_LOOP('',(#4420,#4421,#4422,#4423));
#711=EDGE_LOOP('',(#4424,#4425,#4426,#4427,#4428,#4429));
#712=EDGE_LOOP('',(#4430,#4431,#4432,#4433));
#713=EDGE_LOOP('',(#4434,#4435,#4436,#4437));
#714=EDGE_LOOP('',(#4438,#4439,#4440,#4441));
#715=EDGE_LOOP('',(#4442,#4443,#4444,#4445));
#716=EDGE_LOOP('',(#4446,#4447,#4448,#4449));
#717=EDGE_LOOP('',(#4450,#4451,#4452,#4453,#4454,#4455));
#718=EDGE_LOOP('',(#4456,#4457,#4458,#4459));
#719=EDGE_LOOP('',(#4460,#4461,#4462,#4463));
#720=EDGE_LOOP('',(#4464,#4465,#4466,#4467));
#721=EDGE_LOOP('',(#4468,#4469,#4470,#4471,#4472,#4473));
#722=EDGE_LOOP('',(#4474,#4475,#4476,#4477));
#723=EDGE_LOOP('',(#4478,#4479,#4480,#4481));
#724=EDGE_LOOP('',(#4482,#4483,#4484,#4485));
#725=EDGE_LOOP('',(#4486,#4487,#4488,#4489,#4490,#4491));
#726=EDGE_LOOP('',(#4492,#4493,#4494,#4495));
#727=EDGE_LOOP('',(#4496,#4497,#4498,#4499));
#728=EDGE_LOOP('',(#4500,#4501,#4502,#4503));
#729=EDGE_LOOP('',(#4504,#4505,#4506,#4507,#4508,#4509));
#730=EDGE_LOOP('',(#4510,#4511,#4512,#4513));
#731=EDGE_LOOP('',(#4514,#4515,#4516,#4517));
#732=EDGE_LOOP('',(#4518,#4519,#4520,#4521));
#733=EDGE_LOOP('',(#4522,#4523,#4524,#4525,#4526,#4527));
#734=EDGE_LOOP('',(#4528,#4529,#4530,#4531));
#735=EDGE_LOOP('',(#4532,#4533,#4534,#4535));
#736=EDGE_LOOP('',(#4536,#4537,#4538,#4539));
#737=EDGE_LOOP('',(#4540,#4541,#4542,#4543,#4544,#4545));
#738=EDGE_LOOP('',(#4546,#4547,#4548,#4549));
#739=EDGE_LOOP('',(#4550,#4551,#4552,#4553));
#740=EDGE_LOOP('',(#4554,#4555,#4556,#4557));
#741=EDGE_LOOP('',(#4558,#4559,#4560,#4561,#4562,#4563));
#742=EDGE_LOOP('',(#4564,#4565,#4566,#4567));
#743=EDGE_LOOP('',(#4568,#4569,#4570,#4571));
#744=EDGE_LOOP('',(#4572,#4573,#4574,#4575));
#745=EDGE_LOOP('',(#4576,#4577,#4578,#4579,#4580,#4581));
#746=EDGE_LOOP('',(#4582,#4583,#4584,#4585));
#747=EDGE_LOOP('',(#4586,#4587,#4588,#4589));
#748=EDGE_LOOP('',(#4590,#4591,#4592,#4593));
#749=EDGE_LOOP('',(#4594,#4595,#4596,#4597,#4598,#4599));
#750=EDGE_LOOP('',(#4600,#4601,#4602,#4603));
#751=EDGE_LOOP('',(#4604,#4605,#4606,#4607));
#752=EDGE_LOOP('',(#4608,#4609,#4610,#4611));
#753=EDGE_LOOP('',(#4612,#4613,#4614,#4615));
#754=EDGE_LOOP('',(#4616,#4617,#4618,#4619));
#755=EDGE_LOOP('',(#4620,#4621,#4622,#4623));
#756=EDGE_LOOP('',(#4624,#4625,#4626,#4627));
#757=EDGE_LOOP('',(#4628,#4629,#4630,#4631));
#758=EDGE_LOOP('',(#4632,#4633,#4634,#4635));
#759=EDGE_LOOP('',(#4636,#4637,#4638,#4639));
#760=EDGE_LOOP('',(#4640,#4641,#4642,#4643));
#761=EDGE_LOOP('',(#4644,#4645,#4646,#4647));
#762=EDGE_LOOP('',(#4648,#4649,#4650));
#763=EDGE_LOOP('',(#4651,#4652,#4653));
#764=EDGE_LOOP('',(#4654,#4655,#4656,#4657));
#765=EDGE_LOOP('',(#4658,#4659,#4660,#4661));
#766=EDGE_LOOP('',(#4662,#4663,#4664,#4665));
#767=EDGE_LOOP('',(#4666,#4667,#4668,#4669));
#768=EDGE_LOOP('',(#4670,#4671,#4672));
#769=EDGE_LOOP('',(#4673,#4674,#4675));
#770=EDGE_LOOP('',(#4676,#4677,#4678,#4679));
#771=EDGE_LOOP('',(#4680));
#772=EDGE_LOOP('',(#4681,#4682,#4683,#4684));
#773=EDGE_LOOP('',(#4685,#4686,#4687,#4688));
#774=EDGE_LOOP('',(#4689,#4690,#4691,#4692));
#775=EDGE_LOOP('',(#4693,#4694,#4695,#4696));
#776=EDGE_LOOP('',(#4697,#4698,#4699,#4700));
#777=EDGE_LOOP('',(#4701,#4702,#4703,#4704));
#778=EDGE_LOOP('',(#4705,#4706,#4707,#4708));
#779=EDGE_LOOP('',(#4709,#4710,#4711,#4712));
#780=EDGE_LOOP('',(#4713,#4714,#4715,#4716,#4717,#4718,#4719,#4720));
#781=EDGE_LOOP('',(#4721,#4722,#4723,#4724,#4725,#4726));
#782=EDGE_LOOP('',(#4727,#4728,#4729,#4730));
#783=EDGE_LOOP('',(#4731,#4732,#4733,#4734));
#784=EDGE_LOOP('',(#4735,#4736,#4737,#4738));
#785=EDGE_LOOP('',(#4739,#4740,#4741,#4742));
#786=EDGE_LOOP('',(#4743,#4744,#4745,#4746));
#787=EDGE_LOOP('',(#4747,#4748,#4749,#4750));
#788=EDGE_LOOP('',(#4751,#4752,#4753,#4754));
#789=EDGE_LOOP('',(#4755,#4756,#4757,#4758));
#790=EDGE_LOOP('',(#4759,#4760,#4761,#4762));
#791=EDGE_LOOP('',(#4763,#4764,#4765,#4766));
#792=EDGE_LOOP('',(#4767,#4768,#4769,#4770));
#793=EDGE_LOOP('',(#4771,#4772,#4773,#4774,#4775));
#794=EDGE_LOOP('',(#4776,#4777,#4778,#4779,#4780));
#795=EDGE_LOOP('',(#4781,#4782,#4783,#4784));
#796=EDGE_LOOP('',(#4785,#4786,#4787,#4788));
#797=EDGE_LOOP('',(#4789,#4790,#4791,#4792));
#798=EDGE_LOOP('',(#4793,#4794,#4795,#4796));
#799=EDGE_LOOP('',(#4797,#4798,#4799,#4800));
#800=EDGE_LOOP('',(#4801,#4802,#4803,#4804));
#801=EDGE_LOOP('',(#4805,#4806,#4807,#4808));
#802=EDGE_LOOP('',(#4809,#4810,#4811,#4812));
#803=EDGE_LOOP('',(#4813,#4814,#4815,#4816));
#804=EDGE_LOOP('',(#4817,#4818,#4819,#4820));
#805=EDGE_LOOP('',(#4821,#4822,#4823,#4824));
#806=EDGE_LOOP('',(#4825,#4826,#4827,#4828));
#807=EDGE_LOOP('',(#4829,#4830,#4831,#4832));
#808=EDGE_LOOP('',(#4833,#4834,#4835,#4836));
#809=EDGE_LOOP('',(#4837,#4838,#4839,#4840));
#810=EDGE_LOOP('',(#4841,#4842,#4843,#4844));
#811=EDGE_LOOP('',(#4845,#4846,#4847,#4848));
#812=EDGE_LOOP('',(#4849,#4850,#4851,#4852,#4853,#4854,#4855,#4856,#4857,
#4858,#4859,#4860));
#813=EDGE_LOOP('',(#4861,#4862,#4863,#4864));
#814=EDGE_LOOP('',(#4865,#4866,#4867,#4868));
#815=EDGE_LOOP('',(#4869,#4870,#4871,#4872));
#816=EDGE_LOOP('',(#4873,#4874,#4875,#4876));
#817=EDGE_LOOP('',(#4877,#4878,#4879,#4880));
#818=EDGE_LOOP('',(#4881,#4882,#4883,#4884));
#819=EDGE_LOOP('',(#4885,#4886,#4887,#4888));
#820=EDGE_LOOP('',(#4889,#4890,#4891,#4892));
#821=EDGE_LOOP('',(#4893,#4894,#4895,#4896));
#822=EDGE_LOOP('',(#4897,#4898,#4899,#4900));
#823=EDGE_LOOP('',(#4901,#4902,#4903,#4904,#4905,#4906,#4907,#4908,#4909,
#4910));
#824=EDGE_LOOP('',(#4911,#4912,#4913,#4914));
#825=EDGE_LOOP('',(#4915,#4916,#4917,#4918));
#826=EDGE_LOOP('',(#4919,#4920,#4921,#4922));
#827=EDGE_LOOP('',(#4923,#4924,#4925,#4926));
#828=EDGE_LOOP('',(#4927,#4928,#4929,#4930));
#829=EDGE_LOOP('',(#4931,#4932,#4933,#4934));
#830=EDGE_LOOP('',(#4935,#4936,#4937,#4938,#4939,#4940));
#831=EDGE_LOOP('',(#4941,#4942,#4943,#4944,#4945,#4946));
#832=EDGE_LOOP('',(#4947,#4948,#4949,#4950,#4951));
#833=LINE('',#7118,#1498);
#834=LINE('',#7125,#1499);
#835=LINE('',#7128,#1500);
#836=LINE('',#7134,#1501);
#837=LINE('',#7137,#1502);
#838=LINE('',#7143,#1503);
#839=LINE('',#7146,#1504);
#840=LINE('',#7152,#1505);
#841=LINE('',#7155,#1506);
#842=LINE('',#7161,#1507);
#843=LINE('',#7164,#1508);
#844=LINE('',#7170,#1509);
#845=LINE('',#7173,#1510);
#846=LINE('',#7179,#1511);
#847=LINE('',#7182,#1512);
#848=LINE('',#7188,#1513);
#849=LINE('',#7191,#1514);
#850=LINE('',#7197,#1515);
#851=LINE('',#7200,#1516);
#852=LINE('',#7204,#1517);
#853=LINE('',#7206,#1518);
#854=LINE('',#7208,#1519);
#855=LINE('',#7210,#1520);
#856=LINE('',#7212,#1521);
#857=LINE('',#7214,#1522);
#858=LINE('',#7216,#1523);
#859=LINE('',#7218,#1524);
#860=LINE('',#7220,#1525);
#861=LINE('',#7222,#1526);
#862=LINE('',#7224,#1527);
#863=LINE('',#7226,#1528);
#864=LINE('',#7228,#1529);
#865=LINE('',#7230,#1530);
#866=LINE('',#7232,#1531);
#867=LINE('',#7234,#1532);
#868=LINE('',#7236,#1533);
#869=LINE('',#7238,#1534);
#870=LINE('',#7240,#1535);
#871=LINE('',#7242,#1536);
#872=LINE('',#7244,#1537);
#873=LINE('',#7246,#1538);
#874=LINE('',#7248,#1539);
#875=LINE('',#7250,#1540);
#876=LINE('',#7252,#1541);
#877=LINE('',#7254,#1542);
#878=LINE('',#7256,#1543);
#879=LINE('',#7258,#1544);
#880=LINE('',#7260,#1545);
#881=LINE('',#7262,#1546);
#882=LINE('',#7264,#1547);
#883=LINE('',#7266,#1548);
#884=LINE('',#7268,#1549);
#885=LINE('',#7270,#1550);
#886=LINE('',#7272,#1551);
#887=LINE('',#7274,#1552);
#888=LINE('',#7276,#1553);
#889=LINE('',#7278,#1554);
#890=LINE('',#7280,#1555);
#891=LINE('',#7282,#1556);
#892=LINE('',#7284,#1557);
#893=LINE('',#7286,#1558);
#894=LINE('',#7288,#1559);
#895=LINE('',#7290,#1560);
#896=LINE('',#7292,#1561);
#897=LINE('',#7294,#1562);
#898=LINE('',#7296,#1563);
#899=LINE('',#7298,#1564);
#900=LINE('',#7300,#1565);
#901=LINE('',#7302,#1566);
#902=LINE('',#7304,#1567);
#903=LINE('',#7306,#1568);
#904=LINE('',#7308,#1569);
#905=LINE('',#7310,#1570);
#906=LINE('',#7312,#1571);
#907=LINE('',#7314,#1572);
#908=LINE('',#7316,#1573);
#909=LINE('',#7318,#1574);
#910=LINE('',#7320,#1575);
#911=LINE('',#7322,#1576);
#912=LINE('',#7324,#1577);
#913=LINE('',#7326,#1578);
#914=LINE('',#7328,#1579);
#915=LINE('',#7330,#1580);
#916=LINE('',#7332,#1581);
#917=LINE('',#7334,#1582);
#918=LINE('',#7336,#1583);
#919=LINE('',#7338,#1584);
#920=LINE('',#7340,#1585);
#921=LINE('',#7342,#1586);
#922=LINE('',#7344,#1587);
#923=LINE('',#7346,#1588);
#924=LINE('',#7348,#1589);
#925=LINE('',#7350,#1590);
#926=LINE('',#7352,#1591);
#927=LINE('',#7353,#1592);
#928=LINE('',#7356,#1593);
#929=LINE('',#7358,#1594);
#930=LINE('',#7360,#1595);
#931=LINE('',#7362,#1596);
#932=LINE('',#7364,#1597);
#933=LINE('',#7366,#1598);
#934=LINE('',#7368,#1599);
#935=LINE('',#7369,#1600);
#936=LINE('',#7372,#1601);
#937=LINE('',#7374,#1602);
#938=LINE('',#7376,#1603);
#939=LINE('',#7378,#1604);
#940=LINE('',#7380,#1605);
#941=LINE('',#7382,#1606);
#942=LINE('',#7384,#1607);
#943=LINE('',#7386,#1608);
#944=LINE('',#7388,#1609);
#945=LINE('',#7390,#1610);
#946=LINE('',#7392,#1611);
#947=LINE('',#7393,#1612);
#948=LINE('',#7396,#1613);
#949=LINE('',#7398,#1614);
#950=LINE('',#7400,#1615);
#951=LINE('',#7402,#1616);
#952=LINE('',#7404,#1617);
#953=LINE('',#7405,#1618);
#954=LINE('',#7408,#1619);
#955=LINE('',#7474,#1620);
#956=LINE('',#7540,#1621);
#957=LINE('',#7542,#1622);
#958=LINE('',#7544,#1623);
#959=LINE('',#7586,#1624);
#960=LINE('',#7588,#1625);
#961=LINE('',#7590,#1626);
#962=LINE('',#7592,#1627);
#963=LINE('',#7593,#1628);
#964=LINE('',#7595,#1629);
#965=LINE('',#7596,#1630);
#966=LINE('',#7598,#1631);
#967=LINE('',#7599,#1632);
#968=LINE('',#7602,#1633);
#969=LINE('',#7603,#1634);
#970=LINE('',#7605,#1635);
#971=LINE('',#7606,#1636);
#972=LINE('',#7608,#1637);
#973=LINE('',#7610,#1638);
#974=LINE('',#7612,#1639);
#975=LINE('',#7614,#1640);
#976=LINE('',#7615,#1641);
#977=LINE('',#7618,#1642);
#978=LINE('',#7619,#1643);
#979=LINE('',#7621,#1644);
#980=LINE('',#7622,#1645);
#981=LINE('',#7624,#1646);
#982=LINE('',#7626,#1647);
#983=LINE('',#7628,#1648);
#984=LINE('',#7630,#1649);
#985=LINE('',#7631,#1650);
#986=LINE('',#7634,#1651);
#987=LINE('',#7635,#1652);
#988=LINE('',#7637,#1653);
#989=LINE('',#7638,#1654);
#990=LINE('',#7640,#1655);
#991=LINE('',#7642,#1656);
#992=LINE('',#7644,#1657);
#993=LINE('',#7646,#1658);
#994=LINE('',#7647,#1659);
#995=LINE('',#7650,#1660);
#996=LINE('',#7651,#1661);
#997=LINE('',#7653,#1662);
#998=LINE('',#7654,#1663);
#999=LINE('',#7656,#1664);
#1000=LINE('',#7658,#1665);
#1001=LINE('',#7660,#1666);
#1002=LINE('',#7662,#1667);
#1003=LINE('',#7663,#1668);
#1004=LINE('',#7666,#1669);
#1005=LINE('',#7667,#1670);
#1006=LINE('',#7669,#1671);
#1007=LINE('',#7670,#1672);
#1008=LINE('',#7672,#1673);
#1009=LINE('',#7674,#1674);
#1010=LINE('',#7676,#1675);
#1011=LINE('',#7678,#1676);
#1012=LINE('',#7679,#1677);
#1013=LINE('',#7682,#1678);
#1014=LINE('',#7683,#1679);
#1015=LINE('',#7685,#1680);
#1016=LINE('',#7686,#1681);
#1017=LINE('',#7688,#1682);
#1018=LINE('',#7690,#1683);
#1019=LINE('',#7692,#1684);
#1020=LINE('',#7694,#1685);
#1021=LINE('',#7695,#1686);
#1022=LINE('',#7698,#1687);
#1023=LINE('',#7699,#1688);
#1024=LINE('',#7701,#1689);
#1025=LINE('',#7702,#1690);
#1026=LINE('',#7704,#1691);
#1027=LINE('',#7706,#1692);
#1028=LINE('',#7708,#1693);
#1029=LINE('',#7710,#1694);
#1030=LINE('',#7711,#1695);
#1031=LINE('',#7714,#1696);
#1032=LINE('',#7715,#1697);
#1033=LINE('',#7717,#1698);
#1034=LINE('',#7719,#1699);
#1035=LINE('',#7721,#1700);
#1036=LINE('',#7722,#1701);
#1037=LINE('',#7725,#1702);
#1038=LINE('',#7727,#1703);
#1039=LINE('',#7729,#1704);
#1040=LINE('',#7730,#1705);
#1041=LINE('',#7732,#1706);
#1042=LINE('',#7733,#1707);
#1043=LINE('',#7736,#1708);
#1044=LINE('',#7738,#1709);
#1045=LINE('',#7739,#1710);
#1046=LINE('',#7742,#1711);
#1047=LINE('',#7743,#1712);
#1048=LINE('',#7746,#1713);
#1049=LINE('',#7747,#1714);
#1050=LINE('',#7750,#1715);
#1051=LINE('',#7752,#1716);
#1052=LINE('',#7753,#1717);
#1053=LINE('',#7756,#1718);
#1054=LINE('',#7757,#1719);
#1055=LINE('',#7760,#1720);
#1056=LINE('',#7761,#1721);
#1057=LINE('',#7764,#1722);
#1058=LINE('',#7766,#1723);
#1059=LINE('',#7767,#1724);
#1060=LINE('',#7770,#1725);
#1061=LINE('',#7771,#1726);
#1062=LINE('',#7774,#1727);
#1063=LINE('',#7775,#1728);
#1064=LINE('',#7778,#1729);
#1065=LINE('',#7780,#1730);
#1066=LINE('',#7781,#1731);
#1067=LINE('',#7784,#1732);
#1068=LINE('',#7785,#1733);
#1069=LINE('',#7788,#1734);
#1070=LINE('',#7789,#1735);
#1071=LINE('',#7792,#1736);
#1072=LINE('',#7794,#1737);
#1073=LINE('',#7795,#1738);
#1074=LINE('',#7798,#1739);
#1075=LINE('',#7799,#1740);
#1076=LINE('',#7802,#1741);
#1077=LINE('',#7803,#1742);
#1078=LINE('',#7806,#1743);
#1079=LINE('',#7808,#1744);
#1080=LINE('',#7809,#1745);
#1081=LINE('',#7812,#1746);
#1082=LINE('',#7813,#1747);
#1083=LINE('',#7816,#1748);
#1084=LINE('',#7817,#1749);
#1085=LINE('',#7820,#1750);
#1086=LINE('',#7822,#1751);
#1087=LINE('',#7823,#1752);
#1088=LINE('',#7826,#1753);
#1089=LINE('',#7827,#1754);
#1090=LINE('',#7830,#1755);
#1091=LINE('',#7831,#1756);
#1092=LINE('',#7834,#1757);
#1093=LINE('',#7836,#1758);
#1094=LINE('',#7837,#1759);
#1095=LINE('',#7840,#1760);
#1096=LINE('',#7841,#1761);
#1097=LINE('',#7844,#1762);
#1098=LINE('',#7845,#1763);
#1099=LINE('',#7849,#1764);
#1100=LINE('',#7851,#1765);
#1101=LINE('',#7853,#1766);
#1102=LINE('',#7854,#1767);
#1103=LINE('',#7857,#1768);
#1104=LINE('',#7859,#1769);
#1105=LINE('',#7860,#1770);
#1106=LINE('',#7861,#1771);
#1107=LINE('',#7862,#1772);
#1108=LINE('',#7863,#1773);
#1109=LINE('',#7864,#1774);
#1110=LINE('',#7866,#1775);
#1111=LINE('',#7868,#1776);
#1112=LINE('',#7870,#1777);
#1113=LINE('',#7872,#1778);
#1114=LINE('',#7874,#1779);
#1115=LINE('',#7876,#1780);
#1116=LINE('',#7878,#1781);
#1117=LINE('',#7880,#1782);
#1118=LINE('',#7882,#1783);
#1119=LINE('',#7884,#1784);
#1120=LINE('',#7886,#1785);
#1121=LINE('',#7888,#1786);
#1122=LINE('',#7890,#1787);
#1123=LINE('',#7892,#1788);
#1124=LINE('',#7894,#1789);
#1125=LINE('',#7896,#1790);
#1126=LINE('',#7898,#1791);
#1127=LINE('',#7900,#1792);
#1128=LINE('',#7902,#1793);
#1129=LINE('',#7904,#1794);
#1130=LINE('',#7906,#1795);
#1131=LINE('',#7908,#1796);
#1132=LINE('',#7910,#1797);
#1133=LINE('',#7912,#1798);
#1134=LINE('',#7914,#1799);
#1135=LINE('',#7916,#1800);
#1136=LINE('',#7918,#1801);
#1137=LINE('',#7920,#1802);
#1138=LINE('',#7922,#1803);
#1139=LINE('',#7924,#1804);
#1140=LINE('',#7926,#1805);
#1141=LINE('',#7928,#1806);
#1142=LINE('',#7930,#1807);
#1143=LINE('',#7932,#1808);
#1144=LINE('',#7934,#1809);
#1145=LINE('',#7936,#1810);
#1146=LINE('',#7938,#1811);
#1147=LINE('',#7940,#1812);
#1148=LINE('',#7941,#1813);
#1149=LINE('',#7942,#1814);
#1150=LINE('',#7943,#1815);
#1151=LINE('',#7944,#1816);
#1152=LINE('',#7945,#1817);
#1153=LINE('',#7948,#1818);
#1154=LINE('',#7953,#1819);
#1155=LINE('',#7957,#1820);
#1156=LINE('',#7962,#1821);
#1157=LINE('',#7964,#1822);
#1158=LINE('',#7966,#1823);
#1159=LINE('',#7967,#1824);
#1160=LINE('',#7969,#1825);
#1161=LINE('',#7971,#1826);
#1162=LINE('',#7973,#1827);
#1163=LINE('',#7975,#1828);
#1164=LINE('',#7976,#1829);
#1165=LINE('',#7977,#1830);
#1166=LINE('',#7981,#1831);
#1167=LINE('',#7983,#1832);
#1168=LINE('',#7985,#1833);
#1169=LINE('',#7986,#1834);
#1170=LINE('',#7988,#1835);
#1171=LINE('',#7990,#1836);
#1172=LINE('',#7992,#1837);
#1173=LINE('',#7994,#1838);
#1174=LINE('',#7995,#1839);
#1175=LINE('',#7996,#1840);
#1176=LINE('',#8000,#1841);
#1177=LINE('',#8002,#1842);
#1178=LINE('',#8004,#1843);
#1179=LINE('',#8005,#1844);
#1180=LINE('',#8007,#1845);
#1181=LINE('',#8009,#1846);
#1182=LINE('',#8011,#1847);
#1183=LINE('',#8013,#1848);
#1184=LINE('',#8014,#1849);
#1185=LINE('',#8015,#1850);
#1186=LINE('',#8019,#1851);
#1187=LINE('',#8021,#1852);
#1188=LINE('',#8023,#1853);
#1189=LINE('',#8024,#1854);
#1190=LINE('',#8026,#1855);
#1191=LINE('',#8028,#1856);
#1192=LINE('',#8030,#1857);
#1193=LINE('',#8032,#1858);
#1194=LINE('',#8033,#1859);
#1195=LINE('',#8034,#1860);
#1196=LINE('',#8038,#1861);
#1197=LINE('',#8040,#1862);
#1198=LINE('',#8042,#1863);
#1199=LINE('',#8043,#1864);
#1200=LINE('',#8045,#1865);
#1201=LINE('',#8047,#1866);
#1202=LINE('',#8049,#1867);
#1203=LINE('',#8051,#1868);
#1204=LINE('',#8052,#1869);
#1205=LINE('',#8053,#1870);
#1206=LINE('',#8057,#1871);
#1207=LINE('',#8059,#1872);
#1208=LINE('',#8061,#1873);
#1209=LINE('',#8062,#1874);
#1210=LINE('',#8064,#1875);
#1211=LINE('',#8066,#1876);
#1212=LINE('',#8068,#1877);
#1213=LINE('',#8070,#1878);
#1214=LINE('',#8071,#1879);
#1215=LINE('',#8072,#1880);
#1216=LINE('',#8076,#1881);
#1217=LINE('',#8078,#1882);
#1218=LINE('',#8080,#1883);
#1219=LINE('',#8081,#1884);
#1220=LINE('',#8083,#1885);
#1221=LINE('',#8085,#1886);
#1222=LINE('',#8087,#1887);
#1223=LINE('',#8089,#1888);
#1224=LINE('',#8090,#1889);
#1225=LINE('',#8091,#1890);
#1226=LINE('',#8095,#1891);
#1227=LINE('',#8097,#1892);
#1228=LINE('',#8099,#1893);
#1229=LINE('',#8100,#1894);
#1230=LINE('',#8101,#1895);
#1231=LINE('',#8102,#1896);
#1232=LINE('',#8106,#1897);
#1233=LINE('',#8108,#1898);
#1234=LINE('',#8110,#1899);
#1235=LINE('',#8111,#1900);
#1236=LINE('',#8113,#1901);
#1237=LINE('',#8115,#1902);
#1238=LINE('',#8117,#1903);
#1239=LINE('',#8119,#1904);
#1240=LINE('',#8120,#1905);
#1241=LINE('',#8121,#1906);
#1242=LINE('',#8125,#1907);
#1243=LINE('',#8127,#1908);
#1244=LINE('',#8129,#1909);
#1245=LINE('',#8130,#1910);
#1246=LINE('',#8131,#1911);
#1247=LINE('',#8132,#1912);
#1248=LINE('',#8138,#1913);
#1249=LINE('',#8139,#1914);
#1250=LINE('',#8140,#1915);
#1251=LINE('',#8143,#1916);
#1252=LINE('',#8145,#1917);
#1253=LINE('',#8146,#1918);
#1254=LINE('',#8150,#1919);
#1255=LINE('',#8151,#1920);
#1256=LINE('',#8152,#1921);
#1257=LINE('',#8156,#1922);
#1258=LINE('',#8158,#1923);
#1259=LINE('',#8160,#1924);
#1260=LINE('',#8161,#1925);
#1261=LINE('',#8165,#1926);
#1262=LINE('',#8167,#1927);
#1263=LINE('',#8168,#1928);
#1264=LINE('',#8170,#1929);
#1265=LINE('',#8172,#1930);
#1266=LINE('',#8175,#1931);
#1267=LINE('',#8177,#1932);
#1268=LINE('',#8178,#1933);
#1269=LINE('',#8180,#1934);
#1270=LINE('',#8182,#1935);
#1271=LINE('',#8189,#1936);
#1272=LINE('',#8191,#1937);
#1273=LINE('',#8192,#1938);
#1274=LINE('',#8194,#1939);
#1275=LINE('',#8196,#1940);
#1276=LINE('',#8199,#1941);
#1277=LINE('',#8201,#1942);
#1278=LINE('',#8202,#1943);
#1279=LINE('',#8204,#1944);
#1280=LINE('',#8206,#1945);
#1281=LINE('',#8212,#1946);
#1282=LINE('',#8214,#1947);
#1283=LINE('',#8215,#1948);
#1284=LINE('',#8217,#1949);
#1285=LINE('',#8219,#1950);
#1286=LINE('',#8222,#1951);
#1287=LINE('',#8224,#1952);
#1288=LINE('',#8225,#1953);
#1289=LINE('',#8227,#1954);
#1290=LINE('',#8229,#1955);
#1291=LINE('',#8235,#1956);
#1292=LINE('',#8237,#1957);
#1293=LINE('',#8238,#1958);
#1294=LINE('',#8240,#1959);
#1295=LINE('',#8242,#1960);
#1296=LINE('',#8245,#1961);
#1297=LINE('',#8247,#1962);
#1298=LINE('',#8248,#1963);
#1299=LINE('',#8250,#1964);
#1300=LINE('',#8252,#1965);
#1301=LINE('',#8258,#1966);
#1302=LINE('',#8260,#1967);
#1303=LINE('',#8261,#1968);
#1304=LINE('',#8263,#1969);
#1305=LINE('',#8265,#1970);
#1306=LINE('',#8268,#1971);
#1307=LINE('',#8270,#1972);
#1308=LINE('',#8271,#1973);
#1309=LINE('',#8273,#1974);
#1310=LINE('',#8275,#1975);
#1311=LINE('',#8281,#1976);
#1312=LINE('',#8283,#1977);
#1313=LINE('',#8284,#1978);
#1314=LINE('',#8286,#1979);
#1315=LINE('',#8288,#1980);
#1316=LINE('',#8291,#1981);
#1317=LINE('',#8293,#1982);
#1318=LINE('',#8294,#1983);
#1319=LINE('',#8296,#1984);
#1320=LINE('',#8298,#1985);
#1321=LINE('',#8304,#1986);
#1322=LINE('',#8306,#1987);
#1323=LINE('',#8307,#1988);
#1324=LINE('',#8309,#1989);
#1325=LINE('',#8311,#1990);
#1326=LINE('',#8314,#1991);
#1327=LINE('',#8316,#1992);
#1328=LINE('',#8317,#1993);
#1329=LINE('',#8319,#1994);
#1330=LINE('',#8321,#1995);
#1331=LINE('',#8327,#1996);
#1332=LINE('',#8329,#1997);
#1333=LINE('',#8330,#1998);
#1334=LINE('',#8332,#1999);
#1335=LINE('',#8334,#2000);
#1336=LINE('',#8337,#2001);
#1337=LINE('',#8339,#2002);
#1338=LINE('',#8340,#2003);
#1339=LINE('',#8342,#2004);
#1340=LINE('',#8344,#2005);
#1341=LINE('',#8350,#2006);
#1342=LINE('',#8352,#2007);
#1343=LINE('',#8353,#2008);
#1344=LINE('',#8355,#2009);
#1345=LINE('',#8357,#2010);
#1346=LINE('',#8360,#2011);
#1347=LINE('',#8362,#2012);
#1348=LINE('',#8363,#2013);
#1349=LINE('',#8365,#2014);
#1350=LINE('',#8367,#2015);
#1351=LINE('',#8390,#2016);
#1352=LINE('',#8391,#2017);
#1353=LINE('',#8392,#2018);
#1354=LINE('',#8394,#2019);
#1355=LINE('',#8396,#2020);
#1356=LINE('',#8399,#2021);
#1357=LINE('',#8401,#2022);
#1358=LINE('',#8402,#2023);
#1359=LINE('',#8404,#2024);
#1360=LINE('',#8406,#2025);
#1361=LINE('',#8410,#2026);
#1362=LINE('',#8412,#2027);
#1363=LINE('',#8413,#2028);
#1364=LINE('',#8415,#2029);
#1365=LINE('',#8417,#2030);
#1366=LINE('',#8421,#2031);
#1367=LINE('',#8423,#2032);
#1368=LINE('',#8424,#2033);
#1369=LINE('',#8426,#2034);
#1370=LINE('',#8428,#2035);
#1371=LINE('',#8432,#2036);
#1372=LINE('',#8434,#2037);
#1373=LINE('',#8435,#2038);
#1374=LINE('',#8437,#2039);
#1375=LINE('',#8439,#2040);
#1376=LINE('',#8443,#2041);
#1377=LINE('',#8445,#2042);
#1378=LINE('',#8446,#2043);
#1379=LINE('',#8448,#2044);
#1380=LINE('',#8450,#2045);
#1381=LINE('',#8454,#2046);
#1382=LINE('',#8456,#2047);
#1383=LINE('',#8457,#2048);
#1384=LINE('',#8459,#2049);
#1385=LINE('',#8461,#2050);
#1386=LINE('',#8465,#2051);
#1387=LINE('',#8467,#2052);
#1388=LINE('',#8468,#2053);
#1389=LINE('',#8470,#2054);
#1390=LINE('',#8472,#2055);
#1391=LINE('',#8476,#2056);
#1392=LINE('',#8478,#2057);
#1393=LINE('',#8479,#2058);
#1394=LINE('',#8481,#2059);
#1395=LINE('',#8483,#2060);
#1396=LINE('',#8487,#2061);
#1397=LINE('',#8489,#2062);
#1398=LINE('',#8490,#2063);
#1399=LINE('',#8492,#2064);
#1400=LINE('',#8494,#2065);
#1401=LINE('',#8532,#2066);
#1402=LINE('',#8534,#2067);
#1403=LINE('',#8535,#2068);
#1404=LINE('',#8538,#2069);
#1405=LINE('',#8539,#2070);
#1406=LINE('',#8542,#2071);
#1407=LINE('',#8543,#2072);
#1408=LINE('',#8546,#2073);
#1409=LINE('',#8547,#2074);
#1410=LINE('',#8550,#2075);
#1411=LINE('',#8551,#2076);
#1412=LINE('',#8554,#2077);
#1413=LINE('',#8555,#2078);
#1414=LINE('',#8558,#2079);
#1415=LINE('',#8559,#2080);
#1416=LINE('',#8561,#2081);
#1417=LINE('',#8565,#2082);
#1418=LINE('',#8567,#2083);
#1419=LINE('',#8577,#2084);
#1420=LINE('',#8586,#2085);
#1421=LINE('',#8590,#2086);
#1422=LINE('',#8591,#2087);
#1423=LINE('',#8592,#2088);
#1424=LINE('',#8595,#2089);
#1425=LINE('',#8596,#2090);
#1426=LINE('',#8619,#2091);
#1427=LINE('',#8622,#2092);
#1428=LINE('',#8623,#2093);
#1429=LINE('',#8646,#2094);
#1430=LINE('',#8648,#2095);
#1431=LINE('',#8651,#2096);
#1432=LINE('',#8653,#2097);
#1433=LINE('',#8654,#2098);
#1434=LINE('',#8657,#2099);
#1435=LINE('',#8658,#2100);
#1436=LINE('',#8661,#2101);
#1437=LINE('',#8662,#2102);
#1438=LINE('',#8721,#2103);
#1439=LINE('',#8822,#2104);
#1440=LINE('',#8824,#2105);
#1441=LINE('',#8825,#2106);
#1442=LINE('',#8829,#2107);
#1443=LINE('',#8830,#2108);
#1444=LINE('',#8831,#2109);
#1445=LINE('',#8890,#2110);
#1446=LINE('',#8949,#2111);
#1447=LINE('',#8952,#2112);
#1448=LINE('',#8953,#2113);
#1449=LINE('',#8955,#2114);
#1450=LINE('',#8958,#2115);
#1451=LINE('',#8960,#2116);
#1452=LINE('',#8961,#2117);
#1453=LINE('',#8964,#2118);
#1454=LINE('',#8965,#2119);
#1455=LINE('',#8968,#2120);
#1456=LINE('',#8969,#2121);
#1457=LINE('',#8972,#2122);
#1458=LINE('',#8973,#2123);
#1459=LINE('',#8976,#2124);
#1460=LINE('',#8977,#2125);
#1461=LINE('',#8980,#2126);
#1462=LINE('',#8981,#2127);
#1463=LINE('',#8984,#2128);
#1464=LINE('',#8985,#2129);
#1465=LINE('',#8988,#2130);
#1466=LINE('',#8989,#2131);
#1467=LINE('',#8992,#2132);
#1468=LINE('',#8993,#2133);
#1469=LINE('',#8996,#2134);
#1470=LINE('',#8997,#2135);
#1471=LINE('',#9000,#2136);
#1472=LINE('',#9001,#2137);
#1473=LINE('',#9003,#2138);
#1474=LINE('',#9007,#2139);
#1475=LINE('',#9009,#2140);
#1476=LINE('',#9010,#2141);
#1477=LINE('',#9045,#2142);
#1478=LINE('',#9104,#2143);
#1479=LINE('',#9163,#2144);
#1480=LINE('',#9198,#2145);
#1481=LINE('',#9201,#2146);
#1482=LINE('',#9202,#2147);
#1483=LINE('',#9237,#2148);
#1484=LINE('',#9296,#2149);
#1485=LINE('',#9355,#2150);
#1486=LINE('',#9392,#2151);
#1487=LINE('',#9394,#2152);
#1488=LINE('',#9395,#2153);
#1489=LINE('',#9398,#2154);
#1490=LINE('',#9399,#2155);
#1491=LINE('',#9402,#2156);
#1492=LINE('',#9403,#2157);
#1493=LINE('',#9406,#2158);
#1494=LINE('',#9407,#2159);
#1495=LINE('',#9410,#2160);
#1496=LINE('',#9411,#2161);
#1497=LINE('',#9413,#2162);
#1498=VECTOR('',#5838,0.42137872571);
#1499=VECTOR('',#5845,1000.);
#1500=VECTOR('',#5848,1000.);
#1501=VECTOR('',#5853,1000.);
#1502=VECTOR('',#5856,1000.);
#1503=VECTOR('',#5861,1000.);
#1504=VECTOR('',#5864,1000.);
#1505=VECTOR('',#5869,1000.);
#1506=VECTOR('',#5872,1000.);
#1507=VECTOR('',#5877,1000.);
#1508=VECTOR('',#5880,1000.);
#1509=VECTOR('',#5885,1000.);
#1510=VECTOR('',#5888,1000.);
#1511=VECTOR('',#5893,1000.);
#1512=VECTOR('',#5896,1000.);
#1513=VECTOR('',#5901,1000.);
#1514=VECTOR('',#5904,1000.);
#1515=VECTOR('',#5909,1000.);
#1516=VECTOR('',#5912,1000.);
#1517=VECTOR('',#5915,1000.);
#1518=VECTOR('',#5916,1000.);
#1519=VECTOR('',#5917,1000.);
#1520=VECTOR('',#5918,1000.);
#1521=VECTOR('',#5919,1000.);
#1522=VECTOR('',#5920,1000.);
#1523=VECTOR('',#5921,1000.);
#1524=VECTOR('',#5922,1000.);
#1525=VECTOR('',#5923,1000.);
#1526=VECTOR('',#5924,1000.);
#1527=VECTOR('',#5925,1000.);
#1528=VECTOR('',#5926,1000.);
#1529=VECTOR('',#5927,1000.);
#1530=VECTOR('',#5928,1000.);
#1531=VECTOR('',#5929,1000.);
#1532=VECTOR('',#5930,1000.);
#1533=VECTOR('',#5931,1000.);
#1534=VECTOR('',#5932,1000.);
#1535=VECTOR('',#5933,1000.);
#1536=VECTOR('',#5934,1000.);
#1537=VECTOR('',#5935,1000.);
#1538=VECTOR('',#5936,1000.);
#1539=VECTOR('',#5937,1000.);
#1540=VECTOR('',#5938,1000.);
#1541=VECTOR('',#5939,1000.);
#1542=VECTOR('',#5940,1000.);
#1543=VECTOR('',#5941,1000.);
#1544=VECTOR('',#5942,1000.);
#1545=VECTOR('',#5943,1000.);
#1546=VECTOR('',#5944,1000.);
#1547=VECTOR('',#5945,1000.);
#1548=VECTOR('',#5946,1000.);
#1549=VECTOR('',#5947,1000.);
#1550=VECTOR('',#5948,1000.);
#1551=VECTOR('',#5949,1000.);
#1552=VECTOR('',#5950,1000.);
#1553=VECTOR('',#5951,1000.);
#1554=VECTOR('',#5952,1000.);
#1555=VECTOR('',#5953,1000.);
#1556=VECTOR('',#5954,1000.);
#1557=VECTOR('',#5955,1000.);
#1558=VECTOR('',#5956,1000.);
#1559=VECTOR('',#5957,1000.);
#1560=VECTOR('',#5958,1000.);
#1561=VECTOR('',#5959,1000.);
#1562=VECTOR('',#5960,1000.);
#1563=VECTOR('',#5961,1000.);
#1564=VECTOR('',#5962,1000.);
#1565=VECTOR('',#5963,1000.);
#1566=VECTOR('',#5964,1000.);
#1567=VECTOR('',#5965,1000.);
#1568=VECTOR('',#5966,1000.);
#1569=VECTOR('',#5967,1000.);
#1570=VECTOR('',#5968,1000.);
#1571=VECTOR('',#5969,1000.);
#1572=VECTOR('',#5970,1000.);
#1573=VECTOR('',#5971,1000.);
#1574=VECTOR('',#5972,1000.);
#1575=VECTOR('',#5973,1000.);
#1576=VECTOR('',#5974,1000.);
#1577=VECTOR('',#5975,1000.);
#1578=VECTOR('',#5976,1000.);
#1579=VECTOR('',#5977,1000.);
#1580=VECTOR('',#5978,1000.);
#1581=VECTOR('',#5979,1000.);
#1582=VECTOR('',#5980,1000.);
#1583=VECTOR('',#5981,1000.);
#1584=VECTOR('',#5982,1000.);
#1585=VECTOR('',#5983,1000.);
#1586=VECTOR('',#5984,1000.);
#1587=VECTOR('',#5985,1000.);
#1588=VECTOR('',#5986,1000.);
#1589=VECTOR('',#5987,1000.);
#1590=VECTOR('',#5988,1000.);
#1591=VECTOR('',#5989,1000.);
#1592=VECTOR('',#5990,1000.);
#1593=VECTOR('',#5991,999.999999999687);
#1594=VECTOR('',#5992,1000.);
#1595=VECTOR('',#5993,999.999999999194);
#1596=VECTOR('',#5994,1000.);
#1597=VECTOR('',#5995,999.999999999724);
#1598=VECTOR('',#5996,1000.);
#1599=VECTOR('',#5997,999.999999999846);
#1600=VECTOR('',#5998,1000.);
#1601=VECTOR('',#5999,1000.);
#1602=VECTOR('',#6000,1000.);
#1603=VECTOR('',#6001,1000.);
#1604=VECTOR('',#6002,1000.);
#1605=VECTOR('',#6003,1000.);
#1606=VECTOR('',#6004,1000.);
#1607=VECTOR('',#6005,1000.);
#1608=VECTOR('',#6006,1000.);
#1609=VECTOR('',#6007,1000.);
#1610=VECTOR('',#6008,1000.);
#1611=VECTOR('',#6009,1000.);
#1612=VECTOR('',#6010,1000.);
#1613=VECTOR('',#6011,1000.);
#1614=VECTOR('',#6012,1000.);
#1615=VECTOR('',#6013,1000.);
#1616=VECTOR('',#6014,1000.);
#1617=VECTOR('',#6015,1000.);
#1618=VECTOR('',#6016,1000.);
#1619=VECTOR('',#6017,1000.);
#1620=VECTOR('',#6018,1000.);
#1621=VECTOR('',#6019,1000.);
#1622=VECTOR('',#6020,1000.);
#1623=VECTOR('',#6021,1000.);
#1624=VECTOR('',#6024,1000.);
#1625=VECTOR('',#6025,1000.);
#1626=VECTOR('',#6026,1000.);
#1627=VECTOR('',#6027,1000.);
#1628=VECTOR('',#6028,1000.);
#1629=VECTOR('',#6029,1000.);
#1630=VECTOR('',#6030,1000.);
#1631=VECTOR('',#6031,1000.);
#1632=VECTOR('',#6032,1000.);
#1633=VECTOR('',#6035,1000.);
#1634=VECTOR('',#6036,1000.);
#1635=VECTOR('',#6037,1000.);
#1636=VECTOR('',#6038,1000.);
#1637=VECTOR('',#6039,1000.);
#1638=VECTOR('',#6040,1000.);
#1639=VECTOR('',#6041,1000.);
#1640=VECTOR('',#6042,1000.);
#1641=VECTOR('',#6043,1000.);
#1642=VECTOR('',#6046,1000.);
#1643=VECTOR('',#6047,1000.);
#1644=VECTOR('',#6048,1000.);
#1645=VECTOR('',#6049,1000.);
#1646=VECTOR('',#6050,1000.);
#1647=VECTOR('',#6051,1000.);
#1648=VECTOR('',#6052,1000.);
#1649=VECTOR('',#6053,1000.);
#1650=VECTOR('',#6054,1000.);
#1651=VECTOR('',#6057,1000.);
#1652=VECTOR('',#6058,1000.);
#1653=VECTOR('',#6059,1000.);
#1654=VECTOR('',#6060,1000.);
#1655=VECTOR('',#6061,1000.);
#1656=VECTOR('',#6062,1000.);
#1657=VECTOR('',#6063,1000.);
#1658=VECTOR('',#6064,1000.);
#1659=VECTOR('',#6065,1000.);
#1660=VECTOR('',#6068,1000.);
#1661=VECTOR('',#6069,1000.);
#1662=VECTOR('',#6070,1000.);
#1663=VECTOR('',#6071,1000.);
#1664=VECTOR('',#6072,1000.);
#1665=VECTOR('',#6073,1000.);
#1666=VECTOR('',#6074,1000.);
#1667=VECTOR('',#6075,1000.);
#1668=VECTOR('',#6076,1000.);
#1669=VECTOR('',#6079,1000.);
#1670=VECTOR('',#6080,1000.);
#1671=VECTOR('',#6081,1000.);
#1672=VECTOR('',#6082,1000.);
#1673=VECTOR('',#6083,1000.);
#1674=VECTOR('',#6084,1000.);
#1675=VECTOR('',#6085,1000.);
#1676=VECTOR('',#6086,1000.);
#1677=VECTOR('',#6087,1000.);
#1678=VECTOR('',#6090,1000.);
#1679=VECTOR('',#6091,1000.);
#1680=VECTOR('',#6092,1000.);
#1681=VECTOR('',#6093,1000.);
#1682=VECTOR('',#6094,1000.);
#1683=VECTOR('',#6095,1000.);
#1684=VECTOR('',#6096,1000.);
#1685=VECTOR('',#6097,1000.);
#1686=VECTOR('',#6098,1000.);
#1687=VECTOR('',#6101,1000.);
#1688=VECTOR('',#6102,1000.);
#1689=VECTOR('',#6103,1000.);
#1690=VECTOR('',#6104,1000.);
#1691=VECTOR('',#6105,1000.);
#1692=VECTOR('',#6106,1000.);
#1693=VECTOR('',#6107,1000.);
#1694=VECTOR('',#6108,1000.);
#1695=VECTOR('',#6109,1000.);
#1696=VECTOR('',#6112,1000.);
#1697=VECTOR('',#6113,1000.);
#1698=VECTOR('',#6114,1000.);
#1699=VECTOR('',#6115,1000.);
#1700=VECTOR('',#6116,1000.);
#1701=VECTOR('',#6117,1000.);
#1702=VECTOR('',#6120,1000.);
#1703=VECTOR('',#6121,1000.);
#1704=VECTOR('',#6122,1000.);
#1705=VECTOR('',#6123,1000.);
#1706=VECTOR('',#6124,1000.);
#1707=VECTOR('',#6125,1000.);
#1708=VECTOR('',#6128,1000.);
#1709=VECTOR('',#6129,1000.);
#1710=VECTOR('',#6130,1000.);
#1711=VECTOR('',#6133,1000.);
#1712=VECTOR('',#6134,1000.);
#1713=VECTOR('',#6137,1000.);
#1714=VECTOR('',#6138,1000.);
#1715=VECTOR('',#6141,1000.);
#1716=VECTOR('',#6142,1000.);
#1717=VECTOR('',#6143,1000.);
#1718=VECTOR('',#6146,1000.);
#1719=VECTOR('',#6147,1000.);
#1720=VECTOR('',#6150,1000.);
#1721=VECTOR('',#6151,1000.);
#1722=VECTOR('',#6154,1000.);
#1723=VECTOR('',#6155,1000.);
#1724=VECTOR('',#6156,1000.);
#1725=VECTOR('',#6159,1000.);
#1726=VECTOR('',#6160,1000.);
#1727=VECTOR('',#6163,1000.);
#1728=VECTOR('',#6164,1000.);
#1729=VECTOR('',#6167,1000.);
#1730=VECTOR('',#6168,1000.);
#1731=VECTOR('',#6169,1000.);
#1732=VECTOR('',#6172,1000.);
#1733=VECTOR('',#6173,1000.);
#1734=VECTOR('',#6176,1000.);
#1735=VECTOR('',#6177,1000.);
#1736=VECTOR('',#6180,1000.);
#1737=VECTOR('',#6181,1000.);
#1738=VECTOR('',#6182,1000.);
#1739=VECTOR('',#6185,1000.);
#1740=VECTOR('',#6186,1000.);
#1741=VECTOR('',#6189,1000.);
#1742=VECTOR('',#6190,1000.);
#1743=VECTOR('',#6193,1000.);
#1744=VECTOR('',#6194,1000.);
#1745=VECTOR('',#6195,1000.);
#1746=VECTOR('',#6198,1000.);
#1747=VECTOR('',#6199,1000.);
#1748=VECTOR('',#6202,1000.);
#1749=VECTOR('',#6203,1000.);
#1750=VECTOR('',#6206,1000.);
#1751=VECTOR('',#6207,1000.);
#1752=VECTOR('',#6208,1000.);
#1753=VECTOR('',#6211,1000.);
#1754=VECTOR('',#6212,1000.);
#1755=VECTOR('',#6215,1000.);
#1756=VECTOR('',#6216,1000.);
#1757=VECTOR('',#6219,1000.);
#1758=VECTOR('',#6220,1000.);
#1759=VECTOR('',#6221,1000.);
#1760=VECTOR('',#6224,1000.);
#1761=VECTOR('',#6225,1000.);
#1762=VECTOR('',#6228,1000.);
#1763=VECTOR('',#6229,1000.);
#1764=VECTOR('',#6232,1000.);
#1765=VECTOR('',#6233,1000.);
#1766=VECTOR('',#6234,1000.);
#1767=VECTOR('',#6235,1000.);
#1768=VECTOR('',#6238,1000.);
#1769=VECTOR('',#6239,1000.);
#1770=VECTOR('',#6240,1000.);
#1771=VECTOR('',#6241,1000.);
#1772=VECTOR('',#6242,1000.);
#1773=VECTOR('',#6243,1000.);
#1774=VECTOR('',#6244,1000.);
#1775=VECTOR('',#6245,1000.);
#1776=VECTOR('',#6246,1000.);
#1777=VECTOR('',#6247,1000.);
#1778=VECTOR('',#6248,1000.);
#1779=VECTOR('',#6249,1000.);
#1780=VECTOR('',#6250,1000.);
#1781=VECTOR('',#6251,1000.);
#1782=VECTOR('',#6252,1000.);
#1783=VECTOR('',#6253,1000.);
#1784=VECTOR('',#6254,1000.);
#1785=VECTOR('',#6255,1000.);
#1786=VECTOR('',#6256,1000.);
#1787=VECTOR('',#6257,1000.);
#1788=VECTOR('',#6258,1000.);
#1789=VECTOR('',#6259,1000.);
#1790=VECTOR('',#6260,1000.);
#1791=VECTOR('',#6261,1000.);
#1792=VECTOR('',#6262,1000.);
#1793=VECTOR('',#6263,1000.);
#1794=VECTOR('',#6264,1000.);
#1795=VECTOR('',#6265,1000.);
#1796=VECTOR('',#6266,1000.);
#1797=VECTOR('',#6267,1000.);
#1798=VECTOR('',#6268,1000.);
#1799=VECTOR('',#6269,1000.);
#1800=VECTOR('',#6270,1000.);
#1801=VECTOR('',#6271,1000.);
#1802=VECTOR('',#6272,1000.);
#1803=VECTOR('',#6273,1000.);
#1804=VECTOR('',#6274,1000.);
#1805=VECTOR('',#6275,1000.);
#1806=VECTOR('',#6276,1000.);
#1807=VECTOR('',#6277,1000.);
#1808=VECTOR('',#6278,1000.);
#1809=VECTOR('',#6279,1000.);
#1810=VECTOR('',#6280,1000.);
#1811=VECTOR('',#6281,1000.);
#1812=VECTOR('',#6282,1000.);
#1813=VECTOR('',#6283,1000.);
#1814=VECTOR('',#6284,1000.);
#1815=VECTOR('',#6285,1000.);
#1816=VECTOR('',#6286,1000.);
#1817=VECTOR('',#6287,1000.);
#1818=VECTOR('',#6288,1000.);
#1819=VECTOR('',#6293,1000.);
#1820=VECTOR('',#6296,1000.);
#1821=VECTOR('',#6301,1000.);
#1822=VECTOR('',#6302,1000.);
#1823=VECTOR('',#6303,1000.);
#1824=VECTOR('',#6304,1000.);
#1825=VECTOR('',#6305,1000.);
#1826=VECTOR('',#6306,1000.);
#1827=VECTOR('',#6307,1000.);
#1828=VECTOR('',#6308,1000.);
#1829=VECTOR('',#6309,1000.);
#1830=VECTOR('',#6310,1000.);
#1831=VECTOR('',#6313,1000.);
#1832=VECTOR('',#6314,1000.);
#1833=VECTOR('',#6315,1000.);
#1834=VECTOR('',#6316,1000.);
#1835=VECTOR('',#6317,1000.);
#1836=VECTOR('',#6318,1000.);
#1837=VECTOR('',#6319,1000.);
#1838=VECTOR('',#6320,1000.);
#1839=VECTOR('',#6321,1000.);
#1840=VECTOR('',#6322,1000.);
#1841=VECTOR('',#6325,1000.);
#1842=VECTOR('',#6326,1000.);
#1843=VECTOR('',#6327,1000.);
#1844=VECTOR('',#6328,1000.);
#1845=VECTOR('',#6329,1000.);
#1846=VECTOR('',#6330,1000.);
#1847=VECTOR('',#6331,1000.);
#1848=VECTOR('',#6332,1000.);
#1849=VECTOR('',#6333,1000.);
#1850=VECTOR('',#6334,1000.);
#1851=VECTOR('',#6337,1000.);
#1852=VECTOR('',#6338,1000.);
#1853=VECTOR('',#6339,1000.);
#1854=VECTOR('',#6340,1000.);
#1855=VECTOR('',#6341,1000.);
#1856=VECTOR('',#6342,1000.);
#1857=VECTOR('',#6343,1000.);
#1858=VECTOR('',#6344,1000.);
#1859=VECTOR('',#6345,1000.);
#1860=VECTOR('',#6346,1000.);
#1861=VECTOR('',#6349,1000.);
#1862=VECTOR('',#6350,1000.);
#1863=VECTOR('',#6351,1000.);
#1864=VECTOR('',#6352,1000.);
#1865=VECTOR('',#6353,1000.);
#1866=VECTOR('',#6354,1000.);
#1867=VECTOR('',#6355,1000.);
#1868=VECTOR('',#6356,1000.);
#1869=VECTOR('',#6357,1000.);
#1870=VECTOR('',#6358,1000.);
#1871=VECTOR('',#6361,1000.);
#1872=VECTOR('',#6362,1000.);
#1873=VECTOR('',#6363,1000.);
#1874=VECTOR('',#6364,1000.);
#1875=VECTOR('',#6365,1000.);
#1876=VECTOR('',#6366,1000.);
#1877=VECTOR('',#6367,1000.);
#1878=VECTOR('',#6368,1000.);
#1879=VECTOR('',#6369,1000.);
#1880=VECTOR('',#6370,1000.);
#1881=VECTOR('',#6373,1000.);
#1882=VECTOR('',#6374,1000.);
#1883=VECTOR('',#6375,1000.);
#1884=VECTOR('',#6376,1000.);
#1885=VECTOR('',#6377,1000.);
#1886=VECTOR('',#6378,1000.);
#1887=VECTOR('',#6379,1000.);
#1888=VECTOR('',#6380,1000.);
#1889=VECTOR('',#6381,1000.);
#1890=VECTOR('',#6382,1000.);
#1891=VECTOR('',#6385,1000.);
#1892=VECTOR('',#6386,1000.);
#1893=VECTOR('',#6387,1000.);
#1894=VECTOR('',#6388,1000.);
#1895=VECTOR('',#6389,1000.);
#1896=VECTOR('',#6390,1000.);
#1897=VECTOR('',#6393,1000.);
#1898=VECTOR('',#6394,1000.);
#1899=VECTOR('',#6395,1000.);
#1900=VECTOR('',#6396,1000.);
#1901=VECTOR('',#6397,1000.);
#1902=VECTOR('',#6398,1000.);
#1903=VECTOR('',#6399,1000.);
#1904=VECTOR('',#6400,1000.);
#1905=VECTOR('',#6401,1000.);
#1906=VECTOR('',#6402,1000.);
#1907=VECTOR('',#6405,1000.);
#1908=VECTOR('',#6406,1000.);
#1909=VECTOR('',#6407,1000.);
#1910=VECTOR('',#6408,1000.);
#1911=VECTOR('',#6409,1000.);
#1912=VECTOR('',#6410,1000.);
#1913=VECTOR('',#6417,1000.);
#1914=VECTOR('',#6418,1000.);
#1915=VECTOR('',#6419,1000.);
#1916=VECTOR('',#6422,1000.);
#1917=VECTOR('',#6423,1000.);
#1918=VECTOR('',#6424,1000.);
#1919=VECTOR('',#6427,1000.);
#1920=VECTOR('',#6428,1000.);
#1921=VECTOR('',#6429,1000.);
#1922=VECTOR('',#6432,1000.);
#1923=VECTOR('',#6433,1000.);
#1924=VECTOR('',#6434,1000.);
#1925=VECTOR('',#6435,1000.);
#1926=VECTOR('',#6440,1000.);
#1927=VECTOR('',#6441,1000.);
#1928=VECTOR('',#6442,1000.);
#1929=VECTOR('',#6445,1000.);
#1930=VECTOR('',#6448,1000.);
#1931=VECTOR('',#6451,1000.);
#1932=VECTOR('',#6452,1000.);
#1933=VECTOR('',#6453,1000.);
#1934=VECTOR('',#6456,1000.);
#1935=VECTOR('',#6459,1000.);
#1936=VECTOR('',#6470,1000.);
#1937=VECTOR('',#6471,1000.);
#1938=VECTOR('',#6472,1000.);
#1939=VECTOR('',#6475,1000.);
#1940=VECTOR('',#6478,1000.);
#1941=VECTOR('',#6481,1000.);
#1942=VECTOR('',#6482,1000.);
#1943=VECTOR('',#6483,1000.);
#1944=VECTOR('',#6486,1000.);
#1945=VECTOR('',#6489,1000.);
#1946=VECTOR('',#6498,1000.);
#1947=VECTOR('',#6499,1000.);
#1948=VECTOR('',#6500,1000.);
#1949=VECTOR('',#6503,1000.);
#1950=VECTOR('',#6506,1000.);
#1951=VECTOR('',#6509,1000.);
#1952=VECTOR('',#6510,1000.);
#1953=VECTOR('',#6511,1000.);
#1954=VECTOR('',#6514,1000.);
#1955=VECTOR('',#6517,1000.);
#1956=VECTOR('',#6526,1000.);
#1957=VECTOR('',#6527,1000.);
#1958=VECTOR('',#6528,1000.);
#1959=VECTOR('',#6531,1000.);
#1960=VECTOR('',#6534,1000.);
#1961=VECTOR('',#6537,1000.);
#1962=VECTOR('',#6538,1000.);
#1963=VECTOR('',#6539,1000.);
#1964=VECTOR('',#6542,1000.);
#1965=VECTOR('',#6545,1000.);
#1966=VECTOR('',#6554,1000.);
#1967=VECTOR('',#6555,1000.);
#1968=VECTOR('',#6556,1000.);
#1969=VECTOR('',#6559,1000.);
#1970=VECTOR('',#6562,1000.);
#1971=VECTOR('',#6565,1000.);
#1972=VECTOR('',#6566,1000.);
#1973=VECTOR('',#6567,1000.);
#1974=VECTOR('',#6570,1000.);
#1975=VECTOR('',#6573,1000.);
#1976=VECTOR('',#6582,1000.);
#1977=VECTOR('',#6583,1000.);
#1978=VECTOR('',#6584,1000.);
#1979=VECTOR('',#6587,1000.);
#1980=VECTOR('',#6590,1000.);
#1981=VECTOR('',#6593,1000.);
#1982=VECTOR('',#6594,1000.);
#1983=VECTOR('',#6595,1000.);
#1984=VECTOR('',#6598,1000.);
#1985=VECTOR('',#6601,1000.);
#1986=VECTOR('',#6610,1000.);
#1987=VECTOR('',#6611,1000.);
#1988=VECTOR('',#6612,1000.);
#1989=VECTOR('',#6615,1000.);
#1990=VECTOR('',#6618,1000.);
#1991=VECTOR('',#6621,1000.);
#1992=VECTOR('',#6622,1000.);
#1993=VECTOR('',#6623,1000.);
#1994=VECTOR('',#6626,1000.);
#1995=VECTOR('',#6629,1000.);
#1996=VECTOR('',#6638,1000.);
#1997=VECTOR('',#6639,1000.);
#1998=VECTOR('',#6640,1000.);
#1999=VECTOR('',#6643,1000.);
#2000=VECTOR('',#6646,1000.);
#2001=VECTOR('',#6649,1000.);
#2002=VECTOR('',#6650,1000.);
#2003=VECTOR('',#6651,1000.);
#2004=VECTOR('',#6654,1000.);
#2005=VECTOR('',#6657,1000.);
#2006=VECTOR('',#6666,1000.);
#2007=VECTOR('',#6667,1000.);
#2008=VECTOR('',#6668,1000.);
#2009=VECTOR('',#6671,1000.);
#2010=VECTOR('',#6674,1000.);
#2011=VECTOR('',#6677,1000.);
#2012=VECTOR('',#6678,1000.);
#2013=VECTOR('',#6679,1000.);
#2014=VECTOR('',#6682,1000.);
#2015=VECTOR('',#6685,1000.);
#2016=VECTOR('',#6726,1000.);
#2017=VECTOR('',#6727,1000.);
#2018=VECTOR('',#6728,1000.);
#2019=VECTOR('',#6731,1000.);
#2020=VECTOR('',#6734,1000.);
#2021=VECTOR('',#6737,1000.);
#2022=VECTOR('',#6738,1000.);
#2023=VECTOR('',#6739,1000.);
#2024=VECTOR('',#6742,1000.);
#2025=VECTOR('',#6745,1000.);
#2026=VECTOR('',#6750,1000.);
#2027=VECTOR('',#6751,1000.);
#2028=VECTOR('',#6752,1000.);
#2029=VECTOR('',#6755,1000.);
#2030=VECTOR('',#6758,1000.);
#2031=VECTOR('',#6763,1000.);
#2032=VECTOR('',#6764,1000.);
#2033=VECTOR('',#6765,1000.);
#2034=VECTOR('',#6768,1000.);
#2035=VECTOR('',#6771,1000.);
#2036=VECTOR('',#6776,1000.);
#2037=VECTOR('',#6777,1000.);
#2038=VECTOR('',#6778,1000.);
#2039=VECTOR('',#6781,1000.);
#2040=VECTOR('',#6784,1000.);
#2041=VECTOR('',#6789,1000.);
#2042=VECTOR('',#6790,1000.);
#2043=VECTOR('',#6791,1000.);
#2044=VECTOR('',#6794,1000.);
#2045=VECTOR('',#6797,1000.);
#2046=VECTOR('',#6802,1000.);
#2047=VECTOR('',#6803,1000.);
#2048=VECTOR('',#6804,1000.);
#2049=VECTOR('',#6807,1000.);
#2050=VECTOR('',#6810,1000.);
#2051=VECTOR('',#6815,1000.);
#2052=VECTOR('',#6816,1000.);
#2053=VECTOR('',#6817,1000.);
#2054=VECTOR('',#6820,1000.);
#2055=VECTOR('',#6823,1000.);
#2056=VECTOR('',#6828,1000.);
#2057=VECTOR('',#6829,1000.);
#2058=VECTOR('',#6830,1000.);
#2059=VECTOR('',#6833,1000.);
#2060=VECTOR('',#6836,1000.);
#2061=VECTOR('',#6841,1000.);
#2062=VECTOR('',#6842,1000.);
#2063=VECTOR('',#6843,1000.);
#2064=VECTOR('',#6846,1000.);
#2065=VECTOR('',#6849,1000.);
#2066=VECTOR('',#6922,1000.);
#2067=VECTOR('',#6923,999.999999999687);
#2068=VECTOR('',#6924,1000.);
#2069=VECTOR('',#6927,1000.);
#2070=VECTOR('',#6928,1000.);
#2071=VECTOR('',#6931,999.999999999194);
#2072=VECTOR('',#6932,1000.);
#2073=VECTOR('',#6935,1000.);
#2074=VECTOR('',#6936,1000.);
#2075=VECTOR('',#6939,999.999999999724);
#2076=VECTOR('',#6940,1000.);
#2077=VECTOR('',#6943,1000.);
#2078=VECTOR('',#6944,1000.);
#2079=VECTOR('',#6947,999.999999999846);
#2080=VECTOR('',#6948,1000.);
#2081=VECTOR('',#6951,1000.);
#2082=VECTOR('',#6954,1000.);
#2083=VECTOR('',#6955,999.999999999714);
#2084=VECTOR('',#6956,1000.);
#2085=VECTOR('',#6957,999.999999998935);
#2086=VECTOR('',#6960,1000.);
#2087=VECTOR('',#6961,1000.);
#2088=VECTOR('',#6962,1000.);
#2089=VECTOR('',#6965,999.999999999714);
#2090=VECTOR('',#6966,1000.);
#2091=VECTOR('',#6967,1000.);
#2092=VECTOR('',#6970,1000.);
#2093=VECTOR('',#6971,1000.);
#2094=VECTOR('',#6972,1000.);
#2095=VECTOR('',#6975,999.999999998935);
#2096=VECTOR('',#6978,1000.);
#2097=VECTOR('',#6979,1000.);
#2098=VECTOR('',#6980,1000.);
#2099=VECTOR('',#6983,1000.);
#2100=VECTOR('',#6984,1000.);
#2101=VECTOR('',#6987,1000.);
#2102=VECTOR('',#6988,1000.);
#2103=VECTOR('',#6989,1000.);
#2104=VECTOR('',#6992,1000.);
#2105=VECTOR('',#6993,1000.);
#2106=VECTOR('',#6994,1000.);
#2107=VECTOR('',#6997,1000.);
#2108=VECTOR('',#6998,1000.);
#2109=VECTOR('',#6999,1000.);
#2110=VECTOR('',#7000,1000.);
#2111=VECTOR('',#7001,1000.);
#2112=VECTOR('',#7004,1000.);
#2113=VECTOR('',#7005,1000.);
#2114=VECTOR('',#7008,1000.);
#2115=VECTOR('',#7011,1000.);
#2116=VECTOR('',#7012,1000.);
#2117=VECTOR('',#7013,1000.);
#2118=VECTOR('',#7016,1000.);
#2119=VECTOR('',#7017,1000.);
#2120=VECTOR('',#7020,1000.);
#2121=VECTOR('',#7021,1000.);
#2122=VECTOR('',#7024,1000.);
#2123=VECTOR('',#7025,1000.);
#2124=VECTOR('',#7028,1000.);
#2125=VECTOR('',#7029,1000.);
#2126=VECTOR('',#7032,1000.);
#2127=VECTOR('',#7033,1000.);
#2128=VECTOR('',#7036,1000.);
#2129=VECTOR('',#7037,1000.);
#2130=VECTOR('',#7040,1000.);
#2131=VECTOR('',#7041,1000.);
#2132=VECTOR('',#7044,1000.);
#2133=VECTOR('',#7045,1000.);
#2134=VECTOR('',#7048,1000.);
#2135=VECTOR('',#7049,1000.);
#2136=VECTOR('',#7052,1000.);
#2137=VECTOR('',#7053,1000.);
#2138=VECTOR('',#7056,1000.);
#2139=VECTOR('',#7061,1000.);
#2140=VECTOR('',#7062,1000.);
#2141=VECTOR('',#7063,1000.);
#2142=VECTOR('',#7064,1000.);
#2143=VECTOR('',#7065,1000.);
#2144=VECTOR('',#7066,1000.);
#2145=VECTOR('',#7067,1000.);
#2146=VECTOR('',#7070,1000.);
#2147=VECTOR('',#7071,1000.);
#2148=VECTOR('',#7072,1000.);
#2149=VECTOR('',#7073,1000.);
#2150=VECTOR('',#7074,1000.);
#2151=VECTOR('',#7079,1000.);
#2152=VECTOR('',#7080,1000.);
#2153=VECTOR('',#7081,1000.);
#2154=VECTOR('',#7084,1000.);
#2155=VECTOR('',#7085,1000.);
#2156=VECTOR('',#7088,1000.);
#2157=VECTOR('',#7089,1000.);
#2158=VECTOR('',#7092,1000.);
#2159=VECTOR('',#7093,1000.);
#2160=VECTOR('',#7096,1000.);
#2161=VECTOR('',#7097,1000.);
#2162=VECTOR('',#7100,1000.);
#2163=CIRCLE('',#5523,0.42137872571);
#2164=CIRCLE('',#5524,0.42137872571);
#2165=CIRCLE('',#5526,0.299999999999);
#2166=CIRCLE('',#5527,0.299999999999);
#2167=CIRCLE('',#5529,0.299999999999);
#2168=CIRCLE('',#5530,0.299999999999);
#2169=CIRCLE('',#5532,0.299999999999);
#2170=CIRCLE('',#5533,0.299999999999);
#2171=CIRCLE('',#5535,0.299999999999);
#2172=CIRCLE('',#5536,0.299999999999);
#2173=CIRCLE('',#5538,0.299999999999);
#2174=CIRCLE('',#5539,0.299999999999);
#2175=CIRCLE('',#5541,0.299999999999);
#2176=CIRCLE('',#5542,0.299999999999);
#2177=CIRCLE('',#5544,0.299999999999);
#2178=CIRCLE('',#5545,0.299999999999);
#2179=CIRCLE('',#5547,0.299999999999);
#2180=CIRCLE('',#5548,0.299999999999);
#2181=CIRCLE('',#5550,0.299999999999);
#2182=CIRCLE('',#5551,0.299999999999);
#2183=CIRCLE('',#5589,0.2);
#2184=CIRCLE('',#5590,0.2);
#2185=CIRCLE('',#5591,0.199999999999);
#2186=CIRCLE('',#5592,0.199999999999);
#2187=CIRCLE('',#5610,0.299999999999);
#2188=CIRCLE('',#5617,0.299999999999);
#2189=CIRCLE('',#5620,0.299999999999);
#2190=CIRCLE('',#5627,0.299999999999);
#2191=CIRCLE('',#5629,0.299999999999);
#2192=CIRCLE('',#5636,0.299999999999);
#2193=CIRCLE('',#5638,0.299999999999);
#2194=CIRCLE('',#5645,0.299999999999);
#2195=CIRCLE('',#5647,0.299999999999);
#2196=CIRCLE('',#5654,0.299999999999);
#2197=CIRCLE('',#5656,0.299999999999);
#2198=CIRCLE('',#5663,0.299999999999);
#2199=CIRCLE('',#5665,0.299999999999);
#2200=CIRCLE('',#5672,0.299999999999);
#2201=CIRCLE('',#5674,0.299999999999);
#2202=CIRCLE('',#5681,0.299999999999);
#2203=CIRCLE('',#5683,0.299999999999);
#2204=CIRCLE('',#5690,0.299999999999);
#2205=CIRCLE('',#5757,0.2);
#2206=CIRCLE('',#5759,0.2);
#2207=CIRCLE('',#5760,0.2);
#2208=CIRCLE('',#5762,0.199999999999);
#2209=CIRCLE('',#5764,0.2);
#2210=CIRCLE('',#5766,0.2);
#2211=CIRCLE('',#5768,0.2);
#2212=CIRCLE('',#5770,0.2);
#2213=CIRCLE('',#5772,0.2);
#2214=CIRCLE('',#5774,0.199999999999);
#2215=CIRCLE('',#5776,0.2);
#2216=CIRCLE('',#5778,0.2);
#2217=VERTEX_POINT('',#7115);
#2218=VERTEX_POINT('',#7117);
#2219=VERTEX_POINT('',#7121);
#2220=VERTEX_POINT('',#7122);
#2221=VERTEX_POINT('',#7124);
#2222=VERTEX_POINT('',#7126);
#2223=VERTEX_POINT('',#7130);
#2224=VERTEX_POINT('',#7131);
#2225=VERTEX_POINT('',#7133);
#2226=VERTEX_POINT('',#7135);
#2227=VERTEX_POINT('',#7139);
#2228=VERTEX_POINT('',#7140);
#2229=VERTEX_POINT('',#7142);
#2230=VERTEX_POINT('',#7144);
#2231=VERTEX_POINT('',#7148);
#2232=VERTEX_POINT('',#7149);
#2233=VERTEX_POINT('',#7151);
#2234=VERTEX_POINT('',#7153);
#2235=VERTEX_POINT('',#7157);
#2236=VERTEX_POINT('',#7158);
#2237=VERTEX_POINT('',#7160);
#2238=VERTEX_POINT('',#7162);
#2239=VERTEX_POINT('',#7166);
#2240=VERTEX_POINT('',#7167);
#2241=VERTEX_POINT('',#7169);
#2242=VERTEX_POINT('',#7171);
#2243=VERTEX_POINT('',#7175);
#2244=VERTEX_POINT('',#7176);
#2245=VERTEX_POINT('',#7178);
#2246=VERTEX_POINT('',#7180);
#2247=VERTEX_POINT('',#7184);
#2248=VERTEX_POINT('',#7185);
#2249=VERTEX_POINT('',#7187);
#2250=VERTEX_POINT('',#7189);
#2251=VERTEX_POINT('',#7193);
#2252=VERTEX_POINT('',#7194);
#2253=VERTEX_POINT('',#7196);
#2254=VERTEX_POINT('',#7198);
#2255=VERTEX_POINT('',#7202);
#2256=VERTEX_POINT('',#7203);
#2257=VERTEX_POINT('',#7205);
#2258=VERTEX_POINT('',#7207);
#2259=VERTEX_POINT('',#7209);
#2260=VERTEX_POINT('',#7211);
#2261=VERTEX_POINT('',#7213);
#2262=VERTEX_POINT('',#7215);
#2263=VERTEX_POINT('',#7217);
#2264=VERTEX_POINT('',#7219);
#2265=VERTEX_POINT('',#7221);
#2266=VERTEX_POINT('',#7223);
#2267=VERTEX_POINT('',#7225);
#2268=VERTEX_POINT('',#7227);
#2269=VERTEX_POINT('',#7229);
#2270=VERTEX_POINT('',#7231);
#2271=VERTEX_POINT('',#7233);
#2272=VERTEX_POINT('',#7235);
#2273=VERTEX_POINT('',#7237);
#2274=VERTEX_POINT('',#7239);
#2275=VERTEX_POINT('',#7241);
#2276=VERTEX_POINT('',#7243);
#2277=VERTEX_POINT('',#7245);
#2278=VERTEX_POINT('',#7247);
#2279=VERTEX_POINT('',#7249);
#2280=VERTEX_POINT('',#7251);
#2281=VERTEX_POINT('',#7253);
#2282=VERTEX_POINT('',#7255);
#2283=VERTEX_POINT('',#7257);
#2284=VERTEX_POINT('',#7259);
#2285=VERTEX_POINT('',#7261);
#2286=VERTEX_POINT('',#7263);
#2287=VERTEX_POINT('',#7265);
#2288=VERTEX_POINT('',#7267);
#2289=VERTEX_POINT('',#7269);
#2290=VERTEX_POINT('',#7271);
#2291=VERTEX_POINT('',#7273);
#2292=VERTEX_POINT('',#7275);
#2293=VERTEX_POINT('',#7277);
#2294=VERTEX_POINT('',#7279);
#2295=VERTEX_POINT('',#7281);
#2296=VERTEX_POINT('',#7283);
#2297=VERTEX_POINT('',#7285);
#2298=VERTEX_POINT('',#7287);
#2299=VERTEX_POINT('',#7289);
#2300=VERTEX_POINT('',#7291);
#2301=VERTEX_POINT('',#7293);
#2302=VERTEX_POINT('',#7295);
#2303=VERTEX_POINT('',#7297);
#2304=VERTEX_POINT('',#7299);
#2305=VERTEX_POINT('',#7301);
#2306=VERTEX_POINT('',#7303);
#2307=VERTEX_POINT('',#7305);
#2308=VERTEX_POINT('',#7307);
#2309=VERTEX_POINT('',#7309);
#2310=VERTEX_POINT('',#7311);
#2311=VERTEX_POINT('',#7313);
#2312=VERTEX_POINT('',#7315);
#2313=VERTEX_POINT('',#7317);
#2314=VERTEX_POINT('',#7319);
#2315=VERTEX_POINT('',#7321);
#2316=VERTEX_POINT('',#7323);
#2317=VERTEX_POINT('',#7325);
#2318=VERTEX_POINT('',#7327);
#2319=VERTEX_POINT('',#7329);
#2320=VERTEX_POINT('',#7331);
#2321=VERTEX_POINT('',#7333);
#2322=VERTEX_POINT('',#7335);
#2323=VERTEX_POINT('',#7337);
#2324=VERTEX_POINT('',#7339);
#2325=VERTEX_POINT('',#7341);
#2326=VERTEX_POINT('',#7343);
#2327=VERTEX_POINT('',#7345);
#2328=VERTEX_POINT('',#7347);
#2329=VERTEX_POINT('',#7349);
#2330=VERTEX_POINT('',#7351);
#2331=VERTEX_POINT('',#7354);
#2332=VERTEX_POINT('',#7355);
#2333=VERTEX_POINT('',#7357);
#2334=VERTEX_POINT('',#7359);
#2335=VERTEX_POINT('',#7361);
#2336=VERTEX_POINT('',#7363);
#2337=VERTEX_POINT('',#7365);
#2338=VERTEX_POINT('',#7367);
#2339=VERTEX_POINT('',#7370);
#2340=VERTEX_POINT('',#7371);
#2341=VERTEX_POINT('',#7373);
#2342=VERTEX_POINT('',#7375);
#2343=VERTEX_POINT('',#7377);
#2344=VERTEX_POINT('',#7379);
#2345=VERTEX_POINT('',#7381);
#2346=VERTEX_POINT('',#7383);
#2347=VERTEX_POINT('',#7385);
#2348=VERTEX_POINT('',#7387);
#2349=VERTEX_POINT('',#7389);
#2350=VERTEX_POINT('',#7391);
#2351=VERTEX_POINT('',#7394);
#2352=VERTEX_POINT('',#7395);
#2353=VERTEX_POINT('',#7397);
#2354=VERTEX_POINT('',#7399);
#2355=VERTEX_POINT('',#7401);
#2356=VERTEX_POINT('',#7403);
#2357=VERTEX_POINT('',#7406);
#2358=VERTEX_POINT('',#7407);
#2359=VERTEX_POINT('',#7409);
#2360=VERTEX_POINT('',#7421);
#2361=VERTEX_POINT('',#7441);
#2362=VERTEX_POINT('',#7461);
#2363=VERTEX_POINT('',#7473);
#2364=VERTEX_POINT('',#7475);
#2365=VERTEX_POINT('',#7487);
#2366=VERTEX_POINT('',#7507);
#2367=VERTEX_POINT('',#7538);
#2368=VERTEX_POINT('',#7539);
#2369=VERTEX_POINT('',#7541);
#2370=VERTEX_POINT('',#7543);
#2371=VERTEX_POINT('',#7545);
#2372=VERTEX_POINT('',#7585);
#2373=VERTEX_POINT('',#7587);
#2374=VERTEX_POINT('',#7589);
#2375=VERTEX_POINT('',#7591);
#2376=VERTEX_POINT('',#7594);
#2377=VERTEX_POINT('',#7597);
#2378=VERTEX_POINT('',#7601);
#2379=VERTEX_POINT('',#7604);
#2380=VERTEX_POINT('',#7607);
#2381=VERTEX_POINT('',#7609);
#2382=VERTEX_POINT('',#7611);
#2383=VERTEX_POINT('',#7613);
#2384=VERTEX_POINT('',#7617);
#2385=VERTEX_POINT('',#7620);
#2386=VERTEX_POINT('',#7623);
#2387=VERTEX_POINT('',#7625);
#2388=VERTEX_POINT('',#7627);
#2389=VERTEX_POINT('',#7629);
#2390=VERTEX_POINT('',#7633);
#2391=VERTEX_POINT('',#7636);
#2392=VERTEX_POINT('',#7639);
#2393=VERTEX_POINT('',#7641);
#2394=VERTEX_POINT('',#7643);
#2395=VERTEX_POINT('',#7645);
#2396=VERTEX_POINT('',#7649);
#2397=VERTEX_POINT('',#7652);
#2398=VERTEX_POINT('',#7655);
#2399=VERTEX_POINT('',#7657);
#2400=VERTEX_POINT('',#7659);
#2401=VERTEX_POINT('',#7661);
#2402=VERTEX_POINT('',#7665);
#2403=VERTEX_POINT('',#7668);
#2404=VERTEX_POINT('',#7671);
#2405=VERTEX_POINT('',#7673);
#2406=VERTEX_POINT('',#7675);
#2407=VERTEX_POINT('',#7677);
#2408=VERTEX_POINT('',#7681);
#2409=VERTEX_POINT('',#7684);
#2410=VERTEX_POINT('',#7687);
#2411=VERTEX_POINT('',#7689);
#2412=VERTEX_POINT('',#7691);
#2413=VERTEX_POINT('',#7693);
#2414=VERTEX_POINT('',#7697);
#2415=VERTEX_POINT('',#7700);
#2416=VERTEX_POINT('',#7703);
#2417=VERTEX_POINT('',#7705);
#2418=VERTEX_POINT('',#7707);
#2419=VERTEX_POINT('',#7709);
#2420=VERTEX_POINT('',#7713);
#2421=VERTEX_POINT('',#7716);
#2422=VERTEX_POINT('',#7718);
#2423=VERTEX_POINT('',#7720);
#2424=VERTEX_POINT('',#7724);
#2425=VERTEX_POINT('',#7726);
#2426=VERTEX_POINT('',#7728);
#2427=VERTEX_POINT('',#7731);
#2428=VERTEX_POINT('',#7735);
#2429=VERTEX_POINT('',#7737);
#2430=VERTEX_POINT('',#7741);
#2431=VERTEX_POINT('',#7745);
#2432=VERTEX_POINT('',#7749);
#2433=VERTEX_POINT('',#7751);
#2434=VERTEX_POINT('',#7755);
#2435=VERTEX_POINT('',#7759);
#2436=VERTEX_POINT('',#7763);
#2437=VERTEX_POINT('',#7765);
#2438=VERTEX_POINT('',#7769);
#2439=VERTEX_POINT('',#7773);
#2440=VERTEX_POINT('',#7777);
#2441=VERTEX_POINT('',#7779);
#2442=VERTEX_POINT('',#7783);
#2443=VERTEX_POINT('',#7787);
#2444=VERTEX_POINT('',#7791);
#2445=VERTEX_POINT('',#7793);
#2446=VERTEX_POINT('',#7797);
#2447=VERTEX_POINT('',#7801);
#2448=VERTEX_POINT('',#7805);
#2449=VERTEX_POINT('',#7807);
#2450=VERTEX_POINT('',#7811);
#2451=VERTEX_POINT('',#7815);
#2452=VERTEX_POINT('',#7819);
#2453=VERTEX_POINT('',#7821);
#2454=VERTEX_POINT('',#7825);
#2455=VERTEX_POINT('',#7829);
#2456=VERTEX_POINT('',#7833);
#2457=VERTEX_POINT('',#7835);
#2458=VERTEX_POINT('',#7839);
#2459=VERTEX_POINT('',#7843);
#2460=VERTEX_POINT('',#7847);
#2461=VERTEX_POINT('',#7848);
#2462=VERTEX_POINT('',#7850);
#2463=VERTEX_POINT('',#7852);
#2464=VERTEX_POINT('',#7856);
#2465=VERTEX_POINT('',#7858);
#2466=VERTEX_POINT('',#7865);
#2467=VERTEX_POINT('',#7867);
#2468=VERTEX_POINT('',#7869);
#2469=VERTEX_POINT('',#7871);
#2470=VERTEX_POINT('',#7873);
#2471=VERTEX_POINT('',#7875);
#2472=VERTEX_POINT('',#7877);
#2473=VERTEX_POINT('',#7879);
#2474=VERTEX_POINT('',#7881);
#2475=VERTEX_POINT('',#7883);
#2476=VERTEX_POINT('',#7885);
#2477=VERTEX_POINT('',#7887);
#2478=VERTEX_POINT('',#7889);
#2479=VERTEX_POINT('',#7891);
#2480=VERTEX_POINT('',#7893);
#2481=VERTEX_POINT('',#7895);
#2482=VERTEX_POINT('',#7897);
#2483=VERTEX_POINT('',#7899);
#2484=VERTEX_POINT('',#7901);
#2485=VERTEX_POINT('',#7903);
#2486=VERTEX_POINT('',#7905);
#2487=VERTEX_POINT('',#7907);
#2488=VERTEX_POINT('',#7909);
#2489=VERTEX_POINT('',#7911);
#2490=VERTEX_POINT('',#7913);
#2491=VERTEX_POINT('',#7915);
#2492=VERTEX_POINT('',#7917);
#2493=VERTEX_POINT('',#7919);
#2494=VERTEX_POINT('',#7921);
#2495=VERTEX_POINT('',#7923);
#2496=VERTEX_POINT('',#7925);
#2497=VERTEX_POINT('',#7927);
#2498=VERTEX_POINT('',#7929);
#2499=VERTEX_POINT('',#7931);
#2500=VERTEX_POINT('',#7933);
#2501=VERTEX_POINT('',#7935);
#2502=VERTEX_POINT('',#7937);
#2503=VERTEX_POINT('',#7939);
#2504=VERTEX_POINT('',#7946);
#2505=VERTEX_POINT('',#7947);
#2506=VERTEX_POINT('',#7950);
#2507=VERTEX_POINT('',#7952);
#2508=VERTEX_POINT('',#7954);
#2509=VERTEX_POINT('',#7956);
#2510=VERTEX_POINT('',#7960);
#2511=VERTEX_POINT('',#7961);
#2512=VERTEX_POINT('',#7963);
#2513=VERTEX_POINT('',#7965);
#2514=VERTEX_POINT('',#7968);
#2515=VERTEX_POINT('',#7970);
#2516=VERTEX_POINT('',#7972);
#2517=VERTEX_POINT('',#7974);
#2518=VERTEX_POINT('',#7979);
#2519=VERTEX_POINT('',#7980);
#2520=VERTEX_POINT('',#7982);
#2521=VERTEX_POINT('',#7984);
#2522=VERTEX_POINT('',#7987);
#2523=VERTEX_POINT('',#7989);
#2524=VERTEX_POINT('',#7991);
#2525=VERTEX_POINT('',#7993);
#2526=VERTEX_POINT('',#7998);
#2527=VERTEX_POINT('',#7999);
#2528=VERTEX_POINT('',#8001);
#2529=VERTEX_POINT('',#8003);
#2530=VERTEX_POINT('',#8006);
#2531=VERTEX_POINT('',#8008);
#2532=VERTEX_POINT('',#8010);
#2533=VERTEX_POINT('',#8012);
#2534=VERTEX_POINT('',#8017);
#2535=VERTEX_POINT('',#8018);
#2536=VERTEX_POINT('',#8020);
#2537=VERTEX_POINT('',#8022);
#2538=VERTEX_POINT('',#8025);
#2539=VERTEX_POINT('',#8027);
#2540=VERTEX_POINT('',#8029);
#2541=VERTEX_POINT('',#8031);
#2542=VERTEX_POINT('',#8036);
#2543=VERTEX_POINT('',#8037);
#2544=VERTEX_POINT('',#8039);
#2545=VERTEX_POINT('',#8041);
#2546=VERTEX_POINT('',#8044);
#2547=VERTEX_POINT('',#8046);
#2548=VERTEX_POINT('',#8048);
#2549=VERTEX_POINT('',#8050);
#2550=VERTEX_POINT('',#8055);
#2551=VERTEX_POINT('',#8056);
#2552=VERTEX_POINT('',#8058);
#2553=VERTEX_POINT('',#8060);
#2554=VERTEX_POINT('',#8063);
#2555=VERTEX_POINT('',#8065);
#2556=VERTEX_POINT('',#8067);
#2557=VERTEX_POINT('',#8069);
#2558=VERTEX_POINT('',#8074);
#2559=VERTEX_POINT('',#8075);
#2560=VERTEX_POINT('',#8077);
#2561=VERTEX_POINT('',#8079);
#2562=VERTEX_POINT('',#8082);
#2563=VERTEX_POINT('',#8084);
#2564=VERTEX_POINT('',#8086);
#2565=VERTEX_POINT('',#8088);
#2566=VERTEX_POINT('',#8093);
#2567=VERTEX_POINT('',#8094);
#2568=VERTEX_POINT('',#8096);
#2569=VERTEX_POINT('',#8098);
#2570=VERTEX_POINT('',#8104);
#2571=VERTEX_POINT('',#8105);
#2572=VERTEX_POINT('',#8107);
#2573=VERTEX_POINT('',#8109);
#2574=VERTEX_POINT('',#8112);
#2575=VERTEX_POINT('',#8114);
#2576=VERTEX_POINT('',#8116);
#2577=VERTEX_POINT('',#8118);
#2578=VERTEX_POINT('',#8123);
#2579=VERTEX_POINT('',#8124);
#2580=VERTEX_POINT('',#8126);
#2581=VERTEX_POINT('',#8128);
#2582=VERTEX_POINT('',#8136);
#2583=VERTEX_POINT('',#8137);
#2584=VERTEX_POINT('',#8142);
#2585=VERTEX_POINT('',#8144);
#2586=VERTEX_POINT('',#8148);
#2587=VERTEX_POINT('',#8149);
#2588=VERTEX_POINT('',#8154);
#2589=VERTEX_POINT('',#8155);
#2590=VERTEX_POINT('',#8157);
#2591=VERTEX_POINT('',#8159);
#2592=VERTEX_POINT('',#8164);
#2593=VERTEX_POINT('',#8166);
#2594=VERTEX_POINT('',#8174);
#2595=VERTEX_POINT('',#8176);
#2596=VERTEX_POINT('',#8188);
#2597=VERTEX_POINT('',#8190);
#2598=VERTEX_POINT('',#8198);
#2599=VERTEX_POINT('',#8200);
#2600=VERTEX_POINT('',#8211);
#2601=VERTEX_POINT('',#8213);
#2602=VERTEX_POINT('',#8221);
#2603=VERTEX_POINT('',#8223);
#2604=VERTEX_POINT('',#8234);
#2605=VERTEX_POINT('',#8236);
#2606=VERTEX_POINT('',#8244);
#2607=VERTEX_POINT('',#8246);
#2608=VERTEX_POINT('',#8257);
#2609=VERTEX_POINT('',#8259);
#2610=VERTEX_POINT('',#8267);
#2611=VERTEX_POINT('',#8269);
#2612=VERTEX_POINT('',#8280);
#2613=VERTEX_POINT('',#8282);
#2614=VERTEX_POINT('',#8290);
#2615=VERTEX_POINT('',#8292);
#2616=VERTEX_POINT('',#8303);
#2617=VERTEX_POINT('',#8305);
#2618=VERTEX_POINT('',#8313);
#2619=VERTEX_POINT('',#8315);
#2620=VERTEX_POINT('',#8326);
#2621=VERTEX_POINT('',#8328);
#2622=VERTEX_POINT('',#8336);
#2623=VERTEX_POINT('',#8338);
#2624=VERTEX_POINT('',#8349);
#2625=VERTEX_POINT('',#8351);
#2626=VERTEX_POINT('',#8359);
#2627=VERTEX_POINT('',#8361);
#2628=VERTEX_POINT('',#8388);
#2629=VERTEX_POINT('',#8389);
#2630=VERTEX_POINT('',#8398);
#2631=VERTEX_POINT('',#8400);
#2632=VERTEX_POINT('',#8409);
#2633=VERTEX_POINT('',#8411);
#2634=VERTEX_POINT('',#8420);
#2635=VERTEX_POINT('',#8422);
#2636=VERTEX_POINT('',#8431);
#2637=VERTEX_POINT('',#8433);
#2638=VERTEX_POINT('',#8442);
#2639=VERTEX_POINT('',#8444);
#2640=VERTEX_POINT('',#8453);
#2641=VERTEX_POINT('',#8455);
#2642=VERTEX_POINT('',#8464);
#2643=VERTEX_POINT('',#8466);
#2644=VERTEX_POINT('',#8475);
#2645=VERTEX_POINT('',#8477);
#2646=VERTEX_POINT('',#8486);
#2647=VERTEX_POINT('',#8488);
#2648=VERTEX_POINT('',#8531);
#2649=VERTEX_POINT('',#8533);
#2650=VERTEX_POINT('',#8537);
#2651=VERTEX_POINT('',#8541);
#2652=VERTEX_POINT('',#8545);
#2653=VERTEX_POINT('',#8549);
#2654=VERTEX_POINT('',#8553);
#2655=VERTEX_POINT('',#8557);
#2656=VERTEX_POINT('',#8563);
#2657=VERTEX_POINT('',#8564);
#2658=VERTEX_POINT('',#8566);
#2659=VERTEX_POINT('',#8568);
#2660=VERTEX_POINT('',#8576);
#2661=VERTEX_POINT('',#8578);
#2662=VERTEX_POINT('',#8588);
#2663=VERTEX_POINT('',#8589);
#2664=VERTEX_POINT('',#8594);
#2665=VERTEX_POINT('',#8611);
#2666=VERTEX_POINT('',#8621);
#2667=VERTEX_POINT('',#8638);
#2668=VERTEX_POINT('',#8650);
#2669=VERTEX_POINT('',#8652);
#2670=VERTEX_POINT('',#8656);
#2671=VERTEX_POINT('',#8660);
#2672=VERTEX_POINT('',#8701);
#2673=VERTEX_POINT('',#8780);
#2674=VERTEX_POINT('',#8781);
#2675=VERTEX_POINT('',#8801);
#2676=VERTEX_POINT('',#8821);
#2677=VERTEX_POINT('',#8823);
#2678=VERTEX_POINT('',#8827);
#2679=VERTEX_POINT('',#8828);
#2680=VERTEX_POINT('',#8870);
#2681=VERTEX_POINT('',#8929);
#2682=VERTEX_POINT('',#8951);
#2683=VERTEX_POINT('',#8957);
#2684=VERTEX_POINT('',#8959);
#2685=VERTEX_POINT('',#8963);
#2686=VERTEX_POINT('',#8967);
#2687=VERTEX_POINT('',#8971);
#2688=VERTEX_POINT('',#8975);
#2689=VERTEX_POINT('',#8979);
#2690=VERTEX_POINT('',#8983);
#2691=VERTEX_POINT('',#8987);
#2692=VERTEX_POINT('',#8991);
#2693=VERTEX_POINT('',#8995);
#2694=VERTEX_POINT('',#8999);
#2695=VERTEX_POINT('',#9006);
#2696=VERTEX_POINT('',#9008);
#2697=VERTEX_POINT('',#9033);
#2698=VERTEX_POINT('',#9084);
#2699=VERTEX_POINT('',#9143);
#2700=VERTEX_POINT('',#9186);
#2701=VERTEX_POINT('',#9200);
#2702=VERTEX_POINT('',#9225);
#2703=VERTEX_POINT('',#9276);
#2704=VERTEX_POINT('',#9335);
#2705=VERTEX_POINT('',#9391);
#2706=VERTEX_POINT('',#9393);
#2707=VERTEX_POINT('',#9397);
#2708=VERTEX_POINT('',#9401);
#2709=VERTEX_POINT('',#9405);
#2710=VERTEX_POINT('',#9409);
#2711=EDGE_CURVE('',#2217,#2217,#2163,.T.);
#2712=EDGE_CURVE('',#2217,#2218,#833,.T.);
#2713=EDGE_CURVE('',#2218,#2218,#2164,.T.);
#2714=EDGE_CURVE('',#2219,#2220,#2165,.T.);
#2715=EDGE_CURVE('',#2220,#2221,#834,.T.);
#2716=EDGE_CURVE('',#2222,#2221,#2166,.T.);
#2717=EDGE_CURVE('',#2222,#2219,#835,.T.);
#2718=EDGE_CURVE('',#2223,#2224,#2167,.T.);
#2719=EDGE_CURVE('',#2224,#2225,#836,.T.);
#2720=EDGE_CURVE('',#2226,#2225,#2168,.T.);
#2721=EDGE_CURVE('',#2226,#2223,#837,.T.);
#2722=EDGE_CURVE('',#2227,#2228,#2169,.T.);
#2723=EDGE_CURVE('',#2228,#2229,#838,.T.);
#2724=EDGE_CURVE('',#2230,#2229,#2170,.T.);
#2725=EDGE_CURVE('',#2230,#2227,#839,.T.);
#2726=EDGE_CURVE('',#2231,#2232,#2171,.T.);
#2727=EDGE_CURVE('',#2232,#2233,#840,.T.);
#2728=EDGE_CURVE('',#2234,#2233,#2172,.T.);
#2729=EDGE_CURVE('',#2234,#2231,#841,.T.);
#2730=EDGE_CURVE('',#2235,#2236,#2173,.T.);
#2731=EDGE_CURVE('',#2236,#2237,#842,.T.);
#2732=EDGE_CURVE('',#2238,#2237,#2174,.T.);
#2733=EDGE_CURVE('',#2238,#2235,#843,.T.);
#2734=EDGE_CURVE('',#2239,#2240,#2175,.T.);
#2735=EDGE_CURVE('',#2240,#2241,#844,.T.);
#2736=EDGE_CURVE('',#2242,#2241,#2176,.T.);
#2737=EDGE_CURVE('',#2242,#2239,#845,.T.);
#2738=EDGE_CURVE('',#2243,#2244,#2177,.T.);
#2739=EDGE_CURVE('',#2244,#2245,#846,.T.);
#2740=EDGE_CURVE('',#2246,#2245,#2178,.T.);
#2741=EDGE_CURVE('',#2246,#2243,#847,.T.);
#2742=EDGE_CURVE('',#2247,#2248,#2179,.T.);
#2743=EDGE_CURVE('',#2248,#2249,#848,.T.);
#2744=EDGE_CURVE('',#2250,#2249,#2180,.T.);
#2745=EDGE_CURVE('',#2250,#2247,#849,.T.);
#2746=EDGE_CURVE('',#2251,#2252,#2181,.T.);
#2747=EDGE_CURVE('',#2252,#2253,#850,.T.);
#2748=EDGE_CURVE('',#2254,#2253,#2182,.T.);
#2749=EDGE_CURVE('',#2254,#2251,#851,.T.);
#2750=EDGE_CURVE('',#2255,#2256,#852,.T.);
#2751=EDGE_CURVE('',#2257,#2255,#853,.T.);
#2752=EDGE_CURVE('',#2258,#2257,#854,.T.);
#2753=EDGE_CURVE('',#2259,#2258,#855,.T.);
#2754=EDGE_CURVE('',#2260,#2259,#856,.T.);
#2755=EDGE_CURVE('',#2261,#2260,#857,.T.);
#2756=EDGE_CURVE('',#2261,#2262,#858,.T.);
#2757=EDGE_CURVE('',#2262,#2263,#859,.T.);
#2758=EDGE_CURVE('',#2263,#2264,#860,.T.);
#2759=EDGE_CURVE('',#2265,#2264,#861,.T.);
#2760=EDGE_CURVE('',#2265,#2266,#862,.T.);
#2761=EDGE_CURVE('',#2266,#2267,#863,.T.);
#2762=EDGE_CURVE('',#2267,#2268,#864,.T.);
#2763=EDGE_CURVE('',#2269,#2268,#865,.T.);
#2764=EDGE_CURVE('',#2269,#2270,#866,.T.);
#2765=EDGE_CURVE('',#2270,#2271,#867,.T.);
#2766=EDGE_CURVE('',#2271,#2272,#868,.T.);
#2767=EDGE_CURVE('',#2273,#2272,#869,.T.);
#2768=EDGE_CURVE('',#2273,#2274,#870,.T.);
#2769=EDGE_CURVE('',#2274,#2275,#871,.T.);
#2770=EDGE_CURVE('',#2275,#2276,#872,.T.);
#2771=EDGE_CURVE('',#2277,#2276,#873,.T.);
#2772=EDGE_CURVE('',#2277,#2278,#874,.T.);
#2773=EDGE_CURVE('',#2278,#2279,#875,.T.);
#2774=EDGE_CURVE('',#2279,#2280,#876,.T.);
#2775=EDGE_CURVE('',#2281,#2280,#877,.T.);
#2776=EDGE_CURVE('',#2281,#2282,#878,.T.);
#2777=EDGE_CURVE('',#2282,#2283,#879,.T.);
#2778=EDGE_CURVE('',#2283,#2284,#880,.T.);
#2779=EDGE_CURVE('',#2285,#2284,#881,.T.);
#2780=EDGE_CURVE('',#2285,#2286,#882,.T.);
#2781=EDGE_CURVE('',#2286,#2287,#883,.T.);
#2782=EDGE_CURVE('',#2287,#2288,#884,.T.);
#2783=EDGE_CURVE('',#2289,#2288,#885,.T.);
#2784=EDGE_CURVE('',#2289,#2290,#886,.T.);
#2785=EDGE_CURVE('',#2290,#2291,#887,.T.);
#2786=EDGE_CURVE('',#2291,#2292,#888,.T.);
#2787=EDGE_CURVE('',#2293,#2292,#889,.T.);
#2788=EDGE_CURVE('',#2293,#2294,#890,.T.);
#2789=EDGE_CURVE('',#2294,#2295,#891,.T.);
#2790=EDGE_CURVE('',#2295,#2296,#892,.T.);
#2791=EDGE_CURVE('',#2297,#2296,#893,.T.);
#2792=EDGE_CURVE('',#2298,#2297,#894,.T.);
#2793=EDGE_CURVE('',#2299,#2298,#895,.T.);
#2794=EDGE_CURVE('',#2300,#2299,#896,.T.);
#2795=EDGE_CURVE('',#2301,#2300,#897,.T.);
#2796=EDGE_CURVE('',#2302,#2301,#898,.T.);
#2797=EDGE_CURVE('',#2303,#2302,#899,.T.);
#2798=EDGE_CURVE('',#2304,#2303,#900,.T.);
#2799=EDGE_CURVE('',#2305,#2304,#901,.T.);
#2800=EDGE_CURVE('',#2306,#2305,#902,.T.);
#2801=EDGE_CURVE('',#2307,#2306,#903,.T.);
#2802=EDGE_CURVE('',#2308,#2307,#904,.T.);
#2803=EDGE_CURVE('',#2309,#2308,#905,.T.);
#2804=EDGE_CURVE('',#2310,#2309,#906,.T.);
#2805=EDGE_CURVE('',#2311,#2310,#907,.T.);
#2806=EDGE_CURVE('',#2312,#2311,#908,.T.);
#2807=EDGE_CURVE('',#2313,#2312,#909,.T.);
#2808=EDGE_CURVE('',#2314,#2313,#910,.T.);
#2809=EDGE_CURVE('',#2315,#2314,#911,.T.);
#2810=EDGE_CURVE('',#2316,#2315,#912,.T.);
#2811=EDGE_CURVE('',#2317,#2316,#913,.T.);
#2812=EDGE_CURVE('',#2318,#2317,#914,.T.);
#2813=EDGE_CURVE('',#2319,#2318,#915,.T.);
#2814=EDGE_CURVE('',#2320,#2319,#916,.T.);
#2815=EDGE_CURVE('',#2321,#2320,#917,.T.);
#2816=EDGE_CURVE('',#2322,#2321,#918,.T.);
#2817=EDGE_CURVE('',#2323,#2322,#919,.T.);
#2818=EDGE_CURVE('',#2324,#2323,#920,.T.);
#2819=EDGE_CURVE('',#2325,#2324,#921,.T.);
#2820=EDGE_CURVE('',#2326,#2325,#922,.T.);
#2821=EDGE_CURVE('',#2327,#2326,#923,.T.);
#2822=EDGE_CURVE('',#2328,#2327,#924,.T.);
#2823=EDGE_CURVE('',#2329,#2328,#925,.T.);
#2824=EDGE_CURVE('',#2330,#2329,#926,.T.);
#2825=EDGE_CURVE('',#2256,#2330,#927,.T.);
#2826=EDGE_CURVE('',#2331,#2332,#928,.T.);
#2827=EDGE_CURVE('',#2332,#2333,#929,.T.);
#2828=EDGE_CURVE('',#2333,#2334,#930,.T.);
#2829=EDGE_CURVE('',#2334,#2335,#931,.T.);
#2830=EDGE_CURVE('',#2335,#2336,#932,.T.);
#2831=EDGE_CURVE('',#2336,#2337,#933,.T.);
#2832=EDGE_CURVE('',#2337,#2338,#934,.T.);
#2833=EDGE_CURVE('',#2338,#2331,#935,.T.);
#2834=EDGE_CURVE('',#2339,#2340,#936,.T.);
#2835=EDGE_CURVE('',#2340,#2341,#937,.T.);
#2836=EDGE_CURVE('',#2341,#2342,#938,.T.);
#2837=EDGE_CURVE('',#2342,#2343,#939,.T.);
#2838=EDGE_CURVE('',#2343,#2344,#940,.T.);
#2839=EDGE_CURVE('',#2344,#2345,#941,.T.);
#2840=EDGE_CURVE('',#2345,#2346,#942,.T.);
#2841=EDGE_CURVE('',#2346,#2347,#943,.T.);
#2842=EDGE_CURVE('',#2347,#2348,#944,.T.);
#2843=EDGE_CURVE('',#2348,#2349,#945,.T.);
#2844=EDGE_CURVE('',#2349,#2350,#946,.T.);
#2845=EDGE_CURVE('',#2350,#2339,#947,.T.);
#2846=EDGE_CURVE('',#2351,#2352,#948,.T.);
#2847=EDGE_CURVE('',#2352,#2353,#949,.T.);
#2848=EDGE_CURVE('',#2353,#2354,#950,.T.);
#2849=EDGE_CURVE('',#2354,#2355,#951,.T.);
#2850=EDGE_CURVE('',#2355,#2356,#952,.T.);
#2851=EDGE_CURVE('',#2356,#2351,#953,.T.);
#2852=EDGE_CURVE('',#2357,#2358,#954,.T.);
#2853=EDGE_CURVE('',#2358,#2359,#40,.T.);
#2854=EDGE_CURVE('',#2359,#2360,#41,.T.);
#2855=EDGE_CURVE('',#2360,#2361,#42,.T.);
#2856=EDGE_CURVE('',#2361,#2362,#43,.T.);
#2857=EDGE_CURVE('',#2362,#2363,#955,.T.);
#2858=EDGE_CURVE('',#2363,#2364,#44,.T.);
#2859=EDGE_CURVE('',#2364,#2365,#45,.T.);
#2860=EDGE_CURVE('',#2365,#2366,#46,.T.);
#2861=EDGE_CURVE('',#2366,#2357,#47,.T.);
#2862=EDGE_CURVE('',#2367,#2368,#956,.T.);
#2863=EDGE_CURVE('',#2368,#2369,#957,.T.);
#2864=EDGE_CURVE('',#2369,#2370,#958,.T.);
#2865=EDGE_CURVE('',#2370,#2371,#48,.T.);
#2866=EDGE_CURVE('',#2371,#2367,#49,.T.);
#2867=EDGE_CURVE('',#2372,#2250,#959,.T.);
#2868=EDGE_CURVE('',#2372,#2373,#960,.T.);
#2869=EDGE_CURVE('',#2374,#2373,#961,.T.);
#2870=EDGE_CURVE('',#2375,#2374,#962,.T.);
#2871=EDGE_CURVE('',#2253,#2375,#963,.T.);
#2872=EDGE_CURVE('',#2252,#2376,#964,.T.);
#2873=EDGE_CURVE('',#2256,#2376,#965,.T.);
#2874=EDGE_CURVE('',#2330,#2377,#966,.T.);
#2875=EDGE_CURVE('',#2377,#2247,#967,.T.);
#2876=EDGE_CURVE('',#2248,#2378,#968,.T.);
#2877=EDGE_CURVE('',#2327,#2378,#969,.T.);
#2878=EDGE_CURVE('',#2326,#2379,#970,.T.);
#2879=EDGE_CURVE('',#2379,#2243,#971,.T.);
#2880=EDGE_CURVE('',#2380,#2246,#972,.T.);
#2881=EDGE_CURVE('',#2380,#2381,#973,.T.);
#2882=EDGE_CURVE('',#2382,#2381,#974,.T.);
#2883=EDGE_CURVE('',#2383,#2382,#975,.T.);
#2884=EDGE_CURVE('',#2249,#2383,#976,.T.);
#2885=EDGE_CURVE('',#2244,#2384,#977,.T.);
#2886=EDGE_CURVE('',#2323,#2384,#978,.T.);
#2887=EDGE_CURVE('',#2322,#2385,#979,.T.);
#2888=EDGE_CURVE('',#2385,#2239,#980,.T.);
#2889=EDGE_CURVE('',#2386,#2242,#981,.T.);
#2890=EDGE_CURVE('',#2386,#2387,#982,.T.);
#2891=EDGE_CURVE('',#2388,#2387,#983,.T.);
#2892=EDGE_CURVE('',#2389,#2388,#984,.T.);
#2893=EDGE_CURVE('',#2245,#2389,#985,.T.);
#2894=EDGE_CURVE('',#2240,#2390,#986,.T.);
#2895=EDGE_CURVE('',#2319,#2390,#987,.T.);
#2896=EDGE_CURVE('',#2318,#2391,#988,.T.);
#2897=EDGE_CURVE('',#2391,#2219,#989,.T.);
#2898=EDGE_CURVE('',#2392,#2222,#990,.T.);
#2899=EDGE_CURVE('',#2392,#2393,#991,.T.);
#2900=EDGE_CURVE('',#2394,#2393,#992,.T.);
#2901=EDGE_CURVE('',#2395,#2394,#993,.T.);
#2902=EDGE_CURVE('',#2241,#2395,#994,.T.);
#2903=EDGE_CURVE('',#2220,#2396,#995,.T.);
#2904=EDGE_CURVE('',#2315,#2396,#996,.T.);
#2905=EDGE_CURVE('',#2314,#2397,#997,.T.);
#2906=EDGE_CURVE('',#2397,#2223,#998,.T.);
#2907=EDGE_CURVE('',#2398,#2226,#999,.T.);
#2908=EDGE_CURVE('',#2398,#2399,#1000,.T.);
#2909=EDGE_CURVE('',#2400,#2399,#1001,.T.);
#2910=EDGE_CURVE('',#2401,#2400,#1002,.T.);
#2911=EDGE_CURVE('',#2221,#2401,#1003,.T.);
#2912=EDGE_CURVE('',#2224,#2402,#1004,.T.);
#2913=EDGE_CURVE('',#2311,#2402,#1005,.T.);
#2914=EDGE_CURVE('',#2310,#2403,#1006,.T.);
#2915=EDGE_CURVE('',#2403,#2227,#1007,.T.);
#2916=EDGE_CURVE('',#2404,#2230,#1008,.T.);
#2917=EDGE_CURVE('',#2404,#2405,#1009,.T.);
#2918=EDGE_CURVE('',#2406,#2405,#1010,.T.);
#2919=EDGE_CURVE('',#2407,#2406,#1011,.T.);
#2920=EDGE_CURVE('',#2225,#2407,#1012,.T.);
#2921=EDGE_CURVE('',#2228,#2408,#1013,.T.);
#2922=EDGE_CURVE('',#2307,#2408,#1014,.T.);
#2923=EDGE_CURVE('',#2306,#2409,#1015,.T.);
#2924=EDGE_CURVE('',#2409,#2231,#1016,.T.);
#2925=EDGE_CURVE('',#2410,#2234,#1017,.T.);
#2926=EDGE_CURVE('',#2410,#2411,#1018,.T.);
#2927=EDGE_CURVE('',#2412,#2411,#1019,.T.);
#2928=EDGE_CURVE('',#2413,#2412,#1020,.T.);
#2929=EDGE_CURVE('',#2229,#2413,#1021,.T.);
#2930=EDGE_CURVE('',#2232,#2414,#1022,.T.);
#2931=EDGE_CURVE('',#2303,#2414,#1023,.T.);
#2932=EDGE_CURVE('',#2302,#2415,#1024,.T.);
#2933=EDGE_CURVE('',#2415,#2235,#1025,.T.);
#2934=EDGE_CURVE('',#2416,#2238,#1026,.T.);
#2935=EDGE_CURVE('',#2416,#2417,#1027,.T.);
#2936=EDGE_CURVE('',#2418,#2417,#1028,.T.);
#2937=EDGE_CURVE('',#2419,#2418,#1029,.T.);
#2938=EDGE_CURVE('',#2233,#2419,#1030,.T.);
#2939=EDGE_CURVE('',#2236,#2420,#1031,.T.);
#2940=EDGE_CURVE('',#2299,#2420,#1032,.T.);
#2941=EDGE_CURVE('',#2421,#2298,#1033,.T.);
#2942=EDGE_CURVE('',#2422,#2421,#1034,.T.);
#2943=EDGE_CURVE('',#2423,#2422,#1035,.T.);
#2944=EDGE_CURVE('',#2237,#2423,#1036,.T.);
#2945=EDGE_CURVE('',#2424,#2254,#1037,.T.);
#2946=EDGE_CURVE('',#2424,#2425,#1038,.T.);
#2947=EDGE_CURVE('',#2426,#2425,#1039,.T.);
#2948=EDGE_CURVE('',#2426,#2259,#1040,.T.);
#2949=EDGE_CURVE('',#2258,#2427,#1041,.T.);
#2950=EDGE_CURVE('',#2427,#2251,#1042,.T.);
#2951=EDGE_CURVE('',#2407,#2428,#1043,.T.);
#2952=EDGE_CURVE('',#2428,#2429,#1044,.T.);
#2953=EDGE_CURVE('',#2429,#2398,#1045,.T.);
#2954=EDGE_CURVE('',#2430,#2429,#1046,.T.);
#2955=EDGE_CURVE('',#2399,#2430,#1047,.T.);
#2956=EDGE_CURVE('',#2431,#2428,#1048,.T.);
#2957=EDGE_CURVE('',#2431,#2406,#1049,.T.);
#2958=EDGE_CURVE('',#2413,#2432,#1050,.T.);
#2959=EDGE_CURVE('',#2432,#2433,#1051,.T.);
#2960=EDGE_CURVE('',#2433,#2404,#1052,.T.);
#2961=EDGE_CURVE('',#2434,#2433,#1053,.T.);
#2962=EDGE_CURVE('',#2405,#2434,#1054,.T.);
#2963=EDGE_CURVE('',#2435,#2432,#1055,.T.);
#2964=EDGE_CURVE('',#2435,#2412,#1056,.T.);
#2965=EDGE_CURVE('',#2419,#2436,#1057,.T.);
#2966=EDGE_CURVE('',#2436,#2437,#1058,.T.);
#2967=EDGE_CURVE('',#2437,#2410,#1059,.T.);
#2968=EDGE_CURVE('',#2438,#2437,#1060,.T.);
#2969=EDGE_CURVE('',#2411,#2438,#1061,.T.);
#2970=EDGE_CURVE('',#2439,#2436,#1062,.T.);
#2971=EDGE_CURVE('',#2439,#2418,#1063,.T.);
#2972=EDGE_CURVE('',#2423,#2440,#1064,.T.);
#2973=EDGE_CURVE('',#2440,#2441,#1065,.T.);
#2974=EDGE_CURVE('',#2441,#2416,#1066,.T.);
#2975=EDGE_CURVE('',#2442,#2441,#1067,.T.);
#2976=EDGE_CURVE('',#2417,#2442,#1068,.T.);
#2977=EDGE_CURVE('',#2443,#2440,#1069,.T.);
#2978=EDGE_CURVE('',#2443,#2422,#1070,.T.);
#2979=EDGE_CURVE('',#2395,#2444,#1071,.T.);
#2980=EDGE_CURVE('',#2444,#2445,#1072,.T.);
#2981=EDGE_CURVE('',#2445,#2386,#1073,.T.);
#2982=EDGE_CURVE('',#2446,#2445,#1074,.T.);
#2983=EDGE_CURVE('',#2387,#2446,#1075,.T.);
#2984=EDGE_CURVE('',#2447,#2444,#1076,.T.);
#2985=EDGE_CURVE('',#2447,#2394,#1077,.T.);
#2986=EDGE_CURVE('',#2389,#2448,#1078,.T.);
#2987=EDGE_CURVE('',#2448,#2449,#1079,.T.);
#2988=EDGE_CURVE('',#2449,#2380,#1080,.T.);
#2989=EDGE_CURVE('',#2450,#2449,#1081,.T.);
#2990=EDGE_CURVE('',#2381,#2450,#1082,.T.);
#2991=EDGE_CURVE('',#2451,#2448,#1083,.T.);
#2992=EDGE_CURVE('',#2451,#2388,#1084,.T.);
#2993=EDGE_CURVE('',#2383,#2452,#1085,.T.);
#2994=EDGE_CURVE('',#2452,#2453,#1086,.T.);
#2995=EDGE_CURVE('',#2453,#2372,#1087,.T.);
#2996=EDGE_CURVE('',#2454,#2453,#1088,.T.);
#2997=EDGE_CURVE('',#2373,#2454,#1089,.T.);
#2998=EDGE_CURVE('',#2455,#2452,#1090,.T.);
#2999=EDGE_CURVE('',#2455,#2382,#1091,.T.);
#3000=EDGE_CURVE('',#2375,#2456,#1092,.T.);
#3001=EDGE_CURVE('',#2456,#2457,#1093,.T.);
#3002=EDGE_CURVE('',#2457,#2424,#1094,.T.);
#3003=EDGE_CURVE('',#2458,#2457,#1095,.T.);
#3004=EDGE_CURVE('',#2425,#2458,#1096,.T.);
#3005=EDGE_CURVE('',#2459,#2456,#1097,.T.);
#3006=EDGE_CURVE('',#2459,#2374,#1098,.T.);
#3007=EDGE_CURVE('',#2460,#2461,#1099,.T.);
#3008=EDGE_CURVE('',#2461,#2462,#1100,.T.);
#3009=EDGE_CURVE('',#2462,#2463,#1101,.T.);
#3010=EDGE_CURVE('',#2463,#2460,#1102,.T.);
#3011=EDGE_CURVE('',#2393,#2464,#1103,.T.);
#3012=EDGE_CURVE('',#2464,#2465,#1104,.T.);
#3013=EDGE_CURVE('',#2465,#2400,#1105,.T.);
#3014=EDGE_CURVE('',#2431,#2430,#1106,.T.);
#3015=EDGE_CURVE('',#2435,#2434,#1107,.T.);
#3016=EDGE_CURVE('',#2439,#2438,#1108,.T.);
#3017=EDGE_CURVE('',#2443,#2442,#1109,.T.);
#3018=EDGE_CURVE('',#2421,#2466,#1110,.T.);
#3019=EDGE_CURVE('',#2466,#2467,#1111,.T.);
#3020=EDGE_CURVE('',#2468,#2467,#1112,.T.);
#3021=EDGE_CURVE('',#2468,#2469,#1113,.T.);
#3022=EDGE_CURVE('',#2470,#2469,#1114,.T.);
#3023=EDGE_CURVE('',#2470,#2471,#1115,.T.);
#3024=EDGE_CURVE('',#2472,#2471,#1116,.T.);
#3025=EDGE_CURVE('',#2472,#2473,#1117,.T.);
#3026=EDGE_CURVE('',#2474,#2473,#1118,.T.);
#3027=EDGE_CURVE('',#2474,#2475,#1119,.T.);
#3028=EDGE_CURVE('',#2476,#2475,#1120,.T.);
#3029=EDGE_CURVE('',#2476,#2477,#1121,.T.);
#3030=EDGE_CURVE('',#2478,#2477,#1122,.T.);
#3031=EDGE_CURVE('',#2478,#2479,#1123,.T.);
#3032=EDGE_CURVE('',#2480,#2479,#1124,.T.);
#3033=EDGE_CURVE('',#2480,#2481,#1125,.T.);
#3034=EDGE_CURVE('',#2482,#2481,#1126,.T.);
#3035=EDGE_CURVE('',#2482,#2483,#1127,.T.);
#3036=EDGE_CURVE('',#2484,#2483,#1128,.T.);
#3037=EDGE_CURVE('',#2484,#2485,#1129,.T.);
#3038=EDGE_CURVE('',#2486,#2485,#1130,.T.);
#3039=EDGE_CURVE('',#2486,#2487,#1131,.T.);
#3040=EDGE_CURVE('',#2488,#2487,#1132,.T.);
#3041=EDGE_CURVE('',#2488,#2489,#1133,.T.);
#3042=EDGE_CURVE('',#2490,#2489,#1134,.T.);
#3043=EDGE_CURVE('',#2490,#2491,#1135,.T.);
#3044=EDGE_CURVE('',#2492,#2491,#1136,.T.);
#3045=EDGE_CURVE('',#2492,#2493,#1137,.T.);
#3046=EDGE_CURVE('',#2494,#2493,#1138,.T.);
#3047=EDGE_CURVE('',#2494,#2495,#1139,.T.);
#3048=EDGE_CURVE('',#2496,#2495,#1140,.T.);
#3049=EDGE_CURVE('',#2496,#2497,#1141,.T.);
#3050=EDGE_CURVE('',#2498,#2497,#1142,.T.);
#3051=EDGE_CURVE('',#2498,#2499,#1143,.T.);
#3052=EDGE_CURVE('',#2500,#2499,#1144,.T.);
#3053=EDGE_CURVE('',#2500,#2501,#1145,.T.);
#3054=EDGE_CURVE('',#2502,#2501,#1146,.T.);
#3055=EDGE_CURVE('',#2502,#2503,#1147,.T.);
#3056=EDGE_CURVE('',#2503,#2426,#1148,.T.);
#3057=EDGE_CURVE('',#2459,#2458,#1149,.T.);
#3058=EDGE_CURVE('',#2455,#2454,#1150,.T.);
#3059=EDGE_CURVE('',#2451,#2450,#1151,.T.);
#3060=EDGE_CURVE('',#2447,#2446,#1152,.T.);
#3061=EDGE_CURVE('',#2504,#2505,#1153,.T.);
#3062=EDGE_CURVE('',#2504,#2461,#2183,.T.);
#3063=EDGE_CURVE('',#2460,#2506,#2184,.T.);
#3064=EDGE_CURVE('',#2507,#2506,#1154,.T.);
#3065=EDGE_CURVE('',#2507,#2508,#2185,.T.);
#3066=EDGE_CURVE('',#2509,#2508,#1155,.T.);
#3067=EDGE_CURVE('',#2509,#2505,#2186,.T.);
#3068=EDGE_CURVE('',#2510,#2511,#1156,.T.);
#3069=EDGE_CURVE('',#2510,#2512,#1157,.T.);
#3070=EDGE_CURVE('',#2512,#2513,#1158,.T.);
#3071=EDGE_CURVE('',#2513,#2495,#1159,.T.);
#3072=EDGE_CURVE('',#2514,#2494,#1160,.T.);
#3073=EDGE_CURVE('',#2514,#2515,#1161,.T.);
#3074=EDGE_CURVE('',#2515,#2516,#1162,.T.);
#3075=EDGE_CURVE('',#2517,#2516,#1163,.T.);
#3076=EDGE_CURVE('',#2269,#2517,#1164,.T.);
#3077=EDGE_CURVE('',#2268,#2511,#1165,.T.);
#3078=EDGE_CURVE('',#2518,#2519,#1166,.T.);
#3079=EDGE_CURVE('',#2518,#2520,#1167,.T.);
#3080=EDGE_CURVE('',#2520,#2521,#1168,.T.);
#3081=EDGE_CURVE('',#2521,#2491,#1169,.T.);
#3082=EDGE_CURVE('',#2522,#2490,#1170,.T.);
#3083=EDGE_CURVE('',#2522,#2523,#1171,.T.);
#3084=EDGE_CURVE('',#2523,#2524,#1172,.T.);
#3085=EDGE_CURVE('',#2525,#2524,#1173,.T.);
#3086=EDGE_CURVE('',#2273,#2525,#1174,.T.);
#3087=EDGE_CURVE('',#2272,#2519,#1175,.T.);
#3088=EDGE_CURVE('',#2526,#2527,#1176,.T.);
#3089=EDGE_CURVE('',#2526,#2528,#1177,.T.);
#3090=EDGE_CURVE('',#2528,#2529,#1178,.T.);
#3091=EDGE_CURVE('',#2529,#2487,#1179,.T.);
#3092=EDGE_CURVE('',#2530,#2486,#1180,.T.);
#3093=EDGE_CURVE('',#2530,#2531,#1181,.T.);
#3094=EDGE_CURVE('',#2531,#2532,#1182,.T.);
#3095=EDGE_CURVE('',#2533,#2532,#1183,.T.);
#3096=EDGE_CURVE('',#2277,#2533,#1184,.T.);
#3097=EDGE_CURVE('',#2276,#2527,#1185,.T.);
#3098=EDGE_CURVE('',#2534,#2535,#1186,.T.);
#3099=EDGE_CURVE('',#2534,#2536,#1187,.T.);
#3100=EDGE_CURVE('',#2536,#2537,#1188,.T.);
#3101=EDGE_CURVE('',#2537,#2483,#1189,.T.);
#3102=EDGE_CURVE('',#2538,#2482,#1190,.T.);
#3103=EDGE_CURVE('',#2538,#2539,#1191,.T.);
#3104=EDGE_CURVE('',#2539,#2540,#1192,.T.);
#3105=EDGE_CURVE('',#2541,#2540,#1193,.T.);
#3106=EDGE_CURVE('',#2281,#2541,#1194,.T.);
#3107=EDGE_CURVE('',#2280,#2535,#1195,.T.);
#3108=EDGE_CURVE('',#2542,#2543,#1196,.T.);
#3109=EDGE_CURVE('',#2542,#2544,#1197,.T.);
#3110=EDGE_CURVE('',#2544,#2545,#1198,.T.);
#3111=EDGE_CURVE('',#2545,#2479,#1199,.T.);
#3112=EDGE_CURVE('',#2546,#2478,#1200,.T.);
#3113=EDGE_CURVE('',#2546,#2547,#1201,.T.);
#3114=EDGE_CURVE('',#2547,#2548,#1202,.T.);
#3115=EDGE_CURVE('',#2549,#2548,#1203,.T.);
#3116=EDGE_CURVE('',#2285,#2549,#1204,.T.);
#3117=EDGE_CURVE('',#2284,#2543,#1205,.T.);
#3118=EDGE_CURVE('',#2550,#2551,#1206,.T.);
#3119=EDGE_CURVE('',#2550,#2552,#1207,.T.);
#3120=EDGE_CURVE('',#2552,#2553,#1208,.T.);
#3121=EDGE_CURVE('',#2553,#2475,#1209,.T.);
#3122=EDGE_CURVE('',#2554,#2474,#1210,.T.);
#3123=EDGE_CURVE('',#2554,#2555,#1211,.T.);
#3124=EDGE_CURVE('',#2555,#2556,#1212,.T.);
#3125=EDGE_CURVE('',#2557,#2556,#1213,.T.);
#3126=EDGE_CURVE('',#2289,#2557,#1214,.T.);
#3127=EDGE_CURVE('',#2288,#2551,#1215,.T.);
#3128=EDGE_CURVE('',#2558,#2559,#1216,.T.);
#3129=EDGE_CURVE('',#2558,#2560,#1217,.T.);
#3130=EDGE_CURVE('',#2560,#2561,#1218,.T.);
#3131=EDGE_CURVE('',#2561,#2471,#1219,.T.);
#3132=EDGE_CURVE('',#2562,#2470,#1220,.T.);
#3133=EDGE_CURVE('',#2562,#2563,#1221,.T.);
#3134=EDGE_CURVE('',#2563,#2564,#1222,.T.);
#3135=EDGE_CURVE('',#2565,#2564,#1223,.T.);
#3136=EDGE_CURVE('',#2293,#2565,#1224,.T.);
#3137=EDGE_CURVE('',#2292,#2559,#1225,.T.);
#3138=EDGE_CURVE('',#2566,#2567,#1226,.T.);
#3139=EDGE_CURVE('',#2566,#2568,#1227,.T.);
#3140=EDGE_CURVE('',#2568,#2569,#1228,.T.);
#3141=EDGE_CURVE('',#2569,#2467,#1229,.T.);
#3142=EDGE_CURVE('',#2466,#2297,#1230,.T.);
#3143=EDGE_CURVE('',#2296,#2567,#1231,.T.);
#3144=EDGE_CURVE('',#2570,#2571,#1232,.T.);
#3145=EDGE_CURVE('',#2571,#2572,#1233,.T.);
#3146=EDGE_CURVE('',#2573,#2572,#1234,.T.);
#3147=EDGE_CURVE('',#2265,#2573,#1235,.T.);
#3148=EDGE_CURVE('',#2264,#2574,#1236,.T.);
#3149=EDGE_CURVE('',#2575,#2574,#1237,.T.);
#3150=EDGE_CURVE('',#2575,#2576,#1238,.T.);
#3151=EDGE_CURVE('',#2576,#2577,#1239,.T.);
#3152=EDGE_CURVE('',#2577,#2499,#1240,.T.);
#3153=EDGE_CURVE('',#2570,#2498,#1241,.T.);
#3154=EDGE_CURVE('',#2578,#2579,#1242,.T.);
#3155=EDGE_CURVE('',#2579,#2580,#1243,.T.);
#3156=EDGE_CURVE('',#2581,#2580,#1244,.T.);
#3157=EDGE_CURVE('',#2261,#2581,#1245,.T.);
#3158=EDGE_CURVE('',#2503,#2260,#1246,.T.);
#3159=EDGE_CURVE('',#2578,#2502,#1247,.T.);
#3160=EDGE_CURVE('',#2582,#2583,#1248,.T.);
#3161=EDGE_CURVE('',#2583,#2509,#1249,.T.);
#3162=EDGE_CURVE('',#2508,#2582,#1250,.T.);
#3163=EDGE_CURVE('',#2506,#2584,#1251,.T.);
#3164=EDGE_CURVE('',#2584,#2585,#1252,.T.);
#3165=EDGE_CURVE('',#2585,#2507,#1253,.T.);
#3166=EDGE_CURVE('',#2586,#2587,#1254,.T.);
#3167=EDGE_CURVE('',#2587,#2504,#1255,.T.);
#3168=EDGE_CURVE('',#2505,#2586,#1256,.T.);
#3169=EDGE_CURVE('',#2588,#2589,#1257,.T.);
#3170=EDGE_CURVE('',#2589,#2590,#1258,.T.);
#3171=EDGE_CURVE('',#2590,#2591,#1259,.T.);
#3172=EDGE_CURVE('',#2591,#2588,#1260,.T.);
#3173=EDGE_CURVE('',#2531,#2536,#2187,.T.);
#3174=EDGE_CURVE('',#2592,#2530,#1261,.T.);
#3175=EDGE_CURVE('',#2593,#2592,#1262,.T.);
#3176=EDGE_CURVE('',#2537,#2593,#1263,.T.);
#3177=EDGE_CURVE('',#2484,#2593,#1264,.T.);
#3178=EDGE_CURVE('',#2485,#2592,#1265,.T.);
#3179=EDGE_CURVE('',#2278,#2594,#1266,.T.);
#3180=EDGE_CURVE('',#2595,#2594,#1267,.T.);
#3181=EDGE_CURVE('',#2279,#2595,#1268,.T.);
#3182=EDGE_CURVE('',#2594,#2533,#1269,.T.);
#3183=EDGE_CURVE('',#2535,#2595,#1270,.T.);
#3184=EDGE_CURVE('',#2532,#2534,#2188,.T.);
#3185=EDGE_CURVE('',#2539,#2544,#2189,.T.);
#3186=EDGE_CURVE('',#2596,#2538,#1271,.T.);
#3187=EDGE_CURVE('',#2597,#2596,#1272,.T.);
#3188=EDGE_CURVE('',#2545,#2597,#1273,.T.);
#3189=EDGE_CURVE('',#2480,#2597,#1274,.T.);
#3190=EDGE_CURVE('',#2481,#2596,#1275,.T.);
#3191=EDGE_CURVE('',#2282,#2598,#1276,.T.);
#3192=EDGE_CURVE('',#2599,#2598,#1277,.T.);
#3193=EDGE_CURVE('',#2283,#2599,#1278,.T.);
#3194=EDGE_CURVE('',#2598,#2541,#1279,.T.);
#3195=EDGE_CURVE('',#2543,#2599,#1280,.T.);
#3196=EDGE_CURVE('',#2540,#2542,#2190,.T.);
#3197=EDGE_CURVE('',#2547,#2552,#2191,.T.);
#3198=EDGE_CURVE('',#2600,#2546,#1281,.T.);
#3199=EDGE_CURVE('',#2601,#2600,#1282,.T.);
#3200=EDGE_CURVE('',#2553,#2601,#1283,.T.);
#3201=EDGE_CURVE('',#2476,#2601,#1284,.T.);
#3202=EDGE_CURVE('',#2477,#2600,#1285,.T.);
#3203=EDGE_CURVE('',#2286,#2602,#1286,.T.);
#3204=EDGE_CURVE('',#2603,#2602,#1287,.T.);
#3205=EDGE_CURVE('',#2287,#2603,#1288,.T.);
#3206=EDGE_CURVE('',#2602,#2549,#1289,.T.);
#3207=EDGE_CURVE('',#2551,#2603,#1290,.T.);
#3208=EDGE_CURVE('',#2548,#2550,#2192,.T.);
#3209=EDGE_CURVE('',#2555,#2560,#2193,.T.);
#3210=EDGE_CURVE('',#2604,#2554,#1291,.T.);
#3211=EDGE_CURVE('',#2605,#2604,#1292,.T.);
#3212=EDGE_CURVE('',#2561,#2605,#1293,.T.);
#3213=EDGE_CURVE('',#2472,#2605,#1294,.T.);
#3214=EDGE_CURVE('',#2473,#2604,#1295,.T.);
#3215=EDGE_CURVE('',#2290,#2606,#1296,.T.);
#3216=EDGE_CURVE('',#2607,#2606,#1297,.T.);
#3217=EDGE_CURVE('',#2291,#2607,#1298,.T.);
#3218=EDGE_CURVE('',#2606,#2557,#1299,.T.);
#3219=EDGE_CURVE('',#2559,#2607,#1300,.T.);
#3220=EDGE_CURVE('',#2556,#2558,#2194,.T.);
#3221=EDGE_CURVE('',#2563,#2568,#2195,.T.);
#3222=EDGE_CURVE('',#2608,#2562,#1301,.T.);
#3223=EDGE_CURVE('',#2609,#2608,#1302,.T.);
#3224=EDGE_CURVE('',#2569,#2609,#1303,.T.);
#3225=EDGE_CURVE('',#2468,#2609,#1304,.T.);
#3226=EDGE_CURVE('',#2469,#2608,#1305,.T.);
#3227=EDGE_CURVE('',#2294,#2610,#1306,.T.);
#3228=EDGE_CURVE('',#2611,#2610,#1307,.T.);
#3229=EDGE_CURVE('',#2295,#2611,#1308,.T.);
#3230=EDGE_CURVE('',#2610,#2565,#1309,.T.);
#3231=EDGE_CURVE('',#2567,#2611,#1310,.T.);
#3232=EDGE_CURVE('',#2564,#2566,#2196,.T.);
#3233=EDGE_CURVE('',#2523,#2528,#2197,.T.);
#3234=EDGE_CURVE('',#2612,#2522,#1311,.T.);
#3235=EDGE_CURVE('',#2613,#2612,#1312,.T.);
#3236=EDGE_CURVE('',#2529,#2613,#1313,.T.);
#3237=EDGE_CURVE('',#2488,#2613,#1314,.T.);
#3238=EDGE_CURVE('',#2489,#2612,#1315,.T.);
#3239=EDGE_CURVE('',#2274,#2614,#1316,.T.);
#3240=EDGE_CURVE('',#2615,#2614,#1317,.T.);
#3241=EDGE_CURVE('',#2275,#2615,#1318,.T.);
#3242=EDGE_CURVE('',#2614,#2525,#1319,.T.);
#3243=EDGE_CURVE('',#2527,#2615,#1320,.T.);
#3244=EDGE_CURVE('',#2524,#2526,#2198,.T.);
#3245=EDGE_CURVE('',#2515,#2520,#2199,.T.);
#3246=EDGE_CURVE('',#2616,#2514,#1321,.T.);
#3247=EDGE_CURVE('',#2617,#2616,#1322,.T.);
#3248=EDGE_CURVE('',#2521,#2617,#1323,.T.);
#3249=EDGE_CURVE('',#2492,#2617,#1324,.T.);
#3250=EDGE_CURVE('',#2493,#2616,#1325,.T.);
#3251=EDGE_CURVE('',#2270,#2618,#1326,.T.);
#3252=EDGE_CURVE('',#2619,#2618,#1327,.T.);
#3253=EDGE_CURVE('',#2271,#2619,#1328,.T.);
#3254=EDGE_CURVE('',#2618,#2517,#1329,.T.);
#3255=EDGE_CURVE('',#2519,#2619,#1330,.T.);
#3256=EDGE_CURVE('',#2516,#2518,#2200,.T.);
#3257=EDGE_CURVE('',#2571,#2512,#2201,.T.);
#3258=EDGE_CURVE('',#2620,#2570,#1331,.T.);
#3259=EDGE_CURVE('',#2621,#2620,#1332,.T.);
#3260=EDGE_CURVE('',#2513,#2621,#1333,.T.);
#3261=EDGE_CURVE('',#2496,#2621,#1334,.T.);
#3262=EDGE_CURVE('',#2497,#2620,#1335,.T.);
#3263=EDGE_CURVE('',#2266,#2622,#1336,.T.);
#3264=EDGE_CURVE('',#2623,#2622,#1337,.T.);
#3265=EDGE_CURVE('',#2267,#2623,#1338,.T.);
#3266=EDGE_CURVE('',#2622,#2573,#1339,.T.);
#3267=EDGE_CURVE('',#2511,#2623,#1340,.T.);
#3268=EDGE_CURVE('',#2572,#2510,#2202,.T.);
#3269=EDGE_CURVE('',#2579,#2576,#2203,.T.);
#3270=EDGE_CURVE('',#2624,#2578,#1341,.T.);
#3271=EDGE_CURVE('',#2625,#2624,#1342,.T.);
#3272=EDGE_CURVE('',#2577,#2625,#1343,.T.);
#3273=EDGE_CURVE('',#2500,#2625,#1344,.T.);
#3274=EDGE_CURVE('',#2501,#2624,#1345,.T.);
#3275=EDGE_CURVE('',#2262,#2626,#1346,.T.);
#3276=EDGE_CURVE('',#2627,#2626,#1347,.T.);
#3277=EDGE_CURVE('',#2263,#2627,#1348,.T.);
#3278=EDGE_CURVE('',#2626,#2581,#1349,.T.);
#3279=EDGE_CURVE('',#2574,#2627,#1350,.T.);
#3280=EDGE_CURVE('',#2580,#2575,#2204,.T.);
#3281=EDGE_CURVE('',#2628,#2629,#1351,.T.);
#3282=EDGE_CURVE('',#2628,#2392,#1352,.T.);
#3283=EDGE_CURVE('',#2401,#2629,#1353,.T.);
#3284=EDGE_CURVE('',#2464,#2628,#1354,.T.);
#3285=EDGE_CURVE('',#2465,#2629,#1355,.T.);
#3286=EDGE_CURVE('',#2317,#2630,#1356,.T.);
#3287=EDGE_CURVE('',#2316,#2631,#1357,.T.);
#3288=EDGE_CURVE('',#2631,#2630,#1358,.T.);
#3289=EDGE_CURVE('',#2396,#2631,#1359,.T.);
#3290=EDGE_CURVE('',#2630,#2391,#1360,.T.);
#3291=EDGE_CURVE('',#2313,#2632,#1361,.T.);
#3292=EDGE_CURVE('',#2312,#2633,#1362,.T.);
#3293=EDGE_CURVE('',#2633,#2632,#1363,.T.);
#3294=EDGE_CURVE('',#2402,#2633,#1364,.T.);
#3295=EDGE_CURVE('',#2632,#2397,#1365,.T.);
#3296=EDGE_CURVE('',#2309,#2634,#1366,.T.);
#3297=EDGE_CURVE('',#2308,#2635,#1367,.T.);
#3298=EDGE_CURVE('',#2635,#2634,#1368,.T.);
#3299=EDGE_CURVE('',#2408,#2635,#1369,.T.);
#3300=EDGE_CURVE('',#2634,#2403,#1370,.T.);
#3301=EDGE_CURVE('',#2305,#2636,#1371,.T.);
#3302=EDGE_CURVE('',#2304,#2637,#1372,.T.);
#3303=EDGE_CURVE('',#2637,#2636,#1373,.T.);
#3304=EDGE_CURVE('',#2414,#2637,#1374,.T.);
#3305=EDGE_CURVE('',#2636,#2409,#1375,.T.);
#3306=EDGE_CURVE('',#2301,#2638,#1376,.T.);
#3307=EDGE_CURVE('',#2300,#2639,#1377,.T.);
#3308=EDGE_CURVE('',#2639,#2638,#1378,.T.);
#3309=EDGE_CURVE('',#2420,#2639,#1379,.T.);
#3310=EDGE_CURVE('',#2638,#2415,#1380,.T.);
#3311=EDGE_CURVE('',#2321,#2640,#1381,.T.);
#3312=EDGE_CURVE('',#2320,#2641,#1382,.T.);
#3313=EDGE_CURVE('',#2641,#2640,#1383,.T.);
#3314=EDGE_CURVE('',#2390,#2641,#1384,.T.);
#3315=EDGE_CURVE('',#2640,#2385,#1385,.T.);
#3316=EDGE_CURVE('',#2325,#2642,#1386,.T.);
#3317=EDGE_CURVE('',#2324,#2643,#1387,.T.);
#3318=EDGE_CURVE('',#2643,#2642,#1388,.T.);
#3319=EDGE_CURVE('',#2384,#2643,#1389,.T.);
#3320=EDGE_CURVE('',#2642,#2379,#1390,.T.);
#3321=EDGE_CURVE('',#2329,#2644,#1391,.T.);
#3322=EDGE_CURVE('',#2328,#2645,#1392,.T.);
#3323=EDGE_CURVE('',#2645,#2644,#1393,.T.);
#3324=EDGE_CURVE('',#2378,#2645,#1394,.T.);
#3325=EDGE_CURVE('',#2644,#2377,#1395,.T.);
#3326=EDGE_CURVE('',#2257,#2646,#1396,.T.);
#3327=EDGE_CURVE('',#2255,#2647,#1397,.T.);
#3328=EDGE_CURVE('',#2647,#2646,#1398,.T.);
#3329=EDGE_CURVE('',#2376,#2647,#1399,.T.);
#3330=EDGE_CURVE('',#2646,#2427,#1400,.T.);
#3331=EDGE_CURVE('',#2584,#2463,#2205,.T.);
#3332=EDGE_CURVE('',#2585,#2591,#2206,.T.);
#3333=EDGE_CURVE('',#2588,#2584,#2207,.T.);
#3334=EDGE_CURVE('',#2582,#2585,#2208,.T.);
#3335=EDGE_CURVE('',#2588,#2463,#2209,.T.);
#3336=EDGE_CURVE('',#2582,#2591,#2210,.T.);
#3337=EDGE_CURVE('',#2462,#2587,#2211,.T.);
#3338=EDGE_CURVE('',#2589,#2462,#2212,.T.);
#3339=EDGE_CURVE('',#2583,#2590,#2213,.T.);
#3340=EDGE_CURVE('',#2586,#2583,#2214,.T.);
#3341=EDGE_CURVE('',#2589,#2587,#2215,.T.);
#3342=EDGE_CURVE('',#2586,#2590,#2216,.T.);
#3343=EDGE_CURVE('',#2648,#2331,#1401,.T.);
#3344=EDGE_CURVE('',#2648,#2649,#1402,.T.);
#3345=EDGE_CURVE('',#2649,#2332,#1403,.T.);
#3346=EDGE_CURVE('',#2649,#2650,#1404,.T.);
#3347=EDGE_CURVE('',#2650,#2333,#1405,.T.);
#3348=EDGE_CURVE('',#2650,#2651,#1406,.T.);
#3349=EDGE_CURVE('',#2651,#2334,#1407,.T.);
#3350=EDGE_CURVE('',#2651,#2652,#1408,.T.);
#3351=EDGE_CURVE('',#2652,#2335,#1409,.T.);
#3352=EDGE_CURVE('',#2652,#2653,#1410,.T.);
#3353=EDGE_CURVE('',#2653,#2336,#1411,.T.);
#3354=EDGE_CURVE('',#2653,#2654,#1412,.T.);
#3355=EDGE_CURVE('',#2654,#2337,#1413,.T.);
#3356=EDGE_CURVE('',#2654,#2655,#1414,.T.);
#3357=EDGE_CURVE('',#2655,#2338,#1415,.T.);
#3358=EDGE_CURVE('',#2655,#2648,#1416,.T.);
#3359=EDGE_CURVE('',#2656,#2657,#1417,.T.);
#3360=EDGE_CURVE('',#2658,#2656,#1418,.T.);
#3361=EDGE_CURVE('',#2659,#2658,#50,.T.);
#3362=EDGE_CURVE('',#2660,#2659,#1419,.T.);
#3363=EDGE_CURVE('',#2661,#2660,#51,.T.);
#3364=EDGE_CURVE('',#2657,#2661,#1420,.T.);
#3365=EDGE_CURVE('',#2662,#2663,#1421,.T.);
#3366=EDGE_CURVE('',#2656,#2662,#1422,.T.);
#3367=EDGE_CURVE('',#2657,#2663,#1423,.T.);
#3368=EDGE_CURVE('',#2664,#2662,#1424,.T.);
#3369=EDGE_CURVE('',#2658,#2664,#1425,.T.);
#3370=EDGE_CURVE('',#2665,#2664,#52,.T.);
#3371=EDGE_CURVE('',#2659,#2665,#1426,.T.);
#3372=EDGE_CURVE('',#2666,#2665,#1427,.T.);
#3373=EDGE_CURVE('',#2660,#2666,#1428,.T.);
#3374=EDGE_CURVE('',#2667,#2666,#53,.T.);
#3375=EDGE_CURVE('',#2661,#2667,#1429,.T.);
#3376=EDGE_CURVE('',#2663,#2667,#1430,.T.);
#3377=EDGE_CURVE('',#2668,#2367,#1431,.T.);
#3378=EDGE_CURVE('',#2668,#2669,#1432,.T.);
#3379=EDGE_CURVE('',#2669,#2368,#1433,.T.);
#3380=EDGE_CURVE('',#2669,#2670,#1434,.T.);
#3381=EDGE_CURVE('',#2670,#2369,#1435,.T.);
#3382=EDGE_CURVE('',#2670,#2671,#1436,.T.);
#3383=EDGE_CURVE('',#2671,#2370,#1437,.T.);
#3384=EDGE_CURVE('',#2671,#2672,#54,.T.);
#3385=EDGE_CURVE('',#2672,#2371,#1438,.T.);
#3386=EDGE_CURVE('',#2672,#2668,#55,.T.);
#3387=EDGE_CURVE('',#2673,#2674,#56,.T.);
#3388=EDGE_CURVE('',#2675,#2673,#57,.T.);
#3389=EDGE_CURVE('',#2676,#2675,#1439,.T.);
#3390=EDGE_CURVE('',#2677,#2676,#1440,.T.);
#3391=EDGE_CURVE('',#2674,#2677,#1441,.T.);
#3392=EDGE_CURVE('',#2678,#2679,#1442,.T.);
#3393=EDGE_CURVE('',#2674,#2678,#1443,.T.);
#3394=EDGE_CURVE('',#2677,#2679,#1444,.T.);
#3395=EDGE_CURVE('',#2680,#2678,#58,.T.);
#3396=EDGE_CURVE('',#2673,#2680,#1445,.T.);
#3397=EDGE_CURVE('',#2681,#2680,#59,.T.);
#3398=EDGE_CURVE('',#2675,#2681,#1446,.T.);
#3399=EDGE_CURVE('',#2682,#2681,#1447,.T.);
#3400=EDGE_CURVE('',#2676,#2682,#1448,.T.);
#3401=EDGE_CURVE('',#2679,#2682,#1449,.T.);
#3402=EDGE_CURVE('',#2683,#2339,#1450,.T.);
#3403=EDGE_CURVE('',#2683,#2684,#1451,.T.);
#3404=EDGE_CURVE('',#2684,#2340,#1452,.T.);
#3405=EDGE_CURVE('',#2684,#2685,#1453,.T.);
#3406=EDGE_CURVE('',#2685,#2341,#1454,.T.);
#3407=EDGE_CURVE('',#2685,#2686,#1455,.T.);
#3408=EDGE_CURVE('',#2686,#2342,#1456,.T.);
#3409=EDGE_CURVE('',#2686,#2687,#1457,.T.);
#3410=EDGE_CURVE('',#2687,#2343,#1458,.T.);
#3411=EDGE_CURVE('',#2687,#2688,#1459,.T.);
#3412=EDGE_CURVE('',#2688,#2344,#1460,.T.);
#3413=EDGE_CURVE('',#2688,#2689,#1461,.T.);
#3414=EDGE_CURVE('',#2689,#2345,#1462,.T.);
#3415=EDGE_CURVE('',#2689,#2690,#1463,.T.);
#3416=EDGE_CURVE('',#2690,#2346,#1464,.T.);
#3417=EDGE_CURVE('',#2690,#2691,#1465,.T.);
#3418=EDGE_CURVE('',#2691,#2347,#1466,.T.);
#3419=EDGE_CURVE('',#2691,#2692,#1467,.T.);
#3420=EDGE_CURVE('',#2692,#2348,#1468,.T.);
#3421=EDGE_CURVE('',#2692,#2693,#1469,.T.);
#3422=EDGE_CURVE('',#2693,#2349,#1470,.T.);
#3423=EDGE_CURVE('',#2693,#2694,#1471,.T.);
#3424=EDGE_CURVE('',#2694,#2350,#1472,.T.);
#3425=EDGE_CURVE('',#2694,#2683,#1473,.T.);
#3426=EDGE_CURVE('',#2695,#2357,#1474,.T.);
#3427=EDGE_CURVE('',#2695,#2696,#1475,.T.);
#3428=EDGE_CURVE('',#2696,#2358,#1476,.T.);
#3429=EDGE_CURVE('',#2696,#2697,#60,.T.);
#3430=EDGE_CURVE('',#2697,#2359,#1477,.T.);
#3431=EDGE_CURVE('',#2697,#2698,#61,.T.);
#3432=EDGE_CURVE('',#2698,#2360,#1478,.T.);
#3433=EDGE_CURVE('',#2698,#2699,#62,.T.);
#3434=EDGE_CURVE('',#2699,#2361,#1479,.T.);
#3435=EDGE_CURVE('',#2699,#2700,#63,.T.);
#3436=EDGE_CURVE('',#2700,#2362,#1480,.T.);
#3437=EDGE_CURVE('',#2700,#2701,#1481,.T.);
#3438=EDGE_CURVE('',#2701,#2363,#1482,.T.);
#3439=EDGE_CURVE('',#2701,#2702,#64,.T.);
#3440=EDGE_CURVE('',#2702,#2364,#1483,.T.);
#3441=EDGE_CURVE('',#2702,#2703,#65,.T.);
#3442=EDGE_CURVE('',#2703,#2365,#1484,.T.);
#3443=EDGE_CURVE('',#2703,#2704,#66,.T.);
#3444=EDGE_CURVE('',#2704,#2366,#1485,.T.);
#3445=EDGE_CURVE('',#2704,#2695,#67,.T.);
#3446=EDGE_CURVE('',#2705,#2351,#1486,.T.);
#3447=EDGE_CURVE('',#2705,#2706,#1487,.T.);
#3448=EDGE_CURVE('',#2706,#2352,#1488,.T.);
#3449=EDGE_CURVE('',#2706,#2707,#1489,.T.);
#3450=EDGE_CURVE('',#2707,#2353,#1490,.T.);
#3451=EDGE_CURVE('',#2707,#2708,#1491,.T.);
#3452=EDGE_CURVE('',#2708,#2354,#1492,.T.);
#3453=EDGE_CURVE('',#2708,#2709,#1493,.T.);
#3454=EDGE_CURVE('',#2709,#2355,#1494,.T.);
#3455=EDGE_CURVE('',#2709,#2710,#1495,.T.);
#3456=EDGE_CURVE('',#2710,#2356,#1496,.T.);
#3457=EDGE_CURVE('',#2710,#2705,#1497,.T.);
#3458=ORIENTED_EDGE('',*,*,#2711,.F.);
#3459=ORIENTED_EDGE('',*,*,#2712,.T.);
#3460=ORIENTED_EDGE('',*,*,#2713,.T.);
#3461=ORIENTED_EDGE('',*,*,#2712,.F.);
#3462=ORIENTED_EDGE('',*,*,#2714,.T.);
#3463=ORIENTED_EDGE('',*,*,#2715,.T.);
#3464=ORIENTED_EDGE('',*,*,#2716,.F.);
#3465=ORIENTED_EDGE('',*,*,#2717,.T.);
#3466=ORIENTED_EDGE('',*,*,#2718,.T.);
#3467=ORIENTED_EDGE('',*,*,#2719,.T.);
#3468=ORIENTED_EDGE('',*,*,#2720,.F.);
#3469=ORIENTED_EDGE('',*,*,#2721,.T.);
#3470=ORIENTED_EDGE('',*,*,#2722,.T.);
#3471=ORIENTED_EDGE('',*,*,#2723,.T.);
#3472=ORIENTED_EDGE('',*,*,#2724,.F.);
#3473=ORIENTED_EDGE('',*,*,#2725,.T.);
#3474=ORIENTED_EDGE('',*,*,#2726,.T.);
#3475=ORIENTED_EDGE('',*,*,#2727,.T.);
#3476=ORIENTED_EDGE('',*,*,#2728,.F.);
#3477=ORIENTED_EDGE('',*,*,#2729,.T.);
#3478=ORIENTED_EDGE('',*,*,#2730,.T.);
#3479=ORIENTED_EDGE('',*,*,#2731,.T.);
#3480=ORIENTED_EDGE('',*,*,#2732,.F.);
#3481=ORIENTED_EDGE('',*,*,#2733,.T.);
#3482=ORIENTED_EDGE('',*,*,#2734,.T.);
#3483=ORIENTED_EDGE('',*,*,#2735,.T.);
#3484=ORIENTED_EDGE('',*,*,#2736,.F.);
#3485=ORIENTED_EDGE('',*,*,#2737,.T.);
#3486=ORIENTED_EDGE('',*,*,#2738,.T.);
#3487=ORIENTED_EDGE('',*,*,#2739,.T.);
#3488=ORIENTED_EDGE('',*,*,#2740,.F.);
#3489=ORIENTED_EDGE('',*,*,#2741,.T.);
#3490=ORIENTED_EDGE('',*,*,#2742,.T.);
#3491=ORIENTED_EDGE('',*,*,#2743,.T.);
#3492=ORIENTED_EDGE('',*,*,#2744,.F.);
#3493=ORIENTED_EDGE('',*,*,#2745,.T.);
#3494=ORIENTED_EDGE('',*,*,#2746,.T.);
#3495=ORIENTED_EDGE('',*,*,#2747,.T.);
#3496=ORIENTED_EDGE('',*,*,#2748,.F.);
#3497=ORIENTED_EDGE('',*,*,#2749,.T.);
#3498=ORIENTED_EDGE('',*,*,#2750,.F.);
#3499=ORIENTED_EDGE('',*,*,#2751,.F.);
#3500=ORIENTED_EDGE('',*,*,#2752,.F.);
#3501=ORIENTED_EDGE('',*,*,#2753,.F.);
#3502=ORIENTED_EDGE('',*,*,#2754,.F.);
#3503=ORIENTED_EDGE('',*,*,#2755,.F.);
#3504=ORIENTED_EDGE('',*,*,#2756,.T.);
#3505=ORIENTED_EDGE('',*,*,#2757,.T.);
#3506=ORIENTED_EDGE('',*,*,#2758,.T.);
#3507=ORIENTED_EDGE('',*,*,#2759,.F.);
#3508=ORIENTED_EDGE('',*,*,#2760,.T.);
#3509=ORIENTED_EDGE('',*,*,#2761,.T.);
#3510=ORIENTED_EDGE('',*,*,#2762,.T.);
#3511=ORIENTED_EDGE('',*,*,#2763,.F.);
#3512=ORIENTED_EDGE('',*,*,#2764,.T.);
#3513=ORIENTED_EDGE('',*,*,#2765,.T.);
#3514=ORIENTED_EDGE('',*,*,#2766,.T.);
#3515=ORIENTED_EDGE('',*,*,#2767,.F.);
#3516=ORIENTED_EDGE('',*,*,#2768,.T.);
#3517=ORIENTED_EDGE('',*,*,#2769,.T.);
#3518=ORIENTED_EDGE('',*,*,#2770,.T.);
#3519=ORIENTED_EDGE('',*,*,#2771,.F.);
#3520=ORIENTED_EDGE('',*,*,#2772,.T.);
#3521=ORIENTED_EDGE('',*,*,#2773,.T.);
#3522=ORIENTED_EDGE('',*,*,#2774,.T.);
#3523=ORIENTED_EDGE('',*,*,#2775,.F.);
#3524=ORIENTED_EDGE('',*,*,#2776,.T.);
#3525=ORIENTED_EDGE('',*,*,#2777,.T.);
#3526=ORIENTED_EDGE('',*,*,#2778,.T.);
#3527=ORIENTED_EDGE('',*,*,#2779,.F.);
#3528=ORIENTED_EDGE('',*,*,#2780,.T.);
#3529=ORIENTED_EDGE('',*,*,#2781,.T.);
#3530=ORIENTED_EDGE('',*,*,#2782,.T.);
#3531=ORIENTED_EDGE('',*,*,#2783,.F.);
#3532=ORIENTED_EDGE('',*,*,#2784,.T.);
#3533=ORIENTED_EDGE('',*,*,#2785,.T.);
#3534=ORIENTED_EDGE('',*,*,#2786,.T.);
#3535=ORIENTED_EDGE('',*,*,#2787,.F.);
#3536=ORIENTED_EDGE('',*,*,#2788,.T.);
#3537=ORIENTED_EDGE('',*,*,#2789,.T.);
#3538=ORIENTED_EDGE('',*,*,#2790,.T.);
#3539=ORIENTED_EDGE('',*,*,#2791,.F.);
#3540=ORIENTED_EDGE('',*,*,#2792,.F.);
#3541=ORIENTED_EDGE('',*,*,#2793,.F.);
#3542=ORIENTED_EDGE('',*,*,#2794,.F.);
#3543=ORIENTED_EDGE('',*,*,#2795,.F.);
#3544=ORIENTED_EDGE('',*,*,#2796,.F.);
#3545=ORIENTED_EDGE('',*,*,#2797,.F.);
#3546=ORIENTED_EDGE('',*,*,#2798,.F.);
#3547=ORIENTED_EDGE('',*,*,#2799,.F.);
#3548=ORIENTED_EDGE('',*,*,#2800,.F.);
#3549=ORIENTED_EDGE('',*,*,#2801,.F.);
#3550=ORIENTED_EDGE('',*,*,#2802,.F.);
#3551=ORIENTED_EDGE('',*,*,#2803,.F.);
#3552=ORIENTED_EDGE('',*,*,#2804,.F.);
#3553=ORIENTED_EDGE('',*,*,#2805,.F.);
#3554=ORIENTED_EDGE('',*,*,#2806,.F.);
#3555=ORIENTED_EDGE('',*,*,#2807,.F.);
#3556=ORIENTED_EDGE('',*,*,#2808,.F.);
#3557=ORIENTED_EDGE('',*,*,#2809,.F.);
#3558=ORIENTED_EDGE('',*,*,#2810,.F.);
#3559=ORIENTED_EDGE('',*,*,#2811,.F.);
#3560=ORIENTED_EDGE('',*,*,#2812,.F.);
#3561=ORIENTED_EDGE('',*,*,#2813,.F.);
#3562=ORIENTED_EDGE('',*,*,#2814,.F.);
#3563=ORIENTED_EDGE('',*,*,#2815,.F.);
#3564=ORIENTED_EDGE('',*,*,#2816,.F.);
#3565=ORIENTED_EDGE('',*,*,#2817,.F.);
#3566=ORIENTED_EDGE('',*,*,#2818,.F.);
#3567=ORIENTED_EDGE('',*,*,#2819,.F.);
#3568=ORIENTED_EDGE('',*,*,#2820,.F.);
#3569=ORIENTED_EDGE('',*,*,#2821,.F.);
#3570=ORIENTED_EDGE('',*,*,#2822,.F.);
#3571=ORIENTED_EDGE('',*,*,#2823,.F.);
#3572=ORIENTED_EDGE('',*,*,#2824,.F.);
#3573=ORIENTED_EDGE('',*,*,#2825,.F.);
#3574=ORIENTED_EDGE('',*,*,#2826,.T.);
#3575=ORIENTED_EDGE('',*,*,#2827,.T.);
#3576=ORIENTED_EDGE('',*,*,#2828,.T.);
#3577=ORIENTED_EDGE('',*,*,#2829,.T.);
#3578=ORIENTED_EDGE('',*,*,#2830,.T.);
#3579=ORIENTED_EDGE('',*,*,#2831,.T.);
#3580=ORIENTED_EDGE('',*,*,#2832,.T.);
#3581=ORIENTED_EDGE('',*,*,#2833,.T.);
#3582=ORIENTED_EDGE('',*,*,#2834,.T.);
#3583=ORIENTED_EDGE('',*,*,#2835,.T.);
#3584=ORIENTED_EDGE('',*,*,#2836,.T.);
#3585=ORIENTED_EDGE('',*,*,#2837,.T.);
#3586=ORIENTED_EDGE('',*,*,#2838,.T.);
#3587=ORIENTED_EDGE('',*,*,#2839,.T.);
#3588=ORIENTED_EDGE('',*,*,#2840,.T.);
#3589=ORIENTED_EDGE('',*,*,#2841,.T.);
#3590=ORIENTED_EDGE('',*,*,#2842,.T.);
#3591=ORIENTED_EDGE('',*,*,#2843,.T.);
#3592=ORIENTED_EDGE('',*,*,#2844,.T.);
#3593=ORIENTED_EDGE('',*,*,#2845,.T.);
#3594=ORIENTED_EDGE('',*,*,#2846,.T.);
#3595=ORIENTED_EDGE('',*,*,#2847,.T.);
#3596=ORIENTED_EDGE('',*,*,#2848,.T.);
#3597=ORIENTED_EDGE('',*,*,#2849,.T.);
#3598=ORIENTED_EDGE('',*,*,#2850,.T.);
#3599=ORIENTED_EDGE('',*,*,#2851,.T.);
#3600=ORIENTED_EDGE('',*,*,#2852,.T.);
#3601=ORIENTED_EDGE('',*,*,#2853,.T.);
#3602=ORIENTED_EDGE('',*,*,#2854,.T.);
#3603=ORIENTED_EDGE('',*,*,#2855,.T.);
#3604=ORIENTED_EDGE('',*,*,#2856,.T.);
#3605=ORIENTED_EDGE('',*,*,#2857,.T.);
#3606=ORIENTED_EDGE('',*,*,#2858,.T.);
#3607=ORIENTED_EDGE('',*,*,#2859,.T.);
#3608=ORIENTED_EDGE('',*,*,#2860,.T.);
#3609=ORIENTED_EDGE('',*,*,#2861,.T.);
#3610=ORIENTED_EDGE('',*,*,#2862,.T.);
#3611=ORIENTED_EDGE('',*,*,#2863,.T.);
#3612=ORIENTED_EDGE('',*,*,#2864,.T.);
#3613=ORIENTED_EDGE('',*,*,#2865,.T.);
#3614=ORIENTED_EDGE('',*,*,#2866,.T.);
#3615=ORIENTED_EDGE('',*,*,#2745,.F.);
#3616=ORIENTED_EDGE('',*,*,#2867,.F.);
#3617=ORIENTED_EDGE('',*,*,#2868,.T.);
#3618=ORIENTED_EDGE('',*,*,#2869,.F.);
#3619=ORIENTED_EDGE('',*,*,#2870,.F.);
#3620=ORIENTED_EDGE('',*,*,#2871,.F.);
#3621=ORIENTED_EDGE('',*,*,#2747,.F.);
#3622=ORIENTED_EDGE('',*,*,#2872,.T.);
#3623=ORIENTED_EDGE('',*,*,#2873,.F.);
#3624=ORIENTED_EDGE('',*,*,#2825,.T.);
#3625=ORIENTED_EDGE('',*,*,#2874,.T.);
#3626=ORIENTED_EDGE('',*,*,#2875,.T.);
#3627=ORIENTED_EDGE('',*,*,#2743,.F.);
#3628=ORIENTED_EDGE('',*,*,#2876,.T.);
#3629=ORIENTED_EDGE('',*,*,#2877,.F.);
#3630=ORIENTED_EDGE('',*,*,#2821,.T.);
#3631=ORIENTED_EDGE('',*,*,#2878,.T.);
#3632=ORIENTED_EDGE('',*,*,#2879,.T.);
#3633=ORIENTED_EDGE('',*,*,#2741,.F.);
#3634=ORIENTED_EDGE('',*,*,#2880,.F.);
#3635=ORIENTED_EDGE('',*,*,#2881,.T.);
#3636=ORIENTED_EDGE('',*,*,#2882,.F.);
#3637=ORIENTED_EDGE('',*,*,#2883,.F.);
#3638=ORIENTED_EDGE('',*,*,#2884,.F.);
#3639=ORIENTED_EDGE('',*,*,#2739,.F.);
#3640=ORIENTED_EDGE('',*,*,#2885,.T.);
#3641=ORIENTED_EDGE('',*,*,#2886,.F.);
#3642=ORIENTED_EDGE('',*,*,#2817,.T.);
#3643=ORIENTED_EDGE('',*,*,#2887,.T.);
#3644=ORIENTED_EDGE('',*,*,#2888,.T.);
#3645=ORIENTED_EDGE('',*,*,#2737,.F.);
#3646=ORIENTED_EDGE('',*,*,#2889,.F.);
#3647=ORIENTED_EDGE('',*,*,#2890,.T.);
#3648=ORIENTED_EDGE('',*,*,#2891,.F.);
#3649=ORIENTED_EDGE('',*,*,#2892,.F.);
#3650=ORIENTED_EDGE('',*,*,#2893,.F.);
#3651=ORIENTED_EDGE('',*,*,#2735,.F.);
#3652=ORIENTED_EDGE('',*,*,#2894,.T.);
#3653=ORIENTED_EDGE('',*,*,#2895,.F.);
#3654=ORIENTED_EDGE('',*,*,#2813,.T.);
#3655=ORIENTED_EDGE('',*,*,#2896,.T.);
#3656=ORIENTED_EDGE('',*,*,#2897,.T.);
#3657=ORIENTED_EDGE('',*,*,#2717,.F.);
#3658=ORIENTED_EDGE('',*,*,#2898,.F.);
#3659=ORIENTED_EDGE('',*,*,#2899,.T.);
#3660=ORIENTED_EDGE('',*,*,#2900,.F.);
#3661=ORIENTED_EDGE('',*,*,#2901,.F.);
#3662=ORIENTED_EDGE('',*,*,#2902,.F.);
#3663=ORIENTED_EDGE('',*,*,#2715,.F.);
#3664=ORIENTED_EDGE('',*,*,#2903,.T.);
#3665=ORIENTED_EDGE('',*,*,#2904,.F.);
#3666=ORIENTED_EDGE('',*,*,#2809,.T.);
#3667=ORIENTED_EDGE('',*,*,#2905,.T.);
#3668=ORIENTED_EDGE('',*,*,#2906,.T.);
#3669=ORIENTED_EDGE('',*,*,#2721,.F.);
#3670=ORIENTED_EDGE('',*,*,#2907,.F.);
#3671=ORIENTED_EDGE('',*,*,#2908,.T.);
#3672=ORIENTED_EDGE('',*,*,#2909,.F.);
#3673=ORIENTED_EDGE('',*,*,#2910,.F.);
#3674=ORIENTED_EDGE('',*,*,#2911,.F.);
#3675=ORIENTED_EDGE('',*,*,#2719,.F.);
#3676=ORIENTED_EDGE('',*,*,#2912,.T.);
#3677=ORIENTED_EDGE('',*,*,#2913,.F.);
#3678=ORIENTED_EDGE('',*,*,#2805,.T.);
#3679=ORIENTED_EDGE('',*,*,#2914,.T.);
#3680=ORIENTED_EDGE('',*,*,#2915,.T.);
#3681=ORIENTED_EDGE('',*,*,#2725,.F.);
#3682=ORIENTED_EDGE('',*,*,#2916,.F.);
#3683=ORIENTED_EDGE('',*,*,#2917,.T.);
#3684=ORIENTED_EDGE('',*,*,#2918,.F.);
#3685=ORIENTED_EDGE('',*,*,#2919,.F.);
#3686=ORIENTED_EDGE('',*,*,#2920,.F.);
#3687=ORIENTED_EDGE('',*,*,#2723,.F.);
#3688=ORIENTED_EDGE('',*,*,#2921,.T.);
#3689=ORIENTED_EDGE('',*,*,#2922,.F.);
#3690=ORIENTED_EDGE('',*,*,#2801,.T.);
#3691=ORIENTED_EDGE('',*,*,#2923,.T.);
#3692=ORIENTED_EDGE('',*,*,#2924,.T.);
#3693=ORIENTED_EDGE('',*,*,#2729,.F.);
#3694=ORIENTED_EDGE('',*,*,#2925,.F.);
#3695=ORIENTED_EDGE('',*,*,#2926,.T.);
#3696=ORIENTED_EDGE('',*,*,#2927,.F.);
#3697=ORIENTED_EDGE('',*,*,#2928,.F.);
#3698=ORIENTED_EDGE('',*,*,#2929,.F.);
#3699=ORIENTED_EDGE('',*,*,#2727,.F.);
#3700=ORIENTED_EDGE('',*,*,#2930,.T.);
#3701=ORIENTED_EDGE('',*,*,#2931,.F.);
#3702=ORIENTED_EDGE('',*,*,#2797,.T.);
#3703=ORIENTED_EDGE('',*,*,#2932,.T.);
#3704=ORIENTED_EDGE('',*,*,#2933,.T.);
#3705=ORIENTED_EDGE('',*,*,#2733,.F.);
#3706=ORIENTED_EDGE('',*,*,#2934,.F.);
#3707=ORIENTED_EDGE('',*,*,#2935,.T.);
#3708=ORIENTED_EDGE('',*,*,#2936,.F.);
#3709=ORIENTED_EDGE('',*,*,#2937,.F.);
#3710=ORIENTED_EDGE('',*,*,#2938,.F.);
#3711=ORIENTED_EDGE('',*,*,#2731,.F.);
#3712=ORIENTED_EDGE('',*,*,#2939,.T.);
#3713=ORIENTED_EDGE('',*,*,#2940,.F.);
#3714=ORIENTED_EDGE('',*,*,#2793,.T.);
#3715=ORIENTED_EDGE('',*,*,#2941,.F.);
#3716=ORIENTED_EDGE('',*,*,#2942,.F.);
#3717=ORIENTED_EDGE('',*,*,#2943,.F.);
#3718=ORIENTED_EDGE('',*,*,#2944,.F.);
#3719=ORIENTED_EDGE('',*,*,#2749,.F.);
#3720=ORIENTED_EDGE('',*,*,#2945,.F.);
#3721=ORIENTED_EDGE('',*,*,#2946,.T.);
#3722=ORIENTED_EDGE('',*,*,#2947,.F.);
#3723=ORIENTED_EDGE('',*,*,#2948,.T.);
#3724=ORIENTED_EDGE('',*,*,#2753,.T.);
#3725=ORIENTED_EDGE('',*,*,#2949,.T.);
#3726=ORIENTED_EDGE('',*,*,#2950,.T.);
#3727=ORIENTED_EDGE('',*,*,#2907,.T.);
#3728=ORIENTED_EDGE('',*,*,#2720,.T.);
#3729=ORIENTED_EDGE('',*,*,#2920,.T.);
#3730=ORIENTED_EDGE('',*,*,#2951,.T.);
#3731=ORIENTED_EDGE('',*,*,#2952,.T.);
#3732=ORIENTED_EDGE('',*,*,#2953,.T.);
#3733=ORIENTED_EDGE('',*,*,#2954,.F.);
#3734=ORIENTED_EDGE('',*,*,#2955,.F.);
#3735=ORIENTED_EDGE('',*,*,#2908,.F.);
#3736=ORIENTED_EDGE('',*,*,#2953,.F.);
#3737=ORIENTED_EDGE('',*,*,#2956,.T.);
#3738=ORIENTED_EDGE('',*,*,#2951,.F.);
#3739=ORIENTED_EDGE('',*,*,#2919,.T.);
#3740=ORIENTED_EDGE('',*,*,#2957,.F.);
#3741=ORIENTED_EDGE('',*,*,#2916,.T.);
#3742=ORIENTED_EDGE('',*,*,#2724,.T.);
#3743=ORIENTED_EDGE('',*,*,#2929,.T.);
#3744=ORIENTED_EDGE('',*,*,#2958,.T.);
#3745=ORIENTED_EDGE('',*,*,#2959,.T.);
#3746=ORIENTED_EDGE('',*,*,#2960,.T.);
#3747=ORIENTED_EDGE('',*,*,#2961,.F.);
#3748=ORIENTED_EDGE('',*,*,#2962,.F.);
#3749=ORIENTED_EDGE('',*,*,#2917,.F.);
#3750=ORIENTED_EDGE('',*,*,#2960,.F.);
#3751=ORIENTED_EDGE('',*,*,#2963,.T.);
#3752=ORIENTED_EDGE('',*,*,#2958,.F.);
#3753=ORIENTED_EDGE('',*,*,#2928,.T.);
#3754=ORIENTED_EDGE('',*,*,#2964,.F.);
#3755=ORIENTED_EDGE('',*,*,#2925,.T.);
#3756=ORIENTED_EDGE('',*,*,#2728,.T.);
#3757=ORIENTED_EDGE('',*,*,#2938,.T.);
#3758=ORIENTED_EDGE('',*,*,#2965,.T.);
#3759=ORIENTED_EDGE('',*,*,#2966,.T.);
#3760=ORIENTED_EDGE('',*,*,#2967,.T.);
#3761=ORIENTED_EDGE('',*,*,#2968,.F.);
#3762=ORIENTED_EDGE('',*,*,#2969,.F.);
#3763=ORIENTED_EDGE('',*,*,#2926,.F.);
#3764=ORIENTED_EDGE('',*,*,#2967,.F.);
#3765=ORIENTED_EDGE('',*,*,#2970,.T.);
#3766=ORIENTED_EDGE('',*,*,#2965,.F.);
#3767=ORIENTED_EDGE('',*,*,#2937,.T.);
#3768=ORIENTED_EDGE('',*,*,#2971,.F.);
#3769=ORIENTED_EDGE('',*,*,#2934,.T.);
#3770=ORIENTED_EDGE('',*,*,#2732,.T.);
#3771=ORIENTED_EDGE('',*,*,#2944,.T.);
#3772=ORIENTED_EDGE('',*,*,#2972,.T.);
#3773=ORIENTED_EDGE('',*,*,#2973,.T.);
#3774=ORIENTED_EDGE('',*,*,#2974,.T.);
#3775=ORIENTED_EDGE('',*,*,#2975,.F.);
#3776=ORIENTED_EDGE('',*,*,#2976,.F.);
#3777=ORIENTED_EDGE('',*,*,#2935,.F.);
#3778=ORIENTED_EDGE('',*,*,#2974,.F.);
#3779=ORIENTED_EDGE('',*,*,#2977,.T.);
#3780=ORIENTED_EDGE('',*,*,#2972,.F.);
#3781=ORIENTED_EDGE('',*,*,#2943,.T.);
#3782=ORIENTED_EDGE('',*,*,#2978,.F.);
#3783=ORIENTED_EDGE('',*,*,#2889,.T.);
#3784=ORIENTED_EDGE('',*,*,#2736,.T.);
#3785=ORIENTED_EDGE('',*,*,#2902,.T.);
#3786=ORIENTED_EDGE('',*,*,#2979,.T.);
#3787=ORIENTED_EDGE('',*,*,#2980,.T.);
#3788=ORIENTED_EDGE('',*,*,#2981,.T.);
#3789=ORIENTED_EDGE('',*,*,#2982,.F.);
#3790=ORIENTED_EDGE('',*,*,#2983,.F.);
#3791=ORIENTED_EDGE('',*,*,#2890,.F.);
#3792=ORIENTED_EDGE('',*,*,#2981,.F.);
#3793=ORIENTED_EDGE('',*,*,#2984,.T.);
#3794=ORIENTED_EDGE('',*,*,#2979,.F.);
#3795=ORIENTED_EDGE('',*,*,#2901,.T.);
#3796=ORIENTED_EDGE('',*,*,#2985,.F.);
#3797=ORIENTED_EDGE('',*,*,#2880,.T.);
#3798=ORIENTED_EDGE('',*,*,#2740,.T.);
#3799=ORIENTED_EDGE('',*,*,#2893,.T.);
#3800=ORIENTED_EDGE('',*,*,#2986,.T.);
#3801=ORIENTED_EDGE('',*,*,#2987,.T.);
#3802=ORIENTED_EDGE('',*,*,#2988,.T.);
#3803=ORIENTED_EDGE('',*,*,#2989,.F.);
#3804=ORIENTED_EDGE('',*,*,#2990,.F.);
#3805=ORIENTED_EDGE('',*,*,#2881,.F.);
#3806=ORIENTED_EDGE('',*,*,#2988,.F.);
#3807=ORIENTED_EDGE('',*,*,#2991,.T.);
#3808=ORIENTED_EDGE('',*,*,#2986,.F.);
#3809=ORIENTED_EDGE('',*,*,#2892,.T.);
#3810=ORIENTED_EDGE('',*,*,#2992,.F.);
#3811=ORIENTED_EDGE('',*,*,#2867,.T.);
#3812=ORIENTED_EDGE('',*,*,#2744,.T.);
#3813=ORIENTED_EDGE('',*,*,#2884,.T.);
#3814=ORIENTED_EDGE('',*,*,#2993,.T.);
#3815=ORIENTED_EDGE('',*,*,#2994,.T.);
#3816=ORIENTED_EDGE('',*,*,#2995,.T.);
#3817=ORIENTED_EDGE('',*,*,#2996,.F.);
#3818=ORIENTED_EDGE('',*,*,#2997,.F.);
#3819=ORIENTED_EDGE('',*,*,#2868,.F.);
#3820=ORIENTED_EDGE('',*,*,#2995,.F.);
#3821=ORIENTED_EDGE('',*,*,#2998,.T.);
#3822=ORIENTED_EDGE('',*,*,#2993,.F.);
#3823=ORIENTED_EDGE('',*,*,#2883,.T.);
#3824=ORIENTED_EDGE('',*,*,#2999,.F.);
#3825=ORIENTED_EDGE('',*,*,#2945,.T.);
#3826=ORIENTED_EDGE('',*,*,#2748,.T.);
#3827=ORIENTED_EDGE('',*,*,#2871,.T.);
#3828=ORIENTED_EDGE('',*,*,#3000,.T.);
#3829=ORIENTED_EDGE('',*,*,#3001,.T.);
#3830=ORIENTED_EDGE('',*,*,#3002,.T.);
#3831=ORIENTED_EDGE('',*,*,#3003,.F.);
#3832=ORIENTED_EDGE('',*,*,#3004,.F.);
#3833=ORIENTED_EDGE('',*,*,#2946,.F.);
#3834=ORIENTED_EDGE('',*,*,#3002,.F.);
#3835=ORIENTED_EDGE('',*,*,#3005,.T.);
#3836=ORIENTED_EDGE('',*,*,#3000,.F.);
#3837=ORIENTED_EDGE('',*,*,#2870,.T.);
#3838=ORIENTED_EDGE('',*,*,#3006,.F.);
#3839=ORIENTED_EDGE('',*,*,#3007,.T.);
#3840=ORIENTED_EDGE('',*,*,#3008,.T.);
#3841=ORIENTED_EDGE('',*,*,#3009,.T.);
#3842=ORIENTED_EDGE('',*,*,#3010,.T.);
#3843=ORIENTED_EDGE('',*,*,#3011,.T.);
#3844=ORIENTED_EDGE('',*,*,#3012,.T.);
#3845=ORIENTED_EDGE('',*,*,#3013,.T.);
#3846=ORIENTED_EDGE('',*,*,#2909,.T.);
#3847=ORIENTED_EDGE('',*,*,#2955,.T.);
#3848=ORIENTED_EDGE('',*,*,#3014,.F.);
#3849=ORIENTED_EDGE('',*,*,#2957,.T.);
#3850=ORIENTED_EDGE('',*,*,#2918,.T.);
#3851=ORIENTED_EDGE('',*,*,#2962,.T.);
#3852=ORIENTED_EDGE('',*,*,#3015,.F.);
#3853=ORIENTED_EDGE('',*,*,#2964,.T.);
#3854=ORIENTED_EDGE('',*,*,#2927,.T.);
#3855=ORIENTED_EDGE('',*,*,#2969,.T.);
#3856=ORIENTED_EDGE('',*,*,#3016,.F.);
#3857=ORIENTED_EDGE('',*,*,#2971,.T.);
#3858=ORIENTED_EDGE('',*,*,#2936,.T.);
#3859=ORIENTED_EDGE('',*,*,#2976,.T.);
#3860=ORIENTED_EDGE('',*,*,#3017,.F.);
#3861=ORIENTED_EDGE('',*,*,#2978,.T.);
#3862=ORIENTED_EDGE('',*,*,#2942,.T.);
#3863=ORIENTED_EDGE('',*,*,#3018,.T.);
#3864=ORIENTED_EDGE('',*,*,#3019,.T.);
#3865=ORIENTED_EDGE('',*,*,#3020,.F.);
#3866=ORIENTED_EDGE('',*,*,#3021,.T.);
#3867=ORIENTED_EDGE('',*,*,#3022,.F.);
#3868=ORIENTED_EDGE('',*,*,#3023,.T.);
#3869=ORIENTED_EDGE('',*,*,#3024,.F.);
#3870=ORIENTED_EDGE('',*,*,#3025,.T.);
#3871=ORIENTED_EDGE('',*,*,#3026,.F.);
#3872=ORIENTED_EDGE('',*,*,#3027,.T.);
#3873=ORIENTED_EDGE('',*,*,#3028,.F.);
#3874=ORIENTED_EDGE('',*,*,#3029,.T.);
#3875=ORIENTED_EDGE('',*,*,#3030,.F.);
#3876=ORIENTED_EDGE('',*,*,#3031,.T.);
#3877=ORIENTED_EDGE('',*,*,#3032,.F.);
#3878=ORIENTED_EDGE('',*,*,#3033,.T.);
#3879=ORIENTED_EDGE('',*,*,#3034,.F.);
#3880=ORIENTED_EDGE('',*,*,#3035,.T.);
#3881=ORIENTED_EDGE('',*,*,#3036,.F.);
#3882=ORIENTED_EDGE('',*,*,#3037,.T.);
#3883=ORIENTED_EDGE('',*,*,#3038,.F.);
#3884=ORIENTED_EDGE('',*,*,#3039,.T.);
#3885=ORIENTED_EDGE('',*,*,#3040,.F.);
#3886=ORIENTED_EDGE('',*,*,#3041,.T.);
#3887=ORIENTED_EDGE('',*,*,#3042,.F.);
#3888=ORIENTED_EDGE('',*,*,#3043,.T.);
#3889=ORIENTED_EDGE('',*,*,#3044,.F.);
#3890=ORIENTED_EDGE('',*,*,#3045,.T.);
#3891=ORIENTED_EDGE('',*,*,#3046,.F.);
#3892=ORIENTED_EDGE('',*,*,#3047,.T.);
#3893=ORIENTED_EDGE('',*,*,#3048,.F.);
#3894=ORIENTED_EDGE('',*,*,#3049,.T.);
#3895=ORIENTED_EDGE('',*,*,#3050,.F.);
#3896=ORIENTED_EDGE('',*,*,#3051,.T.);
#3897=ORIENTED_EDGE('',*,*,#3052,.F.);
#3898=ORIENTED_EDGE('',*,*,#3053,.T.);
#3899=ORIENTED_EDGE('',*,*,#3054,.F.);
#3900=ORIENTED_EDGE('',*,*,#3055,.T.);
#3901=ORIENTED_EDGE('',*,*,#3056,.T.);
#3902=ORIENTED_EDGE('',*,*,#2947,.T.);
#3903=ORIENTED_EDGE('',*,*,#3004,.T.);
#3904=ORIENTED_EDGE('',*,*,#3057,.F.);
#3905=ORIENTED_EDGE('',*,*,#3006,.T.);
#3906=ORIENTED_EDGE('',*,*,#2869,.T.);
#3907=ORIENTED_EDGE('',*,*,#2997,.T.);
#3908=ORIENTED_EDGE('',*,*,#3058,.F.);
#3909=ORIENTED_EDGE('',*,*,#2999,.T.);
#3910=ORIENTED_EDGE('',*,*,#2882,.T.);
#3911=ORIENTED_EDGE('',*,*,#2990,.T.);
#3912=ORIENTED_EDGE('',*,*,#3059,.F.);
#3913=ORIENTED_EDGE('',*,*,#2992,.T.);
#3914=ORIENTED_EDGE('',*,*,#2891,.T.);
#3915=ORIENTED_EDGE('',*,*,#2983,.T.);
#3916=ORIENTED_EDGE('',*,*,#3060,.F.);
#3917=ORIENTED_EDGE('',*,*,#2985,.T.);
#3918=ORIENTED_EDGE('',*,*,#2900,.T.);
#3919=ORIENTED_EDGE('',*,*,#3061,.F.);
#3920=ORIENTED_EDGE('',*,*,#3062,.T.);
#3921=ORIENTED_EDGE('',*,*,#3007,.F.);
#3922=ORIENTED_EDGE('',*,*,#3063,.T.);
#3923=ORIENTED_EDGE('',*,*,#3064,.F.);
#3924=ORIENTED_EDGE('',*,*,#3065,.T.);
#3925=ORIENTED_EDGE('',*,*,#3066,.F.);
#3926=ORIENTED_EDGE('',*,*,#3067,.T.);
#3927=ORIENTED_EDGE('',*,*,#3068,.F.);
#3928=ORIENTED_EDGE('',*,*,#3069,.T.);
#3929=ORIENTED_EDGE('',*,*,#3070,.T.);
#3930=ORIENTED_EDGE('',*,*,#3071,.T.);
#3931=ORIENTED_EDGE('',*,*,#3047,.F.);
#3932=ORIENTED_EDGE('',*,*,#3072,.F.);
#3933=ORIENTED_EDGE('',*,*,#3073,.T.);
#3934=ORIENTED_EDGE('',*,*,#3074,.T.);
#3935=ORIENTED_EDGE('',*,*,#3075,.F.);
#3936=ORIENTED_EDGE('',*,*,#3076,.F.);
#3937=ORIENTED_EDGE('',*,*,#2763,.T.);
#3938=ORIENTED_EDGE('',*,*,#3077,.T.);
#3939=ORIENTED_EDGE('',*,*,#3078,.F.);
#3940=ORIENTED_EDGE('',*,*,#3079,.T.);
#3941=ORIENTED_EDGE('',*,*,#3080,.T.);
#3942=ORIENTED_EDGE('',*,*,#3081,.T.);
#3943=ORIENTED_EDGE('',*,*,#3043,.F.);
#3944=ORIENTED_EDGE('',*,*,#3082,.F.);
#3945=ORIENTED_EDGE('',*,*,#3083,.T.);
#3946=ORIENTED_EDGE('',*,*,#3084,.T.);
#3947=ORIENTED_EDGE('',*,*,#3085,.F.);
#3948=ORIENTED_EDGE('',*,*,#3086,.F.);
#3949=ORIENTED_EDGE('',*,*,#2767,.T.);
#3950=ORIENTED_EDGE('',*,*,#3087,.T.);
#3951=ORIENTED_EDGE('',*,*,#3088,.F.);
#3952=ORIENTED_EDGE('',*,*,#3089,.T.);
#3953=ORIENTED_EDGE('',*,*,#3090,.T.);
#3954=ORIENTED_EDGE('',*,*,#3091,.T.);
#3955=ORIENTED_EDGE('',*,*,#3039,.F.);
#3956=ORIENTED_EDGE('',*,*,#3092,.F.);
#3957=ORIENTED_EDGE('',*,*,#3093,.T.);
#3958=ORIENTED_EDGE('',*,*,#3094,.T.);
#3959=ORIENTED_EDGE('',*,*,#3095,.F.);
#3960=ORIENTED_EDGE('',*,*,#3096,.F.);
#3961=ORIENTED_EDGE('',*,*,#2771,.T.);
#3962=ORIENTED_EDGE('',*,*,#3097,.T.);
#3963=ORIENTED_EDGE('',*,*,#3098,.F.);
#3964=ORIENTED_EDGE('',*,*,#3099,.T.);
#3965=ORIENTED_EDGE('',*,*,#3100,.T.);
#3966=ORIENTED_EDGE('',*,*,#3101,.T.);
#3967=ORIENTED_EDGE('',*,*,#3035,.F.);
#3968=ORIENTED_EDGE('',*,*,#3102,.F.);
#3969=ORIENTED_EDGE('',*,*,#3103,.T.);
#3970=ORIENTED_EDGE('',*,*,#3104,.T.);
#3971=ORIENTED_EDGE('',*,*,#3105,.F.);
#3972=ORIENTED_EDGE('',*,*,#3106,.F.);
#3973=ORIENTED_EDGE('',*,*,#2775,.T.);
#3974=ORIENTED_EDGE('',*,*,#3107,.T.);
#3975=ORIENTED_EDGE('',*,*,#3108,.F.);
#3976=ORIENTED_EDGE('',*,*,#3109,.T.);
#3977=ORIENTED_EDGE('',*,*,#3110,.T.);
#3978=ORIENTED_EDGE('',*,*,#3111,.T.);
#3979=ORIENTED_EDGE('',*,*,#3031,.F.);
#3980=ORIENTED_EDGE('',*,*,#3112,.F.);
#3981=ORIENTED_EDGE('',*,*,#3113,.T.);
#3982=ORIENTED_EDGE('',*,*,#3114,.T.);
#3983=ORIENTED_EDGE('',*,*,#3115,.F.);
#3984=ORIENTED_EDGE('',*,*,#3116,.F.);
#3985=ORIENTED_EDGE('',*,*,#2779,.T.);
#3986=ORIENTED_EDGE('',*,*,#3117,.T.);
#3987=ORIENTED_EDGE('',*,*,#3118,.F.);
#3988=ORIENTED_EDGE('',*,*,#3119,.T.);
#3989=ORIENTED_EDGE('',*,*,#3120,.T.);
#3990=ORIENTED_EDGE('',*,*,#3121,.T.);
#3991=ORIENTED_EDGE('',*,*,#3027,.F.);
#3992=ORIENTED_EDGE('',*,*,#3122,.F.);
#3993=ORIENTED_EDGE('',*,*,#3123,.T.);
#3994=ORIENTED_EDGE('',*,*,#3124,.T.);
#3995=ORIENTED_EDGE('',*,*,#3125,.F.);
#3996=ORIENTED_EDGE('',*,*,#3126,.F.);
#3997=ORIENTED_EDGE('',*,*,#2783,.T.);
#3998=ORIENTED_EDGE('',*,*,#3127,.T.);
#3999=ORIENTED_EDGE('',*,*,#3128,.F.);
#4000=ORIENTED_EDGE('',*,*,#3129,.T.);
#4001=ORIENTED_EDGE('',*,*,#3130,.T.);
#4002=ORIENTED_EDGE('',*,*,#3131,.T.);
#4003=ORIENTED_EDGE('',*,*,#3023,.F.);
#4004=ORIENTED_EDGE('',*,*,#3132,.F.);
#4005=ORIENTED_EDGE('',*,*,#3133,.T.);
#4006=ORIENTED_EDGE('',*,*,#3134,.T.);
#4007=ORIENTED_EDGE('',*,*,#3135,.F.);
#4008=ORIENTED_EDGE('',*,*,#3136,.F.);
#4009=ORIENTED_EDGE('',*,*,#2787,.T.);
#4010=ORIENTED_EDGE('',*,*,#3137,.T.);
#4011=ORIENTED_EDGE('',*,*,#3138,.F.);
#4012=ORIENTED_EDGE('',*,*,#3139,.T.);
#4013=ORIENTED_EDGE('',*,*,#3140,.T.);
#4014=ORIENTED_EDGE('',*,*,#3141,.T.);
#4015=ORIENTED_EDGE('',*,*,#3019,.F.);
#4016=ORIENTED_EDGE('',*,*,#3142,.T.);
#4017=ORIENTED_EDGE('',*,*,#2791,.T.);
#4018=ORIENTED_EDGE('',*,*,#3143,.T.);
#4019=ORIENTED_EDGE('',*,*,#3144,.T.);
#4020=ORIENTED_EDGE('',*,*,#3145,.T.);
#4021=ORIENTED_EDGE('',*,*,#3146,.F.);
#4022=ORIENTED_EDGE('',*,*,#3147,.F.);
#4023=ORIENTED_EDGE('',*,*,#2759,.T.);
#4024=ORIENTED_EDGE('',*,*,#3148,.T.);
#4025=ORIENTED_EDGE('',*,*,#3149,.F.);
#4026=ORIENTED_EDGE('',*,*,#3150,.T.);
#4027=ORIENTED_EDGE('',*,*,#3151,.T.);
#4028=ORIENTED_EDGE('',*,*,#3152,.T.);
#4029=ORIENTED_EDGE('',*,*,#3051,.F.);
#4030=ORIENTED_EDGE('',*,*,#3153,.F.);
#4031=ORIENTED_EDGE('',*,*,#3154,.T.);
#4032=ORIENTED_EDGE('',*,*,#3155,.T.);
#4033=ORIENTED_EDGE('',*,*,#3156,.F.);
#4034=ORIENTED_EDGE('',*,*,#3157,.F.);
#4035=ORIENTED_EDGE('',*,*,#2755,.T.);
#4036=ORIENTED_EDGE('',*,*,#3158,.F.);
#4037=ORIENTED_EDGE('',*,*,#3055,.F.);
#4038=ORIENTED_EDGE('',*,*,#3159,.F.);
#4039=ORIENTED_EDGE('',*,*,#2754,.T.);
#4040=ORIENTED_EDGE('',*,*,#2948,.F.);
#4041=ORIENTED_EDGE('',*,*,#3056,.F.);
#4042=ORIENTED_EDGE('',*,*,#3158,.T.);
#4043=ORIENTED_EDGE('',*,*,#2792,.T.);
#4044=ORIENTED_EDGE('',*,*,#3142,.F.);
#4045=ORIENTED_EDGE('',*,*,#3018,.F.);
#4046=ORIENTED_EDGE('',*,*,#2941,.T.);
#4047=ORIENTED_EDGE('',*,*,#3160,.T.);
#4048=ORIENTED_EDGE('',*,*,#3161,.T.);
#4049=ORIENTED_EDGE('',*,*,#3066,.T.);
#4050=ORIENTED_EDGE('',*,*,#3162,.T.);
#4051=ORIENTED_EDGE('',*,*,#3064,.T.);
#4052=ORIENTED_EDGE('',*,*,#3163,.T.);
#4053=ORIENTED_EDGE('',*,*,#3164,.T.);
#4054=ORIENTED_EDGE('',*,*,#3165,.T.);
#4055=ORIENTED_EDGE('',*,*,#3166,.T.);
#4056=ORIENTED_EDGE('',*,*,#3167,.T.);
#4057=ORIENTED_EDGE('',*,*,#3061,.T.);
#4058=ORIENTED_EDGE('',*,*,#3168,.T.);
#4059=ORIENTED_EDGE('',*,*,#3169,.T.);
#4060=ORIENTED_EDGE('',*,*,#3170,.T.);
#4061=ORIENTED_EDGE('',*,*,#3171,.T.);
#4062=ORIENTED_EDGE('',*,*,#3172,.T.);
#4063=ORIENTED_EDGE('',*,*,#2713,.F.);
#4064=ORIENTED_EDGE('',*,*,#3173,.F.);
#4065=ORIENTED_EDGE('',*,*,#3093,.F.);
#4066=ORIENTED_EDGE('',*,*,#3174,.F.);
#4067=ORIENTED_EDGE('',*,*,#3175,.F.);
#4068=ORIENTED_EDGE('',*,*,#3176,.F.);
#4069=ORIENTED_EDGE('',*,*,#3100,.F.);
#4070=ORIENTED_EDGE('',*,*,#3177,.F.);
#4071=ORIENTED_EDGE('',*,*,#3036,.T.);
#4072=ORIENTED_EDGE('',*,*,#3101,.F.);
#4073=ORIENTED_EDGE('',*,*,#3176,.T.);
#4074=ORIENTED_EDGE('',*,*,#3178,.T.);
#4075=ORIENTED_EDGE('',*,*,#3174,.T.);
#4076=ORIENTED_EDGE('',*,*,#3092,.T.);
#4077=ORIENTED_EDGE('',*,*,#3038,.T.);
#4078=ORIENTED_EDGE('',*,*,#2773,.F.);
#4079=ORIENTED_EDGE('',*,*,#3179,.T.);
#4080=ORIENTED_EDGE('',*,*,#3180,.F.);
#4081=ORIENTED_EDGE('',*,*,#3181,.F.);
#4082=ORIENTED_EDGE('',*,*,#2772,.F.);
#4083=ORIENTED_EDGE('',*,*,#3096,.T.);
#4084=ORIENTED_EDGE('',*,*,#3182,.F.);
#4085=ORIENTED_EDGE('',*,*,#3179,.F.);
#4086=ORIENTED_EDGE('',*,*,#2774,.F.);
#4087=ORIENTED_EDGE('',*,*,#3181,.T.);
#4088=ORIENTED_EDGE('',*,*,#3183,.F.);
#4089=ORIENTED_EDGE('',*,*,#3107,.F.);
#4090=ORIENTED_EDGE('',*,*,#3095,.T.);
#4091=ORIENTED_EDGE('',*,*,#3184,.T.);
#4092=ORIENTED_EDGE('',*,*,#3098,.T.);
#4093=ORIENTED_EDGE('',*,*,#3183,.T.);
#4094=ORIENTED_EDGE('',*,*,#3180,.T.);
#4095=ORIENTED_EDGE('',*,*,#3182,.T.);
#4096=ORIENTED_EDGE('',*,*,#3175,.T.);
#4097=ORIENTED_EDGE('',*,*,#3178,.F.);
#4098=ORIENTED_EDGE('',*,*,#3037,.F.);
#4099=ORIENTED_EDGE('',*,*,#3177,.T.);
#4100=ORIENTED_EDGE('',*,*,#3185,.F.);
#4101=ORIENTED_EDGE('',*,*,#3103,.F.);
#4102=ORIENTED_EDGE('',*,*,#3186,.F.);
#4103=ORIENTED_EDGE('',*,*,#3187,.F.);
#4104=ORIENTED_EDGE('',*,*,#3188,.F.);
#4105=ORIENTED_EDGE('',*,*,#3110,.F.);
#4106=ORIENTED_EDGE('',*,*,#3189,.F.);
#4107=ORIENTED_EDGE('',*,*,#3032,.T.);
#4108=ORIENTED_EDGE('',*,*,#3111,.F.);
#4109=ORIENTED_EDGE('',*,*,#3188,.T.);
#4110=ORIENTED_EDGE('',*,*,#3190,.T.);
#4111=ORIENTED_EDGE('',*,*,#3186,.T.);
#4112=ORIENTED_EDGE('',*,*,#3102,.T.);
#4113=ORIENTED_EDGE('',*,*,#3034,.T.);
#4114=ORIENTED_EDGE('',*,*,#2777,.F.);
#4115=ORIENTED_EDGE('',*,*,#3191,.T.);
#4116=ORIENTED_EDGE('',*,*,#3192,.F.);
#4117=ORIENTED_EDGE('',*,*,#3193,.F.);
#4118=ORIENTED_EDGE('',*,*,#2776,.F.);
#4119=ORIENTED_EDGE('',*,*,#3106,.T.);
#4120=ORIENTED_EDGE('',*,*,#3194,.F.);
#4121=ORIENTED_EDGE('',*,*,#3191,.F.);
#4122=ORIENTED_EDGE('',*,*,#2778,.F.);
#4123=ORIENTED_EDGE('',*,*,#3193,.T.);
#4124=ORIENTED_EDGE('',*,*,#3195,.F.);
#4125=ORIENTED_EDGE('',*,*,#3117,.F.);
#4126=ORIENTED_EDGE('',*,*,#3105,.T.);
#4127=ORIENTED_EDGE('',*,*,#3196,.T.);
#4128=ORIENTED_EDGE('',*,*,#3108,.T.);
#4129=ORIENTED_EDGE('',*,*,#3195,.T.);
#4130=ORIENTED_EDGE('',*,*,#3192,.T.);
#4131=ORIENTED_EDGE('',*,*,#3194,.T.);
#4132=ORIENTED_EDGE('',*,*,#3197,.F.);
#4133=ORIENTED_EDGE('',*,*,#3113,.F.);
#4134=ORIENTED_EDGE('',*,*,#3198,.F.);
#4135=ORIENTED_EDGE('',*,*,#3199,.F.);
#4136=ORIENTED_EDGE('',*,*,#3200,.F.);
#4137=ORIENTED_EDGE('',*,*,#3120,.F.);
#4138=ORIENTED_EDGE('',*,*,#3201,.F.);
#4139=ORIENTED_EDGE('',*,*,#3028,.T.);
#4140=ORIENTED_EDGE('',*,*,#3121,.F.);
#4141=ORIENTED_EDGE('',*,*,#3200,.T.);
#4142=ORIENTED_EDGE('',*,*,#3202,.T.);
#4143=ORIENTED_EDGE('',*,*,#3198,.T.);
#4144=ORIENTED_EDGE('',*,*,#3112,.T.);
#4145=ORIENTED_EDGE('',*,*,#3030,.T.);
#4146=ORIENTED_EDGE('',*,*,#2781,.F.);
#4147=ORIENTED_EDGE('',*,*,#3203,.T.);
#4148=ORIENTED_EDGE('',*,*,#3204,.F.);
#4149=ORIENTED_EDGE('',*,*,#3205,.F.);
#4150=ORIENTED_EDGE('',*,*,#2780,.F.);
#4151=ORIENTED_EDGE('',*,*,#3116,.T.);
#4152=ORIENTED_EDGE('',*,*,#3206,.F.);
#4153=ORIENTED_EDGE('',*,*,#3203,.F.);
#4154=ORIENTED_EDGE('',*,*,#2782,.F.);
#4155=ORIENTED_EDGE('',*,*,#3205,.T.);
#4156=ORIENTED_EDGE('',*,*,#3207,.F.);
#4157=ORIENTED_EDGE('',*,*,#3127,.F.);
#4158=ORIENTED_EDGE('',*,*,#3115,.T.);
#4159=ORIENTED_EDGE('',*,*,#3208,.T.);
#4160=ORIENTED_EDGE('',*,*,#3118,.T.);
#4161=ORIENTED_EDGE('',*,*,#3207,.T.);
#4162=ORIENTED_EDGE('',*,*,#3204,.T.);
#4163=ORIENTED_EDGE('',*,*,#3206,.T.);
#4164=ORIENTED_EDGE('',*,*,#3209,.F.);
#4165=ORIENTED_EDGE('',*,*,#3123,.F.);
#4166=ORIENTED_EDGE('',*,*,#3210,.F.);
#4167=ORIENTED_EDGE('',*,*,#3211,.F.);
#4168=ORIENTED_EDGE('',*,*,#3212,.F.);
#4169=ORIENTED_EDGE('',*,*,#3130,.F.);
#4170=ORIENTED_EDGE('',*,*,#3213,.F.);
#4171=ORIENTED_EDGE('',*,*,#3024,.T.);
#4172=ORIENTED_EDGE('',*,*,#3131,.F.);
#4173=ORIENTED_EDGE('',*,*,#3212,.T.);
#4174=ORIENTED_EDGE('',*,*,#3214,.T.);
#4175=ORIENTED_EDGE('',*,*,#3210,.T.);
#4176=ORIENTED_EDGE('',*,*,#3122,.T.);
#4177=ORIENTED_EDGE('',*,*,#3026,.T.);
#4178=ORIENTED_EDGE('',*,*,#2785,.F.);
#4179=ORIENTED_EDGE('',*,*,#3215,.T.);
#4180=ORIENTED_EDGE('',*,*,#3216,.F.);
#4181=ORIENTED_EDGE('',*,*,#3217,.F.);
#4182=ORIENTED_EDGE('',*,*,#2784,.F.);
#4183=ORIENTED_EDGE('',*,*,#3126,.T.);
#4184=ORIENTED_EDGE('',*,*,#3218,.F.);
#4185=ORIENTED_EDGE('',*,*,#3215,.F.);
#4186=ORIENTED_EDGE('',*,*,#2786,.F.);
#4187=ORIENTED_EDGE('',*,*,#3217,.T.);
#4188=ORIENTED_EDGE('',*,*,#3219,.F.);
#4189=ORIENTED_EDGE('',*,*,#3137,.F.);
#4190=ORIENTED_EDGE('',*,*,#3125,.T.);
#4191=ORIENTED_EDGE('',*,*,#3220,.T.);
#4192=ORIENTED_EDGE('',*,*,#3128,.T.);
#4193=ORIENTED_EDGE('',*,*,#3219,.T.);
#4194=ORIENTED_EDGE('',*,*,#3216,.T.);
#4195=ORIENTED_EDGE('',*,*,#3218,.T.);
#4196=ORIENTED_EDGE('',*,*,#3221,.F.);
#4197=ORIENTED_EDGE('',*,*,#3133,.F.);
#4198=ORIENTED_EDGE('',*,*,#3222,.F.);
#4199=ORIENTED_EDGE('',*,*,#3223,.F.);
#4200=ORIENTED_EDGE('',*,*,#3224,.F.);
#4201=ORIENTED_EDGE('',*,*,#3140,.F.);
#4202=ORIENTED_EDGE('',*,*,#3225,.F.);
#4203=ORIENTED_EDGE('',*,*,#3020,.T.);
#4204=ORIENTED_EDGE('',*,*,#3141,.F.);
#4205=ORIENTED_EDGE('',*,*,#3224,.T.);
#4206=ORIENTED_EDGE('',*,*,#3226,.T.);
#4207=ORIENTED_EDGE('',*,*,#3222,.T.);
#4208=ORIENTED_EDGE('',*,*,#3132,.T.);
#4209=ORIENTED_EDGE('',*,*,#3022,.T.);
#4210=ORIENTED_EDGE('',*,*,#2789,.F.);
#4211=ORIENTED_EDGE('',*,*,#3227,.T.);
#4212=ORIENTED_EDGE('',*,*,#3228,.F.);
#4213=ORIENTED_EDGE('',*,*,#3229,.F.);
#4214=ORIENTED_EDGE('',*,*,#2788,.F.);
#4215=ORIENTED_EDGE('',*,*,#3136,.T.);
#4216=ORIENTED_EDGE('',*,*,#3230,.F.);
#4217=ORIENTED_EDGE('',*,*,#3227,.F.);
#4218=ORIENTED_EDGE('',*,*,#2790,.F.);
#4219=ORIENTED_EDGE('',*,*,#3229,.T.);
#4220=ORIENTED_EDGE('',*,*,#3231,.F.);
#4221=ORIENTED_EDGE('',*,*,#3143,.F.);
#4222=ORIENTED_EDGE('',*,*,#3135,.T.);
#4223=ORIENTED_EDGE('',*,*,#3232,.T.);
#4224=ORIENTED_EDGE('',*,*,#3138,.T.);
#4225=ORIENTED_EDGE('',*,*,#3231,.T.);
#4226=ORIENTED_EDGE('',*,*,#3228,.T.);
#4227=ORIENTED_EDGE('',*,*,#3230,.T.);
#4228=ORIENTED_EDGE('',*,*,#3233,.F.);
#4229=ORIENTED_EDGE('',*,*,#3083,.F.);
#4230=ORIENTED_EDGE('',*,*,#3234,.F.);
#4231=ORIENTED_EDGE('',*,*,#3235,.F.);
#4232=ORIENTED_EDGE('',*,*,#3236,.F.);
#4233=ORIENTED_EDGE('',*,*,#3090,.F.);
#4234=ORIENTED_EDGE('',*,*,#3237,.F.);
#4235=ORIENTED_EDGE('',*,*,#3040,.T.);
#4236=ORIENTED_EDGE('',*,*,#3091,.F.);
#4237=ORIENTED_EDGE('',*,*,#3236,.T.);
#4238=ORIENTED_EDGE('',*,*,#3238,.T.);
#4239=ORIENTED_EDGE('',*,*,#3234,.T.);
#4240=ORIENTED_EDGE('',*,*,#3082,.T.);
#4241=ORIENTED_EDGE('',*,*,#3042,.T.);
#4242=ORIENTED_EDGE('',*,*,#2769,.F.);
#4243=ORIENTED_EDGE('',*,*,#3239,.T.);
#4244=ORIENTED_EDGE('',*,*,#3240,.F.);
#4245=ORIENTED_EDGE('',*,*,#3241,.F.);
#4246=ORIENTED_EDGE('',*,*,#2768,.F.);
#4247=ORIENTED_EDGE('',*,*,#3086,.T.);
#4248=ORIENTED_EDGE('',*,*,#3242,.F.);
#4249=ORIENTED_EDGE('',*,*,#3239,.F.);
#4250=ORIENTED_EDGE('',*,*,#2770,.F.);
#4251=ORIENTED_EDGE('',*,*,#3241,.T.);
#4252=ORIENTED_EDGE('',*,*,#3243,.F.);
#4253=ORIENTED_EDGE('',*,*,#3097,.F.);
#4254=ORIENTED_EDGE('',*,*,#3085,.T.);
#4255=ORIENTED_EDGE('',*,*,#3244,.T.);
#4256=ORIENTED_EDGE('',*,*,#3088,.T.);
#4257=ORIENTED_EDGE('',*,*,#3243,.T.);
#4258=ORIENTED_EDGE('',*,*,#3240,.T.);
#4259=ORIENTED_EDGE('',*,*,#3242,.T.);
#4260=ORIENTED_EDGE('',*,*,#3245,.F.);
#4261=ORIENTED_EDGE('',*,*,#3073,.F.);
#4262=ORIENTED_EDGE('',*,*,#3246,.F.);
#4263=ORIENTED_EDGE('',*,*,#3247,.F.);
#4264=ORIENTED_EDGE('',*,*,#3248,.F.);
#4265=ORIENTED_EDGE('',*,*,#3080,.F.);
#4266=ORIENTED_EDGE('',*,*,#3249,.F.);
#4267=ORIENTED_EDGE('',*,*,#3044,.T.);
#4268=ORIENTED_EDGE('',*,*,#3081,.F.);
#4269=ORIENTED_EDGE('',*,*,#3248,.T.);
#4270=ORIENTED_EDGE('',*,*,#3250,.T.);
#4271=ORIENTED_EDGE('',*,*,#3246,.T.);
#4272=ORIENTED_EDGE('',*,*,#3072,.T.);
#4273=ORIENTED_EDGE('',*,*,#3046,.T.);
#4274=ORIENTED_EDGE('',*,*,#2765,.F.);
#4275=ORIENTED_EDGE('',*,*,#3251,.T.);
#4276=ORIENTED_EDGE('',*,*,#3252,.F.);
#4277=ORIENTED_EDGE('',*,*,#3253,.F.);
#4278=ORIENTED_EDGE('',*,*,#2764,.F.);
#4279=ORIENTED_EDGE('',*,*,#3076,.T.);
#4280=ORIENTED_EDGE('',*,*,#3254,.F.);
#4281=ORIENTED_EDGE('',*,*,#3251,.F.);
#4282=ORIENTED_EDGE('',*,*,#2766,.F.);
#4283=ORIENTED_EDGE('',*,*,#3253,.T.);
#4284=ORIENTED_EDGE('',*,*,#3255,.F.);
#4285=ORIENTED_EDGE('',*,*,#3087,.F.);
#4286=ORIENTED_EDGE('',*,*,#3075,.T.);
#4287=ORIENTED_EDGE('',*,*,#3256,.T.);
#4288=ORIENTED_EDGE('',*,*,#3078,.T.);
#4289=ORIENTED_EDGE('',*,*,#3255,.T.);
#4290=ORIENTED_EDGE('',*,*,#3252,.T.);
#4291=ORIENTED_EDGE('',*,*,#3254,.T.);
#4292=ORIENTED_EDGE('',*,*,#3257,.F.);
#4293=ORIENTED_EDGE('',*,*,#3144,.F.);
#4294=ORIENTED_EDGE('',*,*,#3258,.F.);
#4295=ORIENTED_EDGE('',*,*,#3259,.F.);
#4296=ORIENTED_EDGE('',*,*,#3260,.F.);
#4297=ORIENTED_EDGE('',*,*,#3070,.F.);
#4298=ORIENTED_EDGE('',*,*,#3261,.F.);
#4299=ORIENTED_EDGE('',*,*,#3048,.T.);
#4300=ORIENTED_EDGE('',*,*,#3071,.F.);
#4301=ORIENTED_EDGE('',*,*,#3260,.T.);
#4302=ORIENTED_EDGE('',*,*,#3262,.T.);
#4303=ORIENTED_EDGE('',*,*,#3258,.T.);
#4304=ORIENTED_EDGE('',*,*,#3153,.T.);
#4305=ORIENTED_EDGE('',*,*,#3050,.T.);
#4306=ORIENTED_EDGE('',*,*,#2761,.F.);
#4307=ORIENTED_EDGE('',*,*,#3263,.T.);
#4308=ORIENTED_EDGE('',*,*,#3264,.F.);
#4309=ORIENTED_EDGE('',*,*,#3265,.F.);
#4310=ORIENTED_EDGE('',*,*,#2760,.F.);
#4311=ORIENTED_EDGE('',*,*,#3147,.T.);
#4312=ORIENTED_EDGE('',*,*,#3266,.F.);
#4313=ORIENTED_EDGE('',*,*,#3263,.F.);
#4314=ORIENTED_EDGE('',*,*,#2762,.F.);
#4315=ORIENTED_EDGE('',*,*,#3265,.T.);
#4316=ORIENTED_EDGE('',*,*,#3267,.F.);
#4317=ORIENTED_EDGE('',*,*,#3077,.F.);
#4318=ORIENTED_EDGE('',*,*,#3146,.T.);
#4319=ORIENTED_EDGE('',*,*,#3268,.T.);
#4320=ORIENTED_EDGE('',*,*,#3068,.T.);
#4321=ORIENTED_EDGE('',*,*,#3267,.T.);
#4322=ORIENTED_EDGE('',*,*,#3264,.T.);
#4323=ORIENTED_EDGE('',*,*,#3266,.T.);
#4324=ORIENTED_EDGE('',*,*,#3269,.F.);
#4325=ORIENTED_EDGE('',*,*,#3154,.F.);
#4326=ORIENTED_EDGE('',*,*,#3270,.F.);
#4327=ORIENTED_EDGE('',*,*,#3271,.F.);
#4328=ORIENTED_EDGE('',*,*,#3272,.F.);
#4329=ORIENTED_EDGE('',*,*,#3151,.F.);
#4330=ORIENTED_EDGE('',*,*,#3273,.F.);
#4331=ORIENTED_EDGE('',*,*,#3052,.T.);
#4332=ORIENTED_EDGE('',*,*,#3152,.F.);
#4333=ORIENTED_EDGE('',*,*,#3272,.T.);
#4334=ORIENTED_EDGE('',*,*,#3274,.T.);
#4335=ORIENTED_EDGE('',*,*,#3270,.T.);
#4336=ORIENTED_EDGE('',*,*,#3159,.T.);
#4337=ORIENTED_EDGE('',*,*,#3054,.T.);
#4338=ORIENTED_EDGE('',*,*,#2757,.F.);
#4339=ORIENTED_EDGE('',*,*,#3275,.T.);
#4340=ORIENTED_EDGE('',*,*,#3276,.F.);
#4341=ORIENTED_EDGE('',*,*,#3277,.F.);
#4342=ORIENTED_EDGE('',*,*,#2756,.F.);
#4343=ORIENTED_EDGE('',*,*,#3157,.T.);
#4344=ORIENTED_EDGE('',*,*,#3278,.F.);
#4345=ORIENTED_EDGE('',*,*,#3275,.F.);
#4346=ORIENTED_EDGE('',*,*,#2758,.F.);
#4347=ORIENTED_EDGE('',*,*,#3277,.T.);
#4348=ORIENTED_EDGE('',*,*,#3279,.F.);
#4349=ORIENTED_EDGE('',*,*,#3148,.F.);
#4350=ORIENTED_EDGE('',*,*,#3156,.T.);
#4351=ORIENTED_EDGE('',*,*,#3280,.T.);
#4352=ORIENTED_EDGE('',*,*,#3149,.T.);
#4353=ORIENTED_EDGE('',*,*,#3279,.T.);
#4354=ORIENTED_EDGE('',*,*,#3276,.T.);
#4355=ORIENTED_EDGE('',*,*,#3278,.T.);
#4356=ORIENTED_EDGE('',*,*,#3271,.T.);
#4357=ORIENTED_EDGE('',*,*,#3274,.F.);
#4358=ORIENTED_EDGE('',*,*,#3053,.F.);
#4359=ORIENTED_EDGE('',*,*,#3273,.T.);
#4360=ORIENTED_EDGE('',*,*,#3259,.T.);
#4361=ORIENTED_EDGE('',*,*,#3262,.F.);
#4362=ORIENTED_EDGE('',*,*,#3049,.F.);
#4363=ORIENTED_EDGE('',*,*,#3261,.T.);
#4364=ORIENTED_EDGE('',*,*,#3247,.T.);
#4365=ORIENTED_EDGE('',*,*,#3250,.F.);
#4366=ORIENTED_EDGE('',*,*,#3045,.F.);
#4367=ORIENTED_EDGE('',*,*,#3249,.T.);
#4368=ORIENTED_EDGE('',*,*,#3235,.T.);
#4369=ORIENTED_EDGE('',*,*,#3238,.F.);
#4370=ORIENTED_EDGE('',*,*,#3041,.F.);
#4371=ORIENTED_EDGE('',*,*,#3237,.T.);
#4372=ORIENTED_EDGE('',*,*,#3223,.T.);
#4373=ORIENTED_EDGE('',*,*,#3226,.F.);
#4374=ORIENTED_EDGE('',*,*,#3021,.F.);
#4375=ORIENTED_EDGE('',*,*,#3225,.T.);
#4376=ORIENTED_EDGE('',*,*,#3211,.T.);
#4377=ORIENTED_EDGE('',*,*,#3214,.F.);
#4378=ORIENTED_EDGE('',*,*,#3025,.F.);
#4379=ORIENTED_EDGE('',*,*,#3213,.T.);
#4380=ORIENTED_EDGE('',*,*,#3199,.T.);
#4381=ORIENTED_EDGE('',*,*,#3202,.F.);
#4382=ORIENTED_EDGE('',*,*,#3029,.F.);
#4383=ORIENTED_EDGE('',*,*,#3201,.T.);
#4384=ORIENTED_EDGE('',*,*,#3187,.T.);
#4385=ORIENTED_EDGE('',*,*,#3190,.F.);
#4386=ORIENTED_EDGE('',*,*,#3033,.F.);
#4387=ORIENTED_EDGE('',*,*,#3189,.T.);
#4388=ORIENTED_EDGE('',*,*,#3280,.F.);
#4389=ORIENTED_EDGE('',*,*,#3155,.F.);
#4390=ORIENTED_EDGE('',*,*,#3269,.T.);
#4391=ORIENTED_EDGE('',*,*,#3150,.F.);
#4392=ORIENTED_EDGE('',*,*,#3268,.F.);
#4393=ORIENTED_EDGE('',*,*,#3145,.F.);
#4394=ORIENTED_EDGE('',*,*,#3257,.T.);
#4395=ORIENTED_EDGE('',*,*,#3069,.F.);
#4396=ORIENTED_EDGE('',*,*,#3256,.F.);
#4397=ORIENTED_EDGE('',*,*,#3074,.F.);
#4398=ORIENTED_EDGE('',*,*,#3245,.T.);
#4399=ORIENTED_EDGE('',*,*,#3079,.F.);
#4400=ORIENTED_EDGE('',*,*,#3244,.F.);
#4401=ORIENTED_EDGE('',*,*,#3084,.F.);
#4402=ORIENTED_EDGE('',*,*,#3233,.T.);
#4403=ORIENTED_EDGE('',*,*,#3089,.F.);
#4404=ORIENTED_EDGE('',*,*,#3232,.F.);
#4405=ORIENTED_EDGE('',*,*,#3134,.F.);
#4406=ORIENTED_EDGE('',*,*,#3221,.T.);
#4407=ORIENTED_EDGE('',*,*,#3139,.F.);
#4408=ORIENTED_EDGE('',*,*,#3220,.F.);
#4409=ORIENTED_EDGE('',*,*,#3124,.F.);
#4410=ORIENTED_EDGE('',*,*,#3209,.T.);
#4411=ORIENTED_EDGE('',*,*,#3129,.F.);
#4412=ORIENTED_EDGE('',*,*,#3208,.F.);
#4413=ORIENTED_EDGE('',*,*,#3114,.F.);
#4414=ORIENTED_EDGE('',*,*,#3197,.T.);
#4415=ORIENTED_EDGE('',*,*,#3119,.F.);
#4416=ORIENTED_EDGE('',*,*,#3196,.F.);
#4417=ORIENTED_EDGE('',*,*,#3104,.F.);
#4418=ORIENTED_EDGE('',*,*,#3185,.T.);
#4419=ORIENTED_EDGE('',*,*,#3109,.F.);
#4420=ORIENTED_EDGE('',*,*,#3184,.F.);
#4421=ORIENTED_EDGE('',*,*,#3094,.F.);
#4422=ORIENTED_EDGE('',*,*,#3173,.T.);
#4423=ORIENTED_EDGE('',*,*,#3099,.F.);
#4424=ORIENTED_EDGE('',*,*,#3281,.F.);
#4425=ORIENTED_EDGE('',*,*,#3282,.T.);
#4426=ORIENTED_EDGE('',*,*,#2898,.T.);
#4427=ORIENTED_EDGE('',*,*,#2716,.T.);
#4428=ORIENTED_EDGE('',*,*,#2911,.T.);
#4429=ORIENTED_EDGE('',*,*,#3283,.T.);
#4430=ORIENTED_EDGE('',*,*,#3282,.F.);
#4431=ORIENTED_EDGE('',*,*,#3284,.F.);
#4432=ORIENTED_EDGE('',*,*,#3011,.F.);
#4433=ORIENTED_EDGE('',*,*,#2899,.F.);
#4434=ORIENTED_EDGE('',*,*,#3013,.F.);
#4435=ORIENTED_EDGE('',*,*,#3285,.T.);
#4436=ORIENTED_EDGE('',*,*,#3283,.F.);
#4437=ORIENTED_EDGE('',*,*,#2910,.T.);
#4438=ORIENTED_EDGE('',*,*,#3286,.F.);
#4439=ORIENTED_EDGE('',*,*,#2811,.T.);
#4440=ORIENTED_EDGE('',*,*,#3287,.T.);
#4441=ORIENTED_EDGE('',*,*,#3288,.T.);
#4442=ORIENTED_EDGE('',*,*,#3287,.F.);
#4443=ORIENTED_EDGE('',*,*,#2810,.T.);
#4444=ORIENTED_EDGE('',*,*,#2904,.T.);
#4445=ORIENTED_EDGE('',*,*,#3289,.T.);
#4446=ORIENTED_EDGE('',*,*,#2896,.F.);
#4447=ORIENTED_EDGE('',*,*,#2812,.T.);
#4448=ORIENTED_EDGE('',*,*,#3286,.T.);
#4449=ORIENTED_EDGE('',*,*,#3290,.T.);
#4450=ORIENTED_EDGE('',*,*,#2714,.F.);
#4451=ORIENTED_EDGE('',*,*,#2897,.F.);
#4452=ORIENTED_EDGE('',*,*,#3290,.F.);
#4453=ORIENTED_EDGE('',*,*,#3288,.F.);
#4454=ORIENTED_EDGE('',*,*,#3289,.F.);
#4455=ORIENTED_EDGE('',*,*,#2903,.F.);
#4456=ORIENTED_EDGE('',*,*,#3291,.F.);
#4457=ORIENTED_EDGE('',*,*,#2807,.T.);
#4458=ORIENTED_EDGE('',*,*,#3292,.T.);
#4459=ORIENTED_EDGE('',*,*,#3293,.T.);
#4460=ORIENTED_EDGE('',*,*,#3292,.F.);
#4461=ORIENTED_EDGE('',*,*,#2806,.T.);
#4462=ORIENTED_EDGE('',*,*,#2913,.T.);
#4463=ORIENTED_EDGE('',*,*,#3294,.T.);
#4464=ORIENTED_EDGE('',*,*,#2905,.F.);
#4465=ORIENTED_EDGE('',*,*,#2808,.T.);
#4466=ORIENTED_EDGE('',*,*,#3291,.T.);
#4467=ORIENTED_EDGE('',*,*,#3295,.T.);
#4468=ORIENTED_EDGE('',*,*,#2718,.F.);
#4469=ORIENTED_EDGE('',*,*,#2906,.F.);
#4470=ORIENTED_EDGE('',*,*,#3295,.F.);
#4471=ORIENTED_EDGE('',*,*,#3293,.F.);
#4472=ORIENTED_EDGE('',*,*,#3294,.F.);
#4473=ORIENTED_EDGE('',*,*,#2912,.F.);
#4474=ORIENTED_EDGE('',*,*,#3296,.F.);
#4475=ORIENTED_EDGE('',*,*,#2803,.T.);
#4476=ORIENTED_EDGE('',*,*,#3297,.T.);
#4477=ORIENTED_EDGE('',*,*,#3298,.T.);
#4478=ORIENTED_EDGE('',*,*,#3297,.F.);
#4479=ORIENTED_EDGE('',*,*,#2802,.T.);
#4480=ORIENTED_EDGE('',*,*,#2922,.T.);
#4481=ORIENTED_EDGE('',*,*,#3299,.T.);
#4482=ORIENTED_EDGE('',*,*,#2914,.F.);
#4483=ORIENTED_EDGE('',*,*,#2804,.T.);
#4484=ORIENTED_EDGE('',*,*,#3296,.T.);
#4485=ORIENTED_EDGE('',*,*,#3300,.T.);
#4486=ORIENTED_EDGE('',*,*,#2722,.F.);
#4487=ORIENTED_EDGE('',*,*,#2915,.F.);
#4488=ORIENTED_EDGE('',*,*,#3300,.F.);
#4489=ORIENTED_EDGE('',*,*,#3298,.F.);
#4490=ORIENTED_EDGE('',*,*,#3299,.F.);
#4491=ORIENTED_EDGE('',*,*,#2921,.F.);
#4492=ORIENTED_EDGE('',*,*,#3301,.F.);
#4493=ORIENTED_EDGE('',*,*,#2799,.T.);
#4494=ORIENTED_EDGE('',*,*,#3302,.T.);
#4495=ORIENTED_EDGE('',*,*,#3303,.T.);
#4496=ORIENTED_EDGE('',*,*,#3302,.F.);
#4497=ORIENTED_EDGE('',*,*,#2798,.T.);
#4498=ORIENTED_EDGE('',*,*,#2931,.T.);
#4499=ORIENTED_EDGE('',*,*,#3304,.T.);
#4500=ORIENTED_EDGE('',*,*,#2923,.F.);
#4501=ORIENTED_EDGE('',*,*,#2800,.T.);
#4502=ORIENTED_EDGE('',*,*,#3301,.T.);
#4503=ORIENTED_EDGE('',*,*,#3305,.T.);
#4504=ORIENTED_EDGE('',*,*,#2726,.F.);
#4505=ORIENTED_EDGE('',*,*,#2924,.F.);
#4506=ORIENTED_EDGE('',*,*,#3305,.F.);
#4507=ORIENTED_EDGE('',*,*,#3303,.F.);
#4508=ORIENTED_EDGE('',*,*,#3304,.F.);
#4509=ORIENTED_EDGE('',*,*,#2930,.F.);
#4510=ORIENTED_EDGE('',*,*,#3306,.F.);
#4511=ORIENTED_EDGE('',*,*,#2795,.T.);
#4512=ORIENTED_EDGE('',*,*,#3307,.T.);
#4513=ORIENTED_EDGE('',*,*,#3308,.T.);
#4514=ORIENTED_EDGE('',*,*,#3307,.F.);
#4515=ORIENTED_EDGE('',*,*,#2794,.T.);
#4516=ORIENTED_EDGE('',*,*,#2940,.T.);
#4517=ORIENTED_EDGE('',*,*,#3309,.T.);
#4518=ORIENTED_EDGE('',*,*,#2932,.F.);
#4519=ORIENTED_EDGE('',*,*,#2796,.T.);
#4520=ORIENTED_EDGE('',*,*,#3306,.T.);
#4521=ORIENTED_EDGE('',*,*,#3310,.T.);
#4522=ORIENTED_EDGE('',*,*,#2730,.F.);
#4523=ORIENTED_EDGE('',*,*,#2933,.F.);
#4524=ORIENTED_EDGE('',*,*,#3310,.F.);
#4525=ORIENTED_EDGE('',*,*,#3308,.F.);
#4526=ORIENTED_EDGE('',*,*,#3309,.F.);
#4527=ORIENTED_EDGE('',*,*,#2939,.F.);
#4528=ORIENTED_EDGE('',*,*,#3311,.F.);
#4529=ORIENTED_EDGE('',*,*,#2815,.T.);
#4530=ORIENTED_EDGE('',*,*,#3312,.T.);
#4531=ORIENTED_EDGE('',*,*,#3313,.T.);
#4532=ORIENTED_EDGE('',*,*,#3312,.F.);
#4533=ORIENTED_EDGE('',*,*,#2814,.T.);
#4534=ORIENTED_EDGE('',*,*,#2895,.T.);
#4535=ORIENTED_EDGE('',*,*,#3314,.T.);
#4536=ORIENTED_EDGE('',*,*,#2887,.F.);
#4537=ORIENTED_EDGE('',*,*,#2816,.T.);
#4538=ORIENTED_EDGE('',*,*,#3311,.T.);
#4539=ORIENTED_EDGE('',*,*,#3315,.T.);
#4540=ORIENTED_EDGE('',*,*,#2734,.F.);
#4541=ORIENTED_EDGE('',*,*,#2888,.F.);
#4542=ORIENTED_EDGE('',*,*,#3315,.F.);
#4543=ORIENTED_EDGE('',*,*,#3313,.F.);
#4544=ORIENTED_EDGE('',*,*,#3314,.F.);
#4545=ORIENTED_EDGE('',*,*,#2894,.F.);
#4546=ORIENTED_EDGE('',*,*,#3316,.F.);
#4547=ORIENTED_EDGE('',*,*,#2819,.T.);
#4548=ORIENTED_EDGE('',*,*,#3317,.T.);
#4549=ORIENTED_EDGE('',*,*,#3318,.T.);
#4550=ORIENTED_EDGE('',*,*,#3317,.F.);
#4551=ORIENTED_EDGE('',*,*,#2818,.T.);
#4552=ORIENTED_EDGE('',*,*,#2886,.T.);
#4553=ORIENTED_EDGE('',*,*,#3319,.T.);
#4554=ORIENTED_EDGE('',*,*,#2878,.F.);
#4555=ORIENTED_EDGE('',*,*,#2820,.T.);
#4556=ORIENTED_EDGE('',*,*,#3316,.T.);
#4557=ORIENTED_EDGE('',*,*,#3320,.T.);
#4558=ORIENTED_EDGE('',*,*,#2738,.F.);
#4559=ORIENTED_EDGE('',*,*,#2879,.F.);
#4560=ORIENTED_EDGE('',*,*,#3320,.F.);
#4561=ORIENTED_EDGE('',*,*,#3318,.F.);
#4562=ORIENTED_EDGE('',*,*,#3319,.F.);
#4563=ORIENTED_EDGE('',*,*,#2885,.F.);
#4564=ORIENTED_EDGE('',*,*,#3321,.F.);
#4565=ORIENTED_EDGE('',*,*,#2823,.T.);
#4566=ORIENTED_EDGE('',*,*,#3322,.T.);
#4567=ORIENTED_EDGE('',*,*,#3323,.T.);
#4568=ORIENTED_EDGE('',*,*,#3322,.F.);
#4569=ORIENTED_EDGE('',*,*,#2822,.T.);
#4570=ORIENTED_EDGE('',*,*,#2877,.T.);
#4571=ORIENTED_EDGE('',*,*,#3324,.T.);
#4572=ORIENTED_EDGE('',*,*,#2874,.F.);
#4573=ORIENTED_EDGE('',*,*,#2824,.T.);
#4574=ORIENTED_EDGE('',*,*,#3321,.T.);
#4575=ORIENTED_EDGE('',*,*,#3325,.T.);
#4576=ORIENTED_EDGE('',*,*,#2742,.F.);
#4577=ORIENTED_EDGE('',*,*,#2875,.F.);
#4578=ORIENTED_EDGE('',*,*,#3325,.F.);
#4579=ORIENTED_EDGE('',*,*,#3323,.F.);
#4580=ORIENTED_EDGE('',*,*,#3324,.F.);
#4581=ORIENTED_EDGE('',*,*,#2876,.F.);
#4582=ORIENTED_EDGE('',*,*,#3326,.F.);
#4583=ORIENTED_EDGE('',*,*,#2751,.T.);
#4584=ORIENTED_EDGE('',*,*,#3327,.T.);
#4585=ORIENTED_EDGE('',*,*,#3328,.T.);
#4586=ORIENTED_EDGE('',*,*,#3327,.F.);
#4587=ORIENTED_EDGE('',*,*,#2750,.T.);
#4588=ORIENTED_EDGE('',*,*,#2873,.T.);
#4589=ORIENTED_EDGE('',*,*,#3329,.T.);
#4590=ORIENTED_EDGE('',*,*,#2949,.F.);
#4591=ORIENTED_EDGE('',*,*,#2752,.T.);
#4592=ORIENTED_EDGE('',*,*,#3326,.T.);
#4593=ORIENTED_EDGE('',*,*,#3330,.T.);
#4594=ORIENTED_EDGE('',*,*,#2746,.F.);
#4595=ORIENTED_EDGE('',*,*,#2950,.F.);
#4596=ORIENTED_EDGE('',*,*,#3330,.F.);
#4597=ORIENTED_EDGE('',*,*,#3328,.F.);
#4598=ORIENTED_EDGE('',*,*,#3329,.F.);
#4599=ORIENTED_EDGE('',*,*,#2872,.F.);
#4600=ORIENTED_EDGE('',*,*,#3001,.F.);
#4601=ORIENTED_EDGE('',*,*,#3005,.F.);
#4602=ORIENTED_EDGE('',*,*,#3057,.T.);
#4603=ORIENTED_EDGE('',*,*,#3003,.T.);
#4604=ORIENTED_EDGE('',*,*,#2994,.F.);
#4605=ORIENTED_EDGE('',*,*,#2998,.F.);
#4606=ORIENTED_EDGE('',*,*,#3058,.T.);
#4607=ORIENTED_EDGE('',*,*,#2996,.T.);
#4608=ORIENTED_EDGE('',*,*,#2987,.F.);
#4609=ORIENTED_EDGE('',*,*,#2991,.F.);
#4610=ORIENTED_EDGE('',*,*,#3059,.T.);
#4611=ORIENTED_EDGE('',*,*,#2989,.T.);
#4612=ORIENTED_EDGE('',*,*,#2980,.F.);
#4613=ORIENTED_EDGE('',*,*,#2984,.F.);
#4614=ORIENTED_EDGE('',*,*,#3060,.T.);
#4615=ORIENTED_EDGE('',*,*,#2982,.T.);
#4616=ORIENTED_EDGE('',*,*,#2973,.F.);
#4617=ORIENTED_EDGE('',*,*,#2977,.F.);
#4618=ORIENTED_EDGE('',*,*,#3017,.T.);
#4619=ORIENTED_EDGE('',*,*,#2975,.T.);
#4620=ORIENTED_EDGE('',*,*,#2966,.F.);
#4621=ORIENTED_EDGE('',*,*,#2970,.F.);
#4622=ORIENTED_EDGE('',*,*,#3016,.T.);
#4623=ORIENTED_EDGE('',*,*,#2968,.T.);
#4624=ORIENTED_EDGE('',*,*,#2959,.F.);
#4625=ORIENTED_EDGE('',*,*,#2963,.F.);
#4626=ORIENTED_EDGE('',*,*,#3015,.T.);
#4627=ORIENTED_EDGE('',*,*,#2961,.T.);
#4628=ORIENTED_EDGE('',*,*,#2952,.F.);
#4629=ORIENTED_EDGE('',*,*,#2956,.F.);
#4630=ORIENTED_EDGE('',*,*,#3014,.T.);
#4631=ORIENTED_EDGE('',*,*,#2954,.T.);
#4632=ORIENTED_EDGE('',*,*,#3281,.T.);
#4633=ORIENTED_EDGE('',*,*,#3285,.F.);
#4634=ORIENTED_EDGE('',*,*,#3012,.F.);
#4635=ORIENTED_EDGE('',*,*,#3284,.T.);
#4636=ORIENTED_EDGE('',*,*,#3063,.F.);
#4637=ORIENTED_EDGE('',*,*,#3010,.F.);
#4638=ORIENTED_EDGE('',*,*,#3331,.F.);
#4639=ORIENTED_EDGE('',*,*,#3163,.F.);
#4640=ORIENTED_EDGE('',*,*,#3332,.F.);
#4641=ORIENTED_EDGE('',*,*,#3164,.F.);
#4642=ORIENTED_EDGE('',*,*,#3333,.F.);
#4643=ORIENTED_EDGE('',*,*,#3172,.F.);
#4644=ORIENTED_EDGE('',*,*,#3065,.F.);
#4645=ORIENTED_EDGE('',*,*,#3165,.F.);
#4646=ORIENTED_EDGE('',*,*,#3334,.F.);
#4647=ORIENTED_EDGE('',*,*,#3162,.F.);
#4648=ORIENTED_EDGE('',*,*,#3333,.T.);
#4649=ORIENTED_EDGE('',*,*,#3331,.T.);
#4650=ORIENTED_EDGE('',*,*,#3335,.F.);
#4651=ORIENTED_EDGE('',*,*,#3334,.T.);
#4652=ORIENTED_EDGE('',*,*,#3332,.T.);
#4653=ORIENTED_EDGE('',*,*,#3336,.F.);
#4654=ORIENTED_EDGE('',*,*,#3062,.F.);
#4655=ORIENTED_EDGE('',*,*,#3167,.F.);
#4656=ORIENTED_EDGE('',*,*,#3337,.F.);
#4657=ORIENTED_EDGE('',*,*,#3008,.F.);
#4658=ORIENTED_EDGE('',*,*,#3335,.T.);
#4659=ORIENTED_EDGE('',*,*,#3009,.F.);
#4660=ORIENTED_EDGE('',*,*,#3338,.F.);
#4661=ORIENTED_EDGE('',*,*,#3169,.F.);
#4662=ORIENTED_EDGE('',*,*,#3336,.T.);
#4663=ORIENTED_EDGE('',*,*,#3171,.F.);
#4664=ORIENTED_EDGE('',*,*,#3339,.F.);
#4665=ORIENTED_EDGE('',*,*,#3160,.F.);
#4666=ORIENTED_EDGE('',*,*,#3067,.F.);
#4667=ORIENTED_EDGE('',*,*,#3161,.F.);
#4668=ORIENTED_EDGE('',*,*,#3340,.F.);
#4669=ORIENTED_EDGE('',*,*,#3168,.F.);
#4670=ORIENTED_EDGE('',*,*,#3338,.T.);
#4671=ORIENTED_EDGE('',*,*,#3337,.T.);
#4672=ORIENTED_EDGE('',*,*,#3341,.F.);
#4673=ORIENTED_EDGE('',*,*,#3340,.T.);
#4674=ORIENTED_EDGE('',*,*,#3339,.T.);
#4675=ORIENTED_EDGE('',*,*,#3342,.F.);
#4676=ORIENTED_EDGE('',*,*,#3341,.T.);
#4677=ORIENTED_EDGE('',*,*,#3166,.F.);
#4678=ORIENTED_EDGE('',*,*,#3342,.T.);
#4679=ORIENTED_EDGE('',*,*,#3170,.F.);
#4680=ORIENTED_EDGE('',*,*,#2711,.T.);
#4681=ORIENTED_EDGE('',*,*,#2826,.F.);
#4682=ORIENTED_EDGE('',*,*,#3343,.F.);
#4683=ORIENTED_EDGE('',*,*,#3344,.T.);
#4684=ORIENTED_EDGE('',*,*,#3345,.T.);
#4685=ORIENTED_EDGE('',*,*,#2827,.F.);
#4686=ORIENTED_EDGE('',*,*,#3345,.F.);
#4687=ORIENTED_EDGE('',*,*,#3346,.T.);
#4688=ORIENTED_EDGE('',*,*,#3347,.T.);
#4689=ORIENTED_EDGE('',*,*,#2828,.F.);
#4690=ORIENTED_EDGE('',*,*,#3347,.F.);
#4691=ORIENTED_EDGE('',*,*,#3348,.T.);
#4692=ORIENTED_EDGE('',*,*,#3349,.T.);
#4693=ORIENTED_EDGE('',*,*,#2829,.F.);
#4694=ORIENTED_EDGE('',*,*,#3349,.F.);
#4695=ORIENTED_EDGE('',*,*,#3350,.T.);
#4696=ORIENTED_EDGE('',*,*,#3351,.T.);
#4697=ORIENTED_EDGE('',*,*,#2830,.F.);
#4698=ORIENTED_EDGE('',*,*,#3351,.F.);
#4699=ORIENTED_EDGE('',*,*,#3352,.T.);
#4700=ORIENTED_EDGE('',*,*,#3353,.T.);
#4701=ORIENTED_EDGE('',*,*,#2831,.F.);
#4702=ORIENTED_EDGE('',*,*,#3353,.F.);
#4703=ORIENTED_EDGE('',*,*,#3354,.T.);
#4704=ORIENTED_EDGE('',*,*,#3355,.T.);
#4705=ORIENTED_EDGE('',*,*,#2832,.F.);
#4706=ORIENTED_EDGE('',*,*,#3355,.F.);
#4707=ORIENTED_EDGE('',*,*,#3356,.T.);
#4708=ORIENTED_EDGE('',*,*,#3357,.T.);
#4709=ORIENTED_EDGE('',*,*,#2833,.F.);
#4710=ORIENTED_EDGE('',*,*,#3357,.F.);
#4711=ORIENTED_EDGE('',*,*,#3358,.T.);
#4712=ORIENTED_EDGE('',*,*,#3343,.T.);
#4713=ORIENTED_EDGE('',*,*,#3344,.F.);
#4714=ORIENTED_EDGE('',*,*,#3358,.F.);
#4715=ORIENTED_EDGE('',*,*,#3356,.F.);
#4716=ORIENTED_EDGE('',*,*,#3354,.F.);
#4717=ORIENTED_EDGE('',*,*,#3352,.F.);
#4718=ORIENTED_EDGE('',*,*,#3350,.F.);
#4719=ORIENTED_EDGE('',*,*,#3348,.F.);
#4720=ORIENTED_EDGE('',*,*,#3346,.F.);
#4721=ORIENTED_EDGE('',*,*,#3359,.F.);
#4722=ORIENTED_EDGE('',*,*,#3360,.F.);
#4723=ORIENTED_EDGE('',*,*,#3361,.F.);
#4724=ORIENTED_EDGE('',*,*,#3362,.F.);
#4725=ORIENTED_EDGE('',*,*,#3363,.F.);
#4726=ORIENTED_EDGE('',*,*,#3364,.F.);
#4727=ORIENTED_EDGE('',*,*,#3365,.F.);
#4728=ORIENTED_EDGE('',*,*,#3366,.F.);
#4729=ORIENTED_EDGE('',*,*,#3359,.T.);
#4730=ORIENTED_EDGE('',*,*,#3367,.T.);
#4731=ORIENTED_EDGE('',*,*,#3368,.F.);
#4732=ORIENTED_EDGE('',*,*,#3369,.F.);
#4733=ORIENTED_EDGE('',*,*,#3360,.T.);
#4734=ORIENTED_EDGE('',*,*,#3366,.T.);
#4735=ORIENTED_EDGE('',*,*,#3370,.F.);
#4736=ORIENTED_EDGE('',*,*,#3371,.F.);
#4737=ORIENTED_EDGE('',*,*,#3361,.T.);
#4738=ORIENTED_EDGE('',*,*,#3369,.T.);
#4739=ORIENTED_EDGE('',*,*,#3372,.F.);
#4740=ORIENTED_EDGE('',*,*,#3373,.F.);
#4741=ORIENTED_EDGE('',*,*,#3362,.T.);
#4742=ORIENTED_EDGE('',*,*,#3371,.T.);
#4743=ORIENTED_EDGE('',*,*,#3374,.F.);
#4744=ORIENTED_EDGE('',*,*,#3375,.F.);
#4745=ORIENTED_EDGE('',*,*,#3363,.T.);
#4746=ORIENTED_EDGE('',*,*,#3373,.T.);
#4747=ORIENTED_EDGE('',*,*,#3376,.F.);
#4748=ORIENTED_EDGE('',*,*,#3367,.F.);
#4749=ORIENTED_EDGE('',*,*,#3364,.T.);
#4750=ORIENTED_EDGE('',*,*,#3375,.T.);
#4751=ORIENTED_EDGE('',*,*,#2862,.F.);
#4752=ORIENTED_EDGE('',*,*,#3377,.F.);
#4753=ORIENTED_EDGE('',*,*,#3378,.T.);
#4754=ORIENTED_EDGE('',*,*,#3379,.T.);
#4755=ORIENTED_EDGE('',*,*,#2863,.F.);
#4756=ORIENTED_EDGE('',*,*,#3379,.F.);
#4757=ORIENTED_EDGE('',*,*,#3380,.T.);
#4758=ORIENTED_EDGE('',*,*,#3381,.T.);
#4759=ORIENTED_EDGE('',*,*,#2864,.F.);
#4760=ORIENTED_EDGE('',*,*,#3381,.F.);
#4761=ORIENTED_EDGE('',*,*,#3382,.T.);
#4762=ORIENTED_EDGE('',*,*,#3383,.T.);
#4763=ORIENTED_EDGE('',*,*,#2865,.F.);
#4764=ORIENTED_EDGE('',*,*,#3383,.F.);
#4765=ORIENTED_EDGE('',*,*,#3384,.T.);
#4766=ORIENTED_EDGE('',*,*,#3385,.T.);
#4767=ORIENTED_EDGE('',*,*,#2866,.F.);
#4768=ORIENTED_EDGE('',*,*,#3385,.F.);
#4769=ORIENTED_EDGE('',*,*,#3386,.T.);
#4770=ORIENTED_EDGE('',*,*,#3377,.T.);
#4771=ORIENTED_EDGE('',*,*,#3378,.F.);
#4772=ORIENTED_EDGE('',*,*,#3386,.F.);
#4773=ORIENTED_EDGE('',*,*,#3384,.F.);
#4774=ORIENTED_EDGE('',*,*,#3382,.F.);
#4775=ORIENTED_EDGE('',*,*,#3380,.F.);
#4776=ORIENTED_EDGE('',*,*,#3387,.F.);
#4777=ORIENTED_EDGE('',*,*,#3388,.F.);
#4778=ORIENTED_EDGE('',*,*,#3389,.F.);
#4779=ORIENTED_EDGE('',*,*,#3390,.F.);
#4780=ORIENTED_EDGE('',*,*,#3391,.F.);
#4781=ORIENTED_EDGE('',*,*,#3392,.F.);
#4782=ORIENTED_EDGE('',*,*,#3393,.F.);
#4783=ORIENTED_EDGE('',*,*,#3391,.T.);
#4784=ORIENTED_EDGE('',*,*,#3394,.T.);
#4785=ORIENTED_EDGE('',*,*,#3395,.F.);
#4786=ORIENTED_EDGE('',*,*,#3396,.F.);
#4787=ORIENTED_EDGE('',*,*,#3387,.T.);
#4788=ORIENTED_EDGE('',*,*,#3393,.T.);
#4789=ORIENTED_EDGE('',*,*,#3397,.F.);
#4790=ORIENTED_EDGE('',*,*,#3398,.F.);
#4791=ORIENTED_EDGE('',*,*,#3388,.T.);
#4792=ORIENTED_EDGE('',*,*,#3396,.T.);
#4793=ORIENTED_EDGE('',*,*,#3399,.F.);
#4794=ORIENTED_EDGE('',*,*,#3400,.F.);
#4795=ORIENTED_EDGE('',*,*,#3389,.T.);
#4796=ORIENTED_EDGE('',*,*,#3398,.T.);
#4797=ORIENTED_EDGE('',*,*,#3401,.F.);
#4798=ORIENTED_EDGE('',*,*,#3394,.F.);
#4799=ORIENTED_EDGE('',*,*,#3390,.T.);
#4800=ORIENTED_EDGE('',*,*,#3400,.T.);
#4801=ORIENTED_EDGE('',*,*,#2834,.F.);
#4802=ORIENTED_EDGE('',*,*,#3402,.F.);
#4803=ORIENTED_EDGE('',*,*,#3403,.T.);
#4804=ORIENTED_EDGE('',*,*,#3404,.T.);
#4805=ORIENTED_EDGE('',*,*,#2835,.F.);
#4806=ORIENTED_EDGE('',*,*,#3404,.F.);
#4807=ORIENTED_EDGE('',*,*,#3405,.T.);
#4808=ORIENTED_EDGE('',*,*,#3406,.T.);
#4809=ORIENTED_EDGE('',*,*,#2836,.F.);
#4810=ORIENTED_EDGE('',*,*,#3406,.F.);
#4811=ORIENTED_EDGE('',*,*,#3407,.T.);
#4812=ORIENTED_EDGE('',*,*,#3408,.T.);
#4813=ORIENTED_EDGE('',*,*,#2837,.F.);
#4814=ORIENTED_EDGE('',*,*,#3408,.F.);
#4815=ORIENTED_EDGE('',*,*,#3409,.T.);
#4816=ORIENTED_EDGE('',*,*,#3410,.T.);
#4817=ORIENTED_EDGE('',*,*,#2838,.F.);
#4818=ORIENTED_EDGE('',*,*,#3410,.F.);
#4819=ORIENTED_EDGE('',*,*,#3411,.T.);
#4820=ORIENTED_EDGE('',*,*,#3412,.T.);
#4821=ORIENTED_EDGE('',*,*,#2839,.F.);
#4822=ORIENTED_EDGE('',*,*,#3412,.F.);
#4823=ORIENTED_EDGE('',*,*,#3413,.T.);
#4824=ORIENTED_EDGE('',*,*,#3414,.T.);
#4825=ORIENTED_EDGE('',*,*,#2840,.F.);
#4826=ORIENTED_EDGE('',*,*,#3414,.F.);
#4827=ORIENTED_EDGE('',*,*,#3415,.T.);
#4828=ORIENTED_EDGE('',*,*,#3416,.T.);
#4829=ORIENTED_EDGE('',*,*,#2841,.F.);
#4830=ORIENTED_EDGE('',*,*,#3416,.F.);
#4831=ORIENTED_EDGE('',*,*,#3417,.T.);
#4832=ORIENTED_EDGE('',*,*,#3418,.T.);
#4833=ORIENTED_EDGE('',*,*,#2842,.F.);
#4834=ORIENTED_EDGE('',*,*,#3418,.F.);
#4835=ORIENTED_EDGE('',*,*,#3419,.T.);
#4836=ORIENTED_EDGE('',*,*,#3420,.T.);
#4837=ORIENTED_EDGE('',*,*,#2843,.F.);
#4838=ORIENTED_EDGE('',*,*,#3420,.F.);
#4839=ORIENTED_EDGE('',*,*,#3421,.T.);
#4840=ORIENTED_EDGE('',*,*,#3422,.T.);
#4841=ORIENTED_EDGE('',*,*,#2844,.F.);
#4842=ORIENTED_EDGE('',*,*,#3422,.F.);
#4843=ORIENTED_EDGE('',*,*,#3423,.T.);
#4844=ORIENTED_EDGE('',*,*,#3424,.T.);
#4845=ORIENTED_EDGE('',*,*,#2845,.F.);
#4846=ORIENTED_EDGE('',*,*,#3424,.F.);
#4847=ORIENTED_EDGE('',*,*,#3425,.T.);
#4848=ORIENTED_EDGE('',*,*,#3402,.T.);
#4849=ORIENTED_EDGE('',*,*,#3403,.F.);
#4850=ORIENTED_EDGE('',*,*,#3425,.F.);
#4851=ORIENTED_EDGE('',*,*,#3423,.F.);
#4852=ORIENTED_EDGE('',*,*,#3421,.F.);
#4853=ORIENTED_EDGE('',*,*,#3419,.F.);
#4854=ORIENTED_EDGE('',*,*,#3417,.F.);
#4855=ORIENTED_EDGE('',*,*,#3415,.F.);
#4856=ORIENTED_EDGE('',*,*,#3413,.F.);
#4857=ORIENTED_EDGE('',*,*,#3411,.F.);
#4858=ORIENTED_EDGE('',*,*,#3409,.F.);
#4859=ORIENTED_EDGE('',*,*,#3407,.F.);
#4860=ORIENTED_EDGE('',*,*,#3405,.F.);
#4861=ORIENTED_EDGE('',*,*,#2852,.F.);
#4862=ORIENTED_EDGE('',*,*,#3426,.F.);
#4863=ORIENTED_EDGE('',*,*,#3427,.T.);
#4864=ORIENTED_EDGE('',*,*,#3428,.T.);
#4865=ORIENTED_EDGE('',*,*,#2853,.F.);
#4866=ORIENTED_EDGE('',*,*,#3428,.F.);
#4867=ORIENTED_EDGE('',*,*,#3429,.T.);
#4868=ORIENTED_EDGE('',*,*,#3430,.T.);
#4869=ORIENTED_EDGE('',*,*,#2854,.F.);
#4870=ORIENTED_EDGE('',*,*,#3430,.F.);
#4871=ORIENTED_EDGE('',*,*,#3431,.T.);
#4872=ORIENTED_EDGE('',*,*,#3432,.T.);
#4873=ORIENTED_EDGE('',*,*,#2855,.F.);
#4874=ORIENTED_EDGE('',*,*,#3432,.F.);
#4875=ORIENTED_EDGE('',*,*,#3433,.T.);
#4876=ORIENTED_EDGE('',*,*,#3434,.T.);
#4877=ORIENTED_EDGE('',*,*,#2856,.F.);
#4878=ORIENTED_EDGE('',*,*,#3434,.F.);
#4879=ORIENTED_EDGE('',*,*,#3435,.T.);
#4880=ORIENTED_EDGE('',*,*,#3436,.T.);
#4881=ORIENTED_EDGE('',*,*,#2857,.F.);
#4882=ORIENTED_EDGE('',*,*,#3436,.F.);
#4883=ORIENTED_EDGE('',*,*,#3437,.T.);
#4884=ORIENTED_EDGE('',*,*,#3438,.T.);
#4885=ORIENTED_EDGE('',*,*,#2858,.F.);
#4886=ORIENTED_EDGE('',*,*,#3438,.F.);
#4887=ORIENTED_EDGE('',*,*,#3439,.T.);
#4888=ORIENTED_EDGE('',*,*,#3440,.T.);
#4889=ORIENTED_EDGE('',*,*,#2859,.F.);
#4890=ORIENTED_EDGE('',*,*,#3440,.F.);
#4891=ORIENTED_EDGE('',*,*,#3441,.T.);
#4892=ORIENTED_EDGE('',*,*,#3442,.T.);
#4893=ORIENTED_EDGE('',*,*,#2860,.F.);
#4894=ORIENTED_EDGE('',*,*,#3442,.F.);
#4895=ORIENTED_EDGE('',*,*,#3443,.T.);
#4896=ORIENTED_EDGE('',*,*,#3444,.T.);
#4897=ORIENTED_EDGE('',*,*,#2861,.F.);
#4898=ORIENTED_EDGE('',*,*,#3444,.F.);
#4899=ORIENTED_EDGE('',*,*,#3445,.T.);
#4900=ORIENTED_EDGE('',*,*,#3426,.T.);
#4901=ORIENTED_EDGE('',*,*,#3427,.F.);
#4902=ORIENTED_EDGE('',*,*,#3445,.F.);
#4903=ORIENTED_EDGE('',*,*,#3443,.F.);
#4904=ORIENTED_EDGE('',*,*,#3441,.F.);
#4905=ORIENTED_EDGE('',*,*,#3439,.F.);
#4906=ORIENTED_EDGE('',*,*,#3437,.F.);
#4907=ORIENTED_EDGE('',*,*,#3435,.F.);
#4908=ORIENTED_EDGE('',*,*,#3433,.F.);
#4909=ORIENTED_EDGE('',*,*,#3431,.F.);
#4910=ORIENTED_EDGE('',*,*,#3429,.F.);
#4911=ORIENTED_EDGE('',*,*,#2846,.F.);
#4912=ORIENTED_EDGE('',*,*,#3446,.F.);
#4913=ORIENTED_EDGE('',*,*,#3447,.T.);
#4914=ORIENTED_EDGE('',*,*,#3448,.T.);
#4915=ORIENTED_EDGE('',*,*,#2847,.F.);
#4916=ORIENTED_EDGE('',*,*,#3448,.F.);
#4917=ORIENTED_EDGE('',*,*,#3449,.T.);
#4918=ORIENTED_EDGE('',*,*,#3450,.T.);
#4919=ORIENTED_EDGE('',*,*,#2848,.F.);
#4920=ORIENTED_EDGE('',*,*,#3450,.F.);
#4921=ORIENTED_EDGE('',*,*,#3451,.T.);
#4922=ORIENTED_EDGE('',*,*,#3452,.T.);
#4923=ORIENTED_EDGE('',*,*,#2849,.F.);
#4924=ORIENTED_EDGE('',*,*,#3452,.F.);
#4925=ORIENTED_EDGE('',*,*,#3453,.T.);
#4926=ORIENTED_EDGE('',*,*,#3454,.T.);
#4927=ORIENTED_EDGE('',*,*,#2850,.F.);
#4928=ORIENTED_EDGE('',*,*,#3454,.F.);
#4929=ORIENTED_EDGE('',*,*,#3455,.T.);
#4930=ORIENTED_EDGE('',*,*,#3456,.T.);
#4931=ORIENTED_EDGE('',*,*,#2851,.F.);
#4932=ORIENTED_EDGE('',*,*,#3456,.F.);
#4933=ORIENTED_EDGE('',*,*,#3457,.T.);
#4934=ORIENTED_EDGE('',*,*,#3446,.T.);
#4935=ORIENTED_EDGE('',*,*,#3447,.F.);
#4936=ORIENTED_EDGE('',*,*,#3457,.F.);
#4937=ORIENTED_EDGE('',*,*,#3455,.F.);
#4938=ORIENTED_EDGE('',*,*,#3453,.F.);
#4939=ORIENTED_EDGE('',*,*,#3451,.F.);
#4940=ORIENTED_EDGE('',*,*,#3449,.F.);
#4941=ORIENTED_EDGE('',*,*,#3365,.T.);
#4942=ORIENTED_EDGE('',*,*,#3376,.T.);
#4943=ORIENTED_EDGE('',*,*,#3374,.T.);
#4944=ORIENTED_EDGE('',*,*,#3372,.T.);
#4945=ORIENTED_EDGE('',*,*,#3370,.T.);
#4946=ORIENTED_EDGE('',*,*,#3368,.T.);
#4947=ORIENTED_EDGE('',*,*,#3392,.T.);
#4948=ORIENTED_EDGE('',*,*,#3401,.T.);
#4949=ORIENTED_EDGE('',*,*,#3399,.T.);
#4950=ORIENTED_EDGE('',*,*,#3397,.T.);
#4951=ORIENTED_EDGE('',*,*,#3395,.T.);
#4952=CYLINDRICAL_SURFACE('',#5522,0.42137872571);
#4953=CYLINDRICAL_SURFACE('',#5525,0.299999999999);
#4954=CYLINDRICAL_SURFACE('',#5528,0.299999999999);
#4955=CYLINDRICAL_SURFACE('',#5531,0.299999999999);
#4956=CYLINDRICAL_SURFACE('',#5534,0.299999999999);
#4957=CYLINDRICAL_SURFACE('',#5537,0.299999999999);
#4958=CYLINDRICAL_SURFACE('',#5540,0.299999999999);
#4959=CYLINDRICAL_SURFACE('',#5543,0.299999999999);
#4960=CYLINDRICAL_SURFACE('',#5546,0.299999999999);
#4961=CYLINDRICAL_SURFACE('',#5549,0.299999999999);
#4962=CYLINDRICAL_SURFACE('',#5699,0.299999999999);
#4963=CYLINDRICAL_SURFACE('',#5700,0.299999999999);
#4964=CYLINDRICAL_SURFACE('',#5701,0.299999999999);
#4965=CYLINDRICAL_SURFACE('',#5702,0.299999999999);
#4966=CYLINDRICAL_SURFACE('',#5703,0.299999999999);
#4967=CYLINDRICAL_SURFACE('',#5704,0.299999999999);
#4968=CYLINDRICAL_SURFACE('',#5705,0.299999999999);
#4969=CYLINDRICAL_SURFACE('',#5706,0.299999999999);
#4970=CYLINDRICAL_SURFACE('',#5707,0.299999999999);
#4971=CYLINDRICAL_SURFACE('',#5756,0.199999999999);
#4972=CYLINDRICAL_SURFACE('',#5758,0.2);
#4973=CYLINDRICAL_SURFACE('',#5761,0.2);
#4974=CYLINDRICAL_SURFACE('',#5767,0.199999999999);
#4975=CYLINDRICAL_SURFACE('',#5769,0.199999999999);
#4976=CYLINDRICAL_SURFACE('',#5771,0.199999999999);
#4977=CYLINDRICAL_SURFACE('',#5773,0.2);
#4978=CYLINDRICAL_SURFACE('',#5779,0.2);
#4979=STYLED_ITEM('',(#9460),#5242);
#4980=STYLED_ITEM('',(#9461),#5243);
#4981=STYLED_ITEM('',(#9461),#5244);
#4982=STYLED_ITEM('',(#9461),#5245);
#4983=STYLED_ITEM('',(#9461),#5246);
#4984=STYLED_ITEM('',(#9461),#5247);
#4985=STYLED_ITEM('',(#9461),#5248);
#4986=STYLED_ITEM('',(#9461),#5249);
#4987=STYLED_ITEM('',(#9461),#5250);
#4988=STYLED_ITEM('',(#9461),#5251);
#4989=STYLED_ITEM('',(#9462),#5252);
#4990=STYLED_ITEM('',(#9462),#5253);
#4991=STYLED_ITEM('',(#9462),#5254);
#4992=STYLED_ITEM('',(#9462),#5255);
#4993=STYLED_ITEM('',(#9462),#5256);
#4994=STYLED_ITEM('',(#9462),#5257);
#4995=STYLED_ITEM('',(#9462),#5258);
#4996=STYLED_ITEM('',(#9462),#5259);
#4997=STYLED_ITEM('',(#9462),#5260);
#4998=STYLED_ITEM('',(#9462),#5261);
#4999=STYLED_ITEM('',(#9462),#5262);
#5000=STYLED_ITEM('',(#9461),#5263);
#5001=STYLED_ITEM('',(#9461),#5264);
#5002=STYLED_ITEM('',(#9461),#5265);
#5003=STYLED_ITEM('',(#9461),#5266);
#5004=STYLED_ITEM('',(#9461),#5267);
#5005=STYLED_ITEM('',(#9461),#5268);
#5006=STYLED_ITEM('',(#9461),#5269);
#5007=STYLED_ITEM('',(#9461),#5270);
#5008=STYLED_ITEM('',(#9461),#5271);
#5009=STYLED_ITEM('',(#9461),#5272);
#5010=STYLED_ITEM('',(#9461),#5273);
#5011=STYLED_ITEM('',(#9461),#5274);
#5012=STYLED_ITEM('',(#9461),#5275);
#5013=STYLED_ITEM('',(#9461),#5276);
#5014=STYLED_ITEM('',(#9461),#5277);
#5015=STYLED_ITEM('',(#9461),#5278);
#5016=STYLED_ITEM('',(#9461),#5279);
#5017=STYLED_ITEM('',(#9461),#5280);
#5018=STYLED_ITEM('',(#9461),#5281);
#5019=STYLED_ITEM('',(#9461),#5282);
#5020=STYLED_ITEM('',(#9461),#5283);
#5021=STYLED_ITEM('',(#9461),#5284);
#5022=STYLED_ITEM('',(#9461),#5285);
#5023=STYLED_ITEM('',(#9461),#5286);
#5024=STYLED_ITEM('',(#9463),#5287);
#5025=STYLED_ITEM('',(#9462),#5288);
#5026=STYLED_ITEM('',(#9462),#5289);
#5027=STYLED_ITEM('',(#9462),#5290);
#5028=STYLED_ITEM('',(#9462),#5291);
#5029=STYLED_ITEM('',(#9462),#5292);
#5030=STYLED_ITEM('',(#9462),#5293);
#5031=STYLED_ITEM('',(#9462),#5294);
#5032=STYLED_ITEM('',(#9462),#5295);
#5033=STYLED_ITEM('',(#9462),#5296);
#5034=STYLED_ITEM('',(#9462),#5297);
#5035=STYLED_ITEM('',(#9462),#5298);
#5036=STYLED_ITEM('',(#9462),#5299);
#5037=STYLED_ITEM('',(#9462),#5300);
#5038=STYLED_ITEM('',(#9463),#5301);
#5039=STYLED_ITEM('',(#9463),#5302);
#5040=STYLED_ITEM('',(#9463),#5303);
#5041=STYLED_ITEM('',(#9463),#5304);
#5042=STYLED_ITEM('',(#9461),#5305);
#5043=STYLED_ITEM('',(#9461),#5306);
#5044=STYLED_ITEM('',(#9461),#5307);
#5045=STYLED_ITEM('',(#9461),#5308);
#5046=STYLED_ITEM('',(#9461),#5309);
#5047=STYLED_ITEM('',(#9461),#5310);
#5048=STYLED_ITEM('',(#9461),#5311);
#5049=STYLED_ITEM('',(#9461),#5313);
#5050=STYLED_ITEM('',(#9461),#5314);
#5051=STYLED_ITEM('',(#9461),#5315);
#5052=STYLED_ITEM('',(#9461),#5316);
#5053=STYLED_ITEM('',(#9461),#5317);
#5054=STYLED_ITEM('',(#9461),#5318);
#5055=STYLED_ITEM('',(#9461),#5319);
#5056=STYLED_ITEM('',(#9461),#5320);
#5057=STYLED_ITEM('',(#9461),#5321);
#5058=STYLED_ITEM('',(#9461),#5322);
#5059=STYLED_ITEM('',(#9461),#5323);
#5060=STYLED_ITEM('',(#9461),#5324);
#5061=STYLED_ITEM('',(#9461),#5325);
#5062=STYLED_ITEM('',(#9461),#5326);
#5063=STYLED_ITEM('',(#9461),#5327);
#5064=STYLED_ITEM('',(#9461),#5328);
#5065=STYLED_ITEM('',(#9461),#5329);
#5066=STYLED_ITEM('',(#9461),#5330);
#5067=STYLED_ITEM('',(#9461),#5331);
#5068=STYLED_ITEM('',(#9461),#5332);
#5069=STYLED_ITEM('',(#9461),#5333);
#5070=STYLED_ITEM('',(#9461),#5334);
#5071=STYLED_ITEM('',(#9461),#5335);
#5072=STYLED_ITEM('',(#9461),#5336);
#5073=STYLED_ITEM('',(#9461),#5337);
#5074=STYLED_ITEM('',(#9461),#5338);
#5075=STYLED_ITEM('',(#9461),#5339);
#5076=STYLED_ITEM('',(#9461),#5340);
#5077=STYLED_ITEM('',(#9461),#5341);
#5078=STYLED_ITEM('',(#9461),#5342);
#5079=STYLED_ITEM('',(#9461),#5343);
#5080=STYLED_ITEM('',(#9461),#5344);
#5081=STYLED_ITEM('',(#9461),#5345);
#5082=STYLED_ITEM('',(#9461),#5346);
#5083=STYLED_ITEM('',(#9461),#5347);
#5084=STYLED_ITEM('',(#9461),#5348);
#5085=STYLED_ITEM('',(#9461),#5349);
#5086=STYLED_ITEM('',(#9461),#5350);
#5087=STYLED_ITEM('',(#9461),#5351);
#5088=STYLED_ITEM('',(#9461),#5352);
#5089=STYLED_ITEM('',(#9461),#5353);
#5090=STYLED_ITEM('',(#9461),#5354);
#5091=STYLED_ITEM('',(#9461),#5355);
#5092=STYLED_ITEM('',(#9461),#5356);
#5093=STYLED_ITEM('',(#9461),#5357);
#5094=STYLED_ITEM('',(#9461),#5358);
#5095=STYLED_ITEM('',(#9461),#5359);
#5096=STYLED_ITEM('',(#9461),#5360);
#5097=STYLED_ITEM('',(#9461),#5361);
#5098=STYLED_ITEM('',(#9461),#5362);
#5099=STYLED_ITEM('',(#9461),#5363);
#5100=STYLED_ITEM('',(#9461),#5364);
#5101=STYLED_ITEM('',(#9461),#5365);
#5102=STYLED_ITEM('',(#9461),#5366);
#5103=STYLED_ITEM('',(#9461),#5367);
#5104=STYLED_ITEM('',(#9461),#5368);
#5105=STYLED_ITEM('',(#9464),#5369);
#5106=STYLED_ITEM('',(#9464),#5370);
#5107=STYLED_ITEM('',(#9464),#5371);
#5108=STYLED_ITEM('',(#9464),#5372);
#5109=STYLED_ITEM('',(#9464),#5373);
#5110=STYLED_ITEM('',(#9464),#5374);
#5111=STYLED_ITEM('',(#9464),#5375);
#5112=STYLED_ITEM('',(#9464),#5376);
#5113=STYLED_ITEM('',(#9461),#5377);
#5114=STYLED_ITEM('',(#9461),#5378);
#5115=STYLED_ITEM('',(#9461),#5379);
#5116=STYLED_ITEM('',(#9461),#5380);
#5117=STYLED_ITEM('',(#9461),#5381);
#5118=STYLED_ITEM('',(#9461),#5382);
#5119=STYLED_ITEM('',(#9461),#5383);
#5120=STYLED_ITEM('',(#9461),#5384);
#5121=STYLED_ITEM('',(#9461),#5385);
#5122=STYLED_ITEM('',(#9461),#5386);
#5123=STYLED_ITEM('',(#9461),#5387);
#5124=STYLED_ITEM('',(#9461),#5388);
#5125=STYLED_ITEM('',(#9461),#5389);
#5126=STYLED_ITEM('',(#9461),#5390);
#5127=STYLED_ITEM('',(#9461),#5391);
#5128=STYLED_ITEM('',(#9461),#5392);
#5129=STYLED_ITEM('',(#9461),#5393);
#5130=STYLED_ITEM('',(#9461),#5394);
#5131=STYLED_ITEM('',(#9461),#5395);
#5132=STYLED_ITEM('',(#9461),#5396);
#5133=STYLED_ITEM('',(#9461),#5397);
#5134=STYLED_ITEM('',(#9461),#5398);
#5135=STYLED_ITEM('',(#9461),#5399);
#5136=STYLED_ITEM('',(#9461),#5400);
#5137=STYLED_ITEM('',(#9461),#5401);
#5138=STYLED_ITEM('',(#9461),#5402);
#5139=STYLED_ITEM('',(#9461),#5403);
#5140=STYLED_ITEM('',(#9461),#5404);
#5141=STYLED_ITEM('',(#9461),#5405);
#5142=STYLED_ITEM('',(#9461),#5406);
#5143=STYLED_ITEM('',(#9461),#5407);
#5144=STYLED_ITEM('',(#9461),#5408);
#5145=STYLED_ITEM('',(#9461),#5409);
#5146=STYLED_ITEM('',(#9461),#5410);
#5147=STYLED_ITEM('',(#9461),#5411);
#5148=STYLED_ITEM('',(#9461),#5412);
#5149=STYLED_ITEM('',(#9461),#5413);
#5150=STYLED_ITEM('',(#9461),#5414);
#5151=STYLED_ITEM('',(#9461),#5415);
#5152=STYLED_ITEM('',(#9461),#5416);
#5153=STYLED_ITEM('',(#9461),#5417);
#5154=STYLED_ITEM('',(#9461),#5418);
#5155=STYLED_ITEM('',(#9461),#5419);
#5156=STYLED_ITEM('',(#9461),#5420);
#5157=STYLED_ITEM('',(#9461),#5421);
#5158=STYLED_ITEM('',(#9461),#5422);
#5159=STYLED_ITEM('',(#9461),#5423);
#5160=STYLED_ITEM('',(#9461),#5424);
#5161=STYLED_ITEM('',(#9464),#5425);
#5162=STYLED_ITEM('',(#9464),#5426);
#5163=STYLED_ITEM('',(#9464),#5427);
#5164=STYLED_ITEM('',(#9464),#5428);
#5165=STYLED_ITEM('',(#9464),#5429);
#5166=STYLED_ITEM('',(#9464),#5430);
#5167=STYLED_ITEM('',(#9464),#5431);
#5168=STYLED_ITEM('',(#9464),#5432);
#5169=STYLED_ITEM('',(#9463),#5434);
#5170=STYLED_ITEM('',(#9463),#5435);
#5171=STYLED_ITEM('',(#9463),#5436);
#5172=STYLED_ITEM('',(#9463),#5437);
#5173=STYLED_ITEM('',(#9463),#5438);
#5174=STYLED_ITEM('',(#9463),#5439);
#5175=STYLED_ITEM('',(#9463),#5440);
#5176=STYLED_ITEM('',(#9463),#5441);
#5177=STYLED_ITEM('',(#9463),#5442);
#5178=STYLED_ITEM('',(#9463),#5443);
#5179=STYLED_ITEM('',(#9463),#5444);
#5180=STYLED_ITEM('',(#9463),#5445);
#5181=STYLED_ITEM('',(#9460),#5446);
#5182=STYLED_ITEM('',(#9460),#5447);
#5183=STYLED_ITEM('',(#9460),#5448);
#5184=STYLED_ITEM('',(#9460),#5449);
#5185=STYLED_ITEM('',(#9460),#5450);
#5186=STYLED_ITEM('',(#9460),#5451);
#5187=STYLED_ITEM('',(#9460),#5452);
#5188=STYLED_ITEM('',(#9460),#5453);
#5189=STYLED_ITEM('',(#9460),#5454);
#5190=STYLED_ITEM('',(#9460),#5455);
#5191=STYLED_ITEM('',(#9460),#5456);
#5192=STYLED_ITEM('',(#9460),#5457);
#5193=STYLED_ITEM('',(#9460),#5458);
#5194=STYLED_ITEM('',(#9460),#5459);
#5195=STYLED_ITEM('',(#9460),#5460);
#5196=STYLED_ITEM('',(#9460),#5461);
#5197=STYLED_ITEM('',(#9460),#5462);
#5198=STYLED_ITEM('',(#9460),#5463);
#5199=STYLED_ITEM('',(#9460),#5464);
#5200=STYLED_ITEM('',(#9460),#5465);
#5201=STYLED_ITEM('',(#9460),#5466);
#5202=STYLED_ITEM('',(#9460),#5467);
#5203=STYLED_ITEM('',(#9460),#5468);
#5204=STYLED_ITEM('',(#9460),#5469);
#5205=STYLED_ITEM('',(#9460),#5470);
#5206=STYLED_ITEM('',(#9460),#5471);
#5207=STYLED_ITEM('',(#9460),#5472);
#5208=STYLED_ITEM('',(#9460),#5473);
#5209=STYLED_ITEM('',(#9460),#5474);
#5210=STYLED_ITEM('',(#9460),#5475);
#5211=STYLED_ITEM('',(#9460),#5476);
#5212=STYLED_ITEM('',(#9460),#5477);
#5213=STYLED_ITEM('',(#9460),#5478);
#5214=STYLED_ITEM('',(#9460),#5479);
#5215=STYLED_ITEM('',(#9460),#5480);
#5216=STYLED_ITEM('',(#9460),#5481);
#5217=STYLED_ITEM('',(#9460),#5482);
#5218=STYLED_ITEM('',(#9460),#5483);
#5219=STYLED_ITEM('',(#9460),#5484);
#5220=STYLED_ITEM('',(#9460),#5485);
#5221=STYLED_ITEM('',(#9460),#5486);
#5222=STYLED_ITEM('',(#9460),#5487);
#5223=STYLED_ITEM('',(#9460),#5488);
#5224=STYLED_ITEM('',(#9460),#5489);
#5225=STYLED_ITEM('',(#9460),#5490);
#5226=STYLED_ITEM('',(#9460),#5491);
#5227=STYLED_ITEM('',(#9460),#5492);
#5228=STYLED_ITEM('',(#9460),#5493);
#5229=STYLED_ITEM('',(#9460),#5494);
#5230=STYLED_ITEM('',(#9460),#5495);
#5231=STYLED_ITEM('',(#9460),#5496);
#5232=STYLED_ITEM('',(#9460),#5497);
#5233=STYLED_ITEM('',(#9460),#5498);
#5234=STYLED_ITEM('',(#9460),#5499);
#5235=STYLED_ITEM('',(#9460),#5500);
#5236=STYLED_ITEM('',(#9460),#5501);
#5237=STYLED_ITEM('',(#9460),#5502);
#5238=STYLED_ITEM('',(#9460),#5503);
#5239=STYLED_ITEM('',(#9462),#5504);
#5240=STYLED_ITEM('',(#9462),#5505);
#5241=STYLED_ITEM('',(#9459),#21);
#5242=ADVANCED_FACE('',(#296),#4952,.F.);
#5243=ADVANCED_FACE('',(#297),#4953,.F.);
#5244=ADVANCED_FACE('',(#298),#4954,.F.);
#5245=ADVANCED_FACE('',(#299),#4955,.F.);
#5246=ADVANCED_FACE('',(#300),#4956,.F.);
#5247=ADVANCED_FACE('',(#301),#4957,.F.);
#5248=ADVANCED_FACE('',(#302),#4958,.F.);
#5249=ADVANCED_FACE('',(#303),#4959,.F.);
#5250=ADVANCED_FACE('',(#304),#4960,.F.);
#5251=ADVANCED_FACE('',(#305),#4961,.F.);
#5252=ADVANCED_FACE('',(#306,#68,#69,#70,#71,#72),#77,.F.);
#5253=ADVANCED_FACE('',(#307),#78,.F.);
#5254=ADVANCED_FACE('',(#308),#79,.F.);
#5255=ADVANCED_FACE('',(#309),#80,.F.);
#5256=ADVANCED_FACE('',(#310),#81,.F.);
#5257=ADVANCED_FACE('',(#311),#82,.F.);
#5258=ADVANCED_FACE('',(#312),#83,.F.);
#5259=ADVANCED_FACE('',(#313),#84,.F.);
#5260=ADVANCED_FACE('',(#314),#85,.F.);
#5261=ADVANCED_FACE('',(#315),#86,.F.);
#5262=ADVANCED_FACE('',(#316),#87,.F.);
#5263=ADVANCED_FACE('',(#317),#88,.T.);
#5264=ADVANCED_FACE('',(#318),#89,.F.);
#5265=ADVANCED_FACE('',(#319),#90,.F.);
#5266=ADVANCED_FACE('',(#320),#91,.T.);
#5267=ADVANCED_FACE('',(#321),#92,.F.);
#5268=ADVANCED_FACE('',(#322),#93,.F.);
#5269=ADVANCED_FACE('',(#323),#94,.T.);
#5270=ADVANCED_FACE('',(#324),#95,.F.);
#5271=ADVANCED_FACE('',(#325),#96,.F.);
#5272=ADVANCED_FACE('',(#326),#97,.T.);
#5273=ADVANCED_FACE('',(#327),#98,.F.);
#5274=ADVANCED_FACE('',(#328),#99,.F.);
#5275=ADVANCED_FACE('',(#329),#100,.T.);
#5276=ADVANCED_FACE('',(#330),#101,.F.);
#5277=ADVANCED_FACE('',(#331),#102,.F.);
#5278=ADVANCED_FACE('',(#332),#103,.T.);
#5279=ADVANCED_FACE('',(#333),#104,.F.);
#5280=ADVANCED_FACE('',(#334),#105,.F.);
#5281=ADVANCED_FACE('',(#335),#106,.T.);
#5282=ADVANCED_FACE('',(#336),#107,.F.);
#5283=ADVANCED_FACE('',(#337),#108,.F.);
#5284=ADVANCED_FACE('',(#338),#109,.T.);
#5285=ADVANCED_FACE('',(#339),#110,.F.);
#5286=ADVANCED_FACE('',(#340),#111,.F.);
#5287=ADVANCED_FACE('',(#341),#112,.F.);
#5288=ADVANCED_FACE('',(#342,#73),#113,.T.);
#5289=ADVANCED_FACE('',(#343),#114,.F.);
#5290=ADVANCED_FACE('',(#344),#115,.F.);
#5291=ADVANCED_FACE('',(#345),#116,.F.);
#5292=ADVANCED_FACE('',(#346),#117,.F.);
#5293=ADVANCED_FACE('',(#347),#118,.F.);
#5294=ADVANCED_FACE('',(#348),#119,.F.);
#5295=ADVANCED_FACE('',(#349),#120,.F.);
#5296=ADVANCED_FACE('',(#350),#121,.F.);
#5297=ADVANCED_FACE('',(#351),#122,.F.);
#5298=ADVANCED_FACE('',(#352),#123,.F.);
#5299=ADVANCED_FACE('',(#353),#124,.F.);
#5300=ADVANCED_FACE('',(#354),#125,.F.);
#5301=ADVANCED_FACE('',(#355),#126,.F.);
#5302=ADVANCED_FACE('',(#356),#127,.F.);
#5303=ADVANCED_FACE('',(#357),#128,.F.);
#5304=ADVANCED_FACE('',(#358,#74),#129,.T.);
#5305=ADVANCED_FACE('',(#359),#130,.T.);
#5306=ADVANCED_FACE('',(#360),#131,.T.);
#5307=ADVANCED_FACE('',(#361),#132,.T.);
#5308=ADVANCED_FACE('',(#362),#133,.T.);
#5309=ADVANCED_FACE('',(#363),#134,.T.);
#5310=ADVANCED_FACE('',(#364),#135,.T.);
#5311=ADVANCED_FACE('',(#365),#136,.F.);
#5312=ADVANCED_FACE('',(#366),#137,.F.);
#5313=ADVANCED_FACE('',(#367),#138,.T.);
#5314=ADVANCED_FACE('',(#368),#139,.T.);
#5315=ADVANCED_FACE('',(#369),#140,.T.);
#5316=ADVANCED_FACE('',(#370),#141,.T.);
#5317=ADVANCED_FACE('',(#371),#142,.T.);
#5318=ADVANCED_FACE('',(#372),#143,.T.);
#5319=ADVANCED_FACE('',(#373),#144,.F.);
#5320=ADVANCED_FACE('',(#374),#145,.T.);
#5321=ADVANCED_FACE('',(#375),#146,.T.);
#5322=ADVANCED_FACE('',(#376),#147,.T.);
#5323=ADVANCED_FACE('',(#377),#148,.T.);
#5324=ADVANCED_FACE('',(#378),#149,.T.);
#5325=ADVANCED_FACE('',(#379),#150,.T.);
#5326=ADVANCED_FACE('',(#380),#151,.F.);
#5327=ADVANCED_FACE('',(#381),#152,.T.);
#5328=ADVANCED_FACE('',(#382),#153,.T.);
#5329=ADVANCED_FACE('',(#383),#154,.T.);
#5330=ADVANCED_FACE('',(#384),#155,.T.);
#5331=ADVANCED_FACE('',(#385),#156,.T.);
#5332=ADVANCED_FACE('',(#386),#157,.T.);
#5333=ADVANCED_FACE('',(#387),#158,.F.);
#5334=ADVANCED_FACE('',(#388),#159,.T.);
#5335=ADVANCED_FACE('',(#389),#160,.T.);
#5336=ADVANCED_FACE('',(#390),#161,.T.);
#5337=ADVANCED_FACE('',(#391),#162,.T.);
#5338=ADVANCED_FACE('',(#392),#163,.T.);
#5339=ADVANCED_FACE('',(#393),#164,.T.);
#5340=ADVANCED_FACE('',(#394),#165,.F.);
#5341=ADVANCED_FACE('',(#395),#166,.T.);
#5342=ADVANCED_FACE('',(#396),#167,.T.);
#5343=ADVANCED_FACE('',(#397),#168,.T.);
#5344=ADVANCED_FACE('',(#398),#169,.T.);
#5345=ADVANCED_FACE('',(#399),#170,.T.);
#5346=ADVANCED_FACE('',(#400),#171,.T.);
#5347=ADVANCED_FACE('',(#401),#172,.F.);
#5348=ADVANCED_FACE('',(#402),#173,.T.);
#5349=ADVANCED_FACE('',(#403),#174,.T.);
#5350=ADVANCED_FACE('',(#404),#175,.T.);
#5351=ADVANCED_FACE('',(#405),#176,.T.);
#5352=ADVANCED_FACE('',(#406),#177,.T.);
#5353=ADVANCED_FACE('',(#407),#178,.T.);
#5354=ADVANCED_FACE('',(#408),#179,.F.);
#5355=ADVANCED_FACE('',(#409),#180,.T.);
#5356=ADVANCED_FACE('',(#410),#181,.T.);
#5357=ADVANCED_FACE('',(#411),#182,.T.);
#5358=ADVANCED_FACE('',(#412),#183,.T.);
#5359=ADVANCED_FACE('',(#413),#184,.T.);
#5360=ADVANCED_FACE('',(#414),#185,.T.);
#5361=ADVANCED_FACE('',(#415),#186,.F.);
#5362=ADVANCED_FACE('',(#416),#187,.T.);
#5363=ADVANCED_FACE('',(#417),#188,.T.);
#5364=ADVANCED_FACE('',(#418),#189,.T.);
#5365=ADVANCED_FACE('',(#419),#190,.T.);
#5366=ADVANCED_FACE('',(#420),#191,.T.);
#5367=ADVANCED_FACE('',(#421),#192,.T.);
#5368=ADVANCED_FACE('',(#422),#193,.F.);
#5369=ADVANCED_FACE('',(#423),#194,.F.);
#5370=ADVANCED_FACE('',(#424),#195,.F.);
#5371=ADVANCED_FACE('',(#425),#196,.F.);
#5372=ADVANCED_FACE('',(#426),#197,.F.);
#5373=ADVANCED_FACE('',(#427),#198,.F.);
#5374=ADVANCED_FACE('',(#428),#199,.F.);
#5375=ADVANCED_FACE('',(#429),#200,.F.);
#5376=ADVANCED_FACE('',(#430),#201,.F.);
#5377=ADVANCED_FACE('',(#431),#4962,.F.);
#5378=ADVANCED_FACE('',(#432),#4963,.F.);
#5379=ADVANCED_FACE('',(#433),#4964,.F.);
#5380=ADVANCED_FACE('',(#434),#4965,.F.);
#5381=ADVANCED_FACE('',(#435),#4966,.F.);
#5382=ADVANCED_FACE('',(#436),#4967,.F.);
#5383=ADVANCED_FACE('',(#437),#4968,.F.);
#5384=ADVANCED_FACE('',(#438),#4969,.F.);
#5385=ADVANCED_FACE('',(#439),#4970,.F.);
#5386=ADVANCED_FACE('',(#440),#202,.T.);
#5387=ADVANCED_FACE('',(#441),#203,.F.);
#5388=ADVANCED_FACE('',(#442),#204,.F.);
#5389=ADVANCED_FACE('',(#443),#205,.F.);
#5390=ADVANCED_FACE('',(#444),#206,.F.);
#5391=ADVANCED_FACE('',(#445),#207,.F.);
#5392=ADVANCED_FACE('',(#446),#208,.F.);
#5393=ADVANCED_FACE('',(#447),#209,.F.);
#5394=ADVANCED_FACE('',(#448),#210,.F.);
#5395=ADVANCED_FACE('',(#449),#211,.F.);
#5396=ADVANCED_FACE('',(#450),#212,.F.);
#5397=ADVANCED_FACE('',(#451),#213,.F.);
#5398=ADVANCED_FACE('',(#452),#214,.F.);
#5399=ADVANCED_FACE('',(#453),#215,.F.);
#5400=ADVANCED_FACE('',(#454),#216,.F.);
#5401=ADVANCED_FACE('',(#455),#217,.F.);
#5402=ADVANCED_FACE('',(#456),#218,.F.);
#5403=ADVANCED_FACE('',(#457),#219,.F.);
#5404=ADVANCED_FACE('',(#458),#220,.F.);
#5405=ADVANCED_FACE('',(#459),#221,.F.);
#5406=ADVANCED_FACE('',(#460),#222,.F.);
#5407=ADVANCED_FACE('',(#461),#223,.F.);
#5408=ADVANCED_FACE('',(#462),#224,.F.);
#5409=ADVANCED_FACE('',(#463),#225,.F.);
#5410=ADVANCED_FACE('',(#464),#226,.F.);
#5411=ADVANCED_FACE('',(#465),#227,.F.);
#5412=ADVANCED_FACE('',(#466),#228,.F.);
#5413=ADVANCED_FACE('',(#467),#229,.F.);
#5414=ADVANCED_FACE('',(#468),#230,.F.);
#5415=ADVANCED_FACE('',(#469),#231,.F.);
#5416=ADVANCED_FACE('',(#470),#232,.F.);
#5417=ADVANCED_FACE('',(#471),#233,.F.);
#5418=ADVANCED_FACE('',(#472),#234,.F.);
#5419=ADVANCED_FACE('',(#473),#235,.F.);
#5420=ADVANCED_FACE('',(#474),#236,.F.);
#5421=ADVANCED_FACE('',(#475),#237,.F.);
#5422=ADVANCED_FACE('',(#476),#238,.F.);
#5423=ADVANCED_FACE('',(#477),#239,.F.);
#5424=ADVANCED_FACE('',(#478),#240,.F.);
#5425=ADVANCED_FACE('',(#479),#241,.T.);
#5426=ADVANCED_FACE('',(#480),#242,.T.);
#5427=ADVANCED_FACE('',(#481),#243,.T.);
#5428=ADVANCED_FACE('',(#482),#244,.T.);
#5429=ADVANCED_FACE('',(#483),#245,.T.);
#5430=ADVANCED_FACE('',(#484),#246,.T.);
#5431=ADVANCED_FACE('',(#485),#247,.T.);
#5432=ADVANCED_FACE('',(#486),#248,.T.);
#5433=ADVANCED_FACE('',(#487),#249,.F.);
#5434=ADVANCED_FACE('',(#488),#4971,.T.);
#5435=ADVANCED_FACE('',(#489),#4972,.T.);
#5436=ADVANCED_FACE('',(#490),#4973,.T.);
#5437=ADVANCED_FACE('',(#491),#36,.T.);
#5438=ADVANCED_FACE('',(#492),#37,.T.);
#5439=ADVANCED_FACE('',(#493),#4974,.T.);
#5440=ADVANCED_FACE('',(#494),#4975,.T.);
#5441=ADVANCED_FACE('',(#495),#4976,.T.);
#5442=ADVANCED_FACE('',(#496),#4977,.T.);
#5443=ADVANCED_FACE('',(#497),#38,.T.);
#5444=ADVANCED_FACE('',(#498),#39,.T.);
#5445=ADVANCED_FACE('',(#499),#4978,.T.);
#5446=ADVANCED_FACE('',(#500),#250,.T.);
#5447=ADVANCED_FACE('',(#501),#251,.T.);
#5448=ADVANCED_FACE('',(#502),#252,.T.);
#5449=ADVANCED_FACE('',(#503),#253,.T.);
#5450=ADVANCED_FACE('',(#504),#254,.T.);
#5451=ADVANCED_FACE('',(#505),#255,.T.);
#5452=ADVANCED_FACE('',(#506),#256,.T.);
#5453=ADVANCED_FACE('',(#507),#257,.T.);
#5454=ADVANCED_FACE('',(#508),#258,.T.);
#5455=ADVANCED_FACE('',(#509,#75),#259,.F.);
#5456=ADVANCED_FACE('',(#510),#260,.T.);
#5457=ADVANCED_FACE('',(#511),#261,.T.);
#5458=ADVANCED_FACE('',(#512),#22,.T.);
#5459=ADVANCED_FACE('',(#513),#262,.T.);
#5460=ADVANCED_FACE('',(#514),#23,.T.);
#5461=ADVANCED_FACE('',(#515),#263,.T.);
#5462=ADVANCED_FACE('',(#516),#264,.T.);
#5463=ADVANCED_FACE('',(#517),#265,.T.);
#5464=ADVANCED_FACE('',(#518),#266,.T.);
#5465=ADVANCED_FACE('',(#519),#24,.T.);
#5466=ADVANCED_FACE('',(#520),#25,.T.);
#5467=ADVANCED_FACE('',(#521,#76),#267,.T.);
#5468=ADVANCED_FACE('',(#522),#268,.T.);
#5469=ADVANCED_FACE('',(#523),#26,.T.);
#5470=ADVANCED_FACE('',(#524),#27,.T.);
#5471=ADVANCED_FACE('',(#525),#269,.T.);
#5472=ADVANCED_FACE('',(#526),#270,.T.);
#5473=ADVANCED_FACE('',(#527),#271,.T.);
#5474=ADVANCED_FACE('',(#528),#272,.T.);
#5475=ADVANCED_FACE('',(#529),#273,.T.);
#5476=ADVANCED_FACE('',(#530),#274,.T.);
#5477=ADVANCED_FACE('',(#531),#275,.T.);
#5478=ADVANCED_FACE('',(#532),#276,.T.);
#5479=ADVANCED_FACE('',(#533),#277,.T.);
#5480=ADVANCED_FACE('',(#534),#278,.T.);
#5481=ADVANCED_FACE('',(#535),#279,.T.);
#5482=ADVANCED_FACE('',(#536),#280,.T.);
#5483=ADVANCED_FACE('',(#537),#281,.T.);
#5484=ADVANCED_FACE('',(#538),#282,.T.);
#5485=ADVANCED_FACE('',(#539),#283,.F.);
#5486=ADVANCED_FACE('',(#540),#284,.T.);
#5487=ADVANCED_FACE('',(#541),#28,.T.);
#5488=ADVANCED_FACE('',(#542),#29,.T.);
#5489=ADVANCED_FACE('',(#543),#30,.T.);
#5490=ADVANCED_FACE('',(#544),#31,.T.);
#5491=ADVANCED_FACE('',(#545),#285,.T.);
#5492=ADVANCED_FACE('',(#546),#32,.T.);
#5493=ADVANCED_FACE('',(#547),#33,.T.);
#5494=ADVANCED_FACE('',(#548),#34,.T.);
#5495=ADVANCED_FACE('',(#549),#35,.T.);
#5496=ADVANCED_FACE('',(#550),#286,.T.);
#5497=ADVANCED_FACE('',(#551),#287,.T.);
#5498=ADVANCED_FACE('',(#552),#288,.T.);
#5499=ADVANCED_FACE('',(#553),#289,.T.);
#5500=ADVANCED_FACE('',(#554),#290,.T.);
#5501=ADVANCED_FACE('',(#555),#291,.T.);
#5502=ADVANCED_FACE('',(#556),#292,.T.);
#5503=ADVANCED_FACE('',(#557),#293,.F.);
#5504=ADVANCED_FACE('',(#558),#294,.F.);
#5505=ADVANCED_FACE('',(#559),#295,.F.);
#5506=CLOSED_SHELL('',(#5242,#5243,#5244,#5245,#5246,#5247,#5248,#5249,
#5250,#5251,#5252,#5253,#5254,#5255,#5256,#5257,#5258,#5259,#5260,#5261,
#5262,#5263,#5264,#5265,#5266,#5267,#5268,#5269,#5270,#5271,#5272,#5273,
#5274,#5275,#5276,#5277,#5278,#5279,#5280,#5281,#5282,#5283,#5284,#5285,
#5286,#5287,#5288,#5289,#5290,#5291,#5292,#5293,#5294,#5295,#5296,#5297,
#5298,#5299,#5300,#5301,#5302,#5303,#5304,#5305,#5306,#5307,#5308,#5309,
#5310,#5311,#5312,#5313,#5314,#5315,#5316,#5317,#5318,#5319,#5320,#5321,
#5322,#5323,#5324,#5325,#5326,#5327,#5328,#5329,#5330,#5331,#5332,#5333,
#5334,#5335,#5336,#5337,#5338,#5339,#5340,#5341,#5342,#5343,#5344,#5345,
#5346,#5347,#5348,#5349,#5350,#5351,#5352,#5353,#5354,#5355,#5356,#5357,
#5358,#5359,#5360,#5361,#5362,#5363,#5364,#5365,#5366,#5367,#5368,#5369,
#5370,#5371,#5372,#5373,#5374,#5375,#5376,#5377,#5378,#5379,#5380,#5381,
#5382,#5383,#5384,#5385,#5386,#5387,#5388,#5389,#5390,#5391,#5392,#5393,
#5394,#5395,#5396,#5397,#5398,#5399,#5400,#5401,#5402,#5403,#5404,#5405,
#5406,#5407,#5408,#5409,#5410,#5411,#5412,#5413,#5414,#5415,#5416,#5417,
#5418,#5419,#5420,#5421,#5422,#5423,#5424,#5425,#5426,#5427,#5428,#5429,
#5430,#5431,#5432,#5433,#5434,#5435,#5436,#5437,#5438,#5439,#5440,#5441,
#5442,#5443,#5444,#5445,#5446,#5447,#5448,#5449,#5450,#5451,#5452,#5453,
#5454,#5455,#5456,#5457,#5458,#5459,#5460,#5461,#5462,#5463,#5464,#5465,
#5466,#5467,#5468,#5469,#5470,#5471,#5472,#5473,#5474,#5475,#5476,#5477,
#5478,#5479,#5480,#5481,#5482,#5483,#5484,#5485,#5486,#5487,#5488,#5489,
#5490,#5491,#5492,#5493,#5494,#5495,#5496,#5497,#5498,#5499,#5500,#5501,
#5502,#5503,#5504,#5505));
#5507=DERIVED_UNIT_ELEMENT(#5509,1.);
#5508=DERIVED_UNIT_ELEMENT(#9428,-3.);
#5509=(
MASS_UNIT()
NAMED_UNIT(*)
SI_UNIT(.KILO.,.GRAM.)
);
#5510=DERIVED_UNIT((#5507,#5508));
#5511=MEASURE_REPRESENTATION_ITEM('density measure',
POSITIVE_RATIO_MEASURE(7850.),#5510);
#5512=PROPERTY_DEFINITION_REPRESENTATION(#5517,#5514);
#5513=PROPERTY_DEFINITION_REPRESENTATION(#5518,#5515);
#5514=REPRESENTATION('material name',(#5516),#9425);
#5515=REPRESENTATION('density',(#5511),#9425);
#5516=DESCRIPTIVE_REPRESENTATION_ITEM('Steel','Steel');
#5517=PROPERTY_DEFINITION('material property','material name',#9445);
#5518=PROPERTY_DEFINITION('material property','density of part',#9445);
#5519=AXIS2_PLACEMENT_3D('',#7111,#5828,#5829);
#5520=AXIS2_PLACEMENT_3D('',#7112,#5830,#5831);
#5521=AXIS2_PLACEMENT_3D('',#7113,#5832,#5833);
#5522=AXIS2_PLACEMENT_3D('',#7114,#5834,#5835);
#5523=AXIS2_PLACEMENT_3D('',#7116,#5836,#5837);
#5524=AXIS2_PLACEMENT_3D('',#7119,#5839,#5840);
#5525=AXIS2_PLACEMENT_3D('',#7120,#5841,#5842);
#5526=AXIS2_PLACEMENT_3D('',#7123,#5843,#5844);
#5527=AXIS2_PLACEMENT_3D('',#7127,#5846,#5847);
#5528=AXIS2_PLACEMENT_3D('',#7129,#5849,#5850);
#5529=AXIS2_PLACEMENT_3D('',#7132,#5851,#5852);
#5530=AXIS2_PLACEMENT_3D('',#7136,#5854,#5855);
#5531=AXIS2_PLACEMENT_3D('',#7138,#5857,#5858);
#5532=AXIS2_PLACEMENT_3D('',#7141,#5859,#5860);
#5533=AXIS2_PLACEMENT_3D('',#7145,#5862,#5863);
#5534=AXIS2_PLACEMENT_3D('',#7147,#5865,#5866);
#5535=AXIS2_PLACEMENT_3D('',#7150,#5867,#5868);
#5536=AXIS2_PLACEMENT_3D('',#7154,#5870,#5871);
#5537=AXIS2_PLACEMENT_3D('',#7156,#5873,#5874);
#5538=AXIS2_PLACEMENT_3D('',#7159,#5875,#5876);
#5539=AXIS2_PLACEMENT_3D('',#7163,#5878,#5879);
#5540=AXIS2_PLACEMENT_3D('',#7165,#5881,#5882);
#5541=AXIS2_PLACEMENT_3D('',#7168,#5883,#5884);
#5542=AXIS2_PLACEMENT_3D('',#7172,#5886,#5887);
#5543=AXIS2_PLACEMENT_3D('',#7174,#5889,#5890);
#5544=AXIS2_PLACEMENT_3D('',#7177,#5891,#5892);
#5545=AXIS2_PLACEMENT_3D('',#7181,#5894,#5895);
#5546=AXIS2_PLACEMENT_3D('',#7183,#5897,#5898);
#5547=AXIS2_PLACEMENT_3D('',#7186,#5899,#5900);
#5548=AXIS2_PLACEMENT_3D('',#7190,#5902,#5903);
#5549=AXIS2_PLACEMENT_3D('',#7192,#5905,#5906);
#5550=AXIS2_PLACEMENT_3D('',#7195,#5907,#5908);
#5551=AXIS2_PLACEMENT_3D('',#7199,#5910,#5911);
#5552=AXIS2_PLACEMENT_3D('',#7201,#5913,#5914);
#5553=AXIS2_PLACEMENT_3D('',#7584,#6022,#6023);
#5554=AXIS2_PLACEMENT_3D('',#7600,#6033,#6034);
#5555=AXIS2_PLACEMENT_3D('',#7616,#6044,#6045);
#5556=AXIS2_PLACEMENT_3D('',#7632,#6055,#6056);
#5557=AXIS2_PLACEMENT_3D('',#7648,#6066,#6067);
#5558=AXIS2_PLACEMENT_3D('',#7664,#6077,#6078);
#5559=AXIS2_PLACEMENT_3D('',#7680,#6088,#6089);
#5560=AXIS2_PLACEMENT_3D('',#7696,#6099,#6100);
#5561=AXIS2_PLACEMENT_3D('',#7712,#6110,#6111);
#5562=AXIS2_PLACEMENT_3D('',#7723,#6118,#6119);
#5563=AXIS2_PLACEMENT_3D('',#7734,#6126,#6127);
#5564=AXIS2_PLACEMENT_3D('',#7740,#6131,#6132);
#5565=AXIS2_PLACEMENT_3D('',#7744,#6135,#6136);
#5566=AXIS2_PLACEMENT_3D('',#7748,#6139,#6140);
#5567=AXIS2_PLACEMENT_3D('',#7754,#6144,#6145);
#5568=AXIS2_PLACEMENT_3D('',#7758,#6148,#6149);
#5569=AXIS2_PLACEMENT_3D('',#7762,#6152,#6153);
#5570=AXIS2_PLACEMENT_3D('',#7768,#6157,#6158);
#5571=AXIS2_PLACEMENT_3D('',#7772,#6161,#6162);
#5572=AXIS2_PLACEMENT_3D('',#7776,#6165,#6166);
#5573=AXIS2_PLACEMENT_3D('',#7782,#6170,#6171);
#5574=AXIS2_PLACEMENT_3D('',#7786,#6174,#6175);
#5575=AXIS2_PLACEMENT_3D('',#7790,#6178,#6179);
#5576=AXIS2_PLACEMENT_3D('',#7796,#6183,#6184);
#5577=AXIS2_PLACEMENT_3D('',#7800,#6187,#6188);
#5578=AXIS2_PLACEMENT_3D('',#7804,#6191,#6192);
#5579=AXIS2_PLACEMENT_3D('',#7810,#6196,#6197);
#5580=AXIS2_PLACEMENT_3D('',#7814,#6200,#6201);
#5581=AXIS2_PLACEMENT_3D('',#7818,#6204,#6205);
#5582=AXIS2_PLACEMENT_3D('',#7824,#6209,#6210);
#5583=AXIS2_PLACEMENT_3D('',#7828,#6213,#6214);
#5584=AXIS2_PLACEMENT_3D('',#7832,#6217,#6218);
#5585=AXIS2_PLACEMENT_3D('',#7838,#6222,#6223);
#5586=AXIS2_PLACEMENT_3D('',#7842,#6226,#6227);
#5587=AXIS2_PLACEMENT_3D('',#7846,#6230,#6231);
#5588=AXIS2_PLACEMENT_3D('',#7855,#6236,#6237);
#5589=AXIS2_PLACEMENT_3D('',#7949,#6289,#6290);
#5590=AXIS2_PLACEMENT_3D('',#7951,#6291,#6292);
#5591=AXIS2_PLACEMENT_3D('',#7955,#6294,#6295);
#5592=AXIS2_PLACEMENT_3D('',#7958,#6297,#6298);
#5593=AXIS2_PLACEMENT_3D('',#7959,#6299,#6300);
#5594=AXIS2_PLACEMENT_3D('',#7978,#6311,#6312);
#5595=AXIS2_PLACEMENT_3D('',#7997,#6323,#6324);
#5596=AXIS2_PLACEMENT_3D('',#8016,#6335,#6336);
#5597=AXIS2_PLACEMENT_3D('',#8035,#6347,#6348);
#5598=AXIS2_PLACEMENT_3D('',#8054,#6359,#6360);
#5599=AXIS2_PLACEMENT_3D('',#8073,#6371,#6372);
#5600=AXIS2_PLACEMENT_3D('',#8092,#6383,#6384);
#5601=AXIS2_PLACEMENT_3D('',#8103,#6391,#6392);
#5602=AXIS2_PLACEMENT_3D('',#8122,#6403,#6404);
#5603=AXIS2_PLACEMENT_3D('',#8133,#6411,#6412);
#5604=AXIS2_PLACEMENT_3D('',#8134,#6413,#6414);
#5605=AXIS2_PLACEMENT_3D('',#8135,#6415,#6416);
#5606=AXIS2_PLACEMENT_3D('',#8141,#6420,#6421);
#5607=AXIS2_PLACEMENT_3D('',#8147,#6425,#6426);
#5608=AXIS2_PLACEMENT_3D('',#8153,#6430,#6431);
#5609=AXIS2_PLACEMENT_3D('',#8162,#6436,#6437);
#5610=AXIS2_PLACEMENT_3D('',#8163,#6438,#6439);
#5611=AXIS2_PLACEMENT_3D('',#8169,#6443,#6444);
#5612=AXIS2_PLACEMENT_3D('',#8171,#6446,#6447);
#5613=AXIS2_PLACEMENT_3D('',#8173,#6449,#6450);
#5614=AXIS2_PLACEMENT_3D('',#8179,#6454,#6455);
#5615=AXIS2_PLACEMENT_3D('',#8181,#6457,#6458);
#5616=AXIS2_PLACEMENT_3D('',#8183,#6460,#6461);
#5617=AXIS2_PLACEMENT_3D('',#8184,#6462,#6463);
#5618=AXIS2_PLACEMENT_3D('',#8185,#6464,#6465);
#5619=AXIS2_PLACEMENT_3D('',#8186,#6466,#6467);
#5620=AXIS2_PLACEMENT_3D('',#8187,#6468,#6469);
#5621=AXIS2_PLACEMENT_3D('',#8193,#6473,#6474);
#5622=AXIS2_PLACEMENT_3D('',#8195,#6476,#6477);
#5623=AXIS2_PLACEMENT_3D('',#8197,#6479,#6480);
#5624=AXIS2_PLACEMENT_3D('',#8203,#6484,#6485);
#5625=AXIS2_PLACEMENT_3D('',#8205,#6487,#6488);
#5626=AXIS2_PLACEMENT_3D('',#8207,#6490,#6491);
#5627=AXIS2_PLACEMENT_3D('',#8208,#6492,#6493);
#5628=AXIS2_PLACEMENT_3D('',#8209,#6494,#6495);
#5629=AXIS2_PLACEMENT_3D('',#8210,#6496,#6497);
#5630=AXIS2_PLACEMENT_3D('',#8216,#6501,#6502);
#5631=AXIS2_PLACEMENT_3D('',#8218,#6504,#6505);
#5632=AXIS2_PLACEMENT_3D('',#8220,#6507,#6508);
#5633=AXIS2_PLACEMENT_3D('',#8226,#6512,#6513);
#5634=AXIS2_PLACEMENT_3D('',#8228,#6515,#6516);
#5635=AXIS2_PLACEMENT_3D('',#8230,#6518,#6519);
#5636=AXIS2_PLACEMENT_3D('',#8231,#6520,#6521);
#5637=AXIS2_PLACEMENT_3D('',#8232,#6522,#6523);
#5638=AXIS2_PLACEMENT_3D('',#8233,#6524,#6525);
#5639=AXIS2_PLACEMENT_3D('',#8239,#6529,#6530);
#5640=AXIS2_PLACEMENT_3D('',#8241,#6532,#6533);
#5641=AXIS2_PLACEMENT_3D('',#8243,#6535,#6536);
#5642=AXIS2_PLACEMENT_3D('',#8249,#6540,#6541);
#5643=AXIS2_PLACEMENT_3D('',#8251,#6543,#6544);
#5644=AXIS2_PLACEMENT_3D('',#8253,#6546,#6547);
#5645=AXIS2_PLACEMENT_3D('',#8254,#6548,#6549);
#5646=AXIS2_PLACEMENT_3D('',#8255,#6550,#6551);
#5647=AXIS2_PLACEMENT_3D('',#8256,#6552,#6553);
#5648=AXIS2_PLACEMENT_3D('',#8262,#6557,#6558);
#5649=AXIS2_PLACEMENT_3D('',#8264,#6560,#6561);
#5650=AXIS2_PLACEMENT_3D('',#8266,#6563,#6564);
#5651=AXIS2_PLACEMENT_3D('',#8272,#6568,#6569);
#5652=AXIS2_PLACEMENT_3D('',#8274,#6571,#6572);
#5653=AXIS2_PLACEMENT_3D('',#8276,#6574,#6575);
#5654=AXIS2_PLACEMENT_3D('',#8277,#6576,#6577);
#5655=AXIS2_PLACEMENT_3D('',#8278,#6578,#6579);
#5656=AXIS2_PLACEMENT_3D('',#8279,#6580,#6581);
#5657=AXIS2_PLACEMENT_3D('',#8285,#6585,#6586);
#5658=AXIS2_PLACEMENT_3D('',#8287,#6588,#6589);
#5659=AXIS2_PLACEMENT_3D('',#8289,#6591,#6592);
#5660=AXIS2_PLACEMENT_3D('',#8295,#6596,#6597);
#5661=AXIS2_PLACEMENT_3D('',#8297,#6599,#6600);
#5662=AXIS2_PLACEMENT_3D('',#8299,#6602,#6603);
#5663=AXIS2_PLACEMENT_3D('',#8300,#6604,#6605);
#5664=AXIS2_PLACEMENT_3D('',#8301,#6606,#6607);
#5665=AXIS2_PLACEMENT_3D('',#8302,#6608,#6609);
#5666=AXIS2_PLACEMENT_3D('',#8308,#6613,#6614);
#5667=AXIS2_PLACEMENT_3D('',#8310,#6616,#6617);
#5668=AXIS2_PLACEMENT_3D('',#8312,#6619,#6620);
#5669=AXIS2_PLACEMENT_3D('',#8318,#6624,#6625);
#5670=AXIS2_PLACEMENT_3D('',#8320,#6627,#6628);
#5671=AXIS2_PLACEMENT_3D('',#8322,#6630,#6631);
#5672=AXIS2_PLACEMENT_3D('',#8323,#6632,#6633);
#5673=AXIS2_PLACEMENT_3D('',#8324,#6634,#6635);
#5674=AXIS2_PLACEMENT_3D('',#8325,#6636,#6637);
#5675=AXIS2_PLACEMENT_3D('',#8331,#6641,#6642);
#5676=AXIS2_PLACEMENT_3D('',#8333,#6644,#6645);
#5677=AXIS2_PLACEMENT_3D('',#8335,#6647,#6648);
#5678=AXIS2_PLACEMENT_3D('',#8341,#6652,#6653);
#5679=AXIS2_PLACEMENT_3D('',#8343,#6655,#6656);
#5680=AXIS2_PLACEMENT_3D('',#8345,#6658,#6659);
#5681=AXIS2_PLACEMENT_3D('',#8346,#6660,#6661);
#5682=AXIS2_PLACEMENT_3D('',#8347,#6662,#6663);
#5683=AXIS2_PLACEMENT_3D('',#8348,#6664,#6665);
#5684=AXIS2_PLACEMENT_3D('',#8354,#6669,#6670);
#5685=AXIS2_PLACEMENT_3D('',#8356,#6672,#6673);
#5686=AXIS2_PLACEMENT_3D('',#8358,#6675,#6676);
#5687=AXIS2_PLACEMENT_3D('',#8364,#6680,#6681);
#5688=AXIS2_PLACEMENT_3D('',#8366,#6683,#6684);
#5689=AXIS2_PLACEMENT_3D('',#8368,#6686,#6687);
#5690=AXIS2_PLACEMENT_3D('',#8369,#6688,#6689);
#5691=AXIS2_PLACEMENT_3D('',#8370,#6690,#6691);
#5692=AXIS2_PLACEMENT_3D('',#8371,#6692,#6693);
#5693=AXIS2_PLACEMENT_3D('',#8372,#6694,#6695);
#5694=AXIS2_PLACEMENT_3D('',#8373,#6696,#6697);
#5695=AXIS2_PLACEMENT_3D('',#8374,#6698,#6699);
#5696=AXIS2_PLACEMENT_3D('',#8375,#6700,#6701);
#5697=AXIS2_PLACEMENT_3D('',#8376,#6702,#6703);
#5698=AXIS2_PLACEMENT_3D('',#8377,#6704,#6705);
#5699=AXIS2_PLACEMENT_3D('',#8378,#6706,#6707);
#5700=AXIS2_PLACEMENT_3D('',#8379,#6708,#6709);
#5701=AXIS2_PLACEMENT_3D('',#8380,#6710,#6711);
#5702=AXIS2_PLACEMENT_3D('',#8381,#6712,#6713);
#5703=AXIS2_PLACEMENT_3D('',#8382,#6714,#6715);
#5704=AXIS2_PLACEMENT_3D('',#8383,#6716,#6717);
#5705=AXIS2_PLACEMENT_3D('',#8384,#6718,#6719);
#5706=AXIS2_PLACEMENT_3D('',#8385,#6720,#6721);
#5707=AXIS2_PLACEMENT_3D('',#8386,#6722,#6723);
#5708=AXIS2_PLACEMENT_3D('',#8387,#6724,#6725);
#5709=AXIS2_PLACEMENT_3D('',#8393,#6729,#6730);
#5710=AXIS2_PLACEMENT_3D('',#8395,#6732,#6733);
#5711=AXIS2_PLACEMENT_3D('',#8397,#6735,#6736);
#5712=AXIS2_PLACEMENT_3D('',#8403,#6740,#6741);
#5713=AXIS2_PLACEMENT_3D('',#8405,#6743,#6744);
#5714=AXIS2_PLACEMENT_3D('',#8407,#6746,#6747);
#5715=AXIS2_PLACEMENT_3D('',#8408,#6748,#6749);
#5716=AXIS2_PLACEMENT_3D('',#8414,#6753,#6754);
#5717=AXIS2_PLACEMENT_3D('',#8416,#6756,#6757);
#5718=AXIS2_PLACEMENT_3D('',#8418,#6759,#6760);
#5719=AXIS2_PLACEMENT_3D('',#8419,#6761,#6762);
#5720=AXIS2_PLACEMENT_3D('',#8425,#6766,#6767);
#5721=AXIS2_PLACEMENT_3D('',#8427,#6769,#6770);
#5722=AXIS2_PLACEMENT_3D('',#8429,#6772,#6773);
#5723=AXIS2_PLACEMENT_3D('',#8430,#6774,#6775);
#5724=AXIS2_PLACEMENT_3D('',#8436,#6779,#6780);
#5725=AXIS2_PLACEMENT_3D('',#8438,#6782,#6783);
#5726=AXIS2_PLACEMENT_3D('',#8440,#6785,#6786);
#5727=AXIS2_PLACEMENT_3D('',#8441,#6787,#6788);
#5728=AXIS2_PLACEMENT_3D('',#8447,#6792,#6793);
#5729=AXIS2_PLACEMENT_3D('',#8449,#6795,#6796);
#5730=AXIS2_PLACEMENT_3D('',#8451,#6798,#6799);
#5731=AXIS2_PLACEMENT_3D('',#8452,#6800,#6801);
#5732=AXIS2_PLACEMENT_3D('',#8458,#6805,#6806);
#5733=AXIS2_PLACEMENT_3D('',#8460,#6808,#6809);
#5734=AXIS2_PLACEMENT_3D('',#8462,#6811,#6812);
#5735=AXIS2_PLACEMENT_3D('',#8463,#6813,#6814);
#5736=AXIS2_PLACEMENT_3D('',#8469,#6818,#6819);
#5737=AXIS2_PLACEMENT_3D('',#8471,#6821,#6822);
#5738=AXIS2_PLACEMENT_3D('',#8473,#6824,#6825);
#5739=AXIS2_PLACEMENT_3D('',#8474,#6826,#6827);
#5740=AXIS2_PLACEMENT_3D('',#8480,#6831,#6832);
#5741=AXIS2_PLACEMENT_3D('',#8482,#6834,#6835);
#5742=AXIS2_PLACEMENT_3D('',#8484,#6837,#6838);
#5743=AXIS2_PLACEMENT_3D('',#8485,#6839,#6840);
#5744=AXIS2_PLACEMENT_3D('',#8491,#6844,#6845);
#5745=AXIS2_PLACEMENT_3D('',#8493,#6847,#6848);
#5746=AXIS2_PLACEMENT_3D('',#8495,#6850,#6851);
#5747=AXIS2_PLACEMENT_3D('',#8496,#6852,#6853);
#5748=AXIS2_PLACEMENT_3D('',#8497,#6854,#6855);
#5749=AXIS2_PLACEMENT_3D('',#8498,#6856,#6857);
#5750=AXIS2_PLACEMENT_3D('',#8499,#6858,#6859);
#5751=AXIS2_PLACEMENT_3D('',#8500,#6860,#6861);
#5752=AXIS2_PLACEMENT_3D('',#8501,#6862,#6863);
#5753=AXIS2_PLACEMENT_3D('',#8502,#6864,#6865);
#5754=AXIS2_PLACEMENT_3D('',#8503,#6866,#6867);
#5755=AXIS2_PLACEMENT_3D('',#8504,#6868,#6869);
#5756=AXIS2_PLACEMENT_3D('',#8505,#6870,#6871);
#5757=AXIS2_PLACEMENT_3D('',#8506,#6872,#6873);
#5758=AXIS2_PLACEMENT_3D('',#8507,#6874,#6875);
#5759=AXIS2_PLACEMENT_3D('',#8508,#6876,#6877);
#5760=AXIS2_PLACEMENT_3D('',#8509,#6878,#6879);
#5761=AXIS2_PLACEMENT_3D('',#8510,#6880,#6881);
#5762=AXIS2_PLACEMENT_3D('',#8511,#6882,#6883);
#5763=AXIS2_PLACEMENT_3D('',#8512,#6884,#6885);
#5764=AXIS2_PLACEMENT_3D('',#8513,#6886,#6887);
#5765=AXIS2_PLACEMENT_3D('',#8514,#6888,#6889);
#5766=AXIS2_PLACEMENT_3D('',#8515,#6890,#6891);
#5767=AXIS2_PLACEMENT_3D('',#8516,#6892,#6893);
#5768=AXIS2_PLACEMENT_3D('',#8517,#6894,#6895);
#5769=AXIS2_PLACEMENT_3D('',#8518,#6896,#6897);
#5770=AXIS2_PLACEMENT_3D('',#8519,#6898,#6899);
#5771=AXIS2_PLACEMENT_3D('',#8520,#6900,#6901);
#5772=AXIS2_PLACEMENT_3D('',#8521,#6902,#6903);
#5773=AXIS2_PLACEMENT_3D('',#8522,#6904,#6905);
#5774=AXIS2_PLACEMENT_3D('',#8523,#6906,#6907);
#5775=AXIS2_PLACEMENT_3D('',#8524,#6908,#6909);
#5776=AXIS2_PLACEMENT_3D('',#8525,#6910,#6911);
#5777=AXIS2_PLACEMENT_3D('',#8526,#6912,#6913);
#5778=AXIS2_PLACEMENT_3D('',#8527,#6914,#6915);
#5779=AXIS2_PLACEMENT_3D('',#8528,#6916,#6917);
#5780=AXIS2_PLACEMENT_3D('',#8529,#6918,#6919);
#5781=AXIS2_PLACEMENT_3D('',#8530,#6920,#6921);
#5782=AXIS2_PLACEMENT_3D('',#8536,#6925,#6926);
#5783=AXIS2_PLACEMENT_3D('',#8540,#6929,#6930);
#5784=AXIS2_PLACEMENT_3D('',#8544,#6933,#6934);
#5785=AXIS2_PLACEMENT_3D('',#8548,#6937,#6938);
#5786=AXIS2_PLACEMENT_3D('',#8552,#6941,#6942);
#5787=AXIS2_PLACEMENT_3D('',#8556,#6945,#6946);
#5788=AXIS2_PLACEMENT_3D('',#8560,#6949,#6950);
#5789=AXIS2_PLACEMENT_3D('',#8562,#6952,#6953);
#5790=AXIS2_PLACEMENT_3D('',#8587,#6958,#6959);
#5791=AXIS2_PLACEMENT_3D('',#8593,#6963,#6964);
#5792=AXIS2_PLACEMENT_3D('',#8620,#6968,#6969);
#5793=AXIS2_PLACEMENT_3D('',#8647,#6973,#6974);
#5794=AXIS2_PLACEMENT_3D('',#8649,#6976,#6977);
#5795=AXIS2_PLACEMENT_3D('',#8655,#6981,#6982);
#5796=AXIS2_PLACEMENT_3D('',#8659,#6985,#6986);
#5797=AXIS2_PLACEMENT_3D('',#8779,#6990,#6991);
#5798=AXIS2_PLACEMENT_3D('',#8826,#6995,#6996);
#5799=AXIS2_PLACEMENT_3D('',#8950,#7002,#7003);
#5800=AXIS2_PLACEMENT_3D('',#8954,#7006,#7007);
#5801=AXIS2_PLACEMENT_3D('',#8956,#7009,#7010);
#5802=AXIS2_PLACEMENT_3D('',#8962,#7014,#7015);
#5803=AXIS2_PLACEMENT_3D('',#8966,#7018,#7019);
#5804=AXIS2_PLACEMENT_3D('',#8970,#7022,#7023);
#5805=AXIS2_PLACEMENT_3D('',#8974,#7026,#7027);
#5806=AXIS2_PLACEMENT_3D('',#8978,#7030,#7031);
#5807=AXIS2_PLACEMENT_3D('',#8982,#7034,#7035);
#5808=AXIS2_PLACEMENT_3D('',#8986,#7038,#7039);
#5809=AXIS2_PLACEMENT_3D('',#8990,#7042,#7043);
#5810=AXIS2_PLACEMENT_3D('',#8994,#7046,#7047);
#5811=AXIS2_PLACEMENT_3D('',#8998,#7050,#7051);
#5812=AXIS2_PLACEMENT_3D('',#9002,#7054,#7055);
#5813=AXIS2_PLACEMENT_3D('',#9004,#7057,#7058);
#5814=AXIS2_PLACEMENT_3D('',#9005,#7059,#7060);
#5815=AXIS2_PLACEMENT_3D('',#9199,#7068,#7069);
#5816=AXIS2_PLACEMENT_3D('',#9389,#7075,#7076);
#5817=AXIS2_PLACEMENT_3D('',#9390,#7077,#7078);
#5818=AXIS2_PLACEMENT_3D('',#9396,#7082,#7083);
#5819=AXIS2_PLACEMENT_3D('',#9400,#7086,#7087);
#5820=AXIS2_PLACEMENT_3D('',#9404,#7090,#7091);
#5821=AXIS2_PLACEMENT_3D('',#9408,#7094,#7095);
#5822=AXIS2_PLACEMENT_3D('',#9412,#7098,#7099);
#5823=AXIS2_PLACEMENT_3D('',#9414,#7101,#7102);
#5824=AXIS2_PLACEMENT_3D('',#9415,#7103,#7104);
#5825=AXIS2_PLACEMENT_3D('',#9416,#7105,#7106);
#5826=AXIS2_PLACEMENT_3D('',#9417,#7107,#7108);
#5827=AXIS2_PLACEMENT_3D('',#9418,#7109,#7110);
#5828=DIRECTION('axis',(0.,0.,1.));
#5829=DIRECTION('refdir',(1.,0.,0.));
#5830=DIRECTION('axis',(0.,0.,1.));
#5831=DIRECTION('refdir',(1.,0.,0.));
#5832=DIRECTION('axis',(0.,0.,1.));
#5833=DIRECTION('refdir',(1.,0.,0.));
#5834=DIRECTION('center_axis',(0.,0.,1.));
#5835=DIRECTION('ref_axis',(1.,0.,0.));
#5836=DIRECTION('center_axis',(0.,0.,1.));
#5837=DIRECTION('ref_axis',(1.,0.,0.));
#5838=DIRECTION('',(0.,0.,1.));
#5839=DIRECTION('center_axis',(0.,0.,1.));
#5840=DIRECTION('ref_axis',(1.,0.,0.));
#5841=DIRECTION('center_axis',(0.,0.,1.));
#5842=DIRECTION('ref_axis',(1.,0.,0.));
#5843=DIRECTION('center_axis',(0.,0.,-1.));
#5844=DIRECTION('ref_axis',(-1.,0.,0.));
#5845=DIRECTION('',(0.,0.,1.));
#5846=DIRECTION('center_axis',(0.,0.,-1.));
#5847=DIRECTION('ref_axis',(-1.,0.,0.));
#5848=DIRECTION('',(0.,0.,-1.));
#5849=DIRECTION('center_axis',(0.,0.,1.));
#5850=DIRECTION('ref_axis',(1.,0.,0.));
#5851=DIRECTION('center_axis',(0.,0.,-1.));
#5852=DIRECTION('ref_axis',(-1.,0.,0.));
#5853=DIRECTION('',(0.,0.,1.));
#5854=DIRECTION('center_axis',(0.,0.,-1.));
#5855=DIRECTION('ref_axis',(-1.,0.,0.));
#5856=DIRECTION('',(0.,0.,-1.));
#5857=DIRECTION('center_axis',(0.,0.,1.));
#5858=DIRECTION('ref_axis',(1.,0.,0.));
#5859=DIRECTION('center_axis',(0.,0.,-1.));
#5860=DIRECTION('ref_axis',(-1.,0.,0.));
#5861=DIRECTION('',(0.,0.,1.));
#5862=DIRECTION('center_axis',(0.,0.,-1.));
#5863=DIRECTION('ref_axis',(-1.,0.,0.));
#5864=DIRECTION('',(0.,0.,-1.));
#5865=DIRECTION('center_axis',(0.,0.,1.));
#5866=DIRECTION('ref_axis',(1.,0.,0.));
#5867=DIRECTION('center_axis',(0.,0.,-1.));
#5868=DIRECTION('ref_axis',(-1.,0.,0.));
#5869=DIRECTION('',(0.,0.,1.));
#5870=DIRECTION('center_axis',(0.,0.,-1.));
#5871=DIRECTION('ref_axis',(-1.,0.,0.));
#5872=DIRECTION('',(0.,0.,-1.));
#5873=DIRECTION('center_axis',(0.,0.,1.));
#5874=DIRECTION('ref_axis',(1.,0.,0.));
#5875=DIRECTION('center_axis',(0.,0.,-1.));
#5876=DIRECTION('ref_axis',(-1.,0.,0.));
#5877=DIRECTION('',(0.,0.,1.));
#5878=DIRECTION('center_axis',(0.,0.,-1.));
#5879=DIRECTION('ref_axis',(-1.,0.,0.));
#5880=DIRECTION('',(0.,0.,-1.));
#5881=DIRECTION('center_axis',(0.,0.,1.));
#5882=DIRECTION('ref_axis',(1.,0.,0.));
#5883=DIRECTION('center_axis',(0.,0.,-1.));
#5884=DIRECTION('ref_axis',(-1.,0.,0.));
#5885=DIRECTION('',(0.,0.,1.));
#5886=DIRECTION('center_axis',(0.,0.,-1.));
#5887=DIRECTION('ref_axis',(-1.,0.,0.));
#5888=DIRECTION('',(0.,0.,-1.));
#5889=DIRECTION('center_axis',(0.,0.,1.));
#5890=DIRECTION('ref_axis',(1.,0.,0.));
#5891=DIRECTION('center_axis',(0.,0.,-1.));
#5892=DIRECTION('ref_axis',(-1.,0.,0.));
#5893=DIRECTION('',(0.,0.,1.));
#5894=DIRECTION('center_axis',(0.,0.,-1.));
#5895=DIRECTION('ref_axis',(-1.,0.,0.));
#5896=DIRECTION('',(0.,0.,-1.));
#5897=DIRECTION('center_axis',(0.,0.,1.));
#5898=DIRECTION('ref_axis',(1.,0.,0.));
#5899=DIRECTION('center_axis',(0.,0.,-1.));
#5900=DIRECTION('ref_axis',(-1.,0.,0.));
#5901=DIRECTION('',(0.,0.,1.));
#5902=DIRECTION('center_axis',(0.,0.,-1.));
#5903=DIRECTION('ref_axis',(-1.,0.,0.));
#5904=DIRECTION('',(0.,0.,-1.));
#5905=DIRECTION('center_axis',(0.,0.,1.));
#5906=DIRECTION('ref_axis',(1.,0.,0.));
#5907=DIRECTION('center_axis',(0.,0.,-1.));
#5908=DIRECTION('ref_axis',(-1.,0.,0.));
#5909=DIRECTION('',(0.,0.,1.));
#5910=DIRECTION('center_axis',(0.,0.,-1.));
#5911=DIRECTION('ref_axis',(-1.,0.,0.));
#5912=DIRECTION('',(0.,0.,-1.));
#5913=DIRECTION('center_axis',(0.,0.,1.));
#5914=DIRECTION('ref_axis',(1.,0.,0.));
#5915=DIRECTION('',(-1.,-9.035018104045E-17,0.));
#5916=DIRECTION('',(0.,-1.,0.));
#5917=DIRECTION('',(1.,9.035018104045E-17,0.));
#5918=DIRECTION('',(0.,-1.,0.));
#5919=DIRECTION('',(-1.,0.,0.));
#5920=DIRECTION('',(-8.587739980083E-17,1.,0.));
#5921=DIRECTION('',(-1.,9.035018104045E-17,0.));
#5922=DIRECTION('',(0.,-1.,0.));
#5923=DIRECTION('',(1.,-9.035018104045E-17,0.));
#5924=DIRECTION('',(-8.587739980083E-17,1.,0.));
#5925=DIRECTION('',(-1.,9.035018104045E-17,0.));
#5926=DIRECTION('',(0.,-1.,0.));
#5927=DIRECTION('',(1.,-9.035018104045E-17,0.));
#5928=DIRECTION('',(-8.587739980083E-17,1.,0.));
#5929=DIRECTION('',(-1.,9.035018104045E-17,0.));
#5930=DIRECTION('',(0.,-1.,0.));
#5931=DIRECTION('',(1.,-9.035018104045E-17,0.));
#5932=DIRECTION('',(-8.587739980083E-17,1.,0.));
#5933=DIRECTION('',(-1.,9.035018104045E-17,0.));
#5934=DIRECTION('',(0.,-1.,0.));
#5935=DIRECTION('',(1.,-9.035018104045E-17,0.));
#5936=DIRECTION('',(-8.587739980083E-17,1.,0.));
#5937=DIRECTION('',(-1.,9.035018104045E-17,0.));
#5938=DIRECTION('',(0.,-1.,0.));
#5939=DIRECTION('',(1.,-9.035018104045E-17,0.));
#5940=DIRECTION('',(-8.587739980083E-17,1.,0.));
#5941=DIRECTION('',(-1.,9.035018104045E-17,0.));
#5942=DIRECTION('',(0.,-1.,0.));
#5943=DIRECTION('',(1.,-9.035018104045E-17,0.));
#5944=DIRECTION('',(-8.587739980083E-17,1.,0.));
#5945=DIRECTION('',(-1.,9.035018104045E-17,0.));
#5946=DIRECTION('',(0.,-1.,0.));
#5947=DIRECTION('',(1.,-9.035018104045E-17,0.));
#5948=DIRECTION('',(-8.587739980083E-17,1.,0.));
#5949=DIRECTION('',(-1.,9.035018104045E-17,0.));
#5950=DIRECTION('',(0.,-1.,0.));
#5951=DIRECTION('',(1.,-9.035018104045E-17,0.));
#5952=DIRECTION('',(-8.587739980083E-17,1.,0.));
#5953=DIRECTION('',(-1.,9.035018104045E-17,0.));
#5954=DIRECTION('',(0.,-1.,0.));
#5955=DIRECTION('',(1.,-9.035018104045E-17,0.));
#5956=DIRECTION('',(-8.587739980083E-17,1.,0.));
#5957=DIRECTION('',(1.,0.,0.));
#5958=DIRECTION('',(0.,-1.,0.));
#5959=DIRECTION('',(-1.,-9.035018104045E-17,0.));
#5960=DIRECTION('',(0.,-1.,0.));
#5961=DIRECTION('',(1.,9.035018104045E-17,0.));
#5962=DIRECTION('',(0.,-1.,0.));
#5963=DIRECTION('',(-1.,-9.035018104045E-17,0.));
#5964=DIRECTION('',(0.,-1.,0.));
#5965=DIRECTION('',(1.,9.035018104045E-17,0.));
#5966=DIRECTION('',(0.,-1.,0.));
#5967=DIRECTION('',(-1.,-9.035018104045E-17,0.));
#5968=DIRECTION('',(0.,-1.,0.));
#5969=DIRECTION('',(1.,9.035018104045E-17,0.));
#5970=DIRECTION('',(0.,-1.,0.));
#5971=DIRECTION('',(-1.,-9.035018104045E-17,0.));
#5972=DIRECTION('',(0.,-1.,0.));
#5973=DIRECTION('',(1.,9.035018104045E-17,0.));
#5974=DIRECTION('',(0.,-1.,0.));
#5975=DIRECTION('',(-1.,-9.035018104045E-17,0.));
#5976=DIRECTION('',(0.,-1.,0.));
#5977=DIRECTION('',(1.,9.035018104045E-17,0.));
#5978=DIRECTION('',(0.,-1.,0.));
#5979=DIRECTION('',(-1.,-9.035018104045E-17,0.));
#5980=DIRECTION('',(0.,-1.,0.));
#5981=DIRECTION('',(1.,9.035018104045E-17,0.));
#5982=DIRECTION('',(0.,-1.,0.));
#5983=DIRECTION('',(-1.,-9.035018104045E-17,0.));
#5984=DIRECTION('',(0.,-1.,0.));
#5985=DIRECTION('',(1.,9.035018104045E-17,0.));
#5986=DIRECTION('',(0.,-1.,0.));
#5987=DIRECTION('',(-1.,-9.035018104045E-17,0.));
#5988=DIRECTION('',(0.,-1.,0.));
#5989=DIRECTION('',(1.,9.035018104045E-17,0.));
#5990=DIRECTION('',(0.,-1.,0.));
#5991=DIRECTION('',(-0.363542485652114,-0.931577619485292,0.));
#5992=DIRECTION('',(1.,0.,0.));
#5993=DIRECTION('',(0.339330377274274,0.940667260543758,0.));
#5994=DIRECTION('',(1.,0.,0.));
#5995=DIRECTION('',(0.322202485606089,-0.946670776072261,0.));
#5996=DIRECTION('',(1.,0.,0.));
#5997=DIRECTION('',(-0.353622392329054,0.935388263580144,0.));
#5998=DIRECTION('',(-1.,0.,0.));
#5999=DIRECTION('',(0.,-1.,0.));
#6000=DIRECTION('',(1.,0.,0.));
#6001=DIRECTION('',(0.,1.,0.));
#6002=DIRECTION('',(-1.,0.,0.));
#6003=DIRECTION('',(0.,-1.,0.));
#6004=DIRECTION('',(1.,0.,0.));
#6005=DIRECTION('',(0.,-1.,0.));
#6006=DIRECTION('',(-1.,0.,0.));
#6007=DIRECTION('',(0.,-1.,0.));
#6008=DIRECTION('',(1.,0.,0.));
#6009=DIRECTION('',(0.,-1.,0.));
#6010=DIRECTION('',(-1.,0.,0.));
#6011=DIRECTION('',(0.,-1.,0.));
#6012=DIRECTION('',(1.,0.,0.));
#6013=DIRECTION('',(0.,1.,0.));
#6014=DIRECTION('',(-1.,0.,0.));
#6015=DIRECTION('',(0.,-1.,0.));
#6016=DIRECTION('',(-1.,0.,0.));
#6017=DIRECTION('',(0.,-1.,0.));
#6018=DIRECTION('',(0.,-1.,0.));
#6019=DIRECTION('',(1.,0.,0.));
#6020=DIRECTION('',(0.,1.,0.));
#6021=DIRECTION('',(-1.,0.,0.));
#6022=DIRECTION('center_axis',(1.,0.,0.));
#6023=DIRECTION('ref_axis',(0.,0.,-1.));
#6024=DIRECTION('',(0.,-1.,0.));
#6025=DIRECTION('',(0.,0.,-1.));
#6026=DIRECTION('',(0.,-1.,0.));
#6027=DIRECTION('',(0.,0.,-1.));
#6028=DIRECTION('',(0.,-1.,0.));
#6029=DIRECTION('',(0.,-1.,0.));
#6030=DIRECTION('',(0.,0.,-1.));
#6031=DIRECTION('',(0.,0.,-1.));
#6032=DIRECTION('',(0.,-1.,0.));
#6033=DIRECTION('center_axis',(1.,0.,0.));
#6034=DIRECTION('ref_axis',(0.,0.,-1.));
#6035=DIRECTION('',(0.,-1.,0.));
#6036=DIRECTION('',(0.,0.,-1.));
#6037=DIRECTION('',(0.,0.,-1.));
#6038=DIRECTION('',(0.,-1.,0.));
#6039=DIRECTION('',(0.,-1.,0.));
#6040=DIRECTION('',(0.,0.,-1.));
#6041=DIRECTION('',(0.,-1.,0.));
#6042=DIRECTION('',(0.,0.,-1.));
#6043=DIRECTION('',(0.,-1.,0.));
#6044=DIRECTION('center_axis',(1.,0.,0.));
#6045=DIRECTION('ref_axis',(0.,0.,-1.));
#6046=DIRECTION('',(0.,-1.,0.));
#6047=DIRECTION('',(0.,0.,-1.));
#6048=DIRECTION('',(0.,0.,-1.));
#6049=DIRECTION('',(0.,-1.,0.));
#6050=DIRECTION('',(0.,-1.,0.));
#6051=DIRECTION('',(0.,0.,-1.));
#6052=DIRECTION('',(0.,-1.,0.));
#6053=DIRECTION('',(0.,0.,-1.));
#6054=DIRECTION('',(0.,-1.,0.));
#6055=DIRECTION('center_axis',(1.,0.,0.));
#6056=DIRECTION('ref_axis',(0.,0.,-1.));
#6057=DIRECTION('',(0.,-1.,0.));
#6058=DIRECTION('',(0.,0.,-1.));
#6059=DIRECTION('',(0.,0.,-1.));
#6060=DIRECTION('',(0.,-1.,0.));
#6061=DIRECTION('',(0.,-1.,0.));
#6062=DIRECTION('',(0.,0.,-1.));
#6063=DIRECTION('',(0.,-1.,0.));
#6064=DIRECTION('',(0.,0.,-1.));
#6065=DIRECTION('',(0.,-1.,0.));
#6066=DIRECTION('center_axis',(1.,0.,0.));
#6067=DIRECTION('ref_axis',(0.,0.,-1.));
#6068=DIRECTION('',(0.,-1.,0.));
#6069=DIRECTION('',(0.,0.,-1.));
#6070=DIRECTION('',(0.,0.,-1.));
#6071=DIRECTION('',(0.,-1.,0.));
#6072=DIRECTION('',(0.,-1.,0.));
#6073=DIRECTION('',(0.,0.,-1.));
#6074=DIRECTION('',(0.,-1.,0.));
#6075=DIRECTION('',(0.,0.,-1.));
#6076=DIRECTION('',(0.,-1.,0.));
#6077=DIRECTION('center_axis',(1.,0.,0.));
#6078=DIRECTION('ref_axis',(0.,0.,-1.));
#6079=DIRECTION('',(0.,-1.,0.));
#6080=DIRECTION('',(0.,0.,-1.));
#6081=DIRECTION('',(0.,0.,-1.));
#6082=DIRECTION('',(0.,-1.,0.));
#6083=DIRECTION('',(0.,-1.,0.));
#6084=DIRECTION('',(0.,0.,-1.));
#6085=DIRECTION('',(0.,-1.,0.));
#6086=DIRECTION('',(0.,0.,-1.));
#6087=DIRECTION('',(0.,-1.,0.));
#6088=DIRECTION('center_axis',(1.,0.,0.));
#6089=DIRECTION('ref_axis',(0.,0.,-1.));
#6090=DIRECTION('',(0.,-1.,0.));
#6091=DIRECTION('',(0.,0.,-1.));
#6092=DIRECTION('',(0.,0.,-1.));
#6093=DIRECTION('',(0.,-1.,0.));
#6094=DIRECTION('',(0.,-1.,0.));
#6095=DIRECTION('',(0.,0.,-1.));
#6096=DIRECTION('',(0.,-1.,0.));
#6097=DIRECTION('',(0.,0.,-1.));
#6098=DIRECTION('',(0.,-1.,0.));
#6099=DIRECTION('center_axis',(1.,0.,0.));
#6100=DIRECTION('ref_axis',(0.,0.,-1.));
#6101=DIRECTION('',(0.,-1.,0.));
#6102=DIRECTION('',(0.,0.,-1.));
#6103=DIRECTION('',(0.,0.,-1.));
#6104=DIRECTION('',(0.,-1.,0.));
#6105=DIRECTION('',(0.,-1.,0.));
#6106=DIRECTION('',(0.,0.,-1.));
#6107=DIRECTION('',(0.,-1.,0.));
#6108=DIRECTION('',(0.,0.,-1.));
#6109=DIRECTION('',(0.,-1.,0.));
#6110=DIRECTION('center_axis',(1.,0.,0.));
#6111=DIRECTION('ref_axis',(0.,0.,-1.));
#6112=DIRECTION('',(0.,-1.,0.));
#6113=DIRECTION('',(0.,0.,-1.));
#6114=DIRECTION('',(0.,0.,-1.));
#6115=DIRECTION('',(0.,-1.,0.));
#6116=DIRECTION('',(0.,0.,-1.));
#6117=DIRECTION('',(0.,-1.,0.));
#6118=DIRECTION('center_axis',(1.,0.,0.));
#6119=DIRECTION('ref_axis',(0.,0.,-1.));
#6120=DIRECTION('',(0.,-1.,0.));
#6121=DIRECTION('',(0.,0.,-1.));
#6122=DIRECTION('',(0.,-1.,0.));
#6123=DIRECTION('',(0.,0.,-1.));
#6124=DIRECTION('',(0.,0.,-1.));
#6125=DIRECTION('',(0.,-1.,0.));
#6126=DIRECTION('center_axis',(0.,0.,1.));
#6127=DIRECTION('ref_axis',(-1.,0.,0.));
#6128=DIRECTION('',(1.,9.035018104045E-17,0.));
#6129=DIRECTION('',(0.,1.,0.));
#6130=DIRECTION('',(-1.,-9.035018104045E-17,0.));
#6131=DIRECTION('center_axis',(9.035018104045E-17,-1.,0.));
#6132=DIRECTION('ref_axis',(1.,9.035018104045E-17,0.));
#6133=DIRECTION('',(0.,0.,1.));
#6134=DIRECTION('',(1.,9.035018104045E-17,0.));
#6135=DIRECTION('center_axis',(-9.035018104045E-17,1.,0.));
#6136=DIRECTION('ref_axis',(-1.,-9.035018104045E-17,0.));
#6137=DIRECTION('',(0.,0.,1.));
#6138=DIRECTION('',(-1.,-9.035018104045E-17,0.));
#6139=DIRECTION('center_axis',(0.,0.,1.));
#6140=DIRECTION('ref_axis',(-1.,0.,0.));
#6141=DIRECTION('',(1.,9.035018104045E-17,0.));
#6142=DIRECTION('',(0.,1.,0.));
#6143=DIRECTION('',(-1.,-9.035018104045E-17,0.));
#6144=DIRECTION('center_axis',(9.035018104045E-17,-1.,0.));
#6145=DIRECTION('ref_axis',(1.,9.035018104045E-17,0.));
#6146=DIRECTION('',(0.,0.,1.));
#6147=DIRECTION('',(1.,9.035018104045E-17,0.));
#6148=DIRECTION('center_axis',(-9.035018104045E-17,1.,0.));
#6149=DIRECTION('ref_axis',(-1.,-9.035018104045E-17,0.));
#6150=DIRECTION('',(0.,0.,1.));
#6151=DIRECTION('',(-1.,-9.035018104045E-17,0.));
#6152=DIRECTION('center_axis',(0.,0.,1.));
#6153=DIRECTION('ref_axis',(-1.,0.,0.));
#6154=DIRECTION('',(1.,9.035018104045E-17,0.));
#6155=DIRECTION('',(0.,1.,0.));
#6156=DIRECTION('',(-1.,-9.035018104045E-17,0.));
#6157=DIRECTION('center_axis',(9.035018104045E-17,-1.,0.));
#6158=DIRECTION('ref_axis',(1.,9.035018104045E-17,0.));
#6159=DIRECTION('',(0.,0.,1.));
#6160=DIRECTION('',(1.,9.035018104045E-17,0.));
#6161=DIRECTION('center_axis',(-9.035018104045E-17,1.,0.));
#6162=DIRECTION('ref_axis',(-1.,-9.035018104045E-17,0.));
#6163=DIRECTION('',(0.,0.,1.));
#6164=DIRECTION('',(-1.,-9.035018104045E-17,0.));
#6165=DIRECTION('center_axis',(0.,0.,1.));
#6166=DIRECTION('ref_axis',(-1.,0.,0.));
#6167=DIRECTION('',(1.,9.035018104045E-17,0.));
#6168=DIRECTION('',(0.,1.,0.));
#6169=DIRECTION('',(-1.,-9.035018104045E-17,0.));
#6170=DIRECTION('center_axis',(9.035018104045E-17,-1.,0.));
#6171=DIRECTION('ref_axis',(1.,9.035018104045E-17,0.));
#6172=DIRECTION('',(0.,0.,1.));
#6173=DIRECTION('',(1.,9.035018104045E-17,0.));
#6174=DIRECTION('center_axis',(-9.035018104045E-17,1.,0.));
#6175=DIRECTION('ref_axis',(-1.,-9.035018104045E-17,0.));
#6176=DIRECTION('',(0.,0.,1.));
#6177=DIRECTION('',(-1.,-9.035018104045E-17,0.));
#6178=DIRECTION('center_axis',(0.,0.,1.));
#6179=DIRECTION('ref_axis',(-1.,0.,0.));
#6180=DIRECTION('',(1.,9.035018104045E-17,0.));
#6181=DIRECTION('',(0.,1.,0.));
#6182=DIRECTION('',(-1.,-9.035018104045E-17,0.));
#6183=DIRECTION('center_axis',(9.035018104045E-17,-1.,0.));
#6184=DIRECTION('ref_axis',(1.,9.035018104045E-17,0.));
#6185=DIRECTION('',(0.,0.,1.));
#6186=DIRECTION('',(1.,9.035018104045E-17,0.));
#6187=DIRECTION('center_axis',(-9.035018104045E-17,1.,0.));
#6188=DIRECTION('ref_axis',(-1.,-9.035018104045E-17,0.));
#6189=DIRECTION('',(0.,0.,1.));
#6190=DIRECTION('',(-1.,-9.035018104045E-17,0.));
#6191=DIRECTION('center_axis',(0.,0.,1.));
#6192=DIRECTION('ref_axis',(-1.,0.,0.));
#6193=DIRECTION('',(1.,9.035018104045E-17,0.));
#6194=DIRECTION('',(0.,1.,0.));
#6195=DIRECTION('',(-1.,-9.035018104045E-17,0.));
#6196=DIRECTION('center_axis',(9.035018104045E-17,-1.,0.));
#6197=DIRECTION('ref_axis',(1.,9.035018104045E-17,0.));
#6198=DIRECTION('',(0.,0.,1.));
#6199=DIRECTION('',(1.,9.035018104045E-17,0.));
#6200=DIRECTION('center_axis',(-9.035018104045E-17,1.,0.));
#6201=DIRECTION('ref_axis',(-1.,-9.035018104045E-17,0.));
#6202=DIRECTION('',(0.,0.,1.));
#6203=DIRECTION('',(-1.,-9.035018104045E-17,0.));
#6204=DIRECTION('center_axis',(0.,0.,1.));
#6205=DIRECTION('ref_axis',(-1.,0.,0.));
#6206=DIRECTION('',(1.,9.035018104045E-17,0.));
#6207=DIRECTION('',(0.,1.,0.));
#6208=DIRECTION('',(-1.,-9.035018104045E-17,0.));
#6209=DIRECTION('center_axis',(9.035018104045E-17,-1.,0.));
#6210=DIRECTION('ref_axis',(1.,9.035018104045E-17,0.));
#6211=DIRECTION('',(0.,0.,1.));
#6212=DIRECTION('',(1.,9.035018104045E-17,0.));
#6213=DIRECTION('center_axis',(-9.035018104045E-17,1.,0.));
#6214=DIRECTION('ref_axis',(-1.,-9.035018104045E-17,0.));
#6215=DIRECTION('',(0.,0.,1.));
#6216=DIRECTION('',(-1.,-9.035018104045E-17,0.));
#6217=DIRECTION('center_axis',(0.,0.,1.));
#6218=DIRECTION('ref_axis',(-1.,0.,0.));
#6219=DIRECTION('',(1.,9.035018104045E-17,0.));
#6220=DIRECTION('',(0.,1.,0.));
#6221=DIRECTION('',(-1.,-9.035018104045E-17,0.));
#6222=DIRECTION('center_axis',(9.035018104045E-17,-1.,0.));
#6223=DIRECTION('ref_axis',(1.,9.035018104045E-17,0.));
#6224=DIRECTION('',(0.,0.,1.));
#6225=DIRECTION('',(1.,9.035018104045E-17,0.));
#6226=DIRECTION('center_axis',(-9.035018104045E-17,1.,0.));
#6227=DIRECTION('ref_axis',(-1.,-9.035018104045E-17,0.));
#6228=DIRECTION('',(0.,0.,1.));
#6229=DIRECTION('',(-1.,-9.035018104045E-17,0.));
#6230=DIRECTION('center_axis',(1.,9.130123557772E-17,0.));
#6231=DIRECTION('ref_axis',(-9.130123557772E-17,1.,0.));
#6232=DIRECTION('',(9.130123557772E-17,-1.,0.));
#6233=DIRECTION('',(0.,0.,1.));
#6234=DIRECTION('',(-9.130123557772E-17,1.,0.));
#6235=DIRECTION('',(0.,0.,-1.));
#6236=DIRECTION('center_axis',(0.,0.,1.));
#6237=DIRECTION('ref_axis',(1.,0.,0.));
#6238=DIRECTION('',(1.,9.035018104045E-17,0.));
#6239=DIRECTION('',(0.,-1.,0.));
#6240=DIRECTION('',(-1.,-9.035018104045E-17,0.));
#6241=DIRECTION('',(0.,1.,0.));
#6242=DIRECTION('',(0.,1.,0.));
#6243=DIRECTION('',(0.,1.,0.));
#6244=DIRECTION('',(0.,1.,0.));
#6245=DIRECTION('',(1.,0.,0.));
#6246=DIRECTION('',(-8.587739980083E-17,1.,0.));
#6247=DIRECTION('',(1.,-9.035018104045E-17,0.));
#6248=DIRECTION('',(0.,1.,0.));
#6249=DIRECTION('',(-1.,9.035018104045E-17,0.));
#6250=DIRECTION('',(-8.587739980083E-17,1.,0.));
#6251=DIRECTION('',(1.,-9.035018104045E-17,0.));
#6252=DIRECTION('',(0.,1.,0.));
#6253=DIRECTION('',(-1.,9.035018104045E-17,0.));
#6254=DIRECTION('',(-8.587739980083E-17,1.,0.));
#6255=DIRECTION('',(1.,-9.035018104045E-17,0.));
#6256=DIRECTION('',(0.,1.,0.));
#6257=DIRECTION('',(-1.,9.035018104045E-17,0.));
#6258=DIRECTION('',(-8.587739980083E-17,1.,0.));
#6259=DIRECTION('',(1.,-9.035018104045E-17,0.));
#6260=DIRECTION('',(0.,1.,0.));
#6261=DIRECTION('',(-1.,9.035018104045E-17,0.));
#6262=DIRECTION('',(-8.587739980083E-17,1.,0.));
#6263=DIRECTION('',(1.,-9.035018104045E-17,0.));
#6264=DIRECTION('',(0.,1.,0.));
#6265=DIRECTION('',(-1.,9.035018104045E-17,0.));
#6266=DIRECTION('',(-8.587739980083E-17,1.,0.));
#6267=DIRECTION('',(1.,-9.035018104045E-17,0.));
#6268=DIRECTION('',(0.,1.,0.));
#6269=DIRECTION('',(-1.,9.035018104045E-17,0.));
#6270=DIRECTION('',(-8.587739980083E-17,1.,0.));
#6271=DIRECTION('',(1.,-9.035018104045E-17,0.));
#6272=DIRECTION('',(0.,1.,0.));
#6273=DIRECTION('',(-1.,9.035018104045E-17,0.));
#6274=DIRECTION('',(-8.587739980083E-17,1.,0.));
#6275=DIRECTION('',(1.,-9.035018104045E-17,0.));
#6276=DIRECTION('',(0.,1.,0.));
#6277=DIRECTION('',(-1.,9.035018104045E-17,0.));
#6278=DIRECTION('',(-8.587739980083E-17,1.,0.));
#6279=DIRECTION('',(1.,-9.035018104045E-17,0.));
#6280=DIRECTION('',(0.,1.,0.));
#6281=DIRECTION('',(-1.,9.035018104045E-17,0.));
#6282=DIRECTION('',(-8.587739980083E-17,1.,0.));
#6283=DIRECTION('',(-1.,0.,0.));
#6284=DIRECTION('',(0.,1.,0.));
#6285=DIRECTION('',(0.,1.,0.));
#6286=DIRECTION('',(0.,1.,0.));
#6287=DIRECTION('',(0.,1.,0.));
#6288=DIRECTION('',(1.,0.,0.));
#6289=DIRECTION('center_axis',(0.,0.,-1.));
#6290=DIRECTION('ref_axis',(1.,0.,0.));
#6291=DIRECTION('center_axis',(0.,0.,-1.));
#6292=DIRECTION('ref_axis',(1.,0.,0.));
#6293=DIRECTION('',(-1.,0.,0.));
#6294=DIRECTION('center_axis',(0.,0.,-1.));
#6295=DIRECTION('ref_axis',(1.,0.,0.));
#6296=DIRECTION('',(-1.826024711554E-16,1.,0.));
#6297=DIRECTION('center_axis',(0.,0.,-1.));
#6298=DIRECTION('ref_axis',(1.,0.,0.));
#6299=DIRECTION('center_axis',(-1.,-8.587739980083E-17,0.));
#6300=DIRECTION('ref_axis',(8.587739980083E-17,-1.,0.));
#6301=DIRECTION('',(0.,-1.,0.));
#6302=DIRECTION('',(0.,0.,1.));
#6303=DIRECTION('',(0.,-1.,0.));
#6304=DIRECTION('',(0.,0.,-1.));
#6305=DIRECTION('',(0.,0.,-1.));
#6306=DIRECTION('',(0.,-1.,0.));
#6307=DIRECTION('',(0.,0.,-1.));
#6308=DIRECTION('',(0.,-1.,0.));
#6309=DIRECTION('',(0.,0.,-1.));
#6310=DIRECTION('',(0.,0.,-1.));
#6311=DIRECTION('center_axis',(-1.,-8.587739980083E-17,0.));
#6312=DIRECTION('ref_axis',(8.587739980083E-17,-1.,0.));
#6313=DIRECTION('',(0.,-1.,0.));
#6314=DIRECTION('',(0.,0.,1.));
#6315=DIRECTION('',(0.,-1.,0.));
#6316=DIRECTION('',(0.,0.,-1.));
#6317=DIRECTION('',(0.,0.,-1.));
#6318=DIRECTION('',(0.,-1.,0.));
#6319=DIRECTION('',(0.,0.,-1.));
#6320=DIRECTION('',(0.,-1.,0.));
#6321=DIRECTION('',(0.,0.,-1.));
#6322=DIRECTION('',(0.,0.,-1.));
#6323=DIRECTION('center_axis',(-1.,-8.587739980083E-17,0.));
#6324=DIRECTION('ref_axis',(8.587739980083E-17,-1.,0.));
#6325=DIRECTION('',(0.,-1.,0.));
#6326=DIRECTION('',(0.,0.,1.));
#6327=DIRECTION('',(0.,-1.,0.));
#6328=DIRECTION('',(0.,0.,-1.));
#6329=DIRECTION('',(0.,0.,-1.));
#6330=DIRECTION('',(0.,-1.,0.));
#6331=DIRECTION('',(0.,0.,-1.));
#6332=DIRECTION('',(0.,-1.,0.));
#6333=DIRECTION('',(0.,0.,-1.));
#6334=DIRECTION('',(0.,0.,-1.));
#6335=DIRECTION('center_axis',(-1.,-8.587739980083E-17,0.));
#6336=DIRECTION('ref_axis',(8.587739980083E-17,-1.,0.));
#6337=DIRECTION('',(0.,-1.,0.));
#6338=DIRECTION('',(0.,0.,1.));
#6339=DIRECTION('',(0.,-1.,0.));
#6340=DIRECTION('',(0.,0.,-1.));
#6341=DIRECTION('',(0.,0.,-1.));
#6342=DIRECTION('',(0.,-1.,0.));
#6343=DIRECTION('',(0.,0.,-1.));
#6344=DIRECTION('',(0.,-1.,0.));
#6345=DIRECTION('',(0.,0.,-1.));
#6346=DIRECTION('',(0.,0.,-1.));
#6347=DIRECTION('center_axis',(-1.,-8.587739980083E-17,0.));
#6348=DIRECTION('ref_axis',(8.587739980083E-17,-1.,0.));
#6349=DIRECTION('',(0.,-1.,0.));
#6350=DIRECTION('',(0.,0.,1.));
#6351=DIRECTION('',(0.,-1.,0.));
#6352=DIRECTION('',(0.,0.,-1.));
#6353=DIRECTION('',(0.,0.,-1.));
#6354=DIRECTION('',(0.,-1.,0.));
#6355=DIRECTION('',(0.,0.,-1.));
#6356=DIRECTION('',(0.,-1.,0.));
#6357=DIRECTION('',(0.,0.,-1.));
#6358=DIRECTION('',(0.,0.,-1.));
#6359=DIRECTION('center_axis',(-1.,-8.587739980083E-17,0.));
#6360=DIRECTION('ref_axis',(8.587739980083E-17,-1.,0.));
#6361=DIRECTION('',(0.,-1.,0.));
#6362=DIRECTION('',(0.,0.,1.));
#6363=DIRECTION('',(0.,-1.,0.));
#6364=DIRECTION('',(0.,0.,-1.));
#6365=DIRECTION('',(0.,0.,-1.));
#6366=DIRECTION('',(0.,-1.,0.));
#6367=DIRECTION('',(0.,0.,-1.));
#6368=DIRECTION('',(0.,-1.,0.));
#6369=DIRECTION('',(0.,0.,-1.));
#6370=DIRECTION('',(0.,0.,-1.));
#6371=DIRECTION('center_axis',(-1.,-8.587739980083E-17,0.));
#6372=DIRECTION('ref_axis',(8.587739980083E-17,-1.,0.));
#6373=DIRECTION('',(0.,-1.,0.));
#6374=DIRECTION('',(0.,0.,1.));
#6375=DIRECTION('',(0.,-1.,0.));
#6376=DIRECTION('',(0.,0.,-1.));
#6377=DIRECTION('',(0.,0.,-1.));
#6378=DIRECTION('',(0.,-1.,0.));
#6379=DIRECTION('',(0.,0.,-1.));
#6380=DIRECTION('',(0.,-1.,0.));
#6381=DIRECTION('',(0.,0.,-1.));
#6382=DIRECTION('',(0.,0.,-1.));
#6383=DIRECTION('center_axis',(-1.,-8.587739980083E-17,0.));
#6384=DIRECTION('ref_axis',(8.587739980083E-17,-1.,0.));
#6385=DIRECTION('',(0.,-1.,0.));
#6386=DIRECTION('',(0.,0.,1.));
#6387=DIRECTION('',(0.,-1.,0.));
#6388=DIRECTION('',(0.,0.,-1.));
#6389=DIRECTION('',(0.,0.,-1.));
#6390=DIRECTION('',(0.,0.,-1.));
#6391=DIRECTION('center_axis',(-1.,-8.587739980083E-17,0.));
#6392=DIRECTION('ref_axis',(8.587739980083E-17,-1.,0.));
#6393=DIRECTION('',(0.,-1.,0.));
#6394=DIRECTION('',(0.,0.,-1.));
#6395=DIRECTION('',(0.,-1.,0.));
#6396=DIRECTION('',(0.,0.,-1.));
#6397=DIRECTION('',(0.,0.,-1.));
#6398=DIRECTION('',(0.,-1.,0.));
#6399=DIRECTION('',(0.,0.,1.));
#6400=DIRECTION('',(0.,-1.,0.));
#6401=DIRECTION('',(0.,0.,-1.));
#6402=DIRECTION('',(0.,0.,-1.));
#6403=DIRECTION('center_axis',(-1.,-8.587739980083E-17,0.));
#6404=DIRECTION('ref_axis',(8.587739980083E-17,-1.,0.));
#6405=DIRECTION('',(0.,-1.,0.));
#6406=DIRECTION('',(0.,0.,-1.));
#6407=DIRECTION('',(0.,-1.,0.));
#6408=DIRECTION('',(0.,0.,-1.));
#6409=DIRECTION('',(0.,0.,-1.));
#6410=DIRECTION('',(0.,0.,-1.));
#6411=DIRECTION('center_axis',(0.,-1.,0.));
#6412=DIRECTION('ref_axis',(0.,0.,-1.));
#6413=DIRECTION('center_axis',(0.,1.,0.));
#6414=DIRECTION('ref_axis',(0.,0.,1.));
#6415=DIRECTION('center_axis',(-1.,-1.826024711554E-16,0.));
#6416=DIRECTION('ref_axis',(1.826024711554E-16,-1.,0.));
#6417=DIRECTION('',(1.826024711554E-16,-1.,0.));
#6418=DIRECTION('',(0.,0.,-1.));
#6419=DIRECTION('',(0.,0.,1.));
#6420=DIRECTION('center_axis',(0.,-1.,0.));
#6421=DIRECTION('ref_axis',(0.,0.,-1.));
#6422=DIRECTION('',(0.,0.,1.));
#6423=DIRECTION('',(1.,0.,0.));
#6424=DIRECTION('',(0.,0.,-1.));
#6425=DIRECTION('center_axis',(0.,1.,0.));
#6426=DIRECTION('ref_axis',(0.,0.,1.));
#6427=DIRECTION('',(-1.,0.,0.));
#6428=DIRECTION('',(0.,0.,-1.));
#6429=DIRECTION('',(0.,0.,1.));
#6430=DIRECTION('center_axis',(0.,0.,1.));
#6431=DIRECTION('ref_axis',(1.,0.,0.));
#6432=DIRECTION('',(9.130123557772E-17,-1.,0.));
#6433=DIRECTION('',(1.,0.,0.));
#6434=DIRECTION('',(-1.826024711554E-16,1.,0.));
#6435=DIRECTION('',(-1.,0.,0.));
#6436=DIRECTION('center_axis',(0.,0.,1.));
#6437=DIRECTION('ref_axis',(1.,0.,0.));
#6438=DIRECTION('center_axis',(0.,0.,1.));
#6439=DIRECTION('ref_axis',(1.,0.,0.));
#6440=DIRECTION('',(1.,-9.035018104045E-17,0.));
#6441=DIRECTION('',(0.,1.,0.));
#6442=DIRECTION('',(-1.,9.035018104045E-17,0.));
#6443=DIRECTION('center_axis',(-9.035018104045E-17,-1.,0.));
#6444=DIRECTION('ref_axis',(1.,-9.035018104045E-17,0.));
#6445=DIRECTION('',(0.,0.,1.));
#6446=DIRECTION('center_axis',(9.035018104045E-17,1.,0.));
#6447=DIRECTION('ref_axis',(-1.,9.035018104045E-17,0.));
#6448=DIRECTION('',(0.,0.,1.));
#6449=DIRECTION('center_axis',(-1.,0.,0.));
#6450=DIRECTION('ref_axis',(0.,0.,1.));
#6451=DIRECTION('',(0.,0.,-1.));
#6452=DIRECTION('',(0.,1.,0.));
#6453=DIRECTION('',(0.,0.,-1.));
#6454=DIRECTION('center_axis',(9.035018104045E-17,1.,0.));
#6455=DIRECTION('ref_axis',(-1.,9.035018104045E-17,0.));
#6456=DIRECTION('',(1.,-9.035018104045E-17,0.));
#6457=DIRECTION('center_axis',(-9.035018104045E-17,-1.,0.));
#6458=DIRECTION('ref_axis',(1.,-9.035018104045E-17,0.));
#6459=DIRECTION('',(-1.,9.035018104045E-17,0.));
#6460=DIRECTION('center_axis',(0.,0.,1.));
#6461=DIRECTION('ref_axis',(1.,0.,0.));
#6462=DIRECTION('center_axis',(0.,0.,1.));
#6463=DIRECTION('ref_axis',(1.,0.,0.));
#6464=DIRECTION('center_axis',(1.,0.,0.));
#6465=DIRECTION('ref_axis',(0.,0.,-1.));
#6466=DIRECTION('center_axis',(0.,0.,1.));
#6467=DIRECTION('ref_axis',(1.,0.,0.));
#6468=DIRECTION('center_axis',(0.,0.,1.));
#6469=DIRECTION('ref_axis',(1.,0.,0.));
#6470=DIRECTION('',(1.,-9.035018104045E-17,0.));
#6471=DIRECTION('',(0.,1.,0.));
#6472=DIRECTION('',(-1.,9.035018104045E-17,0.));
#6473=DIRECTION('center_axis',(-9.035018104045E-17,-1.,0.));
#6474=DIRECTION('ref_axis',(1.,-9.035018104045E-17,0.));
#6475=DIRECTION('',(0.,0.,1.));
#6476=DIRECTION('center_axis',(9.035018104045E-17,1.,0.));
#6477=DIRECTION('ref_axis',(-1.,9.035018104045E-17,0.));
#6478=DIRECTION('',(0.,0.,1.));
#6479=DIRECTION('center_axis',(-1.,0.,0.));
#6480=DIRECTION('ref_axis',(0.,0.,1.));
#6481=DIRECTION('',(0.,0.,-1.));
#6482=DIRECTION('',(0.,1.,0.));
#6483=DIRECTION('',(0.,0.,-1.));
#6484=DIRECTION('center_axis',(9.035018104045E-17,1.,0.));
#6485=DIRECTION('ref_axis',(-1.,9.035018104045E-17,0.));
#6486=DIRECTION('',(1.,-9.035018104045E-17,0.));
#6487=DIRECTION('center_axis',(-9.035018104045E-17,-1.,0.));
#6488=DIRECTION('ref_axis',(1.,-9.035018104045E-17,0.));
#6489=DIRECTION('',(-1.,9.035018104045E-17,0.));
#6490=DIRECTION('center_axis',(0.,0.,1.));
#6491=DIRECTION('ref_axis',(1.,0.,0.));
#6492=DIRECTION('center_axis',(0.,0.,1.));
#6493=DIRECTION('ref_axis',(1.,0.,0.));
#6494=DIRECTION('center_axis',(0.,0.,1.));
#6495=DIRECTION('ref_axis',(1.,0.,0.));
#6496=DIRECTION('center_axis',(0.,0.,1.));
#6497=DIRECTION('ref_axis',(1.,0.,0.));
#6498=DIRECTION('',(1.,-9.035018104045E-17,0.));
#6499=DIRECTION('',(0.,1.,0.));
#6500=DIRECTION('',(-1.,9.035018104045E-17,0.));
#6501=DIRECTION('center_axis',(-9.035018104045E-17,-1.,0.));
#6502=DIRECTION('ref_axis',(1.,-9.035018104045E-17,0.));
#6503=DIRECTION('',(0.,0.,1.));
#6504=DIRECTION('center_axis',(9.035018104045E-17,1.,0.));
#6505=DIRECTION('ref_axis',(-1.,9.035018104045E-17,0.));
#6506=DIRECTION('',(0.,0.,1.));
#6507=DIRECTION('center_axis',(-1.,0.,0.));
#6508=DIRECTION('ref_axis',(0.,0.,1.));
#6509=DIRECTION('',(0.,0.,-1.));
#6510=DIRECTION('',(0.,1.,0.));
#6511=DIRECTION('',(0.,0.,-1.));
#6512=DIRECTION('center_axis',(9.035018104045E-17,1.,0.));
#6513=DIRECTION('ref_axis',(-1.,9.035018104045E-17,0.));
#6514=DIRECTION('',(1.,-9.035018104045E-17,0.));
#6515=DIRECTION('center_axis',(-9.035018104045E-17,-1.,0.));
#6516=DIRECTION('ref_axis',(1.,-9.035018104045E-17,0.));
#6517=DIRECTION('',(-1.,9.035018104045E-17,0.));
#6518=DIRECTION('center_axis',(0.,0.,1.));
#6519=DIRECTION('ref_axis',(1.,0.,0.));
#6520=DIRECTION('center_axis',(0.,0.,1.));
#6521=DIRECTION('ref_axis',(1.,0.,0.));
#6522=DIRECTION('center_axis',(0.,0.,1.));
#6523=DIRECTION('ref_axis',(1.,0.,0.));
#6524=DIRECTION('center_axis',(0.,0.,1.));
#6525=DIRECTION('ref_axis',(1.,0.,0.));
#6526=DIRECTION('',(1.,-9.035018104045E-17,0.));
#6527=DIRECTION('',(0.,1.,0.));
#6528=DIRECTION('',(-1.,9.035018104045E-17,0.));
#6529=DIRECTION('center_axis',(-9.035018104045E-17,-1.,0.));
#6530=DIRECTION('ref_axis',(1.,-9.035018104045E-17,0.));
#6531=DIRECTION('',(0.,0.,1.));
#6532=DIRECTION('center_axis',(9.035018104045E-17,1.,0.));
#6533=DIRECTION('ref_axis',(-1.,9.035018104045E-17,0.));
#6534=DIRECTION('',(0.,0.,1.));
#6535=DIRECTION('center_axis',(-1.,0.,0.));
#6536=DIRECTION('ref_axis',(0.,0.,1.));
#6537=DIRECTION('',(0.,0.,-1.));
#6538=DIRECTION('',(0.,1.,0.));
#6539=DIRECTION('',(0.,0.,-1.));
#6540=DIRECTION('center_axis',(9.035018104045E-17,1.,0.));
#6541=DIRECTION('ref_axis',(-1.,9.035018104045E-17,0.));
#6542=DIRECTION('',(1.,-9.035018104045E-17,0.));
#6543=DIRECTION('center_axis',(-9.035018104045E-17,-1.,0.));
#6544=DIRECTION('ref_axis',(1.,-9.035018104045E-17,0.));
#6545=DIRECTION('',(-1.,9.035018104045E-17,0.));
#6546=DIRECTION('center_axis',(0.,0.,1.));
#6547=DIRECTION('ref_axis',(1.,0.,0.));
#6548=DIRECTION('center_axis',(0.,0.,1.));
#6549=DIRECTION('ref_axis',(1.,0.,0.));
#6550=DIRECTION('center_axis',(0.,0.,1.));
#6551=DIRECTION('ref_axis',(1.,0.,0.));
#6552=DIRECTION('center_axis',(0.,0.,1.));
#6553=DIRECTION('ref_axis',(1.,0.,0.));
#6554=DIRECTION('',(1.,-9.035018104045E-17,0.));
#6555=DIRECTION('',(0.,1.,0.));
#6556=DIRECTION('',(-1.,9.035018104045E-17,0.));
#6557=DIRECTION('center_axis',(-9.035018104045E-17,-1.,0.));
#6558=DIRECTION('ref_axis',(1.,-9.035018104045E-17,0.));
#6559=DIRECTION('',(0.,0.,1.));
#6560=DIRECTION('center_axis',(9.035018104045E-17,1.,0.));
#6561=DIRECTION('ref_axis',(-1.,9.035018104045E-17,0.));
#6562=DIRECTION('',(0.,0.,1.));
#6563=DIRECTION('center_axis',(-1.,0.,0.));
#6564=DIRECTION('ref_axis',(0.,0.,1.));
#6565=DIRECTION('',(0.,0.,-1.));
#6566=DIRECTION('',(0.,1.,0.));
#6567=DIRECTION('',(0.,0.,-1.));
#6568=DIRECTION('center_axis',(9.035018104045E-17,1.,0.));
#6569=DIRECTION('ref_axis',(-1.,9.035018104045E-17,0.));
#6570=DIRECTION('',(1.,-9.035018104045E-17,0.));
#6571=DIRECTION('center_axis',(-9.035018104045E-17,-1.,0.));
#6572=DIRECTION('ref_axis',(1.,-9.035018104045E-17,0.));
#6573=DIRECTION('',(-1.,9.035018104045E-17,0.));
#6574=DIRECTION('center_axis',(0.,0.,1.));
#6575=DIRECTION('ref_axis',(1.,0.,0.));
#6576=DIRECTION('center_axis',(0.,0.,1.));
#6577=DIRECTION('ref_axis',(1.,0.,0.));
#6578=DIRECTION('center_axis',(0.,0.,1.));
#6579=DIRECTION('ref_axis',(1.,0.,0.));
#6580=DIRECTION('center_axis',(0.,0.,1.));
#6581=DIRECTION('ref_axis',(1.,0.,0.));
#6582=DIRECTION('',(1.,-9.035018104045E-17,0.));
#6583=DIRECTION('',(0.,1.,0.));
#6584=DIRECTION('',(-1.,9.035018104045E-17,0.));
#6585=DIRECTION('center_axis',(-9.035018104045E-17,-1.,0.));
#6586=DIRECTION('ref_axis',(1.,-9.035018104045E-17,0.));
#6587=DIRECTION('',(0.,0.,1.));
#6588=DIRECTION('center_axis',(9.035018104045E-17,1.,0.));
#6589=DIRECTION('ref_axis',(-1.,9.035018104045E-17,0.));
#6590=DIRECTION('',(0.,0.,1.));
#6591=DIRECTION('center_axis',(-1.,0.,0.));
#6592=DIRECTION('ref_axis',(0.,0.,1.));
#6593=DIRECTION('',(0.,0.,-1.));
#6594=DIRECTION('',(0.,1.,0.));
#6595=DIRECTION('',(0.,0.,-1.));
#6596=DIRECTION('center_axis',(9.035018104045E-17,1.,0.));
#6597=DIRECTION('ref_axis',(-1.,9.035018104045E-17,0.));
#6598=DIRECTION('',(1.,-9.035018104045E-17,0.));
#6599=DIRECTION('center_axis',(-9.035018104045E-17,-1.,0.));
#6600=DIRECTION('ref_axis',(1.,-9.035018104045E-17,0.));
#6601=DIRECTION('',(-1.,9.035018104045E-17,0.));
#6602=DIRECTION('center_axis',(0.,0.,1.));
#6603=DIRECTION('ref_axis',(1.,0.,0.));
#6604=DIRECTION('center_axis',(0.,0.,1.));
#6605=DIRECTION('ref_axis',(1.,0.,0.));
#6606=DIRECTION('center_axis',(0.,0.,1.));
#6607=DIRECTION('ref_axis',(1.,0.,0.));
#6608=DIRECTION('center_axis',(0.,0.,1.));
#6609=DIRECTION('ref_axis',(1.,0.,0.));
#6610=DIRECTION('',(1.,-9.035018104045E-17,0.));
#6611=DIRECTION('',(0.,1.,0.));
#6612=DIRECTION('',(-1.,9.035018104045E-17,0.));
#6613=DIRECTION('center_axis',(-9.035018104045E-17,-1.,0.));
#6614=DIRECTION('ref_axis',(1.,-9.035018104045E-17,0.));
#6615=DIRECTION('',(0.,0.,1.));
#6616=DIRECTION('center_axis',(9.035018104045E-17,1.,0.));
#6617=DIRECTION('ref_axis',(-1.,9.035018104045E-17,0.));
#6618=DIRECTION('',(0.,0.,1.));
#6619=DIRECTION('center_axis',(-1.,0.,0.));
#6620=DIRECTION('ref_axis',(0.,0.,1.));
#6621=DIRECTION('',(0.,0.,-1.));
#6622=DIRECTION('',(0.,1.,0.));
#6623=DIRECTION('',(0.,0.,-1.));
#6624=DIRECTION('center_axis',(9.035018104045E-17,1.,0.));
#6625=DIRECTION('ref_axis',(-1.,9.035018104045E-17,0.));
#6626=DIRECTION('',(1.,-9.035018104045E-17,0.));
#6627=DIRECTION('center_axis',(-9.035018104045E-17,-1.,0.));
#6628=DIRECTION('ref_axis',(1.,-9.035018104045E-17,0.));
#6629=DIRECTION('',(-1.,9.035018104045E-17,0.));
#6630=DIRECTION('center_axis',(0.,0.,1.));
#6631=DIRECTION('ref_axis',(1.,0.,0.));
#6632=DIRECTION('center_axis',(0.,0.,1.));
#6633=DIRECTION('ref_axis',(1.,0.,0.));
#6634=DIRECTION('center_axis',(0.,0.,1.));
#6635=DIRECTION('ref_axis',(1.,0.,0.));
#6636=DIRECTION('center_axis',(0.,0.,1.));
#6637=DIRECTION('ref_axis',(1.,0.,0.));
#6638=DIRECTION('',(1.,-9.035018104045E-17,0.));
#6639=DIRECTION('',(0.,1.,0.));
#6640=DIRECTION('',(-1.,9.035018104045E-17,0.));
#6641=DIRECTION('center_axis',(-9.035018104045E-17,-1.,0.));
#6642=DIRECTION('ref_axis',(1.,-9.035018104045E-17,0.));
#6643=DIRECTION('',(0.,0.,1.));
#6644=DIRECTION('center_axis',(9.035018104045E-17,1.,0.));
#6645=DIRECTION('ref_axis',(-1.,9.035018104045E-17,0.));
#6646=DIRECTION('',(0.,0.,1.));
#6647=DIRECTION('center_axis',(-1.,0.,0.));
#6648=DIRECTION('ref_axis',(0.,0.,1.));
#6649=DIRECTION('',(0.,0.,-1.));
#6650=DIRECTION('',(0.,1.,0.));
#6651=DIRECTION('',(0.,0.,-1.));
#6652=DIRECTION('center_axis',(9.035018104045E-17,1.,0.));
#6653=DIRECTION('ref_axis',(-1.,9.035018104045E-17,0.));
#6654=DIRECTION('',(1.,-9.035018104045E-17,0.));
#6655=DIRECTION('center_axis',(-9.035018104045E-17,-1.,0.));
#6656=DIRECTION('ref_axis',(1.,-9.035018104045E-17,0.));
#6657=DIRECTION('',(-1.,9.035018104045E-17,0.));
#6658=DIRECTION('center_axis',(0.,0.,1.));
#6659=DIRECTION('ref_axis',(1.,0.,0.));
#6660=DIRECTION('center_axis',(0.,0.,1.));
#6661=DIRECTION('ref_axis',(1.,0.,0.));
#6662=DIRECTION('center_axis',(0.,0.,1.));
#6663=DIRECTION('ref_axis',(1.,0.,0.));
#6664=DIRECTION('center_axis',(0.,0.,1.));
#6665=DIRECTION('ref_axis',(1.,0.,0.));
#6666=DIRECTION('',(1.,-9.035018104045E-17,0.));
#6667=DIRECTION('',(0.,1.,0.));
#6668=DIRECTION('',(-1.,9.035018104045E-17,0.));
#6669=DIRECTION('center_axis',(-9.035018104045E-17,-1.,0.));
#6670=DIRECTION('ref_axis',(1.,-9.035018104045E-17,0.));
#6671=DIRECTION('',(0.,0.,1.));
#6672=DIRECTION('center_axis',(9.035018104045E-17,1.,0.));
#6673=DIRECTION('ref_axis',(-1.,9.035018104045E-17,0.));
#6674=DIRECTION('',(0.,0.,1.));
#6675=DIRECTION('center_axis',(-1.,0.,0.));
#6676=DIRECTION('ref_axis',(0.,0.,1.));
#6677=DIRECTION('',(0.,0.,-1.));
#6678=DIRECTION('',(0.,1.,0.));
#6679=DIRECTION('',(0.,0.,-1.));
#6680=DIRECTION('center_axis',(9.035018104045E-17,1.,0.));
#6681=DIRECTION('ref_axis',(-1.,9.035018104045E-17,0.));
#6682=DIRECTION('',(1.,-9.035018104045E-17,0.));
#6683=DIRECTION('center_axis',(-9.035018104045E-17,-1.,0.));
#6684=DIRECTION('ref_axis',(1.,-9.035018104045E-17,0.));
#6685=DIRECTION('',(-1.,9.035018104045E-17,0.));
#6686=DIRECTION('center_axis',(0.,0.,1.));
#6687=DIRECTION('ref_axis',(1.,0.,0.));
#6688=DIRECTION('center_axis',(0.,0.,1.));
#6689=DIRECTION('ref_axis',(1.,0.,0.));
#6690=DIRECTION('center_axis',(1.,0.,0.));
#6691=DIRECTION('ref_axis',(0.,0.,-1.));
#6692=DIRECTION('center_axis',(1.,0.,0.));
#6693=DIRECTION('ref_axis',(0.,0.,-1.));
#6694=DIRECTION('center_axis',(1.,0.,0.));
#6695=DIRECTION('ref_axis',(0.,0.,-1.));
#6696=DIRECTION('center_axis',(1.,0.,0.));
#6697=DIRECTION('ref_axis',(0.,0.,-1.));
#6698=DIRECTION('center_axis',(1.,0.,0.));
#6699=DIRECTION('ref_axis',(0.,0.,-1.));
#6700=DIRECTION('center_axis',(1.,0.,0.));
#6701=DIRECTION('ref_axis',(0.,0.,-1.));
#6702=DIRECTION('center_axis',(1.,0.,0.));
#6703=DIRECTION('ref_axis',(0.,0.,-1.));
#6704=DIRECTION('center_axis',(1.,0.,0.));
#6705=DIRECTION('ref_axis',(0.,0.,-1.));
#6706=DIRECTION('center_axis',(0.,0.,1.));
#6707=DIRECTION('ref_axis',(-1.,1.11078957851492E-12,0.));
#6708=DIRECTION('center_axis',(0.,0.,1.));
#6709=DIRECTION('ref_axis',(-1.,1.11078957851492E-12,0.));
#6710=DIRECTION('center_axis',(0.,0.,1.));
#6711=DIRECTION('ref_axis',(-1.,1.11123366772477E-12,0.));
#6712=DIRECTION('center_axis',(0.,0.,1.));
#6713=DIRECTION('ref_axis',(-1.,1.11123366772477E-12,0.));
#6714=DIRECTION('center_axis',(0.,0.,1.));
#6715=DIRECTION('ref_axis',(-1.,1.11256593535432E-12,0.));
#6716=DIRECTION('center_axis',(0.,0.,1.));
#6717=DIRECTION('ref_axis',(-1.,1.11078957851492E-12,0.));
#6718=DIRECTION('center_axis',(0.,0.,1.));
#6719=DIRECTION('ref_axis',(-1.,1.11123366772477E-12,0.));
#6720=DIRECTION('center_axis',(0.,0.,1.));
#6721=DIRECTION('ref_axis',(-1.,1.11123366772477E-12,0.));
#6722=DIRECTION('center_axis',(0.,0.,1.));
#6723=DIRECTION('ref_axis',(-1.,2.78699993901511E-15,0.));
#6724=DIRECTION('center_axis',(0.,0.,1.));
#6725=DIRECTION('ref_axis',(-1.,0.,0.));
#6726=DIRECTION('',(0.,-1.,0.));
#6727=DIRECTION('',(-1.,-9.035018104045E-17,0.));
#6728=DIRECTION('',(1.,9.035018104045E-17,0.));
#6729=DIRECTION('center_axis',(9.035018104045E-17,-1.,0.));
#6730=DIRECTION('ref_axis',(1.,9.035018104045E-17,0.));
#6731=DIRECTION('',(0.,0.,1.));
#6732=DIRECTION('center_axis',(-9.035018104045E-17,1.,0.));
#6733=DIRECTION('ref_axis',(-1.,-9.035018104045E-17,0.));
#6734=DIRECTION('',(0.,0.,1.));
#6735=DIRECTION('center_axis',(-1.,0.,0.));
#6736=DIRECTION('ref_axis',(0.,0.,1.));
#6737=DIRECTION('',(0.,0.,-1.));
#6738=DIRECTION('',(0.,0.,-1.));
#6739=DIRECTION('',(0.,1.,0.));
#6740=DIRECTION('center_axis',(-9.035018104045E-17,1.,0.));
#6741=DIRECTION('ref_axis',(-1.,-9.035018104045E-17,0.));
#6742=DIRECTION('',(1.,9.035018104045E-17,0.));
#6743=DIRECTION('center_axis',(9.035018104045E-17,-1.,0.));
#6744=DIRECTION('ref_axis',(1.,9.035018104045E-17,0.));
#6745=DIRECTION('',(-1.,-9.035018104045E-17,0.));
#6746=DIRECTION('center_axis',(0.,0.,1.));
#6747=DIRECTION('ref_axis',(-1.,0.,0.));
#6748=DIRECTION('center_axis',(-1.,0.,0.));
#6749=DIRECTION('ref_axis',(0.,0.,1.));
#6750=DIRECTION('',(0.,0.,-1.));
#6751=DIRECTION('',(0.,0.,-1.));
#6752=DIRECTION('',(0.,1.,0.));
#6753=DIRECTION('center_axis',(-9.035018104045E-17,1.,0.));
#6754=DIRECTION('ref_axis',(-1.,-9.035018104045E-17,0.));
#6755=DIRECTION('',(1.,9.035018104045E-17,0.));
#6756=DIRECTION('center_axis',(9.035018104045E-17,-1.,0.));
#6757=DIRECTION('ref_axis',(1.,9.035018104045E-17,0.));
#6758=DIRECTION('',(-1.,-9.035018104045E-17,0.));
#6759=DIRECTION('center_axis',(0.,0.,1.));
#6760=DIRECTION('ref_axis',(-1.,0.,0.));
#6761=DIRECTION('center_axis',(-1.,0.,0.));
#6762=DIRECTION('ref_axis',(0.,0.,1.));
#6763=DIRECTION('',(0.,0.,-1.));
#6764=DIRECTION('',(0.,0.,-1.));
#6765=DIRECTION('',(0.,1.,0.));
#6766=DIRECTION('center_axis',(-9.035018104045E-17,1.,0.));
#6767=DIRECTION('ref_axis',(-1.,-9.035018104045E-17,0.));
#6768=DIRECTION('',(1.,9.035018104045E-17,0.));
#6769=DIRECTION('center_axis',(9.035018104045E-17,-1.,0.));
#6770=DIRECTION('ref_axis',(1.,9.035018104045E-17,0.));
#6771=DIRECTION('',(-1.,-9.035018104045E-17,0.));
#6772=DIRECTION('center_axis',(0.,0.,1.));
#6773=DIRECTION('ref_axis',(-1.,0.,0.));
#6774=DIRECTION('center_axis',(-1.,0.,0.));
#6775=DIRECTION('ref_axis',(0.,0.,1.));
#6776=DIRECTION('',(0.,0.,-1.));
#6777=DIRECTION('',(0.,0.,-1.));
#6778=DIRECTION('',(0.,1.,0.));
#6779=DIRECTION('center_axis',(-9.035018104045E-17,1.,0.));
#6780=DIRECTION('ref_axis',(-1.,-9.035018104045E-17,0.));
#6781=DIRECTION('',(1.,9.035018104045E-17,0.));
#6782=DIRECTION('center_axis',(9.035018104045E-17,-1.,0.));
#6783=DIRECTION('ref_axis',(1.,9.035018104045E-17,0.));
#6784=DIRECTION('',(-1.,-9.035018104045E-17,0.));
#6785=DIRECTION('center_axis',(0.,0.,1.));
#6786=DIRECTION('ref_axis',(-1.,0.,0.));
#6787=DIRECTION('center_axis',(-1.,0.,0.));
#6788=DIRECTION('ref_axis',(0.,0.,1.));
#6789=DIRECTION('',(0.,0.,-1.));
#6790=DIRECTION('',(0.,0.,-1.));
#6791=DIRECTION('',(0.,1.,0.));
#6792=DIRECTION('center_axis',(-9.035018104045E-17,1.,0.));
#6793=DIRECTION('ref_axis',(-1.,-9.035018104045E-17,0.));
#6794=DIRECTION('',(1.,9.035018104045E-17,0.));
#6795=DIRECTION('center_axis',(9.035018104045E-17,-1.,0.));
#6796=DIRECTION('ref_axis',(1.,9.035018104045E-17,0.));
#6797=DIRECTION('',(-1.,-9.035018104045E-17,0.));
#6798=DIRECTION('center_axis',(0.,0.,1.));
#6799=DIRECTION('ref_axis',(-1.,0.,0.));
#6800=DIRECTION('center_axis',(-1.,0.,0.));
#6801=DIRECTION('ref_axis',(0.,0.,1.));
#6802=DIRECTION('',(0.,0.,-1.));
#6803=DIRECTION('',(0.,0.,-1.));
#6804=DIRECTION('',(0.,1.,0.));
#6805=DIRECTION('center_axis',(-9.035018104045E-17,1.,0.));
#6806=DIRECTION('ref_axis',(-1.,-9.035018104045E-17,0.));
#6807=DIRECTION('',(1.,9.035018104045E-17,0.));
#6808=DIRECTION('center_axis',(9.035018104045E-17,-1.,0.));
#6809=DIRECTION('ref_axis',(1.,9.035018104045E-17,0.));
#6810=DIRECTION('',(-1.,-9.035018104045E-17,0.));
#6811=DIRECTION('center_axis',(0.,0.,1.));
#6812=DIRECTION('ref_axis',(-1.,0.,0.));
#6813=DIRECTION('center_axis',(-1.,0.,0.));
#6814=DIRECTION('ref_axis',(0.,0.,1.));
#6815=DIRECTION('',(0.,0.,-1.));
#6816=DIRECTION('',(0.,0.,-1.));
#6817=DIRECTION('',(0.,1.,0.));
#6818=DIRECTION('center_axis',(-9.035018104045E-17,1.,0.));
#6819=DIRECTION('ref_axis',(-1.,-9.035018104045E-17,0.));
#6820=DIRECTION('',(1.,9.035018104045E-17,0.));
#6821=DIRECTION('center_axis',(9.035018104045E-17,-1.,0.));
#6822=DIRECTION('ref_axis',(1.,9.035018104045E-17,0.));
#6823=DIRECTION('',(-1.,-9.035018104045E-17,0.));
#6824=DIRECTION('center_axis',(0.,0.,1.));
#6825=DIRECTION('ref_axis',(-1.,0.,0.));
#6826=DIRECTION('center_axis',(-1.,0.,0.));
#6827=DIRECTION('ref_axis',(0.,0.,1.));
#6828=DIRECTION('',(0.,0.,-1.));
#6829=DIRECTION('',(0.,0.,-1.));
#6830=DIRECTION('',(0.,1.,0.));
#6831=DIRECTION('center_axis',(-9.035018104045E-17,1.,0.));
#6832=DIRECTION('ref_axis',(-1.,-9.035018104045E-17,0.));
#6833=DIRECTION('',(1.,9.035018104045E-17,0.));
#6834=DIRECTION('center_axis',(9.035018104045E-17,-1.,0.));
#6835=DIRECTION('ref_axis',(1.,9.035018104045E-17,0.));
#6836=DIRECTION('',(-1.,-9.035018104045E-17,0.));
#6837=DIRECTION('center_axis',(0.,0.,1.));
#6838=DIRECTION('ref_axis',(-1.,0.,0.));
#6839=DIRECTION('center_axis',(-1.,0.,0.));
#6840=DIRECTION('ref_axis',(0.,0.,1.));
#6841=DIRECTION('',(0.,0.,-1.));
#6842=DIRECTION('',(0.,0.,-1.));
#6843=DIRECTION('',(0.,1.,0.));
#6844=DIRECTION('center_axis',(-9.035018104045E-17,1.,0.));
#6845=DIRECTION('ref_axis',(-1.,-9.035018104045E-17,0.));
#6846=DIRECTION('',(1.,9.035018104045E-17,0.));
#6847=DIRECTION('center_axis',(9.035018104045E-17,-1.,0.));
#6848=DIRECTION('ref_axis',(1.,9.035018104045E-17,0.));
#6849=DIRECTION('',(-1.,-9.035018104045E-17,0.));
#6850=DIRECTION('center_axis',(0.,0.,1.));
#6851=DIRECTION('ref_axis',(-1.,0.,0.));
#6852=DIRECTION('center_axis',(1.,0.,0.));
#6853=DIRECTION('ref_axis',(0.,0.,-1.));
#6854=DIRECTION('center_axis',(1.,0.,0.));
#6855=DIRECTION('ref_axis',(0.,0.,-1.));
#6856=DIRECTION('center_axis',(1.,0.,0.));
#6857=DIRECTION('ref_axis',(0.,0.,-1.));
#6858=DIRECTION('center_axis',(1.,0.,0.));
#6859=DIRECTION('ref_axis',(0.,0.,-1.));
#6860=DIRECTION('center_axis',(1.,0.,0.));
#6861=DIRECTION('ref_axis',(0.,0.,-1.));
#6862=DIRECTION('center_axis',(1.,0.,0.));
#6863=DIRECTION('ref_axis',(0.,0.,-1.));
#6864=DIRECTION('center_axis',(1.,0.,0.));
#6865=DIRECTION('ref_axis',(0.,0.,-1.));
#6866=DIRECTION('center_axis',(1.,0.,0.));
#6867=DIRECTION('ref_axis',(0.,0.,-1.));
#6868=DIRECTION('center_axis',(-1.,0.,0.));
#6869=DIRECTION('ref_axis',(0.,0.,1.));
#6870=DIRECTION('center_axis',(0.,0.,-1.));
#6871=DIRECTION('ref_axis',(-1.,0.,0.));
#6872=DIRECTION('center_axis',(0.,0.,1.));
#6873=DIRECTION('ref_axis',(1.,0.,0.));
#6874=DIRECTION('center_axis',(1.,0.,0.));
#6875=DIRECTION('ref_axis',(0.,0.,-1.));
#6876=DIRECTION('center_axis',(1.,0.,4.336808689942E-15));
#6877=DIRECTION('ref_axis',(4.336808689942E-15,0.,-1.));
#6878=DIRECTION('center_axis',(-1.,0.,0.));
#6879=DIRECTION('ref_axis',(0.,0.,1.));
#6880=DIRECTION('center_axis',(0.,0.,-1.));
#6881=DIRECTION('ref_axis',(-1.,0.,0.));
#6882=DIRECTION('center_axis',(0.,0.,1.));
#6883=DIRECTION('ref_axis',(1.,0.,0.));
#6884=DIRECTION('center_axis',(0.,1.,0.));
#6885=DIRECTION('ref_axis',(1.,0.,0.));
#6886=DIRECTION('center_axis',(0.,-1.,0.));
#6887=DIRECTION('ref_axis',(0.,0.,1.));
#6888=DIRECTION('center_axis',(0.,1.,0.));
#6889=DIRECTION('ref_axis',(1.,0.,0.));
#6890=DIRECTION('center_axis',(0.,-1.,0.));
#6891=DIRECTION('ref_axis',(0.,0.,1.));
#6892=DIRECTION('center_axis',(0.,0.,-1.));
#6893=DIRECTION('ref_axis',(-1.,0.,0.));
#6894=DIRECTION('center_axis',(0.,0.,1.));
#6895=DIRECTION('ref_axis',(1.,0.,0.));
#6896=DIRECTION('center_axis',(-9.130123557772E-17,1.,0.));
#6897=DIRECTION('ref_axis',(-1.,-9.130123557772E-17,0.));
#6898=DIRECTION('center_axis',(0.,-1.,0.));
#6899=DIRECTION('ref_axis',(0.,0.,-1.));
#6900=DIRECTION('center_axis',(1.826024711554E-16,-1.,0.));
#6901=DIRECTION('ref_axis',(1.,1.826024711554E-16,0.));
#6902=DIRECTION('center_axis',(0.,-1.,-4.336808689942E-15));
#6903=DIRECTION('ref_axis',(0.,4.336808689942E-15,-1.));
#6904=DIRECTION('center_axis',(0.,0.,-1.));
#6905=DIRECTION('ref_axis',(-1.,0.,0.));
#6906=DIRECTION('center_axis',(0.,0.,1.));
#6907=DIRECTION('ref_axis',(1.,0.,0.));
#6908=DIRECTION('center_axis',(0.,1.,0.));
#6909=DIRECTION('ref_axis',(1.,0.,0.));
#6910=DIRECTION('center_axis',(1.,0.,0.));
#6911=DIRECTION('ref_axis',(0.,0.,1.));
#6912=DIRECTION('center_axis',(0.,1.,0.));
#6913=DIRECTION('ref_axis',(1.,0.,0.));
#6914=DIRECTION('center_axis',(-1.,0.,0.));
#6915=DIRECTION('ref_axis',(0.,0.,-1.));
#6916=DIRECTION('center_axis',(-1.,0.,0.));
#6917=DIRECTION('ref_axis',(0.,0.,1.));
#6918=DIRECTION('center_axis',(0.,0.,1.));
#6919=DIRECTION('ref_axis',(1.,0.,0.));
#6920=DIRECTION('center_axis',(0.931577619485292,-0.363542485652114,0.));
#6921=DIRECTION('ref_axis',(0.363542485652114,0.931577619485292,0.));
#6922=DIRECTION('',(0.,0.,-1.));
#6923=DIRECTION('',(-0.363542485652114,-0.931577619485292,0.));
#6924=DIRECTION('',(0.,0.,-1.));
#6925=DIRECTION('center_axis',(0.,1.,0.));
#6926=DIRECTION('ref_axis',(0.,0.,1.));
#6927=DIRECTION('',(1.,0.,0.));
#6928=DIRECTION('',(0.,0.,-1.));
#6929=DIRECTION('center_axis',(-0.940667260543758,0.339330377274274,0.));
#6930=DIRECTION('ref_axis',(-0.339330377274274,-0.940667260543758,0.));
#6931=DIRECTION('',(0.339330377274274,0.940667260543758,0.));
#6932=DIRECTION('',(0.,0.,-1.));
#6933=DIRECTION('center_axis',(0.,1.,0.));
#6934=DIRECTION('ref_axis',(0.,0.,1.));
#6935=DIRECTION('',(1.,0.,0.));
#6936=DIRECTION('',(0.,0.,-1.));
#6937=DIRECTION('center_axis',(0.946670776072262,0.322202485606089,0.));
#6938=DIRECTION('ref_axis',(-0.322202485606089,0.946670776072262,0.));
#6939=DIRECTION('',(0.322202485606089,-0.946670776072261,0.));
#6940=DIRECTION('',(0.,0.,-1.));
#6941=DIRECTION('center_axis',(0.,1.,0.));
#6942=DIRECTION('ref_axis',(0.,0.,1.));
#6943=DIRECTION('',(1.,0.,0.));
#6944=DIRECTION('',(0.,0.,-1.));
#6945=DIRECTION('center_axis',(-0.935388263580144,-0.353622392329054,0.));
#6946=DIRECTION('ref_axis',(0.353622392329054,-0.935388263580144,0.));
#6947=DIRECTION('',(-0.353622392329054,0.935388263580144,0.));
#6948=DIRECTION('',(0.,0.,-1.));
#6949=DIRECTION('center_axis',(0.,-1.,0.));
#6950=DIRECTION('ref_axis',(0.,0.,-1.));
#6951=DIRECTION('',(-1.,0.,0.));
#6952=DIRECTION('center_axis',(0.,0.,1.));
#6953=DIRECTION('ref_axis',(1.,0.,0.));
#6954=DIRECTION('',(-1.,0.,0.));
#6955=DIRECTION('',(0.336390827665096,-0.941722470297269,0.));
#6956=DIRECTION('',(1.,0.,0.));
#6957=DIRECTION('',(0.339053795485361,0.940766986967002,0.));
#6958=DIRECTION('center_axis',(0.,-1.,0.));
#6959=DIRECTION('ref_axis',(0.,0.,-1.));
#6960=DIRECTION('',(-1.,0.,0.));
#6961=DIRECTION('',(0.,0.,-1.));
#6962=DIRECTION('',(0.,0.,-1.));
#6963=DIRECTION('center_axis',(0.94172247029727,0.336390827665096,0.));
#6964=DIRECTION('ref_axis',(-0.336390827665096,0.94172247029727,0.));
#6965=DIRECTION('',(0.336390827665096,-0.941722470297269,0.));
#6966=DIRECTION('',(0.,0.,-1.));
#6967=DIRECTION('',(0.,0.,-1.));
#6968=DIRECTION('center_axis',(0.,1.,0.));
#6969=DIRECTION('ref_axis',(0.,0.,1.));
#6970=DIRECTION('',(1.,0.,0.));
#6971=DIRECTION('',(0.,0.,-1.));
#6972=DIRECTION('',(0.,0.,-1.));
#6973=DIRECTION('center_axis',(-0.940766986967002,0.339053795485361,0.));
#6974=DIRECTION('ref_axis',(-0.339053795485361,-0.940766986967002,0.));
#6975=DIRECTION('',(0.339053795485361,0.940766986967002,0.));
#6976=DIRECTION('center_axis',(0.,1.,0.));
#6977=DIRECTION('ref_axis',(0.,0.,1.));
#6978=DIRECTION('',(0.,0.,-1.));
#6979=DIRECTION('',(1.,0.,0.));
#6980=DIRECTION('',(0.,0.,-1.));
#6981=DIRECTION('center_axis',(-1.,0.,0.));
#6982=DIRECTION('ref_axis',(0.,0.,1.));
#6983=DIRECTION('',(0.,1.,0.));
#6984=DIRECTION('',(0.,0.,-1.));
#6985=DIRECTION('center_axis',(0.,-1.,0.));
#6986=DIRECTION('ref_axis',(0.,0.,-1.));
#6987=DIRECTION('',(-1.,0.,0.));
#6988=DIRECTION('',(0.,0.,-1.));
#6989=DIRECTION('',(0.,0.,-1.));
#6990=DIRECTION('center_axis',(0.,0.,-1.));
#6991=DIRECTION('ref_axis',(-1.,0.,0.));
#6992=DIRECTION('',(-1.,0.,0.));
#6993=DIRECTION('',(0.,-1.,0.));
#6994=DIRECTION('',(1.,0.,0.));
#6995=DIRECTION('center_axis',(0.,1.,0.));
#6996=DIRECTION('ref_axis',(0.,0.,1.));
#6997=DIRECTION('',(1.,0.,0.));
#6998=DIRECTION('',(0.,0.,-1.));
#6999=DIRECTION('',(0.,0.,-1.));
#7000=DIRECTION('',(0.,0.,-1.));
#7001=DIRECTION('',(0.,0.,-1.));
#7002=DIRECTION('center_axis',(0.,-1.,0.));
#7003=DIRECTION('ref_axis',(0.,0.,-1.));
#7004=DIRECTION('',(-1.,0.,0.));
#7005=DIRECTION('',(0.,0.,-1.));
#7006=DIRECTION('center_axis',(1.,0.,0.));
#7007=DIRECTION('ref_axis',(0.,0.,-1.));
#7008=DIRECTION('',(0.,-1.,0.));
#7009=DIRECTION('center_axis',(1.,0.,0.));
#7010=DIRECTION('ref_axis',(0.,0.,-1.));
#7011=DIRECTION('',(0.,0.,-1.));
#7012=DIRECTION('',(0.,-1.,0.));
#7013=DIRECTION('',(0.,0.,-1.));
#7014=DIRECTION('center_axis',(0.,1.,0.));
#7015=DIRECTION('ref_axis',(0.,0.,1.));
#7016=DIRECTION('',(1.,0.,0.));
#7017=DIRECTION('',(0.,0.,-1.));
#7018=DIRECTION('center_axis',(-1.,0.,0.));
#7019=DIRECTION('ref_axis',(0.,0.,1.));
#7020=DIRECTION('',(0.,1.,0.));
#7021=DIRECTION('',(0.,0.,-1.));
#7022=DIRECTION('center_axis',(0.,-1.,0.));
#7023=DIRECTION('ref_axis',(0.,0.,-1.));
#7024=DIRECTION('',(-1.,0.,0.));
#7025=DIRECTION('',(0.,0.,-1.));
#7026=DIRECTION('center_axis',(1.,0.,0.));
#7027=DIRECTION('ref_axis',(0.,0.,-1.));
#7028=DIRECTION('',(0.,-1.,0.));
#7029=DIRECTION('',(0.,0.,-1.));
#7030=DIRECTION('center_axis',(0.,1.,0.));
#7031=DIRECTION('ref_axis',(0.,0.,1.));
#7032=DIRECTION('',(1.,0.,0.));
#7033=DIRECTION('',(0.,0.,-1.));
#7034=DIRECTION('center_axis',(1.,0.,0.));
#7035=DIRECTION('ref_axis',(0.,0.,-1.));
#7036=DIRECTION('',(0.,-1.,0.));
#7037=DIRECTION('',(0.,0.,-1.));
#7038=DIRECTION('center_axis',(0.,-1.,0.));
#7039=DIRECTION('ref_axis',(0.,0.,-1.));
#7040=DIRECTION('',(-1.,0.,0.));
#7041=DIRECTION('',(0.,0.,-1.));
#7042=DIRECTION('center_axis',(1.,0.,0.));
#7043=DIRECTION('ref_axis',(0.,0.,-1.));
#7044=DIRECTION('',(0.,-1.,0.));
#7045=DIRECTION('',(0.,0.,-1.));
#7046=DIRECTION('center_axis',(0.,1.,0.));
#7047=DIRECTION('ref_axis',(0.,0.,1.));
#7048=DIRECTION('',(1.,0.,0.));
#7049=DIRECTION('',(0.,0.,-1.));
#7050=DIRECTION('center_axis',(1.,0.,0.));
#7051=DIRECTION('ref_axis',(0.,0.,-1.));
#7052=DIRECTION('',(0.,-1.,0.));
#7053=DIRECTION('',(0.,0.,-1.));
#7054=DIRECTION('center_axis',(0.,-1.,0.));
#7055=DIRECTION('ref_axis',(0.,0.,-1.));
#7056=DIRECTION('',(-1.,0.,0.));
#7057=DIRECTION('center_axis',(0.,0.,1.));
#7058=DIRECTION('ref_axis',(1.,0.,0.));
#7059=DIRECTION('center_axis',(1.,0.,0.));
#7060=DIRECTION('ref_axis',(0.,0.,-1.));
#7061=DIRECTION('',(0.,0.,-1.));
#7062=DIRECTION('',(0.,-1.,0.));
#7063=DIRECTION('',(0.,0.,-1.));
#7064=DIRECTION('',(0.,0.,-1.));
#7065=DIRECTION('',(0.,0.,-1.));
#7066=DIRECTION('',(0.,0.,-1.));
#7067=DIRECTION('',(0.,0.,-1.));
#7068=DIRECTION('center_axis',(1.,0.,0.));
#7069=DIRECTION('ref_axis',(0.,0.,-1.));
#7070=DIRECTION('',(0.,-1.,0.));
#7071=DIRECTION('',(0.,0.,-1.));
#7072=DIRECTION('',(0.,0.,-1.));
#7073=DIRECTION('',(0.,0.,-1.));
#7074=DIRECTION('',(0.,0.,-1.));
#7075=DIRECTION('center_axis',(0.,0.,-1.));
#7076=DIRECTION('ref_axis',(-1.,0.,0.));
#7077=DIRECTION('center_axis',(1.,0.,0.));
#7078=DIRECTION('ref_axis',(0.,0.,-1.));
#7079=DIRECTION('',(0.,0.,-1.));
#7080=DIRECTION('',(0.,-1.,0.));
#7081=DIRECTION('',(0.,0.,-1.));
#7082=DIRECTION('center_axis',(0.,1.,0.));
#7083=DIRECTION('ref_axis',(0.,0.,1.));
#7084=DIRECTION('',(1.,0.,0.));
#7085=DIRECTION('',(0.,0.,-1.));
#7086=DIRECTION('center_axis',(-1.,0.,0.));
#7087=DIRECTION('ref_axis',(0.,0.,1.));
#7088=DIRECTION('',(0.,1.,0.));
#7089=DIRECTION('',(0.,0.,-1.));
#7090=DIRECTION('center_axis',(0.,-1.,0.));
#7091=DIRECTION('ref_axis',(0.,0.,-1.));
#7092=DIRECTION('',(-1.,0.,0.));
#7093=DIRECTION('',(0.,0.,-1.));
#7094=DIRECTION('center_axis',(1.,0.,0.));
#7095=DIRECTION('ref_axis',(0.,0.,-1.));
#7096=DIRECTION('',(0.,-1.,0.));
#7097=DIRECTION('',(0.,0.,-1.));
#7098=DIRECTION('center_axis',(0.,-1.,0.));
#7099=DIRECTION('ref_axis',(0.,0.,-1.));
#7100=DIRECTION('',(-1.,0.,0.));
#7101=DIRECTION('center_axis',(0.,0.,1.));
#7102=DIRECTION('ref_axis',(1.,0.,0.));
#7103=DIRECTION('center_axis',(0.,0.,1.));
#7104=DIRECTION('ref_axis',(1.,0.,0.));
#7105=DIRECTION('center_axis',(0.,0.,1.));
#7106=DIRECTION('ref_axis',(1.,0.,0.));
#7107=DIRECTION('',(0.,0.,1.));
#7108=DIRECTION('',(1.,0.,0.));
#7109=DIRECTION('',(0.,0.,1.));
#7110=DIRECTION('',(1.,0.,0.));
#7111=CARTESIAN_POINT('',(0.,0.,0.));
#7112=CARTESIAN_POINT('',(0.,0.,0.));
#7113=CARTESIAN_POINT('',(0.,0.,0.));
#7114=CARTESIAN_POINT('Origin',(-3.277574884091,3.814722636292,2.398999999999));
#7115=CARTESIAN_POINT('',(-3.698953609801,3.814722636292,2.398999999999));
#7116=CARTESIAN_POINT('Origin',(-3.277574884091,3.814722636292,2.398999999999));
#7117=CARTESIAN_POINT('',(-3.698953609801,3.814722636292,2.399999999999));
#7118=CARTESIAN_POINT('',(-3.698953609801,3.814722636292,2.398999999999));
#7119=CARTESIAN_POINT('Origin',(-3.277574884091,3.814722636292,2.399999999999));
#7120=CARTESIAN_POINT('Origin',(-5.049999999999,-8.673617379884E-16,-0.01));
#7121=CARTESIAN_POINT('',(-4.849999999999,0.223606797749,-0.01));
#7122=CARTESIAN_POINT('',(-4.849999999999,-0.223606797749,-0.01));
#7123=CARTESIAN_POINT('Origin',(-5.049999999999,-8.673617379884E-16,-0.01));
#7124=CARTESIAN_POINT('',(-4.849999999999,-0.223606797749,1.209999999999));
#7125=CARTESIAN_POINT('',(-4.85,-0.223606797749,-0.01));
#7126=CARTESIAN_POINT('',(-4.849999999999,0.223606797749,1.209999999999));
#7127=CARTESIAN_POINT('Origin',(-5.049999999999,-8.673617379884E-16,1.209999999999));
#7128=CARTESIAN_POINT('',(-4.85,0.223606797749,-0.01));
#7129=CARTESIAN_POINT('Origin',(-5.049999999999,-1.1,-0.01));
#7130=CARTESIAN_POINT('',(-4.849999999999,-0.87639320225,-0.01));
#7131=CARTESIAN_POINT('',(-4.849999999999,-1.323606797749,-0.01));
#7132=CARTESIAN_POINT('Origin',(-5.049999999999,-1.1,-0.01));
#7133=CARTESIAN_POINT('',(-4.849999999999,-1.323606797749,1.209999999999));
#7134=CARTESIAN_POINT('',(-4.85,-1.323606797749,-0.01));
#7135=CARTESIAN_POINT('',(-4.849999999999,-0.87639320225,1.209999999999));
#7136=CARTESIAN_POINT('Origin',(-5.049999999999,-1.1,1.209999999999));
#7137=CARTESIAN_POINT('',(-4.85,-0.87639320225,-0.01));
#7138=CARTESIAN_POINT('Origin',(-5.049999999999,-2.2,-0.01));
#7139=CARTESIAN_POINT('',(-4.849999999999,-1.97639320225,-0.01));
#7140=CARTESIAN_POINT('',(-4.849999999999,-2.423606797749,-0.01));
#7141=CARTESIAN_POINT('Origin',(-5.049999999999,-2.2,-0.01));
#7142=CARTESIAN_POINT('',(-4.849999999999,-2.423606797749,1.209999999999));
#7143=CARTESIAN_POINT('',(-4.85,-2.423606797749,-0.01));
#7144=CARTESIAN_POINT('',(-4.849999999999,-1.97639320225,1.209999999999));
#7145=CARTESIAN_POINT('Origin',(-5.049999999999,-2.2,1.209999999999));
#7146=CARTESIAN_POINT('',(-4.85,-1.97639320225,-0.01));
#7147=CARTESIAN_POINT('Origin',(-5.049999999999,-3.3,-0.01));
#7148=CARTESIAN_POINT('',(-4.849999999999,-3.07639320225,-0.01));
#7149=CARTESIAN_POINT('',(-4.849999999999,-3.523606797749,-0.01));
#7150=CARTESIAN_POINT('Origin',(-5.049999999999,-3.3,-0.01));
#7151=CARTESIAN_POINT('',(-4.849999999999,-3.523606797749,1.209999999999));
#7152=CARTESIAN_POINT('',(-4.85,-3.523606797749,-0.01));
#7153=CARTESIAN_POINT('',(-4.849999999999,-3.07639320225,1.209999999999));
#7154=CARTESIAN_POINT('Origin',(-5.049999999999,-3.3,1.209999999999));
#7155=CARTESIAN_POINT('',(-4.85,-3.07639320225,-0.01));
#7156=CARTESIAN_POINT('Origin',(-5.049999999999,-4.4,-0.01));
#7157=CARTESIAN_POINT('',(-4.849999999999,-4.17639320225,-0.01));
#7158=CARTESIAN_POINT('',(-4.849999999999,-4.623606797749,-0.01));
#7159=CARTESIAN_POINT('Origin',(-5.049999999999,-4.4,-0.01));
#7160=CARTESIAN_POINT('',(-4.849999999999,-4.623606797749,1.209999999999));
#7161=CARTESIAN_POINT('',(-4.85,-4.623606797749,-0.01));
#7162=CARTESIAN_POINT('',(-4.849999999999,-4.17639320225,1.209999999999));
#7163=CARTESIAN_POINT('Origin',(-5.049999999999,-4.4,1.209999999999));
#7164=CARTESIAN_POINT('',(-4.85,-4.17639320225,-0.01));
#7165=CARTESIAN_POINT('Origin',(-5.049999999999,1.099999999999,-0.01));
#7166=CARTESIAN_POINT('',(-4.849999999999,1.323606797749,-0.01));
#7167=CARTESIAN_POINT('',(-4.849999999999,0.87639320225,-0.01));
#7168=CARTESIAN_POINT('Origin',(-5.049999999999,1.099999999999,-0.01));
#7169=CARTESIAN_POINT('',(-4.849999999999,0.87639320225,1.209999999999));
#7170=CARTESIAN_POINT('',(-4.85,0.87639320225,-0.01));
#7171=CARTESIAN_POINT('',(-4.849999999999,1.323606797749,1.209999999999));
#7172=CARTESIAN_POINT('Origin',(-5.049999999999,1.099999999999,1.209999999999));
#7173=CARTESIAN_POINT('',(-4.85,1.323606797749,-0.01));
#7174=CARTESIAN_POINT('Origin',(-5.049999999999,2.199999999999,-0.01));
#7175=CARTESIAN_POINT('',(-4.849999999999,2.423606797749,-0.01));
#7176=CARTESIAN_POINT('',(-4.849999999999,1.97639320225,-0.01));
#7177=CARTESIAN_POINT('Origin',(-5.049999999999,2.199999999999,-0.01));
#7178=CARTESIAN_POINT('',(-4.849999999999,1.97639320225,1.209999999999));
#7179=CARTESIAN_POINT('',(-4.85,1.97639320225,-0.01));
#7180=CARTESIAN_POINT('',(-4.849999999999,2.423606797749,1.209999999999));
#7181=CARTESIAN_POINT('Origin',(-5.049999999999,2.199999999999,1.209999999999));
#7182=CARTESIAN_POINT('',(-4.85,2.423606797749,-0.01));
#7183=CARTESIAN_POINT('Origin',(-5.049999999999,3.299999999999,-0.01));
#7184=CARTESIAN_POINT('',(-4.849999999999,3.523606797749,-0.01));
#7185=CARTESIAN_POINT('',(-4.849999999999,3.07639320225,-0.01));
#7186=CARTESIAN_POINT('Origin',(-5.049999999999,3.299999999999,-0.01));
#7187=CARTESIAN_POINT('',(-4.849999999999,3.07639320225,1.209999999999));
#7188=CARTESIAN_POINT('',(-4.85,3.07639320225,-0.01));
#7189=CARTESIAN_POINT('',(-4.849999999999,3.523606797749,1.209999999999));
#7190=CARTESIAN_POINT('Origin',(-5.049999999999,3.299999999999,1.209999999999));
#7191=CARTESIAN_POINT('',(-4.85,3.523606797749,-0.01));
#7192=CARTESIAN_POINT('Origin',(-5.049999999999,4.399999999999,-0.01));
#7193=CARTESIAN_POINT('',(-4.849999999999,4.623606797749,-0.01));
#7194=CARTESIAN_POINT('',(-4.849999999999,4.17639320225,-0.01));
#7195=CARTESIAN_POINT('Origin',(-5.049999999999,4.399999999999,-0.01));
#7196=CARTESIAN_POINT('',(-4.85,4.17639320225,1.209999999999));
#7197=CARTESIAN_POINT('',(-4.85,4.17639320225,-0.01));
#7198=CARTESIAN_POINT('',(-4.85,4.623606797749,1.209999999999));
#7199=CARTESIAN_POINT('Origin',(-5.049999999999,4.399999999999,1.209999999999));
#7200=CARTESIAN_POINT('',(-4.85,4.623606797749,-0.01));
#7201=CARTESIAN_POINT('Origin',(0.,0.,0.));
#7202=CARTESIAN_POINT('',(-4.249999999999,4.099999999999,0.));
#7203=CARTESIAN_POINT('',(-4.85,4.099999999999,0.));
#7204=CARTESIAN_POINT('',(-3.704357422658E-16,4.099999999999,0.));
#7205=CARTESIAN_POINT('',(-4.249999999999,4.699999999999,4.336808689942E-16));
#7206=CARTESIAN_POINT('',(-4.249999999999,0.,0.));
#7207=CARTESIAN_POINT('',(-4.85,4.699999999999,0.));
#7208=CARTESIAN_POINT('',(-4.246458508901E-16,4.699999999999,0.));
#7209=CARTESIAN_POINT('',(-4.85,5.05,0.));
#7210=CARTESIAN_POINT('',(-4.85,5.05,0.));
#7211=CARTESIAN_POINT('',(4.849999999999,5.05,0.));
#7212=CARTESIAN_POINT('',(-4.85,5.05,0.));
#7213=CARTESIAN_POINT('',(4.849999999999,4.699999999999,4.336808689942E-16));
#7214=CARTESIAN_POINT('',(4.849999999999,5.05,0.));
#7215=CARTESIAN_POINT('',(4.249999999999,4.699999999999,4.336808689942E-16));
#7216=CARTESIAN_POINT('',(4.246458508901E-16,4.699999999999,0.));
#7217=CARTESIAN_POINT('',(4.249999999999,4.099999999999,4.336808689942E-16));
#7218=CARTESIAN_POINT('',(4.249999999999,0.,0.));
#7219=CARTESIAN_POINT('',(4.849999999999,4.099999999999,0.));
#7220=CARTESIAN_POINT('',(3.704357422658E-16,4.099999999999,0.));
#7221=CARTESIAN_POINT('',(4.849999999999,3.599999999999,4.336808689942E-16));
#7222=CARTESIAN_POINT('',(4.849999999999,5.05,0.));
#7223=CARTESIAN_POINT('',(4.249999999999,3.599999999999,4.336808689942E-16));
#7224=CARTESIAN_POINT('',(3.252606517456E-16,3.6,0.));
#7225=CARTESIAN_POINT('',(4.249999999999,2.999999999999,4.336808689942E-16));
#7226=CARTESIAN_POINT('',(4.249999999999,0.,0.));
#7227=CARTESIAN_POINT('',(4.849999999999,2.999999999999,0.));
#7228=CARTESIAN_POINT('',(2.710505431213E-16,2.999999999999,0.));
#7229=CARTESIAN_POINT('',(4.849999999999,2.499999999999,4.336808689942E-16));
#7230=CARTESIAN_POINT('',(4.849999999999,5.05,0.));
#7231=CARTESIAN_POINT('',(4.249999999999,2.499999999999,4.336808689942E-16));
#7232=CARTESIAN_POINT('',(2.258754526011E-16,2.5,0.));
#7233=CARTESIAN_POINT('',(4.249999999999,1.899999999999,4.336808689942E-16));
#7234=CARTESIAN_POINT('',(4.249999999999,0.,0.));
#7235=CARTESIAN_POINT('',(4.849999999999,1.899999999999,0.));
#7236=CARTESIAN_POINT('',(1.716653439768E-16,1.899999999999,0.));
#7237=CARTESIAN_POINT('',(4.849999999999,1.399999999999,4.336808689942E-16));
#7238=CARTESIAN_POINT('',(4.849999999999,5.05,0.));
#7239=CARTESIAN_POINT('',(4.249999999999,1.399999999999,4.336808689942E-16));
#7240=CARTESIAN_POINT('',(1.264902534566E-16,1.399999999999,0.));
#7241=CARTESIAN_POINT('',(4.249999999999,0.799999999999,4.336808689942E-16));
#7242=CARTESIAN_POINT('',(4.249999999999,0.,0.));
#7243=CARTESIAN_POINT('',(4.849999999999,0.799999999999,0.));
#7244=CARTESIAN_POINT('',(7.228014483236E-17,0.799999999999,0.));
#7245=CARTESIAN_POINT('',(4.849999999999,0.299999999999,4.336808689942E-16));
#7246=CARTESIAN_POINT('',(4.849999999999,5.05,0.));
#7247=CARTESIAN_POINT('',(4.249999999999,0.299999999999,4.336808689942E-16));
#7248=CARTESIAN_POINT('',(2.710505431213E-17,0.299999999999,0.));
#7249=CARTESIAN_POINT('',(4.249999999999,-0.3,4.336808689942E-16));
#7250=CARTESIAN_POINT('',(4.249999999999,0.,0.));
#7251=CARTESIAN_POINT('',(4.849999999999,-0.3,0.));
#7252=CARTESIAN_POINT('',(-2.710505431213E-17,-0.3,0.));
#7253=CARTESIAN_POINT('',(4.849999999999,-0.8,4.336808689942E-16));
#7254=CARTESIAN_POINT('',(4.849999999999,5.05,0.));
#7255=CARTESIAN_POINT('',(4.249999999999,-0.8,4.336808689942E-16));
#7256=CARTESIAN_POINT('',(-7.228014483236E-17,-0.8,0.));
#7257=CARTESIAN_POINT('',(4.249999999999,-1.4,4.336808689942E-16));
#7258=CARTESIAN_POINT('',(4.249999999999,0.,0.));
#7259=CARTESIAN_POINT('',(4.849999999999,-1.4,0.));
#7260=CARTESIAN_POINT('',(-1.264902534566E-16,-1.4,0.));
#7261=CARTESIAN_POINT('',(4.849999999999,-1.9,4.336808689942E-16));
#7262=CARTESIAN_POINT('',(4.849999999999,5.05,0.));
#7263=CARTESIAN_POINT('',(4.249999999999,-1.9,4.336808689942E-16));
#7264=CARTESIAN_POINT('',(-1.716653439768E-16,-1.9,0.));
#7265=CARTESIAN_POINT('',(4.249999999999,-2.5,4.336808689942E-16));
#7266=CARTESIAN_POINT('',(4.249999999999,0.,0.));
#7267=CARTESIAN_POINT('',(4.849999999999,-2.5,0.));
#7268=CARTESIAN_POINT('',(-2.258754526011E-16,-2.5,0.));
#7269=CARTESIAN_POINT('',(4.849999999999,-3.,4.336808689942E-16));
#7270=CARTESIAN_POINT('',(4.849999999999,5.05,0.));
#7271=CARTESIAN_POINT('',(4.249999999999,-3.,4.336808689942E-16));
#7272=CARTESIAN_POINT('',(-2.710505431213E-16,-3.,0.));
#7273=CARTESIAN_POINT('',(4.249999999999,-3.6,4.336808689942E-16));
#7274=CARTESIAN_POINT('',(4.249999999999,0.,0.));
#7275=CARTESIAN_POINT('',(4.849999999999,-3.6,0.));
#7276=CARTESIAN_POINT('',(-3.252606517456E-16,-3.6,0.));
#7277=CARTESIAN_POINT('',(4.849999999999,-4.1,4.336808689942E-16));
#7278=CARTESIAN_POINT('',(4.849999999999,5.05,0.));
#7279=CARTESIAN_POINT('',(4.249999999999,-4.1,4.336808689942E-16));
#7280=CARTESIAN_POINT('',(-3.704357422658E-16,-4.1,0.));
#7281=CARTESIAN_POINT('',(4.249999999999,-4.7,4.336808689942E-16));
#7282=CARTESIAN_POINT('',(4.249999999999,0.,0.));
#7283=CARTESIAN_POINT('',(4.849999999999,-4.7,0.));
#7284=CARTESIAN_POINT('',(-4.246458508901E-16,-4.7,0.));
#7285=CARTESIAN_POINT('',(4.849999999999,-5.049999999999,0.));
#7286=CARTESIAN_POINT('',(4.849999999999,5.05,0.));
#7287=CARTESIAN_POINT('',(-4.85,-5.049999999999,0.));
#7288=CARTESIAN_POINT('',(-4.85,-5.049999999999,0.));
#7289=CARTESIAN_POINT('',(-4.85,-4.7,0.));
#7290=CARTESIAN_POINT('',(-4.85,5.05,0.));
#7291=CARTESIAN_POINT('',(-4.249999999999,-4.7,0.));
#7292=CARTESIAN_POINT('',(4.246458508901E-16,-4.7,0.));
#7293=CARTESIAN_POINT('',(-4.249999999999,-4.1,4.336808689942E-16));
#7294=CARTESIAN_POINT('',(-4.249999999999,0.,0.));
#7295=CARTESIAN_POINT('',(-4.85,-4.1,0.));
#7296=CARTESIAN_POINT('',(3.704357422658E-16,-4.1,0.));
#7297=CARTESIAN_POINT('',(-4.85,-3.6,0.));
#7298=CARTESIAN_POINT('',(-4.85,5.05,0.));
#7299=CARTESIAN_POINT('',(-4.249999999999,-3.6,0.));
#7300=CARTESIAN_POINT('',(3.252606517456E-16,-3.6,0.));
#7301=CARTESIAN_POINT('',(-4.249999999999,-3.,4.336808689942E-16));
#7302=CARTESIAN_POINT('',(-4.249999999999,0.,0.));
#7303=CARTESIAN_POINT('',(-4.85,-3.,0.));
#7304=CARTESIAN_POINT('',(2.710505431213E-16,-3.,0.));
#7305=CARTESIAN_POINT('',(-4.85,-2.5,0.));
#7306=CARTESIAN_POINT('',(-4.85,5.05,0.));
#7307=CARTESIAN_POINT('',(-4.249999999999,-2.5,0.));
#7308=CARTESIAN_POINT('',(2.258754526011E-16,-2.5,0.));
#7309=CARTESIAN_POINT('',(-4.249999999999,-1.9,4.336808689942E-16));
#7310=CARTESIAN_POINT('',(-4.249999999999,0.,0.));
#7311=CARTESIAN_POINT('',(-4.85,-1.9,0.));
#7312=CARTESIAN_POINT('',(1.716653439768E-16,-1.9,0.));
#7313=CARTESIAN_POINT('',(-4.85,-1.4,0.));
#7314=CARTESIAN_POINT('',(-4.85,5.05,0.));
#7315=CARTESIAN_POINT('',(-4.249999999999,-1.4,0.));
#7316=CARTESIAN_POINT('',(1.264902534566E-16,-1.4,0.));
#7317=CARTESIAN_POINT('',(-4.249999999999,-0.8,4.336808689942E-16));
#7318=CARTESIAN_POINT('',(-4.249999999999,0.,0.));
#7319=CARTESIAN_POINT('',(-4.85,-0.8,0.));
#7320=CARTESIAN_POINT('',(7.228014483236E-17,-0.8,0.));
#7321=CARTESIAN_POINT('',(-4.85,-0.3,0.));
#7322=CARTESIAN_POINT('',(-4.85,5.05,0.));
#7323=CARTESIAN_POINT('',(-4.249999999999,-0.3,0.));
#7324=CARTESIAN_POINT('',(2.710505431213E-17,-0.3,0.));
#7325=CARTESIAN_POINT('',(-4.249999999999,0.299999999999,4.336808689942E-16));
#7326=CARTESIAN_POINT('',(-4.249999999999,0.,0.));
#7327=CARTESIAN_POINT('',(-4.85,0.299999999999,0.));
#7328=CARTESIAN_POINT('',(-2.710505431213E-17,0.299999999999,0.));
#7329=CARTESIAN_POINT('',(-4.85,0.799999999999,0.));
#7330=CARTESIAN_POINT('',(-4.85,5.05,0.));
#7331=CARTESIAN_POINT('',(-4.249999999999,0.799999999999,0.));
#7332=CARTESIAN_POINT('',(-7.228014483236E-17,0.799999999999,0.));
#7333=CARTESIAN_POINT('',(-4.249999999999,1.399999999999,4.336808689942E-16));
#7334=CARTESIAN_POINT('',(-4.249999999999,0.,0.));
#7335=CARTESIAN_POINT('',(-4.85,1.399999999999,0.));
#7336=CARTESIAN_POINT('',(-1.264902534566E-16,1.399999999999,0.));
#7337=CARTESIAN_POINT('',(-4.85,1.899999999999,0.));
#7338=CARTESIAN_POINT('',(-4.85,5.05,0.));
#7339=CARTESIAN_POINT('',(-4.249999999999,1.899999999999,0.));
#7340=CARTESIAN_POINT('',(-1.716653439768E-16,1.899999999999,0.));
#7341=CARTESIAN_POINT('',(-4.249999999999,2.499999999999,4.336808689942E-16));
#7342=CARTESIAN_POINT('',(-4.249999999999,0.,0.));
#7343=CARTESIAN_POINT('',(-4.85,2.499999999999,0.));
#7344=CARTESIAN_POINT('',(-2.258754526011E-16,2.5,0.));
#7345=CARTESIAN_POINT('',(-4.85,2.999999999999,0.));
#7346=CARTESIAN_POINT('',(-4.85,5.05,0.));
#7347=CARTESIAN_POINT('',(-4.249999999999,2.999999999999,0.));
#7348=CARTESIAN_POINT('',(-2.710505431213E-16,2.999999999999,0.));
#7349=CARTESIAN_POINT('',(-4.249999999999,3.599999999999,4.336808689942E-16));
#7350=CARTESIAN_POINT('',(-4.249999999999,0.,0.));
#7351=CARTESIAN_POINT('',(-4.85,3.599999999999,0.));
#7352=CARTESIAN_POINT('',(-3.252606517456E-16,3.6,0.));
#7353=CARTESIAN_POINT('',(-4.85,5.05,0.));
#7354=CARTESIAN_POINT('',(-1.027180168836,0.268223654779,0.));
#7355=CARTESIAN_POINT('',(-1.222302120056,-0.23177634522,0.));
#7356=CARTESIAN_POINT('',(-1.027180168836,0.268223654779,0.));
#7357=CARTESIAN_POINT('',(-1.149131388348,-0.23177634522,0.));
#7358=CARTESIAN_POINT('',(-1.222302120056,-0.23177634522,0.));
#7359=CARTESIAN_POINT('',(-1.098540687129,-0.091532442781,0.));
#7360=CARTESIAN_POINT('',(-1.149131388348,-0.23177634522,0.));
#7361=CARTESIAN_POINT('',(-0.89198580908,-0.091532442781,0.));
#7362=CARTESIAN_POINT('',(-1.098540687129,-0.091532442781,0.));
#7363=CARTESIAN_POINT('',(-0.844253339568,-0.23177634522,0.));
#7364=CARTESIAN_POINT('',(-0.89198580908,-0.091532442781,0.));
#7365=CARTESIAN_POINT('',(-0.771082607861,-0.23177634522,0.));
#7366=CARTESIAN_POINT('',(-0.844253339568,-0.23177634522,0.));
#7367=CARTESIAN_POINT('',(-0.960106998105,0.268223654779,0.));
#7368=CARTESIAN_POINT('',(-0.771082607861,-0.23177634522,0.));
#7369=CARTESIAN_POINT('',(-0.960106998105,0.268223654779,0.));
#7370=CARTESIAN_POINT('',(-0.234497242007,-0.17689829644,0.));
#7371=CARTESIAN_POINT('',(-0.234497242007,-0.23177634522,0.));
#7372=CARTESIAN_POINT('',(-0.234497242007,-0.17689829644,0.));
#7373=CARTESIAN_POINT('',(0.033795440919,-0.23177634522,0.));
#7374=CARTESIAN_POINT('',(-0.234497242007,-0.23177634522,0.));
#7375=CARTESIAN_POINT('',(0.033795440919,0.268223654779,0.));
#7376=CARTESIAN_POINT('',(0.033795440919,-0.23177634522,0.));
#7377=CARTESIAN_POINT('',(-0.222302120056,0.268223654779,0.));
#7378=CARTESIAN_POINT('',(0.033795440919,0.268223654779,0.));
#7379=CARTESIAN_POINT('',(-0.222302120056,0.213345605998,0.));
#7380=CARTESIAN_POINT('',(-0.222302120056,0.268223654779,0.));
#7381=CARTESIAN_POINT('',(-0.033277729812,0.213345605998,0.));
#7382=CARTESIAN_POINT('',(-0.222302120056,0.213345605998,0.));
#7383=CARTESIAN_POINT('',(-0.033277729812,0.048711459657,0.));
#7384=CARTESIAN_POINT('',(-0.033277729812,0.213345605998,0.));
#7385=CARTESIAN_POINT('',(-0.210106998105,0.048711459657,0.));
#7386=CARTESIAN_POINT('',(-0.033277729812,0.048711459657,0.));
#7387=CARTESIAN_POINT('',(-0.210106998105,-0.006166589123,0.));
#7388=CARTESIAN_POINT('',(-0.210106998105,0.048711459657,0.));
#7389=CARTESIAN_POINT('',(-0.033277729812,-0.006166589123,0.));
#7390=CARTESIAN_POINT('',(-0.210106998105,-0.006166589123,0.));
#7391=CARTESIAN_POINT('',(-0.033277729812,-0.17689829644,0.));
#7392=CARTESIAN_POINT('',(-0.033277729812,-0.006166589123,0.));
#7393=CARTESIAN_POINT('',(-0.033277729812,-0.17689829644,0.));
#7394=CARTESIAN_POINT('',(0.54599056287,-0.17689829644,0.));
#7395=CARTESIAN_POINT('',(0.54599056287,-0.23177634522,0.));
#7396=CARTESIAN_POINT('',(0.54599056287,-0.17689829644,0.));
#7397=CARTESIAN_POINT('',(0.802088123846,-0.23177634522,0.));
#7398=CARTESIAN_POINT('',(0.54599056287,-0.23177634522,0.));
#7399=CARTESIAN_POINT('',(0.802088123846,0.268223654779,0.));
#7400=CARTESIAN_POINT('',(0.802088123846,-0.23177634522,0.));
#7401=CARTESIAN_POINT('',(0.735014953114,0.268223654779,0.));
#7402=CARTESIAN_POINT('',(0.802088123846,0.268223654779,0.));
#7403=CARTESIAN_POINT('',(0.735014953114,-0.17689829644,0.));
#7404=CARTESIAN_POINT('',(0.735014953114,0.268223654779,0.));
#7405=CARTESIAN_POINT('',(0.735014953114,-0.17689829644,0.));
#7406=CARTESIAN_POINT('',(0.131356416529,-0.150983662293,0.));
#7407=CARTESIAN_POINT('',(0.131356416529,-0.205861711074,0.));
#7408=CARTESIAN_POINT('',(0.131356416529,-0.150983662293,0.));
#7409=CARTESIAN_POINT('',(0.268932636041,-0.237873906196,0.));
#7410=CARTESIAN_POINT('Ctrl Pts',(0.131356416529,-0.205861711074,0.));
#7411=CARTESIAN_POINT('Ctrl Pts',(0.136048111916,-0.208451335909,0.));
#7412=CARTESIAN_POINT('Ctrl Pts',(0.145499548702,-0.213668144207,0.));
#7413=CARTESIAN_POINT('Ctrl Pts',(0.160614380945,-0.220105189263,0.));
#7414=CARTESIAN_POINT('Ctrl Pts',(0.176518847406,-0.225657443568,0.));
#7415=CARTESIAN_POINT('Ctrl Pts',(0.193352153646,-0.230084868348,0.));
#7416=CARTESIAN_POINT('Ctrl Pts',(0.211002396802,-0.233643076223,0.));
#7417=CARTESIAN_POINT('Ctrl Pts',(0.22956310142,-0.236053177916,0.));
#7418=CARTESIAN_POINT('Ctrl Pts',(0.248960735885,-0.237639669422,0.));
#7419=CARTESIAN_POINT('Ctrl Pts',(0.262196639224,-0.237794904291,0.));
#7420=CARTESIAN_POINT('Ctrl Pts',(0.268932636041,-0.237873906196,0.));
#7421=CARTESIAN_POINT('',(0.503307636041,0.008791490145,0.));
#7422=CARTESIAN_POINT('Ctrl Pts',(0.268932636041,-0.237873906196,0.));
#7423=CARTESIAN_POINT('Ctrl Pts',(0.277612166817,-0.237680327653,0.));
#7424=CARTESIAN_POINT('Ctrl Pts',(0.294585964149,-0.237301763071,0.));
#7425=CARTESIAN_POINT('Ctrl Pts',(0.319382195082,-0.234117486941,0.));
#7426=CARTESIAN_POINT('Ctrl Pts',(0.342840333472,-0.228801229493,0.));
#7427=CARTESIAN_POINT('Ctrl Pts',(0.36495223159,-0.221331692337,0.));
#7428=CARTESIAN_POINT('Ctrl Pts',(0.38579524722,-0.211893153487,0.));
#7429=CARTESIAN_POINT('Ctrl Pts',(0.405261411461,-0.20022618829,0.));
#7430=CARTESIAN_POINT('Ctrl Pts',(0.423221905796,-0.1862389156,0.));
#7431=CARTESIAN_POINT('Ctrl Pts',(0.439914394792,-0.170495170083,0.));
#7432=CARTESIAN_POINT('Ctrl Pts',(0.45480857061,-0.152880116553,0.));
#7433=CARTESIAN_POINT('Ctrl Pts',(0.467845610771,-0.133826774144,0.));
#7434=CARTESIAN_POINT('Ctrl Pts',(0.47887488506,-0.11339440533,0.));
#7435=CARTESIAN_POINT('Ctrl Pts',(0.48782439581,-0.091571792987,0.));
#7436=CARTESIAN_POINT('Ctrl Pts',(0.494798712519,-0.06840323519,0.));
#7437=CARTESIAN_POINT('Ctrl Pts',(0.499675980932,-0.043867876974,0.));
#7438=CARTESIAN_POINT('Ctrl Pts',(0.502845549582,-0.018000141031,0.));
#7439=CARTESIAN_POINT('Ctrl Pts',(0.503151361795,-0.000269242703,0.));
#7440=CARTESIAN_POINT('Ctrl Pts',(0.503307636041,0.008791490145,0.));
#7441=CARTESIAN_POINT('',(0.24902028848,0.274321215754,0.));
#7442=CARTESIAN_POINT('Ctrl Pts',(0.503307636041,0.008791490145,0.));
#7443=CARTESIAN_POINT('Ctrl Pts',(0.503089874313,0.018519245699,0.));
#7444=CARTESIAN_POINT('Ctrl Pts',(0.502663693163,0.037557421484,0.));
#7445=CARTESIAN_POINT('Ctrl Pts',(0.49927613532,0.065395900672,0.));
#7446=CARTESIAN_POINT('Ctrl Pts',(0.493717706119,0.0917928984,0.));
#7447=CARTESIAN_POINT('Ctrl Pts',(0.485762863949,0.11670834474,0.));
#7448=CARTESIAN_POINT('Ctrl Pts',(0.47563301884,0.140175914532,0.));
#7449=CARTESIAN_POINT('Ctrl Pts',(0.463319561433,0.162226833479,0.));
#7450=CARTESIAN_POINT('Ctrl Pts',(0.448622410846,0.182747488372,0.));
#7451=CARTESIAN_POINT('Ctrl Pts',(0.4317756236,0.201598401382,0.));
#7452=CARTESIAN_POINT('Ctrl Pts',(0.413336646239,0.218685154633,0.));
#7453=CARTESIAN_POINT('Ctrl Pts',(0.393441067651,0.233595366037,0.));
#7454=CARTESIAN_POINT('Ctrl Pts',(0.372328877697,0.246195740482,0.));
#7455=CARTESIAN_POINT('Ctrl Pts',(0.350029959647,0.256569368687,0.));
#7456=CARTESIAN_POINT('Ctrl Pts',(0.32646233898,0.264488000119,0.));
#7457=CARTESIAN_POINT('Ctrl Pts',(0.301736282089,0.270174950863,0.));
#7458=CARTESIAN_POINT('Ctrl Pts',(0.275766633027,0.273698915058,0.));
#7459=CARTESIAN_POINT('Ctrl Pts',(0.258050876965,0.274111103248,0.));
#7460=CARTESIAN_POINT('Ctrl Pts',(0.24902028848,0.274321215754,0.));
#7461=CARTESIAN_POINT('',(0.131356416529,0.254504142584,0.));
#7462=CARTESIAN_POINT('Ctrl Pts',(0.24902028848,0.274321215754,0.));
#7463=CARTESIAN_POINT('Ctrl Pts',(0.243206858168,0.274279543537,0.));
#7464=CARTESIAN_POINT('Ctrl Pts',(0.231857526744,0.274198188504,0.));
#7465=CARTESIAN_POINT('Ctrl Pts',(0.21520790426,0.273177988871,0.));
#7466=CARTESIAN_POINT('Ctrl Pts',(0.199334265696,0.271736134512,0.));
#7467=CARTESIAN_POINT('Ctrl Pts',(0.184213640025,0.269487823644,0.));
#7468=CARTESIAN_POINT('Ctrl Pts',(0.169846805285,0.266811443948,0.));
#7469=CARTESIAN_POINT('Ctrl Pts',(0.156287581804,0.263322654686,0.));
#7470=CARTESIAN_POINT('Ctrl Pts',(0.143450733637,0.259413492543,0.));
#7471=CARTESIAN_POINT('Ctrl Pts',(0.135336478284,0.256119737399,0.));
#7472=CARTESIAN_POINT('Ctrl Pts',(0.131356416529,0.254504142584,0.));
#7473=CARTESIAN_POINT('',(0.131356416529,0.187430971852,0.));
#7474=CARTESIAN_POINT('',(0.131356416529,0.254504142584,0.));
#7475=CARTESIAN_POINT('',(0.248448642138,0.219443166974,0.));
#7476=CARTESIAN_POINT('Ctrl Pts',(0.131356416529,0.187430971852,0.));
#7477=CARTESIAN_POINT('Ctrl Pts',(0.135796609342,0.190011058348,0.));
#7478=CARTESIAN_POINT('Ctrl Pts',(0.144636611279,0.195147765372,0.));
#7479=CARTESIAN_POINT('Ctrl Pts',(0.158540327086,0.201569660085,0.));
#7480=CARTESIAN_POINT('Ctrl Pts',(0.172711948661,0.207139729172,0.));
#7481=CARTESIAN_POINT('Ctrl Pts',(0.187250684439,0.211586229587,0.));
#7482=CARTESIAN_POINT('Ctrl Pts',(0.202065031936,0.215176812798,0.));
#7483=CARTESIAN_POINT('Ctrl Pts',(0.217232674606,0.217585118154,0.));
#7484=CARTESIAN_POINT('Ctrl Pts',(0.23272487514,0.219205434949,0.));
#7485=CARTESIAN_POINT('Ctrl Pts',(0.243172577284,0.219363396676,0.));
#7486=CARTESIAN_POINT('Ctrl Pts',(0.248448642138,0.219443166974,0.));
#7487=CARTESIAN_POINT('',(0.436234465309,0.012888288925,0.));
#7488=CARTESIAN_POINT('Ctrl Pts',(0.248448642138,0.219443166974,0.));
#7489=CARTESIAN_POINT('Ctrl Pts',(0.255223323071,0.219297498931,0.));
#7490=CARTESIAN_POINT('Ctrl Pts',(0.268509943446,0.219011812268,0.));
#7491=CARTESIAN_POINT('Ctrl Pts',(0.287920682301,0.216206897425,0.));
#7492=CARTESIAN_POINT('Ctrl Pts',(0.306434378892,0.212010427809,0.));
#7493=CARTESIAN_POINT('Ctrl Pts',(0.323976794552,0.20586856917,0.));
#7494=CARTESIAN_POINT('Ctrl Pts',(0.340528009785,0.197941553997,0.));
#7495=CARTESIAN_POINT('Ctrl Pts',(0.356073671784,0.188199650341,0.));
#7496=CARTESIAN_POINT('Ctrl Pts',(0.370709252313,0.176851724154,0.));
#7497=CARTESIAN_POINT('Ctrl Pts',(0.384211490563,0.163756205527,0.));
#7498=CARTESIAN_POINT('Ctrl Pts',(0.396515785451,0.149274653638,0.));
#7499=CARTESIAN_POINT('Ctrl Pts',(0.407077200618,0.133311298303,0.));
#7500=CARTESIAN_POINT('Ctrl Pts',(0.416235550729,0.116298208259,0.));
#7501=CARTESIAN_POINT('Ctrl Pts',(0.423569539691,0.097936893143,0.));
#7502=CARTESIAN_POINT('Ctrl Pts',(0.429249289313,0.078368231208,0.));
#7503=CARTESIAN_POINT('Ctrl Pts',(0.433348871328,0.057618923875,0.));
#7504=CARTESIAN_POINT('Ctrl Pts',(0.435724112669,0.035650702166,0.));
#7505=CARTESIAN_POINT('Ctrl Pts',(0.436061308069,0.020611334396,0.));
#7506=CARTESIAN_POINT('Ctrl Pts',(0.436234465309,0.012888288925,0.));
#7507=CARTESIAN_POINT('',(0.259691020187,-0.182995857415,0.));
#7508=CARTESIAN_POINT('Ctrl Pts',(0.436234465309,0.012888288925,0.));
#7509=CARTESIAN_POINT('Ctrl Pts',(0.436095555384,0.005577686077,0.));
#7510=CARTESIAN_POINT('Ctrl Pts',(0.435824267577,-0.008699748819,0.));
#7511=CARTESIAN_POINT('Ctrl Pts',(0.433493474266,-0.02953858778,0.));
#7512=CARTESIAN_POINT('Ctrl Pts',(0.429717852144,-0.049241948702,0.));
#7513=CARTESIAN_POINT('Ctrl Pts',(0.424411681295,-0.067792464292,0.));
#7514=CARTESIAN_POINT('Ctrl Pts',(0.417492628701,-0.08517296733,0.));
#7515=CARTESIAN_POINT('Ctrl Pts',(0.409134655658,-0.101429637757,0.));
#7516=CARTESIAN_POINT('Ctrl Pts',(0.399141646781,-0.116489063575,0.));
#7517=CARTESIAN_POINT('Ctrl Pts',(0.387734196883,-0.130280743198,0.));
#7518=CARTESIAN_POINT('Ctrl Pts',(0.375068922705,-0.142648569253,0.));
#7519=CARTESIAN_POINT('Ctrl Pts',(0.361411043736,-0.153510299414,0.));
#7520=CARTESIAN_POINT('Ctrl Pts',(0.346730803667,-0.16257646283,0.));
#7521=CARTESIAN_POINT('Ctrl Pts',(0.331165093329,-0.17009441327,0.));
#7522=CARTESIAN_POINT('Ctrl Pts',(0.314643583803,-0.175906825867,0.));
#7523=CARTESIAN_POINT('Ctrl Pts',(0.297135348647,-0.17998153094,0.));
#7524=CARTESIAN_POINT('Ctrl Pts',(0.278724145604,-0.182505315594,0.));
#7525=CARTESIAN_POINT('Ctrl Pts',(0.266114357693,-0.182830308373,0.));
#7526=CARTESIAN_POINT('Ctrl Pts',(0.259691020187,-0.182995857415,0.));
#7527=CARTESIAN_POINT('Ctrl Pts',(0.259691020187,-0.182995857415,0.));
#7528=CARTESIAN_POINT('Ctrl Pts',(0.253653309904,-0.182916587142,0.));
#7529=CARTESIAN_POINT('Ctrl Pts',(0.241748520657,-0.182760286846,0.));
#7530=CARTESIAN_POINT('Ctrl Pts',(0.224192579737,-0.181156299372,0.));
#7531=CARTESIAN_POINT('Ctrl Pts',(0.207187465346,-0.178742189714,0.));
#7532=CARTESIAN_POINT('Ctrl Pts',(0.190807089919,-0.175188832353,0.));
#7533=CARTESIAN_POINT('Ctrl Pts',(0.17499529293,-0.170740830928,0.));
#7534=CARTESIAN_POINT('Ctrl Pts',(0.159841716438,-0.165153800374,0.));
#7535=CARTESIAN_POINT('Ctrl Pts',(0.14518443721,-0.158772256181,0.));
#7536=CARTESIAN_POINT('Ctrl Pts',(0.135952581593,-0.153572439382,0.));
#7537=CARTESIAN_POINT('Ctrl Pts',(0.131356416529,-0.150983662293,0.));
#7538=CARTESIAN_POINT('',(-0.468014772495,-0.23177634522,-2.117582368135E-19));
#7539=CARTESIAN_POINT('',(-0.332058217617,-0.23177634522,0.));
#7540=CARTESIAN_POINT('',(-0.468014772495,-0.23177634522,0.));
#7541=CARTESIAN_POINT('',(-0.332058217617,0.268223654779,0.));
#7542=CARTESIAN_POINT('',(-0.332058217617,-0.23177634522,0.));
#7543=CARTESIAN_POINT('',(-0.473159589568,0.268223654779,0.));
#7544=CARTESIAN_POINT('',(-0.332058217617,0.268223654779,0.));
#7545=CARTESIAN_POINT('',(-0.734497242007,0.024511764535,0.));
#7546=CARTESIAN_POINT('Ctrl Pts',(-0.473159589568,0.268223654779,0.));
#7547=CARTESIAN_POINT('Ctrl Pts',(-0.482345521601,0.268018908802,0.));
#7548=CARTESIAN_POINT('Ctrl Pts',(-0.500356554412,0.267617459447,0.));
#7549=CARTESIAN_POINT('Ctrl Pts',(-0.526768626505,0.264567981825,0.));
#7550=CARTESIAN_POINT('Ctrl Pts',(-0.55196654801,0.259276146921,0.));
#7551=CARTESIAN_POINT('Ctrl Pts',(-0.576019611525,0.252056897556,0.));
#7552=CARTESIAN_POINT('Ctrl Pts',(-0.598955678549,0.242834385283,0.));
#7553=CARTESIAN_POINT('Ctrl Pts',(-0.620558672452,0.231281039421,0.));
#7554=CARTESIAN_POINT('Ctrl Pts',(-0.641065624479,0.217798395121,0.));
#7555=CARTESIAN_POINT('Ctrl Pts',(-0.660209680713,0.202357210979,0.));
#7556=CARTESIAN_POINT('Ctrl Pts',(-0.677658818492,0.185188133735,0.));
#7557=CARTESIAN_POINT('Ctrl Pts',(-0.692869878947,0.166410796904,0.));
#7558=CARTESIAN_POINT('Ctrl Pts',(-0.705892909116,0.146276344602,0.));
#7559=CARTESIAN_POINT('Ctrl Pts',(-0.716373021262,0.124625575676,0.));
#7560=CARTESIAN_POINT('Ctrl Pts',(-0.724510515486,0.101575144465,0.));
#7561=CARTESIAN_POINT('Ctrl Pts',(-0.730272922562,0.077141765492,0.));
#7562=CARTESIAN_POINT('Ctrl Pts',(-0.733907396413,0.051297764948,0.));
#7563=CARTESIAN_POINT('Ctrl Pts',(-0.73429765806,0.03357524782,0.));
#7564=CARTESIAN_POINT('Ctrl Pts',(-0.734497242007,0.024511764535,0.));
#7565=CARTESIAN_POINT('Ctrl Pts',(-0.734497242007,0.024511764535,0.));
#7566=CARTESIAN_POINT('Ctrl Pts',(-0.734295308406,0.015067972282,0.));
#7567=CARTESIAN_POINT('Ctrl Pts',(-0.733899480607,-0.003443634863,0.));
#7568=CARTESIAN_POINT('Ctrl Pts',(-0.730281591291,-0.030459732403,0.));
#7569=CARTESIAN_POINT('Ctrl Pts',(-0.724506243249,-0.056058248874,0.));
#7570=CARTESIAN_POINT('Ctrl Pts',(-0.716399362319,-0.080224641293,0.));
#7571=CARTESIAN_POINT('Ctrl Pts',(-0.705903319264,-0.102941478968,0.));
#7572=CARTESIAN_POINT('Ctrl Pts',(-0.692889789432,-0.12412576748,0.));
#7573=CARTESIAN_POINT('Ctrl Pts',(-0.677709514213,-0.143939030028,0.));
#7574=CARTESIAN_POINT('Ctrl Pts',(-0.660258489429,-0.162109808662,0.));
#7575=CARTESIAN_POINT('Ctrl Pts',(-0.640958913645,-0.178372590737,0.));
#7576=CARTESIAN_POINT('Ctrl Pts',(-0.620321495504,-0.192835996867,0.));
#7577=CARTESIAN_POINT('Ctrl Pts',(-0.598168906875,-0.204853159698,0.));
#7578=CARTESIAN_POINT('Ctrl Pts',(-0.574690352643,-0.214671753504,0.));
#7579=CARTESIAN_POINT('Ctrl Pts',(-0.549926896857,-0.222467130036,0.));
#7580=CARTESIAN_POINT('Ctrl Pts',(-0.52377121799,-0.227774619264,0.));
#7581=CARTESIAN_POINT('Ctrl Pts',(-0.496342187722,-0.231263828568,0.));
#7582=CARTESIAN_POINT('Ctrl Pts',(-0.477585130984,-0.231603192532,0.));
#7583=CARTESIAN_POINT('Ctrl Pts',(-0.468014772495,-0.23177634522,-2.117582368135E-19));
#7584=CARTESIAN_POINT('Origin',(-4.85,5.05,1.199999999999));
#7585=CARTESIAN_POINT('',(-4.849999999999,3.599999999999,1.209999999999));
#7586=CARTESIAN_POINT('',(-4.849999999999,3.599999999999,1.209999999999));
#7587=CARTESIAN_POINT('',(-4.849999999999,3.599999999999,1.199999999999));
#7588=CARTESIAN_POINT('',(-4.849999999999,3.599999999999,1.209999999999));
#7589=CARTESIAN_POINT('',(-4.849999999999,4.099999999999,1.199999999999));
#7590=CARTESIAN_POINT('',(-4.85,5.05,1.199999999999));
#7591=CARTESIAN_POINT('',(-4.849999999999,4.099999999999,1.209999999999));
#7592=CARTESIAN_POINT('',(-4.849999999999,4.099999999999,1.209999999999));
#7593=CARTESIAN_POINT('',(-4.849999999999,4.699999999999,1.209999999999));
#7594=CARTESIAN_POINT('',(-4.849999999999,4.099999999999,-0.01));
#7595=CARTESIAN_POINT('',(-4.849999999999,4.699999999999,-0.01));
#7596=CARTESIAN_POINT('',(-4.849999999999,4.099999999999,1.209999999999));
#7597=CARTESIAN_POINT('',(-4.849999999999,3.599999999999,-0.01));
#7598=CARTESIAN_POINT('',(-4.849999999999,3.599999999999,1.209999999999));
#7599=CARTESIAN_POINT('',(-4.849999999999,3.599999999999,-0.01));
#7600=CARTESIAN_POINT('Origin',(-4.85,5.05,1.199999999999));
#7601=CARTESIAN_POINT('',(-4.849999999999,2.999999999999,-0.01));
#7602=CARTESIAN_POINT('',(-4.849999999999,3.599999999999,-0.01));
#7603=CARTESIAN_POINT('',(-4.849999999999,2.999999999999,1.209999999999));
#7604=CARTESIAN_POINT('',(-4.849999999999,2.499999999999,-0.01));
#7605=CARTESIAN_POINT('',(-4.849999999999,2.499999999999,1.209999999999));
#7606=CARTESIAN_POINT('',(-4.849999999999,2.499999999999,-0.01));
#7607=CARTESIAN_POINT('',(-4.849999999999,2.499999999999,1.209999999999));
#7608=CARTESIAN_POINT('',(-4.849999999999,2.499999999999,1.209999999999));
#7609=CARTESIAN_POINT('',(-4.849999999999,2.499999999999,1.199999999999));
#7610=CARTESIAN_POINT('',(-4.849999999999,2.499999999999,1.209999999999));
#7611=CARTESIAN_POINT('',(-4.849999999999,2.999999999999,1.199999999999));
#7612=CARTESIAN_POINT('',(-4.85,5.05,1.199999999999));
#7613=CARTESIAN_POINT('',(-4.849999999999,2.999999999999,1.209999999999));
#7614=CARTESIAN_POINT('',(-4.849999999999,2.999999999999,1.209999999999));
#7615=CARTESIAN_POINT('',(-4.849999999999,3.599999999999,1.209999999999));
#7616=CARTESIAN_POINT('Origin',(-4.85,5.05,1.199999999999));
#7617=CARTESIAN_POINT('',(-4.849999999999,1.899999999999,-0.01));
#7618=CARTESIAN_POINT('',(-4.849999999999,2.499999999999,-0.01));
#7619=CARTESIAN_POINT('',(-4.849999999999,1.899999999999,1.209999999999));
#7620=CARTESIAN_POINT('',(-4.849999999999,1.399999999999,-0.01));
#7621=CARTESIAN_POINT('',(-4.849999999999,1.399999999999,1.209999999999));
#7622=CARTESIAN_POINT('',(-4.849999999999,1.399999999999,-0.01));
#7623=CARTESIAN_POINT('',(-4.849999999999,1.399999999999,1.209999999999));
#7624=CARTESIAN_POINT('',(-4.849999999999,1.399999999999,1.209999999999));
#7625=CARTESIAN_POINT('',(-4.849999999999,1.399999999999,1.199999999999));
#7626=CARTESIAN_POINT('',(-4.849999999999,1.399999999999,1.209999999999));
#7627=CARTESIAN_POINT('',(-4.849999999999,1.899999999999,1.199999999999));
#7628=CARTESIAN_POINT('',(-4.85,5.05,1.199999999999));
#7629=CARTESIAN_POINT('',(-4.849999999999,1.899999999999,1.209999999999));
#7630=CARTESIAN_POINT('',(-4.849999999999,1.899999999999,1.209999999999));
#7631=CARTESIAN_POINT('',(-4.849999999999,2.499999999999,1.209999999999));
#7632=CARTESIAN_POINT('Origin',(-4.85,5.05,1.199999999999));
#7633=CARTESIAN_POINT('',(-4.849999999999,0.799999999999,-0.01));
#7634=CARTESIAN_POINT('',(-4.849999999999,1.399999999999,-0.01));
#7635=CARTESIAN_POINT('',(-4.849999999999,0.799999999999,1.209999999999));
#7636=CARTESIAN_POINT('',(-4.849999999999,0.299999999999,-0.01));
#7637=CARTESIAN_POINT('',(-4.849999999999,0.299999999999,1.209999999999));
#7638=CARTESIAN_POINT('',(-4.849999999999,0.299999999999,-0.01));
#7639=CARTESIAN_POINT('',(-4.849999999999,0.299999999999,1.209999999999));
#7640=CARTESIAN_POINT('',(-4.849999999999,0.299999999999,1.209999999999));
#7641=CARTESIAN_POINT('',(-4.849999999999,0.299999999999,1.199999999999));
#7642=CARTESIAN_POINT('',(-4.849999999999,0.299999999999,1.209999999999));
#7643=CARTESIAN_POINT('',(-4.849999999999,0.799999999999,1.199999999999));
#7644=CARTESIAN_POINT('',(-4.85,5.05,1.199999999999));
#7645=CARTESIAN_POINT('',(-4.849999999999,0.799999999999,1.209999999999));
#7646=CARTESIAN_POINT('',(-4.849999999999,0.799999999999,1.209999999999));
#7647=CARTESIAN_POINT('',(-4.849999999999,1.399999999999,1.209999999999));
#7648=CARTESIAN_POINT('Origin',(-4.85,5.05,1.199999999999));
#7649=CARTESIAN_POINT('',(-4.849999999999,-0.3,-0.01));
#7650=CARTESIAN_POINT('',(-4.849999999999,0.299999999999,-0.01));
#7651=CARTESIAN_POINT('',(-4.849999999999,-0.3,1.209999999999));
#7652=CARTESIAN_POINT('',(-4.849999999999,-0.8,-0.01));
#7653=CARTESIAN_POINT('',(-4.849999999999,-0.8,1.209999999999));
#7654=CARTESIAN_POINT('',(-4.849999999999,-0.8,-0.01));
#7655=CARTESIAN_POINT('',(-4.849999999999,-0.8,1.209999999999));
#7656=CARTESIAN_POINT('',(-4.849999999999,-0.8,1.209999999999));
#7657=CARTESIAN_POINT('',(-4.849999999999,-0.8,1.199999999999));
#7658=CARTESIAN_POINT('',(-4.849999999999,-0.8,1.209999999999));
#7659=CARTESIAN_POINT('',(-4.849999999999,-0.3,1.199999999999));
#7660=CARTESIAN_POINT('',(-4.85,5.05,1.199999999999));
#7661=CARTESIAN_POINT('',(-4.849999999999,-0.3,1.209999999999));
#7662=CARTESIAN_POINT('',(-4.849999999999,-0.3,1.209999999999));
#7663=CARTESIAN_POINT('',(-4.849999999999,0.299999999999,1.209999999999));
#7664=CARTESIAN_POINT('Origin',(-4.85,5.05,1.199999999999));
#7665=CARTESIAN_POINT('',(-4.849999999999,-1.4,-0.01));
#7666=CARTESIAN_POINT('',(-4.849999999999,-0.8,-0.01));
#7667=CARTESIAN_POINT('',(-4.849999999999,-1.4,1.209999999999));
#7668=CARTESIAN_POINT('',(-4.849999999999,-1.9,-0.01));
#7669=CARTESIAN_POINT('',(-4.849999999999,-1.9,1.209999999999));
#7670=CARTESIAN_POINT('',(-4.849999999999,-1.9,-0.01));
#7671=CARTESIAN_POINT('',(-4.849999999999,-1.9,1.209999999999));
#7672=CARTESIAN_POINT('',(-4.849999999999,-1.9,1.209999999999));
#7673=CARTESIAN_POINT('',(-4.849999999999,-1.9,1.199999999999));
#7674=CARTESIAN_POINT('',(-4.849999999999,-1.9,1.209999999999));
#7675=CARTESIAN_POINT('',(-4.849999999999,-1.4,1.199999999999));
#7676=CARTESIAN_POINT('',(-4.85,5.05,1.199999999999));
#7677=CARTESIAN_POINT('',(-4.849999999999,-1.4,1.209999999999));
#7678=CARTESIAN_POINT('',(-4.849999999999,-1.4,1.209999999999));
#7679=CARTESIAN_POINT('',(-4.849999999999,-0.8,1.209999999999));
#7680=CARTESIAN_POINT('Origin',(-4.85,5.05,1.199999999999));
#7681=CARTESIAN_POINT('',(-4.849999999999,-2.5,-0.01));
#7682=CARTESIAN_POINT('',(-4.849999999999,-1.9,-0.01));
#7683=CARTESIAN_POINT('',(-4.849999999999,-2.5,1.209999999999));
#7684=CARTESIAN_POINT('',(-4.849999999999,-3.,-0.01));
#7685=CARTESIAN_POINT('',(-4.849999999999,-3.,1.209999999999));
#7686=CARTESIAN_POINT('',(-4.849999999999,-3.,-0.01));
#7687=CARTESIAN_POINT('',(-4.849999999999,-3.,1.209999999999));
#7688=CARTESIAN_POINT('',(-4.849999999999,-3.,1.209999999999));
#7689=CARTESIAN_POINT('',(-4.849999999999,-3.,1.199999999999));
#7690=CARTESIAN_POINT('',(-4.849999999999,-3.,1.209999999999));
#7691=CARTESIAN_POINT('',(-4.849999999999,-2.5,1.199999999999));
#7692=CARTESIAN_POINT('',(-4.85,5.05,1.199999999999));
#7693=CARTESIAN_POINT('',(-4.849999999999,-2.5,1.209999999999));
#7694=CARTESIAN_POINT('',(-4.849999999999,-2.5,1.209999999999));
#7695=CARTESIAN_POINT('',(-4.849999999999,-1.9,1.209999999999));
#7696=CARTESIAN_POINT('Origin',(-4.85,5.05,1.199999999999));
#7697=CARTESIAN_POINT('',(-4.849999999999,-3.6,-0.01));
#7698=CARTESIAN_POINT('',(-4.849999999999,-3.,-0.01));
#7699=CARTESIAN_POINT('',(-4.849999999999,-3.6,1.209999999999));
#7700=CARTESIAN_POINT('',(-4.849999999999,-4.1,-0.01));
#7701=CARTESIAN_POINT('',(-4.849999999999,-4.1,1.209999999999));
#7702=CARTESIAN_POINT('',(-4.849999999999,-4.1,-0.01));
#7703=CARTESIAN_POINT('',(-4.849999999999,-4.1,1.209999999999));
#7704=CARTESIAN_POINT('',(-4.849999999999,-4.1,1.209999999999));
#7705=CARTESIAN_POINT('',(-4.849999999999,-4.1,1.199999999999));
#7706=CARTESIAN_POINT('',(-4.849999999999,-4.1,1.209999999999));
#7707=CARTESIAN_POINT('',(-4.849999999999,-3.6,1.199999999999));
#7708=CARTESIAN_POINT('',(-4.85,5.05,1.199999999999));
#7709=CARTESIAN_POINT('',(-4.849999999999,-3.6,1.209999999999));
#7710=CARTESIAN_POINT('',(-4.849999999999,-3.6,1.209999999999));
#7711=CARTESIAN_POINT('',(-4.849999999999,-3.,1.209999999999));
#7712=CARTESIAN_POINT('Origin',(-4.85,5.05,1.199999999999));
#7713=CARTESIAN_POINT('',(-4.849999999999,-4.7,-0.01));
#7714=CARTESIAN_POINT('',(-4.849999999999,-4.1,-0.01));
#7715=CARTESIAN_POINT('',(-4.849999999999,-4.7,1.209999999999));
#7716=CARTESIAN_POINT('',(-4.85,-5.049999999999,1.199999999999));
#7717=CARTESIAN_POINT('',(-4.85,-5.049999999999,1.199999999999));
#7718=CARTESIAN_POINT('',(-4.849999999999,-4.7,1.199999999999));
#7719=CARTESIAN_POINT('',(-4.85,5.05,1.199999999999));
#7720=CARTESIAN_POINT('',(-4.849999999999,-4.7,1.209999999999));
#7721=CARTESIAN_POINT('',(-4.849999999999,-4.7,1.209999999999));
#7722=CARTESIAN_POINT('',(-4.849999999999,-4.1,1.209999999999));
#7723=CARTESIAN_POINT('Origin',(-4.85,5.05,1.199999999999));
#7724=CARTESIAN_POINT('',(-4.849999999999,4.699999999999,1.209999999999));
#7725=CARTESIAN_POINT('',(-4.849999999999,4.699999999999,1.209999999999));
#7726=CARTESIAN_POINT('',(-4.849999999999,4.699999999999,1.199999999999));
#7727=CARTESIAN_POINT('',(-4.849999999999,4.699999999999,1.209999999999));
#7728=CARTESIAN_POINT('',(-4.85,5.05,1.199999999999));
#7729=CARTESIAN_POINT('',(-4.85,5.05,1.199999999999));
#7730=CARTESIAN_POINT('',(-4.85,5.05,1.199999999999));
#7731=CARTESIAN_POINT('',(-4.849999999999,4.699999999999,-0.01));
#7732=CARTESIAN_POINT('',(-4.849999999999,4.699999999999,1.209999999999));
#7733=CARTESIAN_POINT('',(-4.849999999999,4.699999999999,-0.01));
#7734=CARTESIAN_POINT('Origin',(0.,-1.1,1.209999999999));
#7735=CARTESIAN_POINT('',(-4.399999999999,-1.4,1.209999999999));
#7736=CARTESIAN_POINT('',(-4.249999999999,-1.4,1.209999999999));
#7737=CARTESIAN_POINT('',(-4.399999999999,-0.8,1.209999999999));
#7738=CARTESIAN_POINT('',(-4.399999999999,-1.4,1.209999999999));
#7739=CARTESIAN_POINT('',(-4.249999999999,-0.8,1.209999999999));
#7740=CARTESIAN_POINT('Origin',(-4.249999999999,-0.8,1.209999999999));
#7741=CARTESIAN_POINT('',(-4.399999999999,-0.8,1.199999999999));
#7742=CARTESIAN_POINT('',(-4.399999999999,-0.8,1.199999999999));
#7743=CARTESIAN_POINT('',(7.228014483236E-17,-0.8,1.199999999999));
#7744=CARTESIAN_POINT('Origin',(-4.249999999999,-1.4,1.209999999999));
#7745=CARTESIAN_POINT('',(-4.399999999999,-1.4,1.199999999999));
#7746=CARTESIAN_POINT('',(-4.399999999999,-1.4,1.199999999999));
#7747=CARTESIAN_POINT('',(1.264902534566E-16,-1.4,1.199999999999));
#7748=CARTESIAN_POINT('Origin',(0.,-2.2,1.209999999999));
#7749=CARTESIAN_POINT('',(-4.399999999999,-2.5,1.209999999999));
#7750=CARTESIAN_POINT('',(-4.249999999999,-2.5,1.209999999999));
#7751=CARTESIAN_POINT('',(-4.399999999999,-1.9,1.209999999999));
#7752=CARTESIAN_POINT('',(-4.399999999999,-2.5,1.209999999999));
#7753=CARTESIAN_POINT('',(-4.249999999999,-1.9,1.209999999999));
#7754=CARTESIAN_POINT('Origin',(-4.249999999999,-1.9,1.209999999999));
#7755=CARTESIAN_POINT('',(-4.399999999999,-1.9,1.199999999999));
#7756=CARTESIAN_POINT('',(-4.399999999999,-1.9,1.199999999999));
#7757=CARTESIAN_POINT('',(1.716653439768E-16,-1.9,1.199999999999));
#7758=CARTESIAN_POINT('Origin',(-4.249999999999,-2.5,1.209999999999));
#7759=CARTESIAN_POINT('',(-4.399999999999,-2.5,1.199999999999));
#7760=CARTESIAN_POINT('',(-4.399999999999,-2.5,1.199999999999));
#7761=CARTESIAN_POINT('',(2.258754526011E-16,-2.5,1.199999999999));
#7762=CARTESIAN_POINT('Origin',(0.,-3.299999999999,1.209999999999));
#7763=CARTESIAN_POINT('',(-4.399999999999,-3.6,1.209999999999));
#7764=CARTESIAN_POINT('',(-4.249999999999,-3.6,1.209999999999));
#7765=CARTESIAN_POINT('',(-4.399999999999,-3.,1.209999999999));
#7766=CARTESIAN_POINT('',(-4.399999999999,-3.6,1.209999999999));
#7767=CARTESIAN_POINT('',(-4.249999999999,-3.,1.209999999999));
#7768=CARTESIAN_POINT('Origin',(-4.249999999999,-3.,1.209999999999));
#7769=CARTESIAN_POINT('',(-4.399999999999,-3.,1.199999999999));
#7770=CARTESIAN_POINT('',(-4.399999999999,-3.,1.199999999999));
#7771=CARTESIAN_POINT('',(2.710505431213E-16,-3.,1.199999999999));
#7772=CARTESIAN_POINT('Origin',(-4.249999999999,-3.6,1.209999999999));
#7773=CARTESIAN_POINT('',(-4.399999999999,-3.6,1.199999999999));
#7774=CARTESIAN_POINT('',(-4.399999999999,-3.6,1.199999999999));
#7775=CARTESIAN_POINT('',(3.252606517456E-16,-3.6,1.199999999999));
#7776=CARTESIAN_POINT('Origin',(0.,-4.4,1.209999999999));
#7777=CARTESIAN_POINT('',(-4.399999999999,-4.7,1.209999999999));
#7778=CARTESIAN_POINT('',(-4.249999999999,-4.7,1.209999999999));
#7779=CARTESIAN_POINT('',(-4.399999999999,-4.1,1.209999999999));
#7780=CARTESIAN_POINT('',(-4.399999999999,-4.7,1.209999999999));
#7781=CARTESIAN_POINT('',(-4.249999999999,-4.1,1.209999999999));
#7782=CARTESIAN_POINT('Origin',(-4.249999999999,-4.1,1.209999999999));
#7783=CARTESIAN_POINT('',(-4.399999999999,-4.1,1.199999999999));
#7784=CARTESIAN_POINT('',(-4.399999999999,-4.1,1.199999999999));
#7785=CARTESIAN_POINT('',(3.704357422658E-16,-4.1,1.199999999999));
#7786=CARTESIAN_POINT('Origin',(-4.249999999999,-4.7,1.209999999999));
#7787=CARTESIAN_POINT('',(-4.399999999999,-4.7,1.199999999999));
#7788=CARTESIAN_POINT('',(-4.399999999999,-4.7,1.199999999999));
#7789=CARTESIAN_POINT('',(4.246458508901E-16,-4.7,1.199999999999));
#7790=CARTESIAN_POINT('Origin',(2.008627182709E-16,1.1,1.209999999999));
#7791=CARTESIAN_POINT('',(-4.399999999999,0.799999999999,1.209999999999));
#7792=CARTESIAN_POINT('',(-4.249999999999,0.799999999999,1.209999999999));
#7793=CARTESIAN_POINT('',(-4.399999999999,1.399999999999,1.209999999999));
#7794=CARTESIAN_POINT('',(-4.399999999999,0.799999999999,1.209999999999));
#7795=CARTESIAN_POINT('',(-4.249999999999,1.399999999999,1.209999999999));
#7796=CARTESIAN_POINT('Origin',(-4.249999999999,1.399999999999,1.209999999999));
#7797=CARTESIAN_POINT('',(-4.399999999999,1.399999999999,1.199999999999));
#7798=CARTESIAN_POINT('',(-4.399999999999,1.399999999999,1.199999999999));
#7799=CARTESIAN_POINT('',(-1.264902534566E-16,1.399999999999,1.199999999999));
#7800=CARTESIAN_POINT('Origin',(-4.249999999999,0.799999999999,1.209999999999));
#7801=CARTESIAN_POINT('',(-4.399999999999,0.799999999999,1.199999999999));
#7802=CARTESIAN_POINT('',(-4.399999999999,0.799999999999,1.199999999999));
#7803=CARTESIAN_POINT('',(-7.228014483236E-17,0.799999999999,1.199999999999));
#7804=CARTESIAN_POINT('Origin',(4.017254365419E-16,2.2,1.209999999999));
#7805=CARTESIAN_POINT('',(-4.399999999999,1.899999999999,1.209999999999));
#7806=CARTESIAN_POINT('',(-4.249999999999,1.899999999999,1.209999999999));
#7807=CARTESIAN_POINT('',(-4.399999999999,2.5,1.209999999999));
#7808=CARTESIAN_POINT('',(-4.399999999999,1.899999999999,1.209999999999));
#7809=CARTESIAN_POINT('',(-4.249999999999,2.499999999999,1.209999999999));
#7810=CARTESIAN_POINT('Origin',(-4.249999999999,2.499999999999,1.209999999999));
#7811=CARTESIAN_POINT('',(-4.399999999999,2.5,1.199999999999));
#7812=CARTESIAN_POINT('',(-4.399999999999,2.5,1.199999999999));
#7813=CARTESIAN_POINT('',(-2.258754526011E-16,2.5,1.199999999999));
#7814=CARTESIAN_POINT('Origin',(-4.249999999999,1.899999999999,1.209999999999));
#7815=CARTESIAN_POINT('',(-4.399999999999,1.899999999999,1.199999999999));
#7816=CARTESIAN_POINT('',(-4.399999999999,1.899999999999,1.199999999999));
#7817=CARTESIAN_POINT('',(-1.716653439768E-16,1.899999999999,1.199999999999));
#7818=CARTESIAN_POINT('Origin',(6.025881548129E-16,3.299999999999,1.209999999999));
#7819=CARTESIAN_POINT('',(-4.399999999999,2.999999999999,1.209999999999));
#7820=CARTESIAN_POINT('',(-4.249999999999,2.999999999999,1.209999999999));
#7821=CARTESIAN_POINT('',(-4.399999999999,3.6,1.209999999999));
#7822=CARTESIAN_POINT('',(-4.399999999999,2.999999999999,1.209999999999));
#7823=CARTESIAN_POINT('',(-4.249999999999,3.599999999999,1.209999999999));
#7824=CARTESIAN_POINT('Origin',(-4.249999999999,3.599999999999,1.209999999999));
#7825=CARTESIAN_POINT('',(-4.399999999999,3.6,1.199999999999));
#7826=CARTESIAN_POINT('',(-4.399999999999,3.6,1.199999999999));
#7827=CARTESIAN_POINT('',(-3.252606517456E-16,3.6,1.199999999999));
#7828=CARTESIAN_POINT('Origin',(-4.249999999999,2.999999999999,1.209999999999));
#7829=CARTESIAN_POINT('',(-4.399999999999,2.999999999999,1.199999999999));
#7830=CARTESIAN_POINT('',(-4.399999999999,2.999999999999,1.199999999999));
#7831=CARTESIAN_POINT('',(-2.710505431213E-16,2.999999999999,1.199999999999));
#7832=CARTESIAN_POINT('Origin',(8.034508730839E-16,4.4,1.209999999999));
#7833=CARTESIAN_POINT('',(-4.399999999999,4.099999999999,1.209999999999));
#7834=CARTESIAN_POINT('',(-4.249999999999,4.099999999999,1.209999999999));
#7835=CARTESIAN_POINT('',(-4.399999999999,4.7,1.209999999999));
#7836=CARTESIAN_POINT('',(-4.399999999999,4.099999999999,1.209999999999));
#7837=CARTESIAN_POINT('',(-4.249999999999,4.699999999999,1.209999999999));
#7838=CARTESIAN_POINT('Origin',(-4.249999999999,4.699999999999,1.209999999999));
#7839=CARTESIAN_POINT('',(-4.399999999999,4.7,1.199999999999));
#7840=CARTESIAN_POINT('',(-4.399999999999,4.7,1.199999999999));
#7841=CARTESIAN_POINT('',(-4.246458508901E-16,4.699999999999,1.199999999999));
#7842=CARTESIAN_POINT('Origin',(-4.249999999999,4.099999999999,1.209999999999));
#7843=CARTESIAN_POINT('',(-4.399999999999,4.099999999999,1.199999999999));
#7844=CARTESIAN_POINT('',(-4.399999999999,4.099999999999,1.199999999999));
#7845=CARTESIAN_POINT('',(-3.704357422658E-16,4.099999999999,1.199999999999));
#7846=CARTESIAN_POINT('Origin',(-4.249999999999,4.75,2.399999999999));
#7847=CARTESIAN_POINT('',(-4.249999999999,4.55,1.199999999999));
#7848=CARTESIAN_POINT('',(-4.249999999999,-4.549999999999,1.199999999999));
#7849=CARTESIAN_POINT('',(-4.249999999999,4.75,1.199999999999));
#7850=CARTESIAN_POINT('',(-4.249999999999,-4.549999999999,2.199999999999));
#7851=CARTESIAN_POINT('',(-4.249999999999,-4.549999999999,2.399999999999));
#7852=CARTESIAN_POINT('',(-4.249999999999,4.55,2.199999999999));
#7853=CARTESIAN_POINT('',(-4.249999999999,4.75,2.199999999999));
#7854=CARTESIAN_POINT('',(-4.249999999999,4.55,2.399999999999));
#7855=CARTESIAN_POINT('Origin',(0.,0.,1.199999999999));
#7856=CARTESIAN_POINT('',(-4.399999999999,0.299999999999,1.199999999999));
#7857=CARTESIAN_POINT('',(-2.710505431213E-17,0.299999999999,1.199999999999));
#7858=CARTESIAN_POINT('',(-4.399999999999,-0.3,1.199999999999));
#7859=CARTESIAN_POINT('',(-4.399999999999,0.299999999999,1.199999999999));
#7860=CARTESIAN_POINT('',(2.710505431213E-17,-0.3,1.199999999999));
#7861=CARTESIAN_POINT('',(-4.399999999999,-1.4,1.199999999999));
#7862=CARTESIAN_POINT('',(-4.399999999999,-2.5,1.199999999999));
#7863=CARTESIAN_POINT('',(-4.399999999999,-3.6,1.199999999999));
#7864=CARTESIAN_POINT('',(-4.399999999999,-4.7,1.199999999999));
#7865=CARTESIAN_POINT('',(4.849999999999,-5.049999999999,1.199999999999));
#7866=CARTESIAN_POINT('',(-4.85,-5.049999999999,1.199999999999));
#7867=CARTESIAN_POINT('',(4.849999999999,-4.7,1.199999999999));
#7868=CARTESIAN_POINT('',(4.849999999999,5.05,1.199999999999));
#7869=CARTESIAN_POINT('',(4.399999999999,-4.7,1.199999999999));
#7870=CARTESIAN_POINT('',(-4.246458508901E-16,-4.7,1.199999999999));
#7871=CARTESIAN_POINT('',(4.399999999999,-4.1,1.199999999999));
#7872=CARTESIAN_POINT('',(4.399999999999,-4.7,1.199999999999));
#7873=CARTESIAN_POINT('',(4.849999999999,-4.1,1.199999999999));
#7874=CARTESIAN_POINT('',(-3.704357422658E-16,-4.1,1.199999999999));
#7875=CARTESIAN_POINT('',(4.849999999999,-3.6,1.199999999999));
#7876=CARTESIAN_POINT('',(4.849999999999,5.05,1.199999999999));
#7877=CARTESIAN_POINT('',(4.399999999999,-3.6,1.199999999999));
#7878=CARTESIAN_POINT('',(-3.252606517456E-16,-3.6,1.199999999999));
#7879=CARTESIAN_POINT('',(4.399999999999,-3.,1.199999999999));
#7880=CARTESIAN_POINT('',(4.399999999999,-3.6,1.199999999999));
#7881=CARTESIAN_POINT('',(4.849999999999,-3.,1.199999999999));
#7882=CARTESIAN_POINT('',(-2.710505431213E-16,-3.,1.199999999999));
#7883=CARTESIAN_POINT('',(4.849999999999,-2.5,1.199999999999));
#7884=CARTESIAN_POINT('',(4.849999999999,5.05,1.199999999999));
#7885=CARTESIAN_POINT('',(4.399999999999,-2.5,1.199999999999));
#7886=CARTESIAN_POINT('',(-2.258754526011E-16,-2.5,1.199999999999));
#7887=CARTESIAN_POINT('',(4.399999999999,-1.9,1.199999999999));
#7888=CARTESIAN_POINT('',(4.399999999999,-2.5,1.199999999999));
#7889=CARTESIAN_POINT('',(4.849999999999,-1.9,1.199999999999));
#7890=CARTESIAN_POINT('',(-1.716653439768E-16,-1.9,1.199999999999));
#7891=CARTESIAN_POINT('',(4.849999999999,-1.4,1.199999999999));
#7892=CARTESIAN_POINT('',(4.849999999999,5.05,1.199999999999));
#7893=CARTESIAN_POINT('',(4.399999999999,-1.4,1.199999999999));
#7894=CARTESIAN_POINT('',(-1.264902534566E-16,-1.4,1.199999999999));
#7895=CARTESIAN_POINT('',(4.399999999999,-0.8,1.199999999999));
#7896=CARTESIAN_POINT('',(4.399999999999,-1.4,1.199999999999));
#7897=CARTESIAN_POINT('',(4.849999999999,-0.8,1.199999999999));
#7898=CARTESIAN_POINT('',(-7.228014483236E-17,-0.8,1.199999999999));
#7899=CARTESIAN_POINT('',(4.849999999999,-0.3,1.199999999999));
#7900=CARTESIAN_POINT('',(4.849999999999,5.05,1.199999999999));
#7901=CARTESIAN_POINT('',(4.399999999999,-0.3,1.199999999999));
#7902=CARTESIAN_POINT('',(-2.710505431213E-17,-0.3,1.199999999999));
#7903=CARTESIAN_POINT('',(4.399999999999,0.299999999999,1.199999999999));
#7904=CARTESIAN_POINT('',(4.399999999999,-0.3,1.199999999999));
#7905=CARTESIAN_POINT('',(4.849999999999,0.299999999999,1.199999999999));
#7906=CARTESIAN_POINT('',(2.710505431213E-17,0.299999999999,1.199999999999));
#7907=CARTESIAN_POINT('',(4.849999999999,0.799999999999,1.199999999999));
#7908=CARTESIAN_POINT('',(4.849999999999,5.05,1.199999999999));
#7909=CARTESIAN_POINT('',(4.399999999999,0.799999999999,1.199999999999));
#7910=CARTESIAN_POINT('',(7.228014483236E-17,0.799999999999,1.199999999999));
#7911=CARTESIAN_POINT('',(4.399999999999,1.399999999999,1.199999999999));
#7912=CARTESIAN_POINT('',(4.399999999999,0.799999999999,1.199999999999));
#7913=CARTESIAN_POINT('',(4.849999999999,1.399999999999,1.199999999999));
#7914=CARTESIAN_POINT('',(1.264902534566E-16,1.399999999999,1.199999999999));
#7915=CARTESIAN_POINT('',(4.849999999999,1.899999999999,1.199999999999));
#7916=CARTESIAN_POINT('',(4.849999999999,5.05,1.199999999999));
#7917=CARTESIAN_POINT('',(4.399999999999,1.899999999999,1.199999999999));
#7918=CARTESIAN_POINT('',(1.716653439768E-16,1.899999999999,1.199999999999));
#7919=CARTESIAN_POINT('',(4.399999999999,2.499999999999,1.199999999999));
#7920=CARTESIAN_POINT('',(4.399999999999,1.899999999999,1.199999999999));
#7921=CARTESIAN_POINT('',(4.849999999999,2.499999999999,1.199999999999));
#7922=CARTESIAN_POINT('',(2.258754526011E-16,2.5,1.199999999999));
#7923=CARTESIAN_POINT('',(4.849999999999,2.999999999999,1.199999999999));
#7924=CARTESIAN_POINT('',(4.849999999999,5.05,1.199999999999));
#7925=CARTESIAN_POINT('',(4.399999999999,2.999999999999,1.199999999999));
#7926=CARTESIAN_POINT('',(2.710505431213E-16,2.999999999999,1.199999999999));
#7927=CARTESIAN_POINT('',(4.399999999999,3.599999999999,1.199999999999));
#7928=CARTESIAN_POINT('',(4.399999999999,2.999999999999,1.199999999999));
#7929=CARTESIAN_POINT('',(4.849999999999,3.599999999999,1.199999999999));
#7930=CARTESIAN_POINT('',(3.252606517456E-16,3.6,1.199999999999));
#7931=CARTESIAN_POINT('',(4.849999999999,4.099999999999,1.199999999999));
#7932=CARTESIAN_POINT('',(4.849999999999,5.05,1.199999999999));
#7933=CARTESIAN_POINT('',(4.399999999999,4.099999999999,1.199999999999));
#7934=CARTESIAN_POINT('',(3.704357422658E-16,4.099999999999,1.199999999999));
#7935=CARTESIAN_POINT('',(4.399999999999,4.699999999999,1.199999999999));
#7936=CARTESIAN_POINT('',(4.399999999999,4.099999999999,1.199999999999));
#7937=CARTESIAN_POINT('',(4.849999999999,4.699999999999,1.199999999999));
#7938=CARTESIAN_POINT('',(4.246458508901E-16,4.699999999999,1.199999999999));
#7939=CARTESIAN_POINT('',(4.849999999999,5.05,1.199999999999));
#7940=CARTESIAN_POINT('',(4.849999999999,5.05,1.199999999999));
#7941=CARTESIAN_POINT('',(-4.85,5.05,1.199999999999));
#7942=CARTESIAN_POINT('',(-4.399999999999,4.099999999999,1.199999999999));
#7943=CARTESIAN_POINT('',(-4.399999999999,2.999999999999,1.199999999999));
#7944=CARTESIAN_POINT('',(-4.399999999999,1.899999999999,1.199999999999));
#7945=CARTESIAN_POINT('',(-4.399999999999,0.799999999999,1.199999999999));
#7946=CARTESIAN_POINT('',(-4.049999999999,-4.749999999999,1.199999999999));
#7947=CARTESIAN_POINT('',(4.05,-4.749999999999,1.199999999999));
#7948=CARTESIAN_POINT('',(-4.249999999999,-4.749999999999,1.199999999999));
#7949=CARTESIAN_POINT('Origin',(-4.049999999999,-4.549999999999,1.199999999999));
#7950=CARTESIAN_POINT('',(-4.049999999999,4.75,1.199999999999));
#7951=CARTESIAN_POINT('Origin',(-4.049999999999,4.55,1.199999999999));
#7952=CARTESIAN_POINT('',(4.05,4.75,1.199999999999));
#7953=CARTESIAN_POINT('',(-4.249999999999,4.75,1.199999999999));
#7954=CARTESIAN_POINT('',(4.25,4.55,1.199999999999));
#7955=CARTESIAN_POINT('Origin',(4.05,4.55,1.199999999999));
#7956=CARTESIAN_POINT('',(4.25,-4.549999999999,1.199999999999));
#7957=CARTESIAN_POINT('',(4.25,4.75,1.199999999999));
#7958=CARTESIAN_POINT('Origin',(4.05,-4.549999999999,1.199999999999));
#7959=CARTESIAN_POINT('Origin',(4.849999999999,5.05,1.199999999999));
#7960=CARTESIAN_POINT('',(4.849999999999,3.07639320225,-0.01));
#7961=CARTESIAN_POINT('',(4.849999999999,2.999999999999,-0.01));
#7962=CARTESIAN_POINT('',(4.849999999999,3.599999999999,-0.01));
#7963=CARTESIAN_POINT('',(4.849999999999,3.07639320225,1.209999999999));
#7964=CARTESIAN_POINT('',(4.849999999999,3.07639320225,-0.01));
#7965=CARTESIAN_POINT('',(4.849999999999,2.999999999999,1.209999999999));
#7966=CARTESIAN_POINT('',(4.849999999999,3.599999999999,1.209999999999));
#7967=CARTESIAN_POINT('',(4.849999999999,2.999999999999,1.209999999999));
#7968=CARTESIAN_POINT('',(4.849999999999,2.499999999999,1.209999999999));
#7969=CARTESIAN_POINT('',(4.849999999999,2.499999999999,1.209999999999));
#7970=CARTESIAN_POINT('',(4.849999999999,2.423606797749,1.209999999999));
#7971=CARTESIAN_POINT('',(4.849999999999,2.499999999999,1.209999999999));
#7972=CARTESIAN_POINT('',(4.849999999999,2.423606797749,-0.01));
#7973=CARTESIAN_POINT('',(4.849999999999,2.423606797749,-0.01));
#7974=CARTESIAN_POINT('',(4.849999999999,2.499999999999,-0.01));
#7975=CARTESIAN_POINT('',(4.849999999999,2.499999999999,-0.01));
#7976=CARTESIAN_POINT('',(4.849999999999,2.499999999999,1.209999999999));
#7977=CARTESIAN_POINT('',(4.849999999999,2.999999999999,1.209999999999));
#7978=CARTESIAN_POINT('Origin',(4.849999999999,5.05,1.199999999999));
#7979=CARTESIAN_POINT('',(4.849999999999,1.97639320225,-0.01));
#7980=CARTESIAN_POINT('',(4.849999999999,1.899999999999,-0.01));
#7981=CARTESIAN_POINT('',(4.849999999999,2.499999999999,-0.01));
#7982=CARTESIAN_POINT('',(4.849999999999,1.97639320225,1.209999999999));
#7983=CARTESIAN_POINT('',(4.849999999999,1.97639320225,-0.01));
#7984=CARTESIAN_POINT('',(4.849999999999,1.899999999999,1.209999999999));
#7985=CARTESIAN_POINT('',(4.849999999999,2.499999999999,1.209999999999));
#7986=CARTESIAN_POINT('',(4.849999999999,1.899999999999,1.209999999999));
#7987=CARTESIAN_POINT('',(4.849999999999,1.399999999999,1.209999999999));
#7988=CARTESIAN_POINT('',(4.849999999999,1.399999999999,1.209999999999));
#7989=CARTESIAN_POINT('',(4.849999999999,1.323606797749,1.209999999999));
#7990=CARTESIAN_POINT('',(4.849999999999,1.399999999999,1.209999999999));
#7991=CARTESIAN_POINT('',(4.849999999999,1.323606797749,-0.01));
#7992=CARTESIAN_POINT('',(4.849999999999,1.323606797749,-0.01));
#7993=CARTESIAN_POINT('',(4.849999999999,1.399999999999,-0.01));
#7994=CARTESIAN_POINT('',(4.849999999999,1.399999999999,-0.01));
#7995=CARTESIAN_POINT('',(4.849999999999,1.399999999999,1.209999999999));
#7996=CARTESIAN_POINT('',(4.849999999999,1.899999999999,1.209999999999));
#7997=CARTESIAN_POINT('Origin',(4.849999999999,5.05,1.199999999999));
#7998=CARTESIAN_POINT('',(4.849999999999,0.87639320225,-0.01));
#7999=CARTESIAN_POINT('',(4.849999999999,0.799999999999,-0.01));
#8000=CARTESIAN_POINT('',(4.849999999999,1.399999999999,-0.01));
#8001=CARTESIAN_POINT('',(4.849999999999,0.87639320225,1.209999999999));
#8002=CARTESIAN_POINT('',(4.849999999999,0.87639320225,-0.01));
#8003=CARTESIAN_POINT('',(4.849999999999,0.799999999999,1.209999999999));
#8004=CARTESIAN_POINT('',(4.849999999999,1.399999999999,1.209999999999));
#8005=CARTESIAN_POINT('',(4.849999999999,0.799999999999,1.209999999999));
#8006=CARTESIAN_POINT('',(4.849999999999,0.299999999999,1.209999999999));
#8007=CARTESIAN_POINT('',(4.849999999999,0.299999999999,1.209999999999));
#8008=CARTESIAN_POINT('',(4.849999999999,0.223606797749,1.209999999999));
#8009=CARTESIAN_POINT('',(4.849999999999,0.299999999999,1.209999999999));
#8010=CARTESIAN_POINT('',(4.849999999999,0.223606797749,-0.01));
#8011=CARTESIAN_POINT('',(4.849999999999,0.223606797749,-0.01));
#8012=CARTESIAN_POINT('',(4.849999999999,0.299999999999,-0.01));
#8013=CARTESIAN_POINT('',(4.849999999999,0.299999999999,-0.01));
#8014=CARTESIAN_POINT('',(4.849999999999,0.299999999999,1.209999999999));
#8015=CARTESIAN_POINT('',(4.849999999999,0.799999999999,1.209999999999));
#8016=CARTESIAN_POINT('Origin',(4.849999999999,5.05,1.199999999999));
#8017=CARTESIAN_POINT('',(4.849999999999,-0.223606797749,-0.01));
#8018=CARTESIAN_POINT('',(4.849999999999,-0.3,-0.01));
#8019=CARTESIAN_POINT('',(4.849999999999,0.299999999999,-0.01));
#8020=CARTESIAN_POINT('',(4.849999999999,-0.223606797749,1.209999999999));
#8021=CARTESIAN_POINT('',(4.849999999999,-0.223606797749,-0.01));
#8022=CARTESIAN_POINT('',(4.849999999999,-0.3,1.209999999999));
#8023=CARTESIAN_POINT('',(4.849999999999,0.299999999999,1.209999999999));
#8024=CARTESIAN_POINT('',(4.849999999999,-0.3,1.209999999999));
#8025=CARTESIAN_POINT('',(4.849999999999,-0.8,1.209999999999));
#8026=CARTESIAN_POINT('',(4.849999999999,-0.8,1.209999999999));
#8027=CARTESIAN_POINT('',(4.849999999999,-0.87639320225,1.209999999999));
#8028=CARTESIAN_POINT('',(4.849999999999,-0.8,1.209999999999));
#8029=CARTESIAN_POINT('',(4.849999999999,-0.87639320225,-0.01));
#8030=CARTESIAN_POINT('',(4.849999999999,-0.87639320225,-0.01));
#8031=CARTESIAN_POINT('',(4.849999999999,-0.8,-0.01));
#8032=CARTESIAN_POINT('',(4.849999999999,-0.8,-0.01));
#8033=CARTESIAN_POINT('',(4.849999999999,-0.8,1.209999999999));
#8034=CARTESIAN_POINT('',(4.849999999999,-0.3,1.209999999999));
#8035=CARTESIAN_POINT('Origin',(4.849999999999,5.05,1.199999999999));
#8036=CARTESIAN_POINT('',(4.849999999999,-1.323606797749,-0.01));
#8037=CARTESIAN_POINT('',(4.849999999999,-1.4,-0.01));
#8038=CARTESIAN_POINT('',(4.849999999999,-0.8,-0.01));
#8039=CARTESIAN_POINT('',(4.849999999999,-1.323606797749,1.209999999999));
#8040=CARTESIAN_POINT('',(4.849999999999,-1.323606797749,-0.01));
#8041=CARTESIAN_POINT('',(4.849999999999,-1.4,1.209999999999));
#8042=CARTESIAN_POINT('',(4.849999999999,-0.8,1.209999999999));
#8043=CARTESIAN_POINT('',(4.849999999999,-1.4,1.209999999999));
#8044=CARTESIAN_POINT('',(4.849999999999,-1.9,1.209999999999));
#8045=CARTESIAN_POINT('',(4.849999999999,-1.9,1.209999999999));
#8046=CARTESIAN_POINT('',(4.849999999999,-1.97639320225,1.209999999999));
#8047=CARTESIAN_POINT('',(4.849999999999,-1.9,1.209999999999));
#8048=CARTESIAN_POINT('',(4.849999999999,-1.97639320225,-0.01));
#8049=CARTESIAN_POINT('',(4.849999999999,-1.97639320225,-0.01));
#8050=CARTESIAN_POINT('',(4.849999999999,-1.9,-0.01));
#8051=CARTESIAN_POINT('',(4.849999999999,-1.9,-0.01));
#8052=CARTESIAN_POINT('',(4.849999999999,-1.9,1.209999999999));
#8053=CARTESIAN_POINT('',(4.849999999999,-1.4,1.209999999999));
#8054=CARTESIAN_POINT('Origin',(4.849999999999,5.05,1.199999999999));
#8055=CARTESIAN_POINT('',(4.849999999999,-2.423606797749,-0.01));
#8056=CARTESIAN_POINT('',(4.849999999999,-2.5,-0.01));
#8057=CARTESIAN_POINT('',(4.849999999999,-1.9,-0.01));
#8058=CARTESIAN_POINT('',(4.849999999999,-2.423606797749,1.209999999999));
#8059=CARTESIAN_POINT('',(4.849999999999,-2.423606797749,-0.01));
#8060=CARTESIAN_POINT('',(4.849999999999,-2.5,1.209999999999));
#8061=CARTESIAN_POINT('',(4.849999999999,-1.9,1.209999999999));
#8062=CARTESIAN_POINT('',(4.849999999999,-2.5,1.209999999999));
#8063=CARTESIAN_POINT('',(4.849999999999,-3.,1.209999999999));
#8064=CARTESIAN_POINT('',(4.849999999999,-3.,1.209999999999));
#8065=CARTESIAN_POINT('',(4.849999999999,-3.07639320225,1.209999999999));
#8066=CARTESIAN_POINT('',(4.849999999999,-3.,1.209999999999));
#8067=CARTESIAN_POINT('',(4.849999999999,-3.07639320225,-0.01));
#8068=CARTESIAN_POINT('',(4.849999999999,-3.07639320225,-0.01));
#8069=CARTESIAN_POINT('',(4.849999999999,-3.,-0.01));
#8070=CARTESIAN_POINT('',(4.849999999999,-3.,-0.01));
#8071=CARTESIAN_POINT('',(4.849999999999,-3.,1.209999999999));
#8072=CARTESIAN_POINT('',(4.849999999999,-2.5,1.209999999999));
#8073=CARTESIAN_POINT('Origin',(4.849999999999,5.05,1.199999999999));
#8074=CARTESIAN_POINT('',(4.849999999999,-3.523606797749,-0.01));
#8075=CARTESIAN_POINT('',(4.849999999999,-3.6,-0.01));
#8076=CARTESIAN_POINT('',(4.849999999999,-3.,-0.01));
#8077=CARTESIAN_POINT('',(4.849999999999,-3.523606797749,1.209999999999));
#8078=CARTESIAN_POINT('',(4.849999999999,-3.523606797749,-0.01));
#8079=CARTESIAN_POINT('',(4.849999999999,-3.6,1.209999999999));
#8080=CARTESIAN_POINT('',(4.849999999999,-3.,1.209999999999));
#8081=CARTESIAN_POINT('',(4.849999999999,-3.6,1.209999999999));
#8082=CARTESIAN_POINT('',(4.849999999999,-4.1,1.209999999999));
#8083=CARTESIAN_POINT('',(4.849999999999,-4.1,1.209999999999));
#8084=CARTESIAN_POINT('',(4.849999999999,-4.17639320225,1.209999999999));
#8085=CARTESIAN_POINT('',(4.849999999999,-4.1,1.209999999999));
#8086=CARTESIAN_POINT('',(4.849999999999,-4.17639320225,-0.01));
#8087=CARTESIAN_POINT('',(4.849999999999,-4.17639320225,-0.01));
#8088=CARTESIAN_POINT('',(4.849999999999,-4.1,-0.01));
#8089=CARTESIAN_POINT('',(4.849999999999,-4.1,-0.01));
#8090=CARTESIAN_POINT('',(4.849999999999,-4.1,1.209999999999));
#8091=CARTESIAN_POINT('',(4.849999999999,-3.6,1.209999999999));
#8092=CARTESIAN_POINT('Origin',(4.849999999999,5.05,1.199999999999));
#8093=CARTESIAN_POINT('',(4.849999999999,-4.623606797749,-0.01));
#8094=CARTESIAN_POINT('',(4.849999999999,-4.7,-0.01));
#8095=CARTESIAN_POINT('',(4.849999999999,-4.1,-0.01));
#8096=CARTESIAN_POINT('',(4.849999999999,-4.623606797749,1.209999999999));
#8097=CARTESIAN_POINT('',(4.849999999999,-4.623606797749,-0.01));
#8098=CARTESIAN_POINT('',(4.849999999999,-4.7,1.209999999999));
#8099=CARTESIAN_POINT('',(4.849999999999,-4.1,1.209999999999));
#8100=CARTESIAN_POINT('',(4.849999999999,-4.7,1.209999999999));
#8101=CARTESIAN_POINT('',(4.849999999999,-5.049999999999,1.199999999999));
#8102=CARTESIAN_POINT('',(4.849999999999,-4.7,1.209999999999));
#8103=CARTESIAN_POINT('Origin',(4.849999999999,5.05,1.199999999999));
#8104=CARTESIAN_POINT('',(4.849999999999,3.599999999999,1.209999999999));
#8105=CARTESIAN_POINT('',(4.849999999999,3.523606797749,1.209999999999));
#8106=CARTESIAN_POINT('',(4.849999999999,3.599999999999,1.209999999999));
#8107=CARTESIAN_POINT('',(4.849999999999,3.523606797749,-0.01));
#8108=CARTESIAN_POINT('',(4.849999999999,3.523606797749,-0.01));
#8109=CARTESIAN_POINT('',(4.849999999999,3.599999999999,-0.01));
#8110=CARTESIAN_POINT('',(4.849999999999,3.599999999999,-0.01));
#8111=CARTESIAN_POINT('',(4.849999999999,3.599999999999,1.209999999999));
#8112=CARTESIAN_POINT('',(4.849999999999,4.099999999999,-0.01));
#8113=CARTESIAN_POINT('',(4.849999999999,4.099999999999,1.209999999999));
#8114=CARTESIAN_POINT('',(4.849999999999,4.17639320225,-0.01));
#8115=CARTESIAN_POINT('',(4.849999999999,4.699999999999,-0.01));
#8116=CARTESIAN_POINT('',(4.849999999999,4.17639320225,1.209999999999));
#8117=CARTESIAN_POINT('',(4.849999999999,4.17639320225,-0.01));
#8118=CARTESIAN_POINT('',(4.849999999999,4.099999999999,1.209999999999));
#8119=CARTESIAN_POINT('',(4.849999999999,4.699999999999,1.209999999999));
#8120=CARTESIAN_POINT('',(4.849999999999,4.099999999999,1.209999999999));
#8121=CARTESIAN_POINT('',(4.849999999999,3.599999999999,1.209999999999));
#8122=CARTESIAN_POINT('Origin',(4.849999999999,5.05,1.199999999999));
#8123=CARTESIAN_POINT('',(4.849999999999,4.699999999999,1.209999999999));
#8124=CARTESIAN_POINT('',(4.849999999999,4.623606797749,1.209999999999));
#8125=CARTESIAN_POINT('',(4.849999999999,4.699999999999,1.209999999999));
#8126=CARTESIAN_POINT('',(4.849999999999,4.623606797749,-0.01));
#8127=CARTESIAN_POINT('',(4.849999999999,4.623606797749,-0.01));
#8128=CARTESIAN_POINT('',(4.849999999999,4.699999999999,-0.01));
#8129=CARTESIAN_POINT('',(4.849999999999,4.699999999999,-0.01));
#8130=CARTESIAN_POINT('',(4.849999999999,4.699999999999,1.209999999999));
#8131=CARTESIAN_POINT('',(4.849999999999,5.05,1.199999999999));
#8132=CARTESIAN_POINT('',(4.849999999999,4.699999999999,1.209999999999));
#8133=CARTESIAN_POINT('Origin',(-4.85,5.05,1.199999999999));
#8134=CARTESIAN_POINT('Origin',(-4.85,-5.049999999999,1.199999999999));
#8135=CARTESIAN_POINT('Origin',(4.25,4.75,2.399999999999));
#8136=CARTESIAN_POINT('',(4.25,4.55,2.199999999999));
#8137=CARTESIAN_POINT('',(4.25,-4.549999999999,2.199999999999));
#8138=CARTESIAN_POINT('',(4.25,-4.749999999999,2.199999999999));
#8139=CARTESIAN_POINT('',(4.25,-4.549999999999,2.399999999999));
#8140=CARTESIAN_POINT('',(4.25,4.55,2.399999999999));
#8141=CARTESIAN_POINT('Origin',(-4.249999999999,4.75,2.399999999999));
#8142=CARTESIAN_POINT('',(-4.049999999999,4.75,2.199999999999));
#8143=CARTESIAN_POINT('',(-4.049999999999,4.75,2.399999999999));
#8144=CARTESIAN_POINT('',(4.05,4.75,2.199999999999));
#8145=CARTESIAN_POINT('',(4.25,4.75,2.199999999999));
#8146=CARTESIAN_POINT('',(4.05,4.75,2.399999999999));
#8147=CARTESIAN_POINT('Origin',(-4.249999999999,-4.749999999999,2.399999999999));
#8148=CARTESIAN_POINT('',(4.05,-4.749999999999,2.199999999999));
#8149=CARTESIAN_POINT('',(-4.049999999999,-4.749999999999,2.199999999999));
#8150=CARTESIAN_POINT('',(-4.249999999999,-4.749999999999,2.199999999999));
#8151=CARTESIAN_POINT('',(-4.049999999999,-4.749999999999,2.399999999999));
#8152=CARTESIAN_POINT('',(4.05,-4.749999999999,2.399999999999));
#8153=CARTESIAN_POINT('Origin',(0.,0.,2.399999999999));
#8154=CARTESIAN_POINT('',(-4.049999999999,4.55,2.399999999999));
#8155=CARTESIAN_POINT('',(-4.049999999999,-4.549999999999,2.399999999999));
#8156=CARTESIAN_POINT('',(-4.049999999999,-4.749999999999,2.399999999999));
#8157=CARTESIAN_POINT('',(4.05,-4.549999999999,2.399999999999));
#8158=CARTESIAN_POINT('',(4.25,-4.549999999999,2.399999999999));
#8159=CARTESIAN_POINT('',(4.05,4.55,2.399999999999));
#8160=CARTESIAN_POINT('',(4.05,4.75,2.399999999999));
#8161=CARTESIAN_POINT('',(-4.249999999999,4.55,2.399999999999));
#8162=CARTESIAN_POINT('Origin',(0.,0.,1.209999999999));
#8163=CARTESIAN_POINT('Origin',(5.049999999999,-8.673617379884E-16,1.209999999999));
#8164=CARTESIAN_POINT('',(4.399999999999,0.299999999999,1.209999999999));
#8165=CARTESIAN_POINT('',(4.249999999999,0.299999999999,1.209999999999));
#8166=CARTESIAN_POINT('',(4.399999999999,-0.3,1.209999999999));
#8167=CARTESIAN_POINT('',(4.399999999999,-0.3,1.209999999999));
#8168=CARTESIAN_POINT('',(4.249999999999,-0.3,1.209999999999));
#8169=CARTESIAN_POINT('Origin',(4.249999999999,-0.3,1.209999999999));
#8170=CARTESIAN_POINT('',(4.399999999999,-0.3,1.199999999999));
#8171=CARTESIAN_POINT('Origin',(4.249999999999,0.299999999999,1.209999999999));
#8172=CARTESIAN_POINT('',(4.399999999999,0.299999999999,1.199999999999));
#8173=CARTESIAN_POINT('Origin',(4.249999999999,0.299999999999,1.209999999999));
#8174=CARTESIAN_POINT('',(4.249999999999,0.299999999999,-0.01));
#8175=CARTESIAN_POINT('',(4.249999999999,0.299999999999,1.209999999999));
#8176=CARTESIAN_POINT('',(4.249999999999,-0.3,-0.01));
#8177=CARTESIAN_POINT('',(4.249999999999,0.299999999999,-0.01));
#8178=CARTESIAN_POINT('',(4.249999999999,-0.3,1.209999999999));
#8179=CARTESIAN_POINT('Origin',(4.249999999999,0.299999999999,1.209999999999));
#8180=CARTESIAN_POINT('',(4.249999999999,0.299999999999,-0.01));
#8181=CARTESIAN_POINT('Origin',(4.249999999999,-0.3,1.209999999999));
#8182=CARTESIAN_POINT('',(4.249999999999,-0.3,-0.01));
#8183=CARTESIAN_POINT('Origin',(0.,0.,-0.01));
#8184=CARTESIAN_POINT('Origin',(5.049999999999,-8.673617379884E-16,-0.01));
#8185=CARTESIAN_POINT('Origin',(4.399999999999,-0.3,1.199999999999));
#8186=CARTESIAN_POINT('Origin',(0.,-1.1,1.209999999999));
#8187=CARTESIAN_POINT('Origin',(5.049999999999,-1.1,1.209999999999));
#8188=CARTESIAN_POINT('',(4.399999999999,-0.8,1.209999999999));
#8189=CARTESIAN_POINT('',(4.249999999999,-0.8,1.209999999999));
#8190=CARTESIAN_POINT('',(4.399999999999,-1.4,1.209999999999));
#8191=CARTESIAN_POINT('',(4.399999999999,-1.4,1.209999999999));
#8192=CARTESIAN_POINT('',(4.249999999999,-1.4,1.209999999999));
#8193=CARTESIAN_POINT('Origin',(4.249999999999,-1.4,1.209999999999));
#8194=CARTESIAN_POINT('',(4.399999999999,-1.4,1.199999999999));
#8195=CARTESIAN_POINT('Origin',(4.249999999999,-0.8,1.209999999999));
#8196=CARTESIAN_POINT('',(4.399999999999,-0.8,1.199999999999));
#8197=CARTESIAN_POINT('Origin',(4.249999999999,-0.8,1.209999999999));
#8198=CARTESIAN_POINT('',(4.249999999999,-0.8,-0.01));
#8199=CARTESIAN_POINT('',(4.249999999999,-0.8,1.209999999999));
#8200=CARTESIAN_POINT('',(4.249999999999,-1.4,-0.01));
#8201=CARTESIAN_POINT('',(4.249999999999,-0.8,-0.01));
#8202=CARTESIAN_POINT('',(4.249999999999,-1.4,1.209999999999));
#8203=CARTESIAN_POINT('Origin',(4.249999999999,-0.8,1.209999999999));
#8204=CARTESIAN_POINT('',(4.249999999999,-0.8,-0.01));
#8205=CARTESIAN_POINT('Origin',(4.249999999999,-1.4,1.209999999999));
#8206=CARTESIAN_POINT('',(4.249999999999,-1.4,-0.01));
#8207=CARTESIAN_POINT('Origin',(0.,-1.1,-0.01));
#8208=CARTESIAN_POINT('Origin',(5.049999999999,-1.1,-0.01));
#8209=CARTESIAN_POINT('Origin',(0.,-2.2,1.209999999999));
#8210=CARTESIAN_POINT('Origin',(5.049999999999,-2.2,1.209999999999));
#8211=CARTESIAN_POINT('',(4.399999999999,-1.9,1.209999999999));
#8212=CARTESIAN_POINT('',(4.249999999999,-1.9,1.209999999999));
#8213=CARTESIAN_POINT('',(4.399999999999,-2.5,1.209999999999));
#8214=CARTESIAN_POINT('',(4.399999999999,-2.5,1.209999999999));
#8215=CARTESIAN_POINT('',(4.249999999999,-2.5,1.209999999999));
#8216=CARTESIAN_POINT('Origin',(4.249999999999,-2.5,1.209999999999));
#8217=CARTESIAN_POINT('',(4.399999999999,-2.5,1.199999999999));
#8218=CARTESIAN_POINT('Origin',(4.249999999999,-1.9,1.209999999999));
#8219=CARTESIAN_POINT('',(4.399999999999,-1.9,1.199999999999));
#8220=CARTESIAN_POINT('Origin',(4.249999999999,-1.9,1.209999999999));
#8221=CARTESIAN_POINT('',(4.249999999999,-1.9,-0.01));
#8222=CARTESIAN_POINT('',(4.249999999999,-1.9,1.209999999999));
#8223=CARTESIAN_POINT('',(4.249999999999,-2.5,-0.01));
#8224=CARTESIAN_POINT('',(4.249999999999,-1.9,-0.01));
#8225=CARTESIAN_POINT('',(4.249999999999,-2.5,1.209999999999));
#8226=CARTESIAN_POINT('Origin',(4.249999999999,-1.9,1.209999999999));
#8227=CARTESIAN_POINT('',(4.249999999999,-1.9,-0.01));
#8228=CARTESIAN_POINT('Origin',(4.249999999999,-2.5,1.209999999999));
#8229=CARTESIAN_POINT('',(4.249999999999,-2.5,-0.01));
#8230=CARTESIAN_POINT('Origin',(0.,-2.2,-0.01));
#8231=CARTESIAN_POINT('Origin',(5.049999999999,-2.2,-0.01));
#8232=CARTESIAN_POINT('Origin',(0.,-3.299999999999,1.209999999999));
#8233=CARTESIAN_POINT('Origin',(5.049999999999,-3.3,1.209999999999));
#8234=CARTESIAN_POINT('',(4.399999999999,-3.,1.209999999999));
#8235=CARTESIAN_POINT('',(4.249999999999,-3.,1.209999999999));
#8236=CARTESIAN_POINT('',(4.399999999999,-3.6,1.209999999999));
#8237=CARTESIAN_POINT('',(4.399999999999,-3.6,1.209999999999));
#8238=CARTESIAN_POINT('',(4.249999999999,-3.6,1.209999999999));
#8239=CARTESIAN_POINT('Origin',(4.249999999999,-3.6,1.209999999999));
#8240=CARTESIAN_POINT('',(4.399999999999,-3.6,1.199999999999));
#8241=CARTESIAN_POINT('Origin',(4.249999999999,-3.,1.209999999999));
#8242=CARTESIAN_POINT('',(4.399999999999,-3.,1.199999999999));
#8243=CARTESIAN_POINT('Origin',(4.249999999999,-3.,1.209999999999));
#8244=CARTESIAN_POINT('',(4.249999999999,-3.,-0.01));
#8245=CARTESIAN_POINT('',(4.249999999999,-3.,1.209999999999));
#8246=CARTESIAN_POINT('',(4.249999999999,-3.6,-0.01));
#8247=CARTESIAN_POINT('',(4.249999999999,-3.,-0.01));
#8248=CARTESIAN_POINT('',(4.249999999999,-3.6,1.209999999999));
#8249=CARTESIAN_POINT('Origin',(4.249999999999,-3.,1.209999999999));
#8250=CARTESIAN_POINT('',(4.249999999999,-3.,-0.01));
#8251=CARTESIAN_POINT('Origin',(4.249999999999,-3.6,1.209999999999));
#8252=CARTESIAN_POINT('',(4.249999999999,-3.6,-0.01));
#8253=CARTESIAN_POINT('Origin',(0.,-3.299999999999,-0.01));
#8254=CARTESIAN_POINT('Origin',(5.049999999999,-3.3,-0.01));
#8255=CARTESIAN_POINT('Origin',(0.,-4.4,1.209999999999));
#8256=CARTESIAN_POINT('Origin',(5.049999999999,-4.4,1.209999999999));
#8257=CARTESIAN_POINT('',(4.399999999999,-4.1,1.209999999999));
#8258=CARTESIAN_POINT('',(4.249999999999,-4.1,1.209999999999));
#8259=CARTESIAN_POINT('',(4.399999999999,-4.7,1.209999999999));
#8260=CARTESIAN_POINT('',(4.399999999999,-4.7,1.209999999999));
#8261=CARTESIAN_POINT('',(4.249999999999,-4.7,1.209999999999));
#8262=CARTESIAN_POINT('Origin',(4.249999999999,-4.7,1.209999999999));
#8263=CARTESIAN_POINT('',(4.399999999999,-4.7,1.199999999999));
#8264=CARTESIAN_POINT('Origin',(4.249999999999,-4.1,1.209999999999));
#8265=CARTESIAN_POINT('',(4.399999999999,-4.1,1.199999999999));
#8266=CARTESIAN_POINT('Origin',(4.249999999999,-4.1,1.209999999999));
#8267=CARTESIAN_POINT('',(4.249999999999,-4.1,-0.01));
#8268=CARTESIAN_POINT('',(4.249999999999,-4.1,1.209999999999));
#8269=CARTESIAN_POINT('',(4.249999999999,-4.7,-0.01));
#8270=CARTESIAN_POINT('',(4.249999999999,-4.1,-0.01));
#8271=CARTESIAN_POINT('',(4.249999999999,-4.7,1.209999999999));
#8272=CARTESIAN_POINT('Origin',(4.249999999999,-4.1,1.209999999999));
#8273=CARTESIAN_POINT('',(4.249999999999,-4.1,-0.01));
#8274=CARTESIAN_POINT('Origin',(4.249999999999,-4.7,1.209999999999));
#8275=CARTESIAN_POINT('',(4.249999999999,-4.7,-0.01));
#8276=CARTESIAN_POINT('Origin',(0.,-4.4,-0.01));
#8277=CARTESIAN_POINT('Origin',(5.049999999999,-4.4,-0.01));
#8278=CARTESIAN_POINT('Origin',(-2.008627182709E-16,1.1,1.209999999999));
#8279=CARTESIAN_POINT('Origin',(5.049999999999,1.099999999999,1.209999999999));
#8280=CARTESIAN_POINT('',(4.399999999999,1.399999999999,1.209999999999));
#8281=CARTESIAN_POINT('',(4.249999999999,1.399999999999,1.209999999999));
#8282=CARTESIAN_POINT('',(4.399999999999,0.799999999999,1.209999999999));
#8283=CARTESIAN_POINT('',(4.399999999999,0.799999999999,1.209999999999));
#8284=CARTESIAN_POINT('',(4.249999999999,0.799999999999,1.209999999999));
#8285=CARTESIAN_POINT('Origin',(4.249999999999,0.799999999999,1.209999999999));
#8286=CARTESIAN_POINT('',(4.399999999999,0.799999999999,1.199999999999));
#8287=CARTESIAN_POINT('Origin',(4.249999999999,1.399999999999,1.209999999999));
#8288=CARTESIAN_POINT('',(4.399999999999,1.399999999999,1.199999999999));
#8289=CARTESIAN_POINT('Origin',(4.249999999999,1.399999999999,1.209999999999));
#8290=CARTESIAN_POINT('',(4.249999999999,1.399999999999,-0.01));
#8291=CARTESIAN_POINT('',(4.249999999999,1.399999999999,1.209999999999));
#8292=CARTESIAN_POINT('',(4.249999999999,0.799999999999,-0.01));
#8293=CARTESIAN_POINT('',(4.249999999999,1.399999999999,-0.01));
#8294=CARTESIAN_POINT('',(4.249999999999,0.799999999999,1.209999999999));
#8295=CARTESIAN_POINT('Origin',(4.249999999999,1.399999999999,1.209999999999));
#8296=CARTESIAN_POINT('',(4.249999999999,1.399999999999,-0.01));
#8297=CARTESIAN_POINT('Origin',(4.249999999999,0.799999999999,1.209999999999));
#8298=CARTESIAN_POINT('',(4.249999999999,0.799999999999,-0.01));
#8299=CARTESIAN_POINT('Origin',(-2.008627182709E-16,1.1,-0.01));
#8300=CARTESIAN_POINT('Origin',(5.049999999999,1.099999999999,-0.01));
#8301=CARTESIAN_POINT('Origin',(-4.017254365419E-16,2.2,1.209999999999));
#8302=CARTESIAN_POINT('Origin',(5.049999999999,2.199999999999,1.209999999999));
#8303=CARTESIAN_POINT('',(4.399999999999,2.5,1.209999999999));
#8304=CARTESIAN_POINT('',(4.249999999999,2.499999999999,1.209999999999));
#8305=CARTESIAN_POINT('',(4.399999999999,1.899999999999,1.209999999999));
#8306=CARTESIAN_POINT('',(4.399999999999,1.899999999999,1.209999999999));
#8307=CARTESIAN_POINT('',(4.249999999999,1.899999999999,1.209999999999));
#8308=CARTESIAN_POINT('Origin',(4.249999999999,1.899999999999,1.209999999999));
#8309=CARTESIAN_POINT('',(4.399999999999,1.899999999999,1.199999999999));
#8310=CARTESIAN_POINT('Origin',(4.249999999999,2.499999999999,1.209999999999));
#8311=CARTESIAN_POINT('',(4.399999999999,2.5,1.199999999999));
#8312=CARTESIAN_POINT('Origin',(4.249999999999,2.499999999999,1.209999999999));
#8313=CARTESIAN_POINT('',(4.249999999999,2.499999999999,-0.01));
#8314=CARTESIAN_POINT('',(4.249999999999,2.499999999999,1.209999999999));
#8315=CARTESIAN_POINT('',(4.249999999999,1.899999999999,-0.01));
#8316=CARTESIAN_POINT('',(4.249999999999,2.499999999999,-0.01));
#8317=CARTESIAN_POINT('',(4.249999999999,1.899999999999,1.209999999999));
#8318=CARTESIAN_POINT('Origin',(4.249999999999,2.499999999999,1.209999999999));
#8319=CARTESIAN_POINT('',(4.249999999999,2.499999999999,-0.01));
#8320=CARTESIAN_POINT('Origin',(4.249999999999,1.899999999999,1.209999999999));
#8321=CARTESIAN_POINT('',(4.249999999999,1.899999999999,-0.01));
#8322=CARTESIAN_POINT('Origin',(-4.017254365419E-16,2.2,-0.01));
#8323=CARTESIAN_POINT('Origin',(5.049999999999,2.199999999999,-0.01));
#8324=CARTESIAN_POINT('Origin',(-6.025881548129E-16,3.299999999999,1.209999999999));
#8325=CARTESIAN_POINT('Origin',(5.049999999999,3.299999999999,1.209999999999));
#8326=CARTESIAN_POINT('',(4.399999999999,3.6,1.209999999999));
#8327=CARTESIAN_POINT('',(4.249999999999,3.599999999999,1.209999999999));
#8328=CARTESIAN_POINT('',(4.399999999999,2.999999999999,1.209999999999));
#8329=CARTESIAN_POINT('',(4.399999999999,2.999999999999,1.209999999999));
#8330=CARTESIAN_POINT('',(4.249999999999,2.999999999999,1.209999999999));
#8331=CARTESIAN_POINT('Origin',(4.249999999999,2.999999999999,1.209999999999));
#8332=CARTESIAN_POINT('',(4.399999999999,2.999999999999,1.199999999999));
#8333=CARTESIAN_POINT('Origin',(4.249999999999,3.599999999999,1.209999999999));
#8334=CARTESIAN_POINT('',(4.399999999999,3.6,1.199999999999));
#8335=CARTESIAN_POINT('Origin',(4.249999999999,3.599999999999,1.209999999999));
#8336=CARTESIAN_POINT('',(4.249999999999,3.599999999999,-0.01));
#8337=CARTESIAN_POINT('',(4.249999999999,3.599999999999,1.209999999999));
#8338=CARTESIAN_POINT('',(4.249999999999,2.999999999999,-0.01));
#8339=CARTESIAN_POINT('',(4.249999999999,3.599999999999,-0.01));
#8340=CARTESIAN_POINT('',(4.249999999999,2.999999999999,1.209999999999));
#8341=CARTESIAN_POINT('Origin',(4.249999999999,3.599999999999,1.209999999999));
#8342=CARTESIAN_POINT('',(4.249999999999,3.599999999999,-0.01));
#8343=CARTESIAN_POINT('Origin',(4.249999999999,2.999999999999,1.209999999999));
#8344=CARTESIAN_POINT('',(4.249999999999,2.999999999999,-0.01));
#8345=CARTESIAN_POINT('Origin',(-6.025881548129E-16,3.299999999999,-0.01));
#8346=CARTESIAN_POINT('Origin',(5.049999999999,3.299999999999,-0.01));
#8347=CARTESIAN_POINT('Origin',(-8.034508730839E-16,4.4,1.209999999999));
#8348=CARTESIAN_POINT('Origin',(5.049999999999,4.399999999999,1.209999999999));
#8349=CARTESIAN_POINT('',(4.399999999999,4.7,1.209999999999));
#8350=CARTESIAN_POINT('',(4.249999999999,4.699999999999,1.209999999999));
#8351=CARTESIAN_POINT('',(4.399999999999,4.099999999999,1.209999999999));
#8352=CARTESIAN_POINT('',(4.399999999999,4.099999999999,1.209999999999));
#8353=CARTESIAN_POINT('',(4.249999999999,4.099999999999,1.209999999999));
#8354=CARTESIAN_POINT('Origin',(4.249999999999,4.099999999999,1.209999999999));
#8355=CARTESIAN_POINT('',(4.399999999999,4.099999999999,1.199999999999));
#8356=CARTESIAN_POINT('Origin',(4.249999999999,4.699999999999,1.209999999999));
#8357=CARTESIAN_POINT('',(4.399999999999,4.7,1.199999999999));
#8358=CARTESIAN_POINT('Origin',(4.249999999999,4.699999999999,1.209999999999));
#8359=CARTESIAN_POINT('',(4.249999999999,4.699999999999,-0.01));
#8360=CARTESIAN_POINT('',(4.249999999999,4.699999999999,1.209999999999));
#8361=CARTESIAN_POINT('',(4.249999999999,4.099999999999,-0.01));
#8362=CARTESIAN_POINT('',(4.249999999999,4.699999999999,-0.01));
#8363=CARTESIAN_POINT('',(4.249999999999,4.099999999999,1.209999999999));
#8364=CARTESIAN_POINT('Origin',(4.249999999999,4.699999999999,1.209999999999));
#8365=CARTESIAN_POINT('',(4.249999999999,4.699999999999,-0.01));
#8366=CARTESIAN_POINT('Origin',(4.249999999999,4.099999999999,1.209999999999));
#8367=CARTESIAN_POINT('',(4.249999999999,4.099999999999,-0.01));
#8368=CARTESIAN_POINT('Origin',(-8.034508730839E-16,4.4,-0.01));
#8369=CARTESIAN_POINT('Origin',(5.049999999999,4.399999999999,-0.01));
#8370=CARTESIAN_POINT('Origin',(4.399999999999,4.099999999999,1.199999999999));
#8371=CARTESIAN_POINT('Origin',(4.399999999999,2.999999999999,1.199999999999));
#8372=CARTESIAN_POINT('Origin',(4.399999999999,1.899999999999,1.199999999999));
#8373=CARTESIAN_POINT('Origin',(4.399999999999,0.799999999999,1.199999999999));
#8374=CARTESIAN_POINT('Origin',(4.399999999999,-4.7,1.199999999999));
#8375=CARTESIAN_POINT('Origin',(4.399999999999,-3.6,1.199999999999));
#8376=CARTESIAN_POINT('Origin',(4.399999999999,-2.5,1.199999999999));
#8377=CARTESIAN_POINT('Origin',(4.399999999999,-1.4,1.199999999999));
#8378=CARTESIAN_POINT('Origin',(5.049999999999,4.399999999999,-0.01));
#8379=CARTESIAN_POINT('Origin',(5.049999999999,3.299999999999,-0.01));
#8380=CARTESIAN_POINT('Origin',(5.049999999999,2.199999999999,-0.01));
#8381=CARTESIAN_POINT('Origin',(5.049999999999,1.099999999999,-0.01));
#8382=CARTESIAN_POINT('Origin',(5.049999999999,-4.4,-0.01));
#8383=CARTESIAN_POINT('Origin',(5.049999999999,-3.3,-0.01));
#8384=CARTESIAN_POINT('Origin',(5.049999999999,-2.2,-0.01));
#8385=CARTESIAN_POINT('Origin',(5.049999999999,-1.1,-0.01));
#8386=CARTESIAN_POINT('Origin',(5.049999999999,-8.673617379884E-16,-0.01));
#8387=CARTESIAN_POINT('Origin',(0.,0.,1.209999999999));
#8388=CARTESIAN_POINT('',(-4.399999999999,0.299999999999,1.209999999999));
#8389=CARTESIAN_POINT('',(-4.399999999999,-0.3,1.209999999999));
#8390=CARTESIAN_POINT('',(-4.399999999999,0.299999999999,1.209999999999));
#8391=CARTESIAN_POINT('',(-4.249999999999,0.299999999999,1.209999999999));
#8392=CARTESIAN_POINT('',(-4.249999999999,-0.3,1.209999999999));
#8393=CARTESIAN_POINT('Origin',(-4.249999999999,0.299999999999,1.209999999999));
#8394=CARTESIAN_POINT('',(-4.399999999999,0.299999999999,1.199999999999));
#8395=CARTESIAN_POINT('Origin',(-4.249999999999,-0.3,1.209999999999));
#8396=CARTESIAN_POINT('',(-4.399999999999,-0.3,1.199999999999));
#8397=CARTESIAN_POINT('Origin',(-4.249999999999,0.299999999999,1.209999999999));
#8398=CARTESIAN_POINT('',(-4.249999999999,0.299999999999,-0.01));
#8399=CARTESIAN_POINT('',(-4.249999999999,0.299999999999,1.209999999999));
#8400=CARTESIAN_POINT('',(-4.249999999999,-0.3,-0.01));
#8401=CARTESIAN_POINT('',(-4.249999999999,-0.3,1.209999999999));
#8402=CARTESIAN_POINT('',(-4.249999999999,0.299999999999,-0.01));
#8403=CARTESIAN_POINT('Origin',(-4.249999999999,-0.3,1.209999999999));
#8404=CARTESIAN_POINT('',(-4.249999999999,-0.3,-0.01));
#8405=CARTESIAN_POINT('Origin',(-4.249999999999,0.299999999999,1.209999999999));
#8406=CARTESIAN_POINT('',(-4.249999999999,0.299999999999,-0.01));
#8407=CARTESIAN_POINT('Origin',(0.,0.,-0.01));
#8408=CARTESIAN_POINT('Origin',(-4.249999999999,-0.8,1.209999999999));
#8409=CARTESIAN_POINT('',(-4.249999999999,-0.8,-0.01));
#8410=CARTESIAN_POINT('',(-4.249999999999,-0.8,1.209999999999));
#8411=CARTESIAN_POINT('',(-4.249999999999,-1.4,-0.01));
#8412=CARTESIAN_POINT('',(-4.249999999999,-1.4,1.209999999999));
#8413=CARTESIAN_POINT('',(-4.249999999999,-0.8,-0.01));
#8414=CARTESIAN_POINT('Origin',(-4.249999999999,-1.4,1.209999999999));
#8415=CARTESIAN_POINT('',(-4.249999999999,-1.4,-0.01));
#8416=CARTESIAN_POINT('Origin',(-4.249999999999,-0.8,1.209999999999));
#8417=CARTESIAN_POINT('',(-4.249999999999,-0.8,-0.01));
#8418=CARTESIAN_POINT('Origin',(0.,-1.1,-0.01));
#8419=CARTESIAN_POINT('Origin',(-4.249999999999,-1.9,1.209999999999));
#8420=CARTESIAN_POINT('',(-4.249999999999,-1.9,-0.01));
#8421=CARTESIAN_POINT('',(-4.249999999999,-1.9,1.209999999999));
#8422=CARTESIAN_POINT('',(-4.249999999999,-2.5,-0.01));
#8423=CARTESIAN_POINT('',(-4.249999999999,-2.5,1.209999999999));
#8424=CARTESIAN_POINT('',(-4.249999999999,-1.9,-0.01));
#8425=CARTESIAN_POINT('Origin',(-4.249999999999,-2.5,1.209999999999));
#8426=CARTESIAN_POINT('',(-4.249999999999,-2.5,-0.01));
#8427=CARTESIAN_POINT('Origin',(-4.249999999999,-1.9,1.209999999999));
#8428=CARTESIAN_POINT('',(-4.249999999999,-1.9,-0.01));
#8429=CARTESIAN_POINT('Origin',(0.,-2.2,-0.01));
#8430=CARTESIAN_POINT('Origin',(-4.249999999999,-3.,1.209999999999));
#8431=CARTESIAN_POINT('',(-4.249999999999,-3.,-0.01));
#8432=CARTESIAN_POINT('',(-4.249999999999,-3.,1.209999999999));
#8433=CARTESIAN_POINT('',(-4.249999999999,-3.6,-0.01));
#8434=CARTESIAN_POINT('',(-4.249999999999,-3.6,1.209999999999));
#8435=CARTESIAN_POINT('',(-4.249999999999,-3.,-0.01));
#8436=CARTESIAN_POINT('Origin',(-4.249999999999,-3.6,1.209999999999));
#8437=CARTESIAN_POINT('',(-4.249999999999,-3.6,-0.01));
#8438=CARTESIAN_POINT('Origin',(-4.249999999999,-3.,1.209999999999));
#8439=CARTESIAN_POINT('',(-4.249999999999,-3.,-0.01));
#8440=CARTESIAN_POINT('Origin',(0.,-3.299999999999,-0.01));
#8441=CARTESIAN_POINT('Origin',(-4.249999999999,-4.1,1.209999999999));
#8442=CARTESIAN_POINT('',(-4.249999999999,-4.1,-0.01));
#8443=CARTESIAN_POINT('',(-4.249999999999,-4.1,1.209999999999));
#8444=CARTESIAN_POINT('',(-4.249999999999,-4.7,-0.01));
#8445=CARTESIAN_POINT('',(-4.249999999999,-4.7,1.209999999999));
#8446=CARTESIAN_POINT('',(-4.249999999999,-4.1,-0.01));
#8447=CARTESIAN_POINT('Origin',(-4.249999999999,-4.7,1.209999999999));
#8448=CARTESIAN_POINT('',(-4.249999999999,-4.7,-0.01));
#8449=CARTESIAN_POINT('Origin',(-4.249999999999,-4.1,1.209999999999));
#8450=CARTESIAN_POINT('',(-4.249999999999,-4.1,-0.01));
#8451=CARTESIAN_POINT('Origin',(0.,-4.4,-0.01));
#8452=CARTESIAN_POINT('Origin',(-4.249999999999,1.399999999999,1.209999999999));
#8453=CARTESIAN_POINT('',(-4.249999999999,1.399999999999,-0.01));
#8454=CARTESIAN_POINT('',(-4.249999999999,1.399999999999,1.209999999999));
#8455=CARTESIAN_POINT('',(-4.249999999999,0.799999999999,-0.01));
#8456=CARTESIAN_POINT('',(-4.249999999999,0.799999999999,1.209999999999));
#8457=CARTESIAN_POINT('',(-4.249999999999,1.399999999999,-0.01));
#8458=CARTESIAN_POINT('Origin',(-4.249999999999,0.799999999999,1.209999999999));
#8459=CARTESIAN_POINT('',(-4.249999999999,0.799999999999,-0.01));
#8460=CARTESIAN_POINT('Origin',(-4.249999999999,1.399999999999,1.209999999999));
#8461=CARTESIAN_POINT('',(-4.249999999999,1.399999999999,-0.01));
#8462=CARTESIAN_POINT('Origin',(2.008627182709E-16,1.1,-0.01));
#8463=CARTESIAN_POINT('Origin',(-4.249999999999,2.499999999999,1.209999999999));
#8464=CARTESIAN_POINT('',(-4.249999999999,2.499999999999,-0.01));
#8465=CARTESIAN_POINT('',(-4.249999999999,2.499999999999,1.209999999999));
#8466=CARTESIAN_POINT('',(-4.249999999999,1.899999999999,-0.01));
#8467=CARTESIAN_POINT('',(-4.249999999999,1.899999999999,1.209999999999));
#8468=CARTESIAN_POINT('',(-4.249999999999,2.499999999999,-0.01));
#8469=CARTESIAN_POINT('Origin',(-4.249999999999,1.899999999999,1.209999999999));
#8470=CARTESIAN_POINT('',(-4.249999999999,1.899999999999,-0.01));
#8471=CARTESIAN_POINT('Origin',(-4.249999999999,2.499999999999,1.209999999999));
#8472=CARTESIAN_POINT('',(-4.249999999999,2.499999999999,-0.01));
#8473=CARTESIAN_POINT('Origin',(4.017254365419E-16,2.2,-0.01));
#8474=CARTESIAN_POINT('Origin',(-4.249999999999,3.599999999999,1.209999999999));
#8475=CARTESIAN_POINT('',(-4.249999999999,3.599999999999,-0.01));
#8476=CARTESIAN_POINT('',(-4.249999999999,3.599999999999,1.209999999999));
#8477=CARTESIAN_POINT('',(-4.249999999999,2.999999999999,-0.01));
#8478=CARTESIAN_POINT('',(-4.249999999999,2.999999999999,1.209999999999));
#8479=CARTESIAN_POINT('',(-4.249999999999,3.599999999999,-0.01));
#8480=CARTESIAN_POINT('Origin',(-4.249999999999,2.999999999999,1.209999999999));
#8481=CARTESIAN_POINT('',(-4.249999999999,2.999999999999,-0.01));
#8482=CARTESIAN_POINT('Origin',(-4.249999999999,3.599999999999,1.209999999999));
#8483=CARTESIAN_POINT('',(-4.249999999999,3.599999999999,-0.01));
#8484=CARTESIAN_POINT('Origin',(6.025881548129E-16,3.299999999999,-0.01));
#8485=CARTESIAN_POINT('Origin',(-4.249999999999,4.699999999999,1.209999999999));
#8486=CARTESIAN_POINT('',(-4.249999999999,4.699999999999,-0.01));
#8487=CARTESIAN_POINT('',(-4.249999999999,4.699999999999,1.209999999999));
#8488=CARTESIAN_POINT('',(-4.249999999999,4.099999999999,-0.01));
#8489=CARTESIAN_POINT('',(-4.249999999999,4.099999999999,1.209999999999));
#8490=CARTESIAN_POINT('',(-4.249999999999,4.699999999999,-0.01));
#8491=CARTESIAN_POINT('Origin',(-4.249999999999,4.099999999999,1.209999999999));
#8492=CARTESIAN_POINT('',(-4.249999999999,4.099999999999,-0.01));
#8493=CARTESIAN_POINT('Origin',(-4.249999999999,4.699999999999,1.209999999999));
#8494=CARTESIAN_POINT('',(-4.249999999999,4.699999999999,-0.01));
#8495=CARTESIAN_POINT('Origin',(8.034508730839E-16,4.4,-0.01));
#8496=CARTESIAN_POINT('Origin',(-4.399999999999,4.099999999999,1.199999999999));
#8497=CARTESIAN_POINT('Origin',(-4.399999999999,2.999999999999,1.199999999999));
#8498=CARTESIAN_POINT('Origin',(-4.399999999999,1.899999999999,1.199999999999));
#8499=CARTESIAN_POINT('Origin',(-4.399999999999,0.799999999999,1.199999999999));
#8500=CARTESIAN_POINT('Origin',(-4.399999999999,-4.7,1.199999999999));
#8501=CARTESIAN_POINT('Origin',(-4.399999999999,-3.6,1.199999999999));
#8502=CARTESIAN_POINT('Origin',(-4.399999999999,-2.5,1.199999999999));
#8503=CARTESIAN_POINT('Origin',(-4.399999999999,-1.4,1.199999999999));
#8504=CARTESIAN_POINT('Origin',(-4.399999999999,0.299999999999,1.199999999999));
#8505=CARTESIAN_POINT('Origin',(-4.049999999999,4.55,2.399999999999));
#8506=CARTESIAN_POINT('Origin',(-4.049999999999,4.55,2.199999999999));
#8507=CARTESIAN_POINT('Origin',(0.,4.55,2.199999999999));
#8508=CARTESIAN_POINT('Origin',(4.05,4.55,2.199999999999));
#8509=CARTESIAN_POINT('Origin',(-4.049999999999,4.55,2.199999999999));
#8510=CARTESIAN_POINT('Origin',(4.05,4.55,2.399999999999));
#8511=CARTESIAN_POINT('Origin',(4.05,4.55,2.199999999999));
#8512=CARTESIAN_POINT('Origin',(-4.049999999999,4.55,2.199999999999));
#8513=CARTESIAN_POINT('Origin',(-4.049999999999,4.55,2.199999999999));
#8514=CARTESIAN_POINT('Origin',(4.05,4.55,2.199999999999));
#8515=CARTESIAN_POINT('Origin',(4.05,4.55,2.199999999999));
#8516=CARTESIAN_POINT('Origin',(-4.049999999999,-4.549999999999,2.399999999999));
#8517=CARTESIAN_POINT('Origin',(-4.049999999999,-4.549999999999,2.199999999999));
#8518=CARTESIAN_POINT('Origin',(-4.049999999999,-3.697700040897E-16,2.199999999999));
#8519=CARTESIAN_POINT('Origin',(-4.049999999999,-4.549999999999,2.199999999999));
#8520=CARTESIAN_POINT('Origin',(4.05,7.395400081795E-16,2.199999999999));
#8521=CARTESIAN_POINT('Origin',(4.05,-4.549999999999,2.199999999999));
#8522=CARTESIAN_POINT('Origin',(4.05,-4.549999999999,2.399999999999));
#8523=CARTESIAN_POINT('Origin',(4.05,-4.549999999999,2.199999999999));
#8524=CARTESIAN_POINT('Origin',(-4.049999999999,-4.549999999999,2.199999999999));
#8525=CARTESIAN_POINT('Origin',(-4.049999999999,-4.549999999999,2.199999999999));
#8526=CARTESIAN_POINT('Origin',(4.05,-4.549999999999,2.199999999999));
#8527=CARTESIAN_POINT('Origin',(4.05,-4.549999999999,2.199999999999));
#8528=CARTESIAN_POINT('Origin',(0.,-4.549999999999,2.199999999999));
#8529=CARTESIAN_POINT('Origin',(-3.277574884091,3.814722636292,2.398999999999));
#8530=CARTESIAN_POINT('Origin',(-1.027180168836,0.268223654779,0.001));
#8531=CARTESIAN_POINT('',(-1.027180168836,0.268223654779,0.001));
#8532=CARTESIAN_POINT('',(-1.027180168836,0.268223654779,0.001));
#8533=CARTESIAN_POINT('',(-1.222302120056,-0.23177634522,0.001));
#8534=CARTESIAN_POINT('',(-1.027180168836,0.268223654779,0.001));
#8535=CARTESIAN_POINT('',(-1.222302120056,-0.23177634522,0.001));
#8536=CARTESIAN_POINT('Origin',(-1.222302120056,-0.23177634522,0.001));
#8537=CARTESIAN_POINT('',(-1.149131388348,-0.23177634522,0.001));
#8538=CARTESIAN_POINT('',(-1.222302120056,-0.23177634522,0.001));
#8539=CARTESIAN_POINT('',(-1.149131388348,-0.23177634522,0.001));
#8540=CARTESIAN_POINT('Origin',(-1.149131388348,-0.23177634522,0.001));
#8541=CARTESIAN_POINT('',(-1.098540687129,-0.091532442781,0.001));
#8542=CARTESIAN_POINT('',(-1.149131388348,-0.23177634522,0.001));
#8543=CARTESIAN_POINT('',(-1.098540687129,-0.091532442781,0.001));
#8544=CARTESIAN_POINT('Origin',(-1.098540687129,-0.091532442781,0.001));
#8545=CARTESIAN_POINT('',(-0.89198580908,-0.091532442781,0.001));
#8546=CARTESIAN_POINT('',(-1.098540687129,-0.091532442781,0.001));
#8547=CARTESIAN_POINT('',(-0.89198580908,-0.091532442781,0.001));
#8548=CARTESIAN_POINT('Origin',(-0.89198580908,-0.091532442781,0.001));
#8549=CARTESIAN_POINT('',(-0.844253339568,-0.23177634522,0.001));
#8550=CARTESIAN_POINT('',(-0.89198580908,-0.091532442781,0.001));
#8551=CARTESIAN_POINT('',(-0.844253339568,-0.23177634522,0.001));
#8552=CARTESIAN_POINT('Origin',(-0.844253339568,-0.23177634522,0.001));
#8553=CARTESIAN_POINT('',(-0.771082607861,-0.23177634522,0.001));
#8554=CARTESIAN_POINT('',(-0.844253339568,-0.23177634522,0.001));
#8555=CARTESIAN_POINT('',(-0.771082607861,-0.23177634522,0.001));
#8556=CARTESIAN_POINT('Origin',(-0.771082607861,-0.23177634522,0.001));
#8557=CARTESIAN_POINT('',(-0.960106998105,0.268223654779,0.001));
#8558=CARTESIAN_POINT('',(-0.771082607861,-0.23177634522,0.001));
#8559=CARTESIAN_POINT('',(-0.960106998105,0.268223654779,0.001));
#8560=CARTESIAN_POINT('Origin',(-0.960106998105,0.268223654779,0.001));
#8561=CARTESIAN_POINT('',(-0.960106998105,0.268223654779,0.001));
#8562=CARTESIAN_POINT('Origin',(0.,0.,0.001));
#8563=CARTESIAN_POINT('',(-0.908849376153,-0.036654394001,0.001));
#8564=CARTESIAN_POINT('',(-1.076055931031,-0.036654394001,0.001));
#8565=CARTESIAN_POINT('',(-0.908849376153,-0.036654394001,0.001));
#8566=CARTESIAN_POINT('',(-0.983449223714,0.172187069413,0.001));
#8567=CARTESIAN_POINT('',(-0.983449223714,0.172187069413,0.001));
#8568=CARTESIAN_POINT('',(-0.991452272495,0.207248045023,0.001));
#8569=CARTESIAN_POINT('Ctrl Pts',(-0.991452272495,0.207248045023,0.001));
#8570=CARTESIAN_POINT('Ctrl Pts',(-0.990869231259,0.203687598879,0.001));
#8571=CARTESIAN_POINT('Ctrl Pts',(-0.989767817896,0.196961620135,0.001));
#8572=CARTESIAN_POINT('Ctrl Pts',(-0.987908573792,0.187537131407,0.001));
#8573=CARTESIAN_POINT('Ctrl Pts',(-0.985838503497,0.179392225795,0.001));
#8574=CARTESIAN_POINT('Ctrl Pts',(-0.984204935679,0.174466008416,0.001));
#8575=CARTESIAN_POINT('Ctrl Pts',(-0.983449223714,0.172187069413,0.001));
#8576=CARTESIAN_POINT('',(-0.993071937129,0.207248045023,0.001));
#8577=CARTESIAN_POINT('',(-0.993071937129,0.207248045023,0.001));
#8578=CARTESIAN_POINT('',(-1.000789162739,0.172187069413,0.001));
#8579=CARTESIAN_POINT('Ctrl Pts',(-1.000789162739,0.172187069413,0.001));
#8580=CARTESIAN_POINT('Ctrl Pts',(-1.000165210177,0.174181986639,0.001));
#8581=CARTESIAN_POINT('Ctrl Pts',(-0.998740926726,0.178735742433,0.001));
#8582=CARTESIAN_POINT('Ctrl Pts',(-0.996874522741,0.18659527222,0.001));
#8583=CARTESIAN_POINT('Ctrl Pts',(-0.995044630767,0.196312098209,0.001));
#8584=CARTESIAN_POINT('Ctrl Pts',(-0.99376528513,0.203404358037,0.001));
#8585=CARTESIAN_POINT('Ctrl Pts',(-0.993071937129,0.207248045023,0.001));
#8586=CARTESIAN_POINT('',(-1.076055931031,-0.036654394001,0.001));
#8587=CARTESIAN_POINT('Origin',(-0.908849376153,-0.036654394001,0.001));
#8588=CARTESIAN_POINT('',(-0.908849376153,-0.036654394001,0.));
#8589=CARTESIAN_POINT('',(-1.076055931031,-0.036654394001,0.));
#8590=CARTESIAN_POINT('',(-0.908849376153,-0.036654394001,0.));
#8591=CARTESIAN_POINT('',(-0.908849376153,-0.036654394001,0.001));
#8592=CARTESIAN_POINT('',(-1.076055931031,-0.036654394001,0.001));
#8593=CARTESIAN_POINT('Origin',(-0.983449223714,0.172187069413,0.001));
#8594=CARTESIAN_POINT('',(-0.983449223714,0.172187069413,0.));
#8595=CARTESIAN_POINT('',(-0.983449223714,0.172187069413,0.));
#8596=CARTESIAN_POINT('',(-0.983449223714,0.172187069413,0.001));
#8597=CARTESIAN_POINT('Ctrl Pts',(-0.991452272495,0.207248045023,0.001));
#8598=CARTESIAN_POINT('Ctrl Pts',(-0.991452272495,0.207248045023,-0.0002));
#8599=CARTESIAN_POINT('Ctrl Pts',(-0.990869231259,0.203687598879,0.001));
#8600=CARTESIAN_POINT('Ctrl Pts',(-0.990869231259,0.203687598879,-0.0002));
#8601=CARTESIAN_POINT('Ctrl Pts',(-0.989767817896,0.196961620135,0.001));
#8602=CARTESIAN_POINT('Ctrl Pts',(-0.989767817896,0.196961620135,-0.0002));
#8603=CARTESIAN_POINT('Ctrl Pts',(-0.987908573792,0.187537131407,0.001));
#8604=CARTESIAN_POINT('Ctrl Pts',(-0.987908573792,0.187537131407,-0.0002));
#8605=CARTESIAN_POINT('Ctrl Pts',(-0.985838503497,0.179392225795,0.001));
#8606=CARTESIAN_POINT('Ctrl Pts',(-0.985838503497,0.179392225795,-0.0002));
#8607=CARTESIAN_POINT('Ctrl Pts',(-0.984204935679,0.174466008416,0.001));
#8608=CARTESIAN_POINT('Ctrl Pts',(-0.984204935679,0.174466008416,-0.0002));
#8609=CARTESIAN_POINT('Ctrl Pts',(-0.983449223714,0.172187069413,0.001));
#8610=CARTESIAN_POINT('Ctrl Pts',(-0.983449223714,0.172187069413,-0.0002));
#8611=CARTESIAN_POINT('',(-0.991452272495,0.207248045023,0.));
#8612=CARTESIAN_POINT('Ctrl Pts',(-0.991452272495,0.207248045023,0.));
#8613=CARTESIAN_POINT('Ctrl Pts',(-0.990869231259,0.203687598879,0.));
#8614=CARTESIAN_POINT('Ctrl Pts',(-0.989767817896,0.196961620135,0.));
#8615=CARTESIAN_POINT('Ctrl Pts',(-0.987908573792,0.187537131407,0.));
#8616=CARTESIAN_POINT('Ctrl Pts',(-0.985838503497,0.179392225795,0.));
#8617=CARTESIAN_POINT('Ctrl Pts',(-0.984204935679,0.174466008416,0.));
#8618=CARTESIAN_POINT('Ctrl Pts',(-0.983449223714,0.172187069413,0.));
#8619=CARTESIAN_POINT('',(-0.991452272495,0.207248045023,0.001));
#8620=CARTESIAN_POINT('Origin',(-0.993071937129,0.207248045023,0.001));
#8621=CARTESIAN_POINT('',(-0.993071937129,0.207248045023,0.));
#8622=CARTESIAN_POINT('',(-0.993071937129,0.207248045023,0.));
#8623=CARTESIAN_POINT('',(-0.993071937129,0.207248045023,0.001));
#8624=CARTESIAN_POINT('Ctrl Pts',(-1.000789162739,0.172187069413,0.001));
#8625=CARTESIAN_POINT('Ctrl Pts',(-1.000789162739,0.172187069413,-0.0002));
#8626=CARTESIAN_POINT('Ctrl Pts',(-1.000165210177,0.174181986639,0.001));
#8627=CARTESIAN_POINT('Ctrl Pts',(-1.000165210177,0.174181986639,-0.0002));
#8628=CARTESIAN_POINT('Ctrl Pts',(-0.998740926726,0.178735742433,0.001));
#8629=CARTESIAN_POINT('Ctrl Pts',(-0.998740926726,0.178735742433,-0.0002));
#8630=CARTESIAN_POINT('Ctrl Pts',(-0.996874522741,0.18659527222,0.001));
#8631=CARTESIAN_POINT('Ctrl Pts',(-0.996874522741,0.18659527222,-0.0002));
#8632=CARTESIAN_POINT('Ctrl Pts',(-0.995044630767,0.196312098209,0.001));
#8633=CARTESIAN_POINT('Ctrl Pts',(-0.995044630767,0.196312098209,-0.0002));
#8634=CARTESIAN_POINT('Ctrl Pts',(-0.99376528513,0.203404358037,0.001));
#8635=CARTESIAN_POINT('Ctrl Pts',(-0.99376528513,0.203404358037,-0.0002));
#8636=CARTESIAN_POINT('Ctrl Pts',(-0.993071937129,0.207248045023,0.001));
#8637=CARTESIAN_POINT('Ctrl Pts',(-0.993071937129,0.207248045023,-0.0002));
#8638=CARTESIAN_POINT('',(-1.000789162739,0.172187069413,0.));
#8639=CARTESIAN_POINT('Ctrl Pts',(-1.000789162739,0.172187069413,0.));
#8640=CARTESIAN_POINT('Ctrl Pts',(-1.000165210177,0.174181986639,0.));
#8641=CARTESIAN_POINT('Ctrl Pts',(-0.998740926726,0.178735742433,0.));
#8642=CARTESIAN_POINT('Ctrl Pts',(-0.996874522741,0.18659527222,0.));
#8643=CARTESIAN_POINT('Ctrl Pts',(-0.995044630767,0.196312098209,0.));
#8644=CARTESIAN_POINT('Ctrl Pts',(-0.99376528513,0.203404358037,0.));
#8645=CARTESIAN_POINT('Ctrl Pts',(-0.993071937129,0.207248045023,0.));
#8646=CARTESIAN_POINT('',(-1.000789162739,0.172187069413,0.001));
#8647=CARTESIAN_POINT('Origin',(-1.076055931031,-0.036654394001,0.001));
#8648=CARTESIAN_POINT('',(-1.076055931031,-0.036654394001,0.));
#8649=CARTESIAN_POINT('Origin',(-0.468014772495,-0.23177634522,0.001));
#8650=CARTESIAN_POINT('',(-0.468014772495,-0.23177634522,0.001));
#8651=CARTESIAN_POINT('',(-0.468014772495,-0.23177634522,0.001));
#8652=CARTESIAN_POINT('',(-0.332058217617,-0.23177634522,0.001));
#8653=CARTESIAN_POINT('',(-0.468014772495,-0.23177634522,0.001));
#8654=CARTESIAN_POINT('',(-0.332058217617,-0.23177634522,0.001));
#8655=CARTESIAN_POINT('Origin',(-0.332058217617,-0.23177634522,0.001));
#8656=CARTESIAN_POINT('',(-0.332058217617,0.268223654779,0.001));
#8657=CARTESIAN_POINT('',(-0.332058217617,-0.23177634522,0.001));
#8658=CARTESIAN_POINT('',(-0.332058217617,0.268223654779,0.001));
#8659=CARTESIAN_POINT('Origin',(-0.332058217617,0.268223654779,0.001));
#8660=CARTESIAN_POINT('',(-0.473159589568,0.268223654779,0.001));
#8661=CARTESIAN_POINT('',(-0.332058217617,0.268223654779,0.001));
#8662=CARTESIAN_POINT('',(-0.473159589568,0.268223654779,0.001));
#8663=CARTESIAN_POINT('Ctrl Pts',(-0.473159589568,0.268223654779,0.001));
#8664=CARTESIAN_POINT('Ctrl Pts',(-0.473159589568,0.268223654779,-0.0002));
#8665=CARTESIAN_POINT('Ctrl Pts',(-0.482345521601,0.268018908802,0.001));
#8666=CARTESIAN_POINT('Ctrl Pts',(-0.482345521601,0.268018908802,-0.0002));
#8667=CARTESIAN_POINT('Ctrl Pts',(-0.500356554412,0.267617459447,0.001));
#8668=CARTESIAN_POINT('Ctrl Pts',(-0.500356554412,0.267617459447,-0.0002));
#8669=CARTESIAN_POINT('Ctrl Pts',(-0.526768626505,0.264567981825,0.001));
#8670=CARTESIAN_POINT('Ctrl Pts',(-0.526768626505,0.264567981825,-0.0002));
#8671=CARTESIAN_POINT('Ctrl Pts',(-0.55196654801,0.259276146921,0.001));
#8672=CARTESIAN_POINT('Ctrl Pts',(-0.55196654801,0.259276146921,-0.0002));
#8673=CARTESIAN_POINT('Ctrl Pts',(-0.576019611525,0.252056897556,0.001));
#8674=CARTESIAN_POINT('Ctrl Pts',(-0.576019611525,0.252056897556,-0.0002));
#8675=CARTESIAN_POINT('Ctrl Pts',(-0.598955678549,0.242834385283,0.001));
#8676=CARTESIAN_POINT('Ctrl Pts',(-0.598955678549,0.242834385283,-0.0002));
#8677=CARTESIAN_POINT('Ctrl Pts',(-0.620558672452,0.231281039421,0.001));
#8678=CARTESIAN_POINT('Ctrl Pts',(-0.620558672452,0.231281039421,-0.0002));
#8679=CARTESIAN_POINT('Ctrl Pts',(-0.641065624479,0.217798395121,0.001));
#8680=CARTESIAN_POINT('Ctrl Pts',(-0.641065624479,0.217798395121,-0.0002));
#8681=CARTESIAN_POINT('Ctrl Pts',(-0.660209680713,0.202357210979,0.001));
#8682=CARTESIAN_POINT('Ctrl Pts',(-0.660209680713,0.202357210979,-0.0002));
#8683=CARTESIAN_POINT('Ctrl Pts',(-0.677658818492,0.185188133735,0.001));
#8684=CARTESIAN_POINT('Ctrl Pts',(-0.677658818492,0.185188133735,-0.0002));
#8685=CARTESIAN_POINT('Ctrl Pts',(-0.692869878947,0.166410796904,0.001));
#8686=CARTESIAN_POINT('Ctrl Pts',(-0.692869878947,0.166410796904,-0.0002));
#8687=CARTESIAN_POINT('Ctrl Pts',(-0.705892909116,0.146276344602,0.001));
#8688=CARTESIAN_POINT('Ctrl Pts',(-0.705892909116,0.146276344602,-0.0002));
#8689=CARTESIAN_POINT('Ctrl Pts',(-0.716373021262,0.124625575676,0.001));
#8690=CARTESIAN_POINT('Ctrl Pts',(-0.716373021262,0.124625575676,-0.0002));
#8691=CARTESIAN_POINT('Ctrl Pts',(-0.724510515486,0.101575144465,0.001));
#8692=CARTESIAN_POINT('Ctrl Pts',(-0.724510515486,0.101575144465,-0.0002));
#8693=CARTESIAN_POINT('Ctrl Pts',(-0.730272922562,0.077141765492,0.001));
#8694=CARTESIAN_POINT('Ctrl Pts',(-0.730272922562,0.077141765492,-0.0002));
#8695=CARTESIAN_POINT('Ctrl Pts',(-0.733907396413,0.051297764948,0.001));
#8696=CARTESIAN_POINT('Ctrl Pts',(-0.733907396413,0.051297764948,-0.0002));
#8697=CARTESIAN_POINT('Ctrl Pts',(-0.73429765806,0.03357524782,0.001));
#8698=CARTESIAN_POINT('Ctrl Pts',(-0.73429765806,0.03357524782,-0.0002));
#8699=CARTESIAN_POINT('Ctrl Pts',(-0.734497242007,0.024511764535,0.001));
#8700=CARTESIAN_POINT('Ctrl Pts',(-0.734497242007,0.024511764535,-0.0002));
#8701=CARTESIAN_POINT('',(-0.734497242007,0.024511764535,0.001));
#8702=CARTESIAN_POINT('Ctrl Pts',(-0.473159589568,0.268223654779,0.001));
#8703=CARTESIAN_POINT('Ctrl Pts',(-0.482345521601,0.268018908802,0.001));
#8704=CARTESIAN_POINT('Ctrl Pts',(-0.500356554412,0.267617459447,0.001));
#8705=CARTESIAN_POINT('Ctrl Pts',(-0.526768626505,0.264567981825,0.001));
#8706=CARTESIAN_POINT('Ctrl Pts',(-0.55196654801,0.259276146921,0.001));
#8707=CARTESIAN_POINT('Ctrl Pts',(-0.576019611525,0.252056897556,0.001));
#8708=CARTESIAN_POINT('Ctrl Pts',(-0.598955678549,0.242834385283,0.001));
#8709=CARTESIAN_POINT('Ctrl Pts',(-0.620558672452,0.231281039421,0.001));
#8710=CARTESIAN_POINT('Ctrl Pts',(-0.641065624479,0.217798395121,0.001));
#8711=CARTESIAN_POINT('Ctrl Pts',(-0.660209680713,0.202357210979,0.001));
#8712=CARTESIAN_POINT('Ctrl Pts',(-0.677658818492,0.185188133735,0.001));
#8713=CARTESIAN_POINT('Ctrl Pts',(-0.692869878947,0.166410796904,0.001));
#8714=CARTESIAN_POINT('Ctrl Pts',(-0.705892909116,0.146276344602,0.001));
#8715=CARTESIAN_POINT('Ctrl Pts',(-0.716373021262,0.124625575676,0.001));
#8716=CARTESIAN_POINT('Ctrl Pts',(-0.724510515486,0.101575144465,0.001));
#8717=CARTESIAN_POINT('Ctrl Pts',(-0.730272922562,0.077141765492,0.001));
#8718=CARTESIAN_POINT('Ctrl Pts',(-0.733907396413,0.051297764948,0.001));
#8719=CARTESIAN_POINT('Ctrl Pts',(-0.73429765806,0.03357524782,0.001));
#8720=CARTESIAN_POINT('Ctrl Pts',(-0.734497242007,0.024511764535,0.001));
#8721=CARTESIAN_POINT('',(-0.734497242007,0.024511764535,0.001));
#8722=CARTESIAN_POINT('Ctrl Pts',(-0.734497242007,0.024511764535,0.001));
#8723=CARTESIAN_POINT('Ctrl Pts',(-0.734497242007,0.024511764535,-0.0002));
#8724=CARTESIAN_POINT('Ctrl Pts',(-0.734295308406,0.015067972282,0.001));
#8725=CARTESIAN_POINT('Ctrl Pts',(-0.734295308406,0.015067972282,-0.0002));
#8726=CARTESIAN_POINT('Ctrl Pts',(-0.733899480607,-0.003443634863,0.001));
#8727=CARTESIAN_POINT('Ctrl Pts',(-0.733899480607,-0.003443634863,-0.0002));
#8728=CARTESIAN_POINT('Ctrl Pts',(-0.730281591291,-0.030459732403,0.001));
#8729=CARTESIAN_POINT('Ctrl Pts',(-0.730281591291,-0.030459732403,-0.0002));
#8730=CARTESIAN_POINT('Ctrl Pts',(-0.724506243249,-0.056058248874,0.001));
#8731=CARTESIAN_POINT('Ctrl Pts',(-0.724506243249,-0.056058248874,-0.0002));
#8732=CARTESIAN_POINT('Ctrl Pts',(-0.716399362319,-0.080224641293,0.001));
#8733=CARTESIAN_POINT('Ctrl Pts',(-0.716399362319,-0.080224641293,-0.0002));
#8734=CARTESIAN_POINT('Ctrl Pts',(-0.705903319264,-0.102941478968,0.001));
#8735=CARTESIAN_POINT('Ctrl Pts',(-0.705903319264,-0.102941478968,-0.0002));
#8736=CARTESIAN_POINT('Ctrl Pts',(-0.692889789432,-0.12412576748,0.001));
#8737=CARTESIAN_POINT('Ctrl Pts',(-0.692889789432,-0.12412576748,-0.0002));
#8738=CARTESIAN_POINT('Ctrl Pts',(-0.677709514213,-0.143939030028,0.001));
#8739=CARTESIAN_POINT('Ctrl Pts',(-0.677709514213,-0.143939030028,-0.0002));
#8740=CARTESIAN_POINT('Ctrl Pts',(-0.660258489429,-0.162109808662,0.001));
#8741=CARTESIAN_POINT('Ctrl Pts',(-0.660258489429,-0.162109808662,-0.0002));
#8742=CARTESIAN_POINT('Ctrl Pts',(-0.640958913645,-0.178372590737,0.001));
#8743=CARTESIAN_POINT('Ctrl Pts',(-0.640958913645,-0.178372590737,-0.0002));
#8744=CARTESIAN_POINT('Ctrl Pts',(-0.620321495504,-0.192835996867,0.001));
#8745=CARTESIAN_POINT('Ctrl Pts',(-0.620321495504,-0.192835996867,-0.0002));
#8746=CARTESIAN_POINT('Ctrl Pts',(-0.598168906875,-0.204853159698,0.001));
#8747=CARTESIAN_POINT('Ctrl Pts',(-0.598168906875,-0.204853159698,-0.0002));
#8748=CARTESIAN_POINT('Ctrl Pts',(-0.574690352643,-0.214671753504,0.001));
#8749=CARTESIAN_POINT('Ctrl Pts',(-0.574690352643,-0.214671753504,-0.0002));
#8750=CARTESIAN_POINT('Ctrl Pts',(-0.549926896857,-0.222467130036,0.001));
#8751=CARTESIAN_POINT('Ctrl Pts',(-0.549926896857,-0.222467130036,-0.0002));
#8752=CARTESIAN_POINT('Ctrl Pts',(-0.52377121799,-0.227774619264,0.001));
#8753=CARTESIAN_POINT('Ctrl Pts',(-0.52377121799,-0.227774619264,-0.0002));
#8754=CARTESIAN_POINT('Ctrl Pts',(-0.496342187722,-0.231263828568,0.001));
#8755=CARTESIAN_POINT('Ctrl Pts',(-0.496342187722,-0.231263828568,-0.0002));
#8756=CARTESIAN_POINT('Ctrl Pts',(-0.477585130984,-0.231603192532,0.001));
#8757=CARTESIAN_POINT('Ctrl Pts',(-0.477585130984,-0.231603192532,-0.0002));
#8758=CARTESIAN_POINT('Ctrl Pts',(-0.468014772495,-0.23177634522,0.001));
#8759=CARTESIAN_POINT('Ctrl Pts',(-0.468014772495,-0.23177634522,-0.0002));
#8760=CARTESIAN_POINT('Ctrl Pts',(-0.734497242007,0.024511764535,0.001));
#8761=CARTESIAN_POINT('Ctrl Pts',(-0.734295308406,0.015067972282,0.001));
#8762=CARTESIAN_POINT('Ctrl Pts',(-0.733899480607,-0.003443634863,0.001));
#8763=CARTESIAN_POINT('Ctrl Pts',(-0.730281591291,-0.030459732403,0.001));
#8764=CARTESIAN_POINT('Ctrl Pts',(-0.724506243249,-0.056058248874,0.001));
#8765=CARTESIAN_POINT('Ctrl Pts',(-0.716399362319,-0.080224641293,0.001));
#8766=CARTESIAN_POINT('Ctrl Pts',(-0.705903319264,-0.102941478968,0.001));
#8767=CARTESIAN_POINT('Ctrl Pts',(-0.692889789432,-0.12412576748,0.001));
#8768=CARTESIAN_POINT('Ctrl Pts',(-0.677709514213,-0.143939030028,0.001));
#8769=CARTESIAN_POINT('Ctrl Pts',(-0.660258489429,-0.162109808662,0.001));
#8770=CARTESIAN_POINT('Ctrl Pts',(-0.640958913645,-0.178372590737,0.001));
#8771=CARTESIAN_POINT('Ctrl Pts',(-0.620321495504,-0.192835996867,0.001));
#8772=CARTESIAN_POINT('Ctrl Pts',(-0.598168906875,-0.204853159698,0.001));
#8773=CARTESIAN_POINT('Ctrl Pts',(-0.574690352643,-0.214671753504,0.001));
#8774=CARTESIAN_POINT('Ctrl Pts',(-0.549926896857,-0.222467130036,0.001));
#8775=CARTESIAN_POINT('Ctrl Pts',(-0.52377121799,-0.227774619264,0.001));
#8776=CARTESIAN_POINT('Ctrl Pts',(-0.496342187722,-0.231263828568,0.001));
#8777=CARTESIAN_POINT('Ctrl Pts',(-0.477585130984,-0.231603192532,0.001));
#8778=CARTESIAN_POINT('Ctrl Pts',(-0.468014772495,-0.23177634522,0.001));
#8779=CARTESIAN_POINT('Origin',(-0.658448011418,0.203374004993,0.001));
#8780=CARTESIAN_POINT('',(-0.667424071275,0.023082648681,0.001));
#8781=CARTESIAN_POINT('',(-0.472873766397,0.213345605998,0.001));
#8782=CARTESIAN_POINT('Ctrl Pts',(-0.667424071275,0.023082648681,0.001));
#8783=CARTESIAN_POINT('Ctrl Pts',(-0.667260180984,0.03074309125,0.001));
#8784=CARTESIAN_POINT('Ctrl Pts',(-0.666941695093,0.045629530604,0.001));
#8785=CARTESIAN_POINT('Ctrl Pts',(-0.664463587992,0.067220034537,0.001));
#8786=CARTESIAN_POINT('Ctrl Pts',(-0.660310595469,0.087363522105,0.001));
#8787=CARTESIAN_POINT('Ctrl Pts',(-0.654406190132,0.10601289551,0.001));
#8788=CARTESIAN_POINT('Ctrl Pts',(-0.646869924952,0.123240065483,0.001));
#8789=CARTESIAN_POINT('Ctrl Pts',(-0.637590009202,0.138946329698,0.001));
#8790=CARTESIAN_POINT('Ctrl Pts',(-0.626638375675,0.153208688081,0.001));
#8791=CARTESIAN_POINT('Ctrl Pts',(-0.614016601462,0.165863474279,0.001));
#8792=CARTESIAN_POINT('Ctrl Pts',(-0.600034589041,0.176988857674,0.001));
#8793=CARTESIAN_POINT('Ctrl Pts',(-0.585036091815,0.18677974275,0.001));
#8794=CARTESIAN_POINT('Ctrl Pts',(-0.568891002051,0.195000562926,0.001));
#8795=CARTESIAN_POINT('Ctrl Pts',(-0.55172578611,0.201756025943,0.001));
#8796=CARTESIAN_POINT('Ctrl Pts',(-0.53348234972,0.207027302727,0.001));
#8797=CARTESIAN_POINT('Ctrl Pts',(-0.51421666267,0.210686103195,0.001));
#8798=CARTESIAN_POINT('Ctrl Pts',(-0.493886492253,0.212913238084,0.001));
#8799=CARTESIAN_POINT('Ctrl Pts',(-0.4799934045,0.213199108914,0.001));
#8800=CARTESIAN_POINT('Ctrl Pts',(-0.472873766397,0.213345605998,0.001));
#8801=CARTESIAN_POINT('',(-0.47011080908,-0.17689829644,0.001));
#8802=CARTESIAN_POINT('Ctrl Pts',(-0.47011080908,-0.17689829644,0.001));
#8803=CARTESIAN_POINT('Ctrl Pts',(-0.477644593466,-0.176735441981,0.001));
#8804=CARTESIAN_POINT('Ctrl Pts',(-0.492341559138,-0.176417744227,0.001));
#8805=CARTESIAN_POINT('Ctrl Pts',(-0.51375983741,-0.17389484342,0.001));
#8806=CARTESIAN_POINT('Ctrl Pts',(-0.533918269981,-0.169843546162,0.001));
#8807=CARTESIAN_POINT('Ctrl Pts',(-0.552819526297,-0.164168298749,0.001));
#8808=CARTESIAN_POINT('Ctrl Pts',(-0.570381719787,-0.156645488394,0.001));
#8809=CARTESIAN_POINT('Ctrl Pts',(-0.586746526251,-0.147617689156,0.001));
#8810=CARTESIAN_POINT('Ctrl Pts',(-0.60180154221,-0.13687477955,0.001));
#8811=CARTESIAN_POINT('Ctrl Pts',(-0.615485739637,-0.124537249194,0.001));
#8812=CARTESIAN_POINT('Ctrl Pts',(-0.627683111583,-0.110666533835,0.001));
#8813=CARTESIAN_POINT('Ctrl Pts',(-0.638444294515,-0.095479612156,0.001));
#8814=CARTESIAN_POINT('Ctrl Pts',(-0.647385049595,-0.07886996441,0.001));
#8815=CARTESIAN_POINT('Ctrl Pts',(-0.654788794702,-0.061002319738,0.001));
#8816=CARTESIAN_POINT('Ctrl Pts',(-0.660446304116,-0.041797939686,0.001));
#8817=CARTESIAN_POINT('Ctrl Pts',(-0.664547442795,-0.021333758076,0.001));
#8818=CARTESIAN_POINT('Ctrl Pts',(-0.666916226823,0.000446961238,0.001));
#8819=CARTESIAN_POINT('Ctrl Pts',(-0.667251513265,0.015391377929,0.001));
#8820=CARTESIAN_POINT('Ctrl Pts',(-0.667424071275,0.023082648681,0.001));
#8821=CARTESIAN_POINT('',(-0.399131388348,-0.17689829644,0.001));
#8822=CARTESIAN_POINT('',(-0.399131388348,-0.17689829644,0.001));
#8823=CARTESIAN_POINT('',(-0.399131388348,0.213345605998,0.001));
#8824=CARTESIAN_POINT('',(-0.399131388348,0.213345605998,0.001));
#8825=CARTESIAN_POINT('',(-0.472873766397,0.213345605998,0.001));
#8826=CARTESIAN_POINT('Origin',(-0.472873766397,0.213345605998,0.001));
#8827=CARTESIAN_POINT('',(-0.472873766397,0.213345605998,0.));
#8828=CARTESIAN_POINT('',(-0.399131388348,0.213345605998,0.));
#8829=CARTESIAN_POINT('',(-0.472873766397,0.213345605998,0.));
#8830=CARTESIAN_POINT('',(-0.472873766397,0.213345605998,0.001));
#8831=CARTESIAN_POINT('',(-0.399131388348,0.213345605998,0.001));
#8832=CARTESIAN_POINT('Ctrl Pts',(-0.667424071275,0.023082648681,0.001));
#8833=CARTESIAN_POINT('Ctrl Pts',(-0.667424071275,0.023082648681,-0.0002));
#8834=CARTESIAN_POINT('Ctrl Pts',(-0.667260180984,0.03074309125,0.001));
#8835=CARTESIAN_POINT('Ctrl Pts',(-0.667260180984,0.03074309125,-0.0002));
#8836=CARTESIAN_POINT('Ctrl Pts',(-0.666941695093,0.045629530604,0.001));
#8837=CARTESIAN_POINT('Ctrl Pts',(-0.666941695093,0.045629530604,-0.0002));
#8838=CARTESIAN_POINT('Ctrl Pts',(-0.664463587992,0.067220034537,0.001));
#8839=CARTESIAN_POINT('Ctrl Pts',(-0.664463587992,0.067220034537,-0.0002));
#8840=CARTESIAN_POINT('Ctrl Pts',(-0.660310595469,0.087363522105,0.001));
#8841=CARTESIAN_POINT('Ctrl Pts',(-0.660310595469,0.087363522105,-0.0002));
#8842=CARTESIAN_POINT('Ctrl Pts',(-0.654406190132,0.10601289551,0.001));
#8843=CARTESIAN_POINT('Ctrl Pts',(-0.654406190132,0.10601289551,-0.0002));
#8844=CARTESIAN_POINT('Ctrl Pts',(-0.646869924952,0.123240065483,0.001));
#8845=CARTESIAN_POINT('Ctrl Pts',(-0.646869924952,0.123240065483,-0.0002));
#8846=CARTESIAN_POINT('Ctrl Pts',(-0.637590009202,0.138946329698,0.001));
#8847=CARTESIAN_POINT('Ctrl Pts',(-0.637590009202,0.138946329698,-0.0002));
#8848=CARTESIAN_POINT('Ctrl Pts',(-0.626638375675,0.153208688081,0.001));
#8849=CARTESIAN_POINT('Ctrl Pts',(-0.626638375675,0.153208688081,-0.0002));
#8850=CARTESIAN_POINT('Ctrl Pts',(-0.614016601462,0.165863474279,0.001));
#8851=CARTESIAN_POINT('Ctrl Pts',(-0.614016601462,0.165863474279,-0.0002));
#8852=CARTESIAN_POINT('Ctrl Pts',(-0.600034589041,0.176988857674,0.001));
#8853=CARTESIAN_POINT('Ctrl Pts',(-0.600034589041,0.176988857674,-0.0002));
#8854=CARTESIAN_POINT('Ctrl Pts',(-0.585036091815,0.18677974275,0.001));
#8855=CARTESIAN_POINT('Ctrl Pts',(-0.585036091815,0.18677974275,-0.0002));
#8856=CARTESIAN_POINT('Ctrl Pts',(-0.568891002051,0.195000562926,0.001));
#8857=CARTESIAN_POINT('Ctrl Pts',(-0.568891002051,0.195000562926,-0.0002));
#8858=CARTESIAN_POINT('Ctrl Pts',(-0.55172578611,0.201756025943,0.001));
#8859=CARTESIAN_POINT('Ctrl Pts',(-0.55172578611,0.201756025943,-0.0002));
#8860=CARTESIAN_POINT('Ctrl Pts',(-0.53348234972,0.207027302727,0.001));
#8861=CARTESIAN_POINT('Ctrl Pts',(-0.53348234972,0.207027302727,-0.0002));
#8862=CARTESIAN_POINT('Ctrl Pts',(-0.51421666267,0.210686103195,0.001));
#8863=CARTESIAN_POINT('Ctrl Pts',(-0.51421666267,0.210686103195,-0.0002));
#8864=CARTESIAN_POINT('Ctrl Pts',(-0.493886492253,0.212913238084,0.001));
#8865=CARTESIAN_POINT('Ctrl Pts',(-0.493886492253,0.212913238084,-0.0002));
#8866=CARTESIAN_POINT('Ctrl Pts',(-0.4799934045,0.213199108914,0.001));
#8867=CARTESIAN_POINT('Ctrl Pts',(-0.4799934045,0.213199108914,-0.0002));
#8868=CARTESIAN_POINT('Ctrl Pts',(-0.472873766397,0.213345605998,0.001));
#8869=CARTESIAN_POINT('Ctrl Pts',(-0.472873766397,0.213345605998,-0.0002));
#8870=CARTESIAN_POINT('',(-0.667424071275,0.023082648681,0.));
#8871=CARTESIAN_POINT('Ctrl Pts',(-0.667424071275,0.023082648681,0.));
#8872=CARTESIAN_POINT('Ctrl Pts',(-0.667260180984,0.03074309125,0.));
#8873=CARTESIAN_POINT('Ctrl Pts',(-0.666941695093,0.045629530604,0.));
#8874=CARTESIAN_POINT('Ctrl Pts',(-0.664463587992,0.067220034537,0.));
#8875=CARTESIAN_POINT('Ctrl Pts',(-0.660310595469,0.087363522105,0.));
#8876=CARTESIAN_POINT('Ctrl Pts',(-0.654406190132,0.10601289551,0.));
#8877=CARTESIAN_POINT('Ctrl Pts',(-0.646869924952,0.123240065483,0.));
#8878=CARTESIAN_POINT('Ctrl Pts',(-0.637590009202,0.138946329698,0.));
#8879=CARTESIAN_POINT('Ctrl Pts',(-0.626638375675,0.153208688081,0.));
#8880=CARTESIAN_POINT('Ctrl Pts',(-0.614016601462,0.165863474279,0.));
#8881=CARTESIAN_POINT('Ctrl Pts',(-0.600034589041,0.176988857674,0.));
#8882=CARTESIAN_POINT('Ctrl Pts',(-0.585036091815,0.18677974275,0.));
#8883=CARTESIAN_POINT('Ctrl Pts',(-0.568891002051,0.195000562926,0.));
#8884=CARTESIAN_POINT('Ctrl Pts',(-0.55172578611,0.201756025943,0.));
#8885=CARTESIAN_POINT('Ctrl Pts',(-0.53348234972,0.207027302727,0.));
#8886=CARTESIAN_POINT('Ctrl Pts',(-0.51421666267,0.210686103195,0.));
#8887=CARTESIAN_POINT('Ctrl Pts',(-0.493886492253,0.212913238084,0.));
#8888=CARTESIAN_POINT('Ctrl Pts',(-0.4799934045,0.213199108914,0.));
#8889=CARTESIAN_POINT('Ctrl Pts',(-0.472873766397,0.213345605998,0.));
#8890=CARTESIAN_POINT('',(-0.667424071275,0.023082648681,0.001));
#8891=CARTESIAN_POINT('Ctrl Pts',(-0.47011080908,-0.17689829644,0.001));
#8892=CARTESIAN_POINT('Ctrl Pts',(-0.47011080908,-0.17689829644,-0.0002));
#8893=CARTESIAN_POINT('Ctrl Pts',(-0.477644593466,-0.176735441981,0.001));
#8894=CARTESIAN_POINT('Ctrl Pts',(-0.477644593466,-0.176735441981,-0.0002));
#8895=CARTESIAN_POINT('Ctrl Pts',(-0.492341559138,-0.176417744227,0.001));
#8896=CARTESIAN_POINT('Ctrl Pts',(-0.492341559138,-0.176417744227,-0.0002));
#8897=CARTESIAN_POINT('Ctrl Pts',(-0.51375983741,-0.17389484342,0.001));
#8898=CARTESIAN_POINT('Ctrl Pts',(-0.51375983741,-0.17389484342,-0.0002));
#8899=CARTESIAN_POINT('Ctrl Pts',(-0.533918269981,-0.169843546162,0.001));
#8900=CARTESIAN_POINT('Ctrl Pts',(-0.533918269981,-0.169843546162,-0.0002));
#8901=CARTESIAN_POINT('Ctrl Pts',(-0.552819526297,-0.164168298749,0.001));
#8902=CARTESIAN_POINT('Ctrl Pts',(-0.552819526297,-0.164168298749,-0.0002));
#8903=CARTESIAN_POINT('Ctrl Pts',(-0.570381719787,-0.156645488394,0.001));
#8904=CARTESIAN_POINT('Ctrl Pts',(-0.570381719787,-0.156645488394,-0.0002));
#8905=CARTESIAN_POINT('Ctrl Pts',(-0.586746526251,-0.147617689156,0.001));
#8906=CARTESIAN_POINT('Ctrl Pts',(-0.586746526251,-0.147617689156,-0.0002));
#8907=CARTESIAN_POINT('Ctrl Pts',(-0.60180154221,-0.13687477955,0.001));
#8908=CARTESIAN_POINT('Ctrl Pts',(-0.60180154221,-0.13687477955,-0.0002));
#8909=CARTESIAN_POINT('Ctrl Pts',(-0.615485739637,-0.124537249194,0.001));
#8910=CARTESIAN_POINT('Ctrl Pts',(-0.615485739637,-0.124537249194,-0.0002));
#8911=CARTESIAN_POINT('Ctrl Pts',(-0.627683111583,-0.110666533835,0.001));
#8912=CARTESIAN_POINT('Ctrl Pts',(-0.627683111583,-0.110666533835,-0.0002));
#8913=CARTESIAN_POINT('Ctrl Pts',(-0.638444294515,-0.095479612156,0.001));
#8914=CARTESIAN_POINT('Ctrl Pts',(-0.638444294515,-0.095479612156,-0.0002));
#8915=CARTESIAN_POINT('Ctrl Pts',(-0.647385049595,-0.07886996441,0.001));
#8916=CARTESIAN_POINT('Ctrl Pts',(-0.647385049595,-0.07886996441,-0.0002));
#8917=CARTESIAN_POINT('Ctrl Pts',(-0.654788794702,-0.061002319738,0.001));
#8918=CARTESIAN_POINT('Ctrl Pts',(-0.654788794702,-0.061002319738,-0.0002));
#8919=CARTESIAN_POINT('Ctrl Pts',(-0.660446304116,-0.041797939686,0.001));
#8920=CARTESIAN_POINT('Ctrl Pts',(-0.660446304116,-0.041797939686,-0.0002));
#8921=CARTESIAN_POINT('Ctrl Pts',(-0.664547442795,-0.021333758076,0.001));
#8922=CARTESIAN_POINT('Ctrl Pts',(-0.664547442795,-0.021333758076,-0.0002));
#8923=CARTESIAN_POINT('Ctrl Pts',(-0.666916226823,0.000446961238,0.001));
#8924=CARTESIAN_POINT('Ctrl Pts',(-0.666916226823,0.000446961238,-0.0002));
#8925=CARTESIAN_POINT('Ctrl Pts',(-0.667251513265,0.015391377929,0.001));
#8926=CARTESIAN_POINT('Ctrl Pts',(-0.667251513265,0.015391377929,-0.0002));
#8927=CARTESIAN_POINT('Ctrl Pts',(-0.667424071275,0.023082648681,0.001));
#8928=CARTESIAN_POINT('Ctrl Pts',(-0.667424071275,0.023082648681,-0.0002));
#8929=CARTESIAN_POINT('',(-0.47011080908,-0.17689829644,0.));
#8930=CARTESIAN_POINT('Ctrl Pts',(-0.47011080908,-0.17689829644,0.));
#8931=CARTESIAN_POINT('Ctrl Pts',(-0.477644593466,-0.176735441981,0.));
#8932=CARTESIAN_POINT('Ctrl Pts',(-0.492341559138,-0.176417744227,0.));
#8933=CARTESIAN_POINT('Ctrl Pts',(-0.51375983741,-0.17389484342,0.));
#8934=CARTESIAN_POINT('Ctrl Pts',(-0.533918269981,-0.169843546162,0.));
#8935=CARTESIAN_POINT('Ctrl Pts',(-0.552819526297,-0.164168298749,0.));
#8936=CARTESIAN_POINT('Ctrl Pts',(-0.570381719787,-0.156645488394,0.));
#8937=CARTESIAN_POINT('Ctrl Pts',(-0.586746526251,-0.147617689156,0.));
#8938=CARTESIAN_POINT('Ctrl Pts',(-0.60180154221,-0.13687477955,0.));
#8939=CARTESIAN_POINT('Ctrl Pts',(-0.615485739637,-0.124537249194,0.));
#8940=CARTESIAN_POINT('Ctrl Pts',(-0.627683111583,-0.110666533835,0.));
#8941=CARTESIAN_POINT('Ctrl Pts',(-0.638444294515,-0.095479612156,0.));
#8942=CARTESIAN_POINT('Ctrl Pts',(-0.647385049595,-0.07886996441,0.));
#8943=CARTESIAN_POINT('Ctrl Pts',(-0.654788794702,-0.061002319738,0.));
#8944=CARTESIAN_POINT('Ctrl Pts',(-0.660446304116,-0.041797939686,0.));
#8945=CARTESIAN_POINT('Ctrl Pts',(-0.664547442795,-0.021333758076,0.));
#8946=CARTESIAN_POINT('Ctrl Pts',(-0.666916226823,0.000446961238,0.));
#8947=CARTESIAN_POINT('Ctrl Pts',(-0.667251513265,0.015391377929,0.));
#8948=CARTESIAN_POINT('Ctrl Pts',(-0.667424071275,0.023082648681,0.));
#8949=CARTESIAN_POINT('',(-0.47011080908,-0.17689829644,0.001));
#8950=CARTESIAN_POINT('Origin',(-0.399131388348,-0.17689829644,0.001));
#8951=CARTESIAN_POINT('',(-0.399131388348,-0.17689829644,0.));
#8952=CARTESIAN_POINT('',(-0.399131388348,-0.17689829644,0.));
#8953=CARTESIAN_POINT('',(-0.399131388348,-0.17689829644,0.001));
#8954=CARTESIAN_POINT('Origin',(-0.399131388348,0.213345605998,0.001));
#8955=CARTESIAN_POINT('',(-0.399131388348,0.213345605998,0.));
#8956=CARTESIAN_POINT('Origin',(-0.234497242007,-0.17689829644,0.001));
#8957=CARTESIAN_POINT('',(-0.234497242007,-0.17689829644,0.001));
#8958=CARTESIAN_POINT('',(-0.234497242007,-0.17689829644,0.001));
#8959=CARTESIAN_POINT('',(-0.234497242007,-0.23177634522,0.001));
#8960=CARTESIAN_POINT('',(-0.234497242007,-0.17689829644,0.001));
#8961=CARTESIAN_POINT('',(-0.234497242007,-0.23177634522,0.001));
#8962=CARTESIAN_POINT('Origin',(-0.234497242007,-0.23177634522,0.001));
#8963=CARTESIAN_POINT('',(0.033795440919,-0.23177634522,0.001));
#8964=CARTESIAN_POINT('',(-0.234497242007,-0.23177634522,0.001));
#8965=CARTESIAN_POINT('',(0.033795440919,-0.23177634522,0.001));
#8966=CARTESIAN_POINT('Origin',(0.033795440919,-0.23177634522,0.001));
#8967=CARTESIAN_POINT('',(0.033795440919,0.268223654779,0.001));
#8968=CARTESIAN_POINT('',(0.033795440919,-0.23177634522,0.001));
#8969=CARTESIAN_POINT('',(0.033795440919,0.268223654779,0.001));
#8970=CARTESIAN_POINT('Origin',(0.033795440919,0.268223654779,0.001));
#8971=CARTESIAN_POINT('',(-0.222302120056,0.268223654779,0.001));
#8972=CARTESIAN_POINT('',(0.033795440919,0.268223654779,0.001));
#8973=CARTESIAN_POINT('',(-0.222302120056,0.268223654779,0.001));
#8974=CARTESIAN_POINT('Origin',(-0.222302120056,0.268223654779,0.001));
#8975=CARTESIAN_POINT('',(-0.222302120056,0.213345605998,0.001));
#8976=CARTESIAN_POINT('',(-0.222302120056,0.268223654779,0.001));
#8977=CARTESIAN_POINT('',(-0.222302120056,0.213345605998,0.001));
#8978=CARTESIAN_POINT('Origin',(-0.222302120056,0.213345605998,0.001));
#8979=CARTESIAN_POINT('',(-0.033277729812,0.213345605998,0.001));
#8980=CARTESIAN_POINT('',(-0.222302120056,0.213345605998,0.001));
#8981=CARTESIAN_POINT('',(-0.033277729812,0.213345605998,0.001));
#8982=CARTESIAN_POINT('Origin',(-0.033277729812,0.213345605998,0.001));
#8983=CARTESIAN_POINT('',(-0.033277729812,0.048711459657,0.001));
#8984=CARTESIAN_POINT('',(-0.033277729812,0.213345605998,0.001));
#8985=CARTESIAN_POINT('',(-0.033277729812,0.048711459657,0.001));
#8986=CARTESIAN_POINT('Origin',(-0.033277729812,0.048711459657,0.001));
#8987=CARTESIAN_POINT('',(-0.210106998105,0.048711459657,0.001));
#8988=CARTESIAN_POINT('',(-0.033277729812,0.048711459657,0.001));
#8989=CARTESIAN_POINT('',(-0.210106998105,0.048711459657,0.001));
#8990=CARTESIAN_POINT('Origin',(-0.210106998105,0.048711459657,0.001));
#8991=CARTESIAN_POINT('',(-0.210106998105,-0.006166589123,0.001));
#8992=CARTESIAN_POINT('',(-0.210106998105,0.048711459657,0.001));
#8993=CARTESIAN_POINT('',(-0.210106998105,-0.006166589123,0.001));
#8994=CARTESIAN_POINT('Origin',(-0.210106998105,-0.006166589123,0.001));
#8995=CARTESIAN_POINT('',(-0.033277729812,-0.006166589123,0.001));
#8996=CARTESIAN_POINT('',(-0.210106998105,-0.006166589123,0.001));
#8997=CARTESIAN_POINT('',(-0.033277729812,-0.006166589123,0.001));
#8998=CARTESIAN_POINT('Origin',(-0.033277729812,-0.006166589123,0.001));
#8999=CARTESIAN_POINT('',(-0.033277729812,-0.17689829644,0.001));
#9000=CARTESIAN_POINT('',(-0.033277729812,-0.006166589123,0.001));
#9001=CARTESIAN_POINT('',(-0.033277729812,-0.17689829644,0.001));
#9002=CARTESIAN_POINT('Origin',(-0.033277729812,-0.17689829644,0.001));
#9003=CARTESIAN_POINT('',(-0.033277729812,-0.17689829644,0.001));
#9004=CARTESIAN_POINT('Origin',(0.,0.,0.001));
#9005=CARTESIAN_POINT('Origin',(0.131356416529,-0.150983662293,0.001));
#9006=CARTESIAN_POINT('',(0.131356416529,-0.150983662293,0.001));
#9007=CARTESIAN_POINT('',(0.131356416529,-0.150983662293,0.001));
#9008=CARTESIAN_POINT('',(0.131356416529,-0.205861711074,0.001));
#9009=CARTESIAN_POINT('',(0.131356416529,-0.150983662293,0.001));
#9010=CARTESIAN_POINT('',(0.131356416529,-0.205861711074,0.001));
#9011=CARTESIAN_POINT('Ctrl Pts',(0.131356416529,-0.205861711074,0.001));
#9012=CARTESIAN_POINT('Ctrl Pts',(0.131356416529,-0.205861711074,-0.0002));
#9013=CARTESIAN_POINT('Ctrl Pts',(0.136048111916,-0.208451335909,0.001));
#9014=CARTESIAN_POINT('Ctrl Pts',(0.136048111916,-0.208451335909,-0.0002));
#9015=CARTESIAN_POINT('Ctrl Pts',(0.145499548702,-0.213668144207,0.001));
#9016=CARTESIAN_POINT('Ctrl Pts',(0.145499548702,-0.213668144207,-0.0002));
#9017=CARTESIAN_POINT('Ctrl Pts',(0.160614380945,-0.220105189263,0.001));
#9018=CARTESIAN_POINT('Ctrl Pts',(0.160614380945,-0.220105189263,-0.0002));
#9019=CARTESIAN_POINT('Ctrl Pts',(0.176518847406,-0.225657443568,0.001));
#9020=CARTESIAN_POINT('Ctrl Pts',(0.176518847406,-0.225657443568,-0.0002));
#9021=CARTESIAN_POINT('Ctrl Pts',(0.193352153646,-0.230084868348,0.001));
#9022=CARTESIAN_POINT('Ctrl Pts',(0.193352153646,-0.230084868348,-0.0002));
#9023=CARTESIAN_POINT('Ctrl Pts',(0.211002396802,-0.233643076223,0.001));
#9024=CARTESIAN_POINT('Ctrl Pts',(0.211002396802,-0.233643076223,-0.0002));
#9025=CARTESIAN_POINT('Ctrl Pts',(0.22956310142,-0.236053177916,0.001));
#9026=CARTESIAN_POINT('Ctrl Pts',(0.22956310142,-0.236053177916,-0.0002));
#9027=CARTESIAN_POINT('Ctrl Pts',(0.248960735885,-0.237639669422,0.001));
#9028=CARTESIAN_POINT('Ctrl Pts',(0.248960735885,-0.237639669422,-0.0002));
#9029=CARTESIAN_POINT('Ctrl Pts',(0.262196639224,-0.237794904291,0.001));
#9030=CARTESIAN_POINT('Ctrl Pts',(0.262196639224,-0.237794904291,-0.0002));
#9031=CARTESIAN_POINT('Ctrl Pts',(0.268932636041,-0.237873906196,0.001));
#9032=CARTESIAN_POINT('Ctrl Pts',(0.268932636041,-0.237873906196,-0.0002));
#9033=CARTESIAN_POINT('',(0.268932636041,-0.237873906196,0.001));
#9034=CARTESIAN_POINT('Ctrl Pts',(0.131356416529,-0.205861711074,0.001));
#9035=CARTESIAN_POINT('Ctrl Pts',(0.136048111916,-0.208451335909,0.001));
#9036=CARTESIAN_POINT('Ctrl Pts',(0.145499548702,-0.213668144207,0.001));
#9037=CARTESIAN_POINT('Ctrl Pts',(0.160614380945,-0.220105189263,0.001));
#9038=CARTESIAN_POINT('Ctrl Pts',(0.176518847406,-0.225657443568,0.001));
#9039=CARTESIAN_POINT('Ctrl Pts',(0.193352153646,-0.230084868348,0.001));
#9040=CARTESIAN_POINT('Ctrl Pts',(0.211002396802,-0.233643076223,0.001));
#9041=CARTESIAN_POINT('Ctrl Pts',(0.22956310142,-0.236053177916,0.001));
#9042=CARTESIAN_POINT('Ctrl Pts',(0.248960735885,-0.237639669422,0.001));
#9043=CARTESIAN_POINT('Ctrl Pts',(0.262196639224,-0.237794904291,0.001));
#9044=CARTESIAN_POINT('Ctrl Pts',(0.268932636041,-0.237873906196,0.001));
#9045=CARTESIAN_POINT('',(0.268932636041,-0.237873906196,0.001));
#9046=CARTESIAN_POINT('Ctrl Pts',(0.268932636041,-0.237873906196,0.001));
#9047=CARTESIAN_POINT('Ctrl Pts',(0.268932636041,-0.237873906196,-0.0002));
#9048=CARTESIAN_POINT('Ctrl Pts',(0.277612166817,-0.237680327653,0.001));
#9049=CARTESIAN_POINT('Ctrl Pts',(0.277612166817,-0.237680327653,-0.0002));
#9050=CARTESIAN_POINT('Ctrl Pts',(0.294585964149,-0.237301763071,0.001));
#9051=CARTESIAN_POINT('Ctrl Pts',(0.294585964149,-0.237301763071,-0.0002));
#9052=CARTESIAN_POINT('Ctrl Pts',(0.319382195082,-0.234117486941,0.001));
#9053=CARTESIAN_POINT('Ctrl Pts',(0.319382195082,-0.234117486941,-0.0002));
#9054=CARTESIAN_POINT('Ctrl Pts',(0.342840333472,-0.228801229493,0.001));
#9055=CARTESIAN_POINT('Ctrl Pts',(0.342840333472,-0.228801229493,-0.0002));
#9056=CARTESIAN_POINT('Ctrl Pts',(0.36495223159,-0.221331692337,0.001));
#9057=CARTESIAN_POINT('Ctrl Pts',(0.36495223159,-0.221331692337,-0.0002));
#9058=CARTESIAN_POINT('Ctrl Pts',(0.38579524722,-0.211893153487,0.001));
#9059=CARTESIAN_POINT('Ctrl Pts',(0.38579524722,-0.211893153487,-0.0002));
#9060=CARTESIAN_POINT('Ctrl Pts',(0.405261411461,-0.20022618829,0.001));
#9061=CARTESIAN_POINT('Ctrl Pts',(0.405261411461,-0.20022618829,-0.0002));
#9062=CARTESIAN_POINT('Ctrl Pts',(0.423221905796,-0.1862389156,0.001));
#9063=CARTESIAN_POINT('Ctrl Pts',(0.423221905796,-0.1862389156,-0.0002));
#9064=CARTESIAN_POINT('Ctrl Pts',(0.439914394792,-0.170495170083,0.001));
#9065=CARTESIAN_POINT('Ctrl Pts',(0.439914394792,-0.170495170083,-0.0002));
#9066=CARTESIAN_POINT('Ctrl Pts',(0.45480857061,-0.152880116553,0.001));
#9067=CARTESIAN_POINT('Ctrl Pts',(0.45480857061,-0.152880116553,-0.0002));
#9068=CARTESIAN_POINT('Ctrl Pts',(0.467845610771,-0.133826774144,0.001));
#9069=CARTESIAN_POINT('Ctrl Pts',(0.467845610771,-0.133826774144,-0.0002));
#9070=CARTESIAN_POINT('Ctrl Pts',(0.47887488506,-0.11339440533,0.001));
#9071=CARTESIAN_POINT('Ctrl Pts',(0.47887488506,-0.11339440533,-0.0002));
#9072=CARTESIAN_POINT('Ctrl Pts',(0.48782439581,-0.091571792987,0.001));
#9073=CARTESIAN_POINT('Ctrl Pts',(0.48782439581,-0.091571792987,-0.0002));
#9074=CARTESIAN_POINT('Ctrl Pts',(0.494798712519,-0.06840323519,0.001));
#9075=CARTESIAN_POINT('Ctrl Pts',(0.494798712519,-0.06840323519,-0.0002));
#9076=CARTESIAN_POINT('Ctrl Pts',(0.499675980932,-0.043867876974,0.001));
#9077=CARTESIAN_POINT('Ctrl Pts',(0.499675980932,-0.043867876974,-0.0002));
#9078=CARTESIAN_POINT('Ctrl Pts',(0.502845549582,-0.018000141031,0.001));
#9079=CARTESIAN_POINT('Ctrl Pts',(0.502845549582,-0.018000141031,-0.0002));
#9080=CARTESIAN_POINT('Ctrl Pts',(0.503151361795,-0.000269242703,0.001));
#9081=CARTESIAN_POINT('Ctrl Pts',(0.503151361795,-0.000269242703,-0.0002));
#9082=CARTESIAN_POINT('Ctrl Pts',(0.503307636041,0.008791490145,0.001));
#9083=CARTESIAN_POINT('Ctrl Pts',(0.503307636041,0.008791490145,-0.0002));
#9084=CARTESIAN_POINT('',(0.503307636041,0.008791490145,0.001));
#9085=CARTESIAN_POINT('Ctrl Pts',(0.268932636041,-0.237873906196,0.001));
#9086=CARTESIAN_POINT('Ctrl Pts',(0.277612166817,-0.237680327653,0.001));
#9087=CARTESIAN_POINT('Ctrl Pts',(0.294585964149,-0.237301763071,0.001));
#9088=CARTESIAN_POINT('Ctrl Pts',(0.319382195082,-0.234117486941,0.001));
#9089=CARTESIAN_POINT('Ctrl Pts',(0.342840333472,-0.228801229493,0.001));
#9090=CARTESIAN_POINT('Ctrl Pts',(0.36495223159,-0.221331692337,0.001));
#9091=CARTESIAN_POINT('Ctrl Pts',(0.38579524722,-0.211893153487,0.001));
#9092=CARTESIAN_POINT('Ctrl Pts',(0.405261411461,-0.20022618829,0.001));
#9093=CARTESIAN_POINT('Ctrl Pts',(0.423221905796,-0.1862389156,0.001));
#9094=CARTESIAN_POINT('Ctrl Pts',(0.439914394792,-0.170495170083,0.001));
#9095=CARTESIAN_POINT('Ctrl Pts',(0.45480857061,-0.152880116553,0.001));
#9096=CARTESIAN_POINT('Ctrl Pts',(0.467845610771,-0.133826774144,0.001));
#9097=CARTESIAN_POINT('Ctrl Pts',(0.47887488506,-0.11339440533,0.001));
#9098=CARTESIAN_POINT('Ctrl Pts',(0.48782439581,-0.091571792987,0.001));
#9099=CARTESIAN_POINT('Ctrl Pts',(0.494798712519,-0.06840323519,0.001));
#9100=CARTESIAN_POINT('Ctrl Pts',(0.499675980932,-0.043867876974,0.001));
#9101=CARTESIAN_POINT('Ctrl Pts',(0.502845549582,-0.018000141031,0.001));
#9102=CARTESIAN_POINT('Ctrl Pts',(0.503151361795,-0.000269242703,0.001));
#9103=CARTESIAN_POINT('Ctrl Pts',(0.503307636041,0.008791490145,0.001));
#9104=CARTESIAN_POINT('',(0.503307636041,0.008791490145,0.001));
#9105=CARTESIAN_POINT('Ctrl Pts',(0.503307636041,0.008791490145,0.001));
#9106=CARTESIAN_POINT('Ctrl Pts',(0.503307636041,0.008791490145,-0.0002));
#9107=CARTESIAN_POINT('Ctrl Pts',(0.503089874313,0.018519245699,0.001));
#9108=CARTESIAN_POINT('Ctrl Pts',(0.503089874313,0.018519245699,-0.0002));
#9109=CARTESIAN_POINT('Ctrl Pts',(0.502663693163,0.037557421484,0.001));
#9110=CARTESIAN_POINT('Ctrl Pts',(0.502663693163,0.037557421484,-0.0002));
#9111=CARTESIAN_POINT('Ctrl Pts',(0.49927613532,0.065395900672,0.001));
#9112=CARTESIAN_POINT('Ctrl Pts',(0.49927613532,0.065395900672,-0.0002));
#9113=CARTESIAN_POINT('Ctrl Pts',(0.493717706119,0.0917928984,0.001));
#9114=CARTESIAN_POINT('Ctrl Pts',(0.493717706119,0.0917928984,-0.0002));
#9115=CARTESIAN_POINT('Ctrl Pts',(0.485762863949,0.11670834474,0.001));
#9116=CARTESIAN_POINT('Ctrl Pts',(0.485762863949,0.11670834474,-0.0002));
#9117=CARTESIAN_POINT('Ctrl Pts',(0.47563301884,0.140175914532,0.001));
#9118=CARTESIAN_POINT('Ctrl Pts',(0.47563301884,0.140175914532,-0.0002));
#9119=CARTESIAN_POINT('Ctrl Pts',(0.463319561433,0.162226833479,0.001));
#9120=CARTESIAN_POINT('Ctrl Pts',(0.463319561433,0.162226833479,-0.0002));
#9121=CARTESIAN_POINT('Ctrl Pts',(0.448622410846,0.182747488372,0.001));
#9122=CARTESIAN_POINT('Ctrl Pts',(0.448622410846,0.182747488372,-0.0002));
#9123=CARTESIAN_POINT('Ctrl Pts',(0.4317756236,0.201598401382,0.001));
#9124=CARTESIAN_POINT('Ctrl Pts',(0.4317756236,0.201598401382,-0.0002));
#9125=CARTESIAN_POINT('Ctrl Pts',(0.413336646239,0.218685154633,0.001));
#9126=CARTESIAN_POINT('Ctrl Pts',(0.413336646239,0.218685154633,-0.0002));
#9127=CARTESIAN_POINT('Ctrl Pts',(0.393441067651,0.233595366037,0.001));
#9128=CARTESIAN_POINT('Ctrl Pts',(0.393441067651,0.233595366037,-0.0002));
#9129=CARTESIAN_POINT('Ctrl Pts',(0.372328877697,0.246195740482,0.001));
#9130=CARTESIAN_POINT('Ctrl Pts',(0.372328877697,0.246195740482,-0.0002));
#9131=CARTESIAN_POINT('Ctrl Pts',(0.350029959647,0.256569368687,0.001));
#9132=CARTESIAN_POINT('Ctrl Pts',(0.350029959647,0.256569368687,-0.0002));
#9133=CARTESIAN_POINT('Ctrl Pts',(0.32646233898,0.264488000119,0.001));
#9134=CARTESIAN_POINT('Ctrl Pts',(0.32646233898,0.264488000119,-0.0002));
#9135=CARTESIAN_POINT('Ctrl Pts',(0.301736282089,0.270174950863,0.001));
#9136=CARTESIAN_POINT('Ctrl Pts',(0.301736282089,0.270174950863,-0.0002));
#9137=CARTESIAN_POINT('Ctrl Pts',(0.275766633027,0.273698915058,0.001));
#9138=CARTESIAN_POINT('Ctrl Pts',(0.275766633027,0.273698915058,-0.0002));
#9139=CARTESIAN_POINT('Ctrl Pts',(0.258050876965,0.274111103248,0.001));
#9140=CARTESIAN_POINT('Ctrl Pts',(0.258050876965,0.274111103248,-0.0002));
#9141=CARTESIAN_POINT('Ctrl Pts',(0.24902028848,0.274321215754,0.001));
#9142=CARTESIAN_POINT('Ctrl Pts',(0.24902028848,0.274321215754,-0.0002));
#9143=CARTESIAN_POINT('',(0.24902028848,0.274321215754,0.001));
#9144=CARTESIAN_POINT('Ctrl Pts',(0.503307636041,0.008791490145,0.001));
#9145=CARTESIAN_POINT('Ctrl Pts',(0.503089874313,0.018519245699,0.001));
#9146=CARTESIAN_POINT('Ctrl Pts',(0.502663693163,0.037557421484,0.001));
#9147=CARTESIAN_POINT('Ctrl Pts',(0.49927613532,0.065395900672,0.001));
#9148=CARTESIAN_POINT('Ctrl Pts',(0.493717706119,0.0917928984,0.001));
#9149=CARTESIAN_POINT('Ctrl Pts',(0.485762863949,0.11670834474,0.001));
#9150=CARTESIAN_POINT('Ctrl Pts',(0.47563301884,0.140175914532,0.001));
#9151=CARTESIAN_POINT('Ctrl Pts',(0.463319561433,0.162226833479,0.001));
#9152=CARTESIAN_POINT('Ctrl Pts',(0.448622410846,0.182747488372,0.001));
#9153=CARTESIAN_POINT('Ctrl Pts',(0.4317756236,0.201598401382,0.001));
#9154=CARTESIAN_POINT('Ctrl Pts',(0.413336646239,0.218685154633,0.001));
#9155=CARTESIAN_POINT('Ctrl Pts',(0.393441067651,0.233595366037,0.001));
#9156=CARTESIAN_POINT('Ctrl Pts',(0.372328877697,0.246195740482,0.001));
#9157=CARTESIAN_POINT('Ctrl Pts',(0.350029959647,0.256569368687,0.001));
#9158=CARTESIAN_POINT('Ctrl Pts',(0.32646233898,0.264488000119,0.001));
#9159=CARTESIAN_POINT('Ctrl Pts',(0.301736282089,0.270174950863,0.001));
#9160=CARTESIAN_POINT('Ctrl Pts',(0.275766633027,0.273698915058,0.001));
#9161=CARTESIAN_POINT('Ctrl Pts',(0.258050876965,0.274111103248,0.001));
#9162=CARTESIAN_POINT('Ctrl Pts',(0.24902028848,0.274321215754,0.001));
#9163=CARTESIAN_POINT('',(0.24902028848,0.274321215754,0.001));
#9164=CARTESIAN_POINT('Ctrl Pts',(0.24902028848,0.274321215754,0.001));
#9165=CARTESIAN_POINT('Ctrl Pts',(0.24902028848,0.274321215754,-0.0002));
#9166=CARTESIAN_POINT('Ctrl Pts',(0.243206858168,0.274279543537,0.001));
#9167=CARTESIAN_POINT('Ctrl Pts',(0.243206858168,0.274279543537,-0.0002));
#9168=CARTESIAN_POINT('Ctrl Pts',(0.231857526744,0.274198188504,0.001));
#9169=CARTESIAN_POINT('Ctrl Pts',(0.231857526744,0.274198188504,-0.0002));
#9170=CARTESIAN_POINT('Ctrl Pts',(0.21520790426,0.273177988871,0.001));
#9171=CARTESIAN_POINT('Ctrl Pts',(0.21520790426,0.273177988871,-0.0002));
#9172=CARTESIAN_POINT('Ctrl Pts',(0.199334265696,0.271736134512,0.001));
#9173=CARTESIAN_POINT('Ctrl Pts',(0.199334265696,0.271736134512,-0.0002));
#9174=CARTESIAN_POINT('Ctrl Pts',(0.184213640025,0.269487823644,0.001));
#9175=CARTESIAN_POINT('Ctrl Pts',(0.184213640025,0.269487823644,-0.0002));
#9176=CARTESIAN_POINT('Ctrl Pts',(0.169846805285,0.266811443948,0.001));
#9177=CARTESIAN_POINT('Ctrl Pts',(0.169846805285,0.266811443948,-0.0002));
#9178=CARTESIAN_POINT('Ctrl Pts',(0.156287581804,0.263322654686,0.001));
#9179=CARTESIAN_POINT('Ctrl Pts',(0.156287581804,0.263322654686,-0.0002));
#9180=CARTESIAN_POINT('Ctrl Pts',(0.143450733637,0.259413492543,0.001));
#9181=CARTESIAN_POINT('Ctrl Pts',(0.143450733637,0.259413492543,-0.0002));
#9182=CARTESIAN_POINT('Ctrl Pts',(0.135336478284,0.256119737399,0.001));
#9183=CARTESIAN_POINT('Ctrl Pts',(0.135336478284,0.256119737399,-0.0002));
#9184=CARTESIAN_POINT('Ctrl Pts',(0.131356416529,0.254504142584,0.001));
#9185=CARTESIAN_POINT('Ctrl Pts',(0.131356416529,0.254504142584,-0.0002));
#9186=CARTESIAN_POINT('',(0.131356416529,0.254504142584,0.001));
#9187=CARTESIAN_POINT('Ctrl Pts',(0.24902028848,0.274321215754,0.001));
#9188=CARTESIAN_POINT('Ctrl Pts',(0.243206858168,0.274279543537,0.001));
#9189=CARTESIAN_POINT('Ctrl Pts',(0.231857526744,0.274198188504,0.001));
#9190=CARTESIAN_POINT('Ctrl Pts',(0.21520790426,0.273177988871,0.001));
#9191=CARTESIAN_POINT('Ctrl Pts',(0.199334265696,0.271736134512,0.001));
#9192=CARTESIAN_POINT('Ctrl Pts',(0.184213640025,0.269487823644,0.001));
#9193=CARTESIAN_POINT('Ctrl Pts',(0.169846805285,0.266811443948,0.001));
#9194=CARTESIAN_POINT('Ctrl Pts',(0.156287581804,0.263322654686,0.001));
#9195=CARTESIAN_POINT('Ctrl Pts',(0.143450733637,0.259413492543,0.001));
#9196=CARTESIAN_POINT('Ctrl Pts',(0.135336478284,0.256119737399,0.001));
#9197=CARTESIAN_POINT('Ctrl Pts',(0.131356416529,0.254504142584,0.001));
#9198=CARTESIAN_POINT('',(0.131356416529,0.254504142584,0.001));
#9199=CARTESIAN_POINT('Origin',(0.131356416529,0.254504142584,0.001));
#9200=CARTESIAN_POINT('',(0.131356416529,0.187430971852,0.001));
#9201=CARTESIAN_POINT('',(0.131356416529,0.254504142584,0.001));
#9202=CARTESIAN_POINT('',(0.131356416529,0.187430971852,0.001));
#9203=CARTESIAN_POINT('Ctrl Pts',(0.131356416529,0.187430971852,0.001));
#9204=CARTESIAN_POINT('Ctrl Pts',(0.131356416529,0.187430971852,-0.0002));
#9205=CARTESIAN_POINT('Ctrl Pts',(0.135796609342,0.190011058348,0.001));
#9206=CARTESIAN_POINT('Ctrl Pts',(0.135796609342,0.190011058348,-0.0002));
#9207=CARTESIAN_POINT('Ctrl Pts',(0.144636611279,0.195147765372,0.001));
#9208=CARTESIAN_POINT('Ctrl Pts',(0.144636611279,0.195147765372,-0.0002));
#9209=CARTESIAN_POINT('Ctrl Pts',(0.158540327086,0.201569660085,0.001));
#9210=CARTESIAN_POINT('Ctrl Pts',(0.158540327086,0.201569660085,-0.0002));
#9211=CARTESIAN_POINT('Ctrl Pts',(0.172711948661,0.207139729172,0.001));
#9212=CARTESIAN_POINT('Ctrl Pts',(0.172711948661,0.207139729172,-0.0002));
#9213=CARTESIAN_POINT('Ctrl Pts',(0.187250684439,0.211586229587,0.001));
#9214=CARTESIAN_POINT('Ctrl Pts',(0.187250684439,0.211586229587,-0.0002));
#9215=CARTESIAN_POINT('Ctrl Pts',(0.202065031936,0.215176812798,0.001));
#9216=CARTESIAN_POINT('Ctrl Pts',(0.202065031936,0.215176812798,-0.0002));
#9217=CARTESIAN_POINT('Ctrl Pts',(0.217232674606,0.217585118154,0.001));
#9218=CARTESIAN_POINT('Ctrl Pts',(0.217232674606,0.217585118154,-0.0002));
#9219=CARTESIAN_POINT('Ctrl Pts',(0.23272487514,0.219205434949,0.001));
#9220=CARTESIAN_POINT('Ctrl Pts',(0.23272487514,0.219205434949,-0.0002));
#9221=CARTESIAN_POINT('Ctrl Pts',(0.243172577284,0.219363396676,0.001));
#9222=CARTESIAN_POINT('Ctrl Pts',(0.243172577284,0.219363396676,-0.0002));
#9223=CARTESIAN_POINT('Ctrl Pts',(0.248448642138,0.219443166974,0.001));
#9224=CARTESIAN_POINT('Ctrl Pts',(0.248448642138,0.219443166974,-0.0002));
#9225=CARTESIAN_POINT('',(0.248448642138,0.219443166974,0.001));
#9226=CARTESIAN_POINT('Ctrl Pts',(0.131356416529,0.187430971852,0.001));
#9227=CARTESIAN_POINT('Ctrl Pts',(0.135796609342,0.190011058348,0.001));
#9228=CARTESIAN_POINT('Ctrl Pts',(0.144636611279,0.195147765372,0.001));
#9229=CARTESIAN_POINT('Ctrl Pts',(0.158540327086,0.201569660085,0.001));
#9230=CARTESIAN_POINT('Ctrl Pts',(0.172711948661,0.207139729172,0.001));
#9231=CARTESIAN_POINT('Ctrl Pts',(0.187250684439,0.211586229587,0.001));
#9232=CARTESIAN_POINT('Ctrl Pts',(0.202065031936,0.215176812798,0.001));
#9233=CARTESIAN_POINT('Ctrl Pts',(0.217232674606,0.217585118154,0.001));
#9234=CARTESIAN_POINT('Ctrl Pts',(0.23272487514,0.219205434949,0.001));
#9235=CARTESIAN_POINT('Ctrl Pts',(0.243172577284,0.219363396676,0.001));
#9236=CARTESIAN_POINT('Ctrl Pts',(0.248448642138,0.219443166974,0.001));
#9237=CARTESIAN_POINT('',(0.248448642138,0.219443166974,0.001));
#9238=CARTESIAN_POINT('Ctrl Pts',(0.248448642138,0.219443166974,0.001));
#9239=CARTESIAN_POINT('Ctrl Pts',(0.248448642138,0.219443166974,-0.0002));
#9240=CARTESIAN_POINT('Ctrl Pts',(0.255223323071,0.219297498931,0.001));
#9241=CARTESIAN_POINT('Ctrl Pts',(0.255223323071,0.219297498931,-0.0002));
#9242=CARTESIAN_POINT('Ctrl Pts',(0.268509943446,0.219011812268,0.001));
#9243=CARTESIAN_POINT('Ctrl Pts',(0.268509943446,0.219011812268,-0.0002));
#9244=CARTESIAN_POINT('Ctrl Pts',(0.287920682301,0.216206897425,0.001));
#9245=CARTESIAN_POINT('Ctrl Pts',(0.287920682301,0.216206897425,-0.0002));
#9246=CARTESIAN_POINT('Ctrl Pts',(0.306434378892,0.212010427809,0.001));
#9247=CARTESIAN_POINT('Ctrl Pts',(0.306434378892,0.212010427809,-0.0002));
#9248=CARTESIAN_POINT('Ctrl Pts',(0.323976794552,0.20586856917,0.001));
#9249=CARTESIAN_POINT('Ctrl Pts',(0.323976794552,0.20586856917,-0.0002));
#9250=CARTESIAN_POINT('Ctrl Pts',(0.340528009785,0.197941553997,0.001));
#9251=CARTESIAN_POINT('Ctrl Pts',(0.340528009785,0.197941553997,-0.0002));
#9252=CARTESIAN_POINT('Ctrl Pts',(0.356073671784,0.188199650341,0.001));
#9253=CARTESIAN_POINT('Ctrl Pts',(0.356073671784,0.188199650341,-0.0002));
#9254=CARTESIAN_POINT('Ctrl Pts',(0.370709252313,0.176851724154,0.001));
#9255=CARTESIAN_POINT('Ctrl Pts',(0.370709252313,0.176851724154,-0.0002));
#9256=CARTESIAN_POINT('Ctrl Pts',(0.384211490563,0.163756205527,0.001));
#9257=CARTESIAN_POINT('Ctrl Pts',(0.384211490563,0.163756205527,-0.0002));
#9258=CARTESIAN_POINT('Ctrl Pts',(0.396515785451,0.149274653638,0.001));
#9259=CARTESIAN_POINT('Ctrl Pts',(0.396515785451,0.149274653638,-0.0002));
#9260=CARTESIAN_POINT('Ctrl Pts',(0.407077200618,0.133311298303,0.001));
#9261=CARTESIAN_POINT('Ctrl Pts',(0.407077200618,0.133311298303,-0.0002));
#9262=CARTESIAN_POINT('Ctrl Pts',(0.416235550729,0.116298208259,0.001));
#9263=CARTESIAN_POINT('Ctrl Pts',(0.416235550729,0.116298208259,-0.0002));
#9264=CARTESIAN_POINT('Ctrl Pts',(0.423569539691,0.097936893143,0.001));
#9265=CARTESIAN_POINT('Ctrl Pts',(0.423569539691,0.097936893143,-0.0002));
#9266=CARTESIAN_POINT('Ctrl Pts',(0.429249289313,0.078368231208,0.001));
#9267=CARTESIAN_POINT('Ctrl Pts',(0.429249289313,0.078368231208,-0.0002));
#9268=CARTESIAN_POINT('Ctrl Pts',(0.433348871328,0.057618923875,0.001));
#9269=CARTESIAN_POINT('Ctrl Pts',(0.433348871328,0.057618923875,-0.0002));
#9270=CARTESIAN_POINT('Ctrl Pts',(0.435724112669,0.035650702166,0.001));
#9271=CARTESIAN_POINT('Ctrl Pts',(0.435724112669,0.035650702166,-0.0002));
#9272=CARTESIAN_POINT('Ctrl Pts',(0.436061308069,0.020611334396,0.001));
#9273=CARTESIAN_POINT('Ctrl Pts',(0.436061308069,0.020611334396,-0.0002));
#9274=CARTESIAN_POINT('Ctrl Pts',(0.436234465309,0.012888288925,0.001));
#9275=CARTESIAN_POINT('Ctrl Pts',(0.436234465309,0.012888288925,-0.0002));
#9276=CARTESIAN_POINT('',(0.436234465309,0.012888288925,0.001));
#9277=CARTESIAN_POINT('Ctrl Pts',(0.248448642138,0.219443166974,0.001));
#9278=CARTESIAN_POINT('Ctrl Pts',(0.255223323071,0.219297498931,0.001));
#9279=CARTESIAN_POINT('Ctrl Pts',(0.268509943446,0.219011812268,0.001));
#9280=CARTESIAN_POINT('Ctrl Pts',(0.287920682301,0.216206897425,0.001));
#9281=CARTESIAN_POINT('Ctrl Pts',(0.306434378892,0.212010427809,0.001));
#9282=CARTESIAN_POINT('Ctrl Pts',(0.323976794552,0.20586856917,0.001));
#9283=CARTESIAN_POINT('Ctrl Pts',(0.340528009785,0.197941553997,0.001));
#9284=CARTESIAN_POINT('Ctrl Pts',(0.356073671784,0.188199650341,0.001));
#9285=CARTESIAN_POINT('Ctrl Pts',(0.370709252313,0.176851724154,0.001));
#9286=CARTESIAN_POINT('Ctrl Pts',(0.384211490563,0.163756205527,0.001));
#9287=CARTESIAN_POINT('Ctrl Pts',(0.396515785451,0.149274653638,0.001));
#9288=CARTESIAN_POINT('Ctrl Pts',(0.407077200618,0.133311298303,0.001));
#9289=CARTESIAN_POINT('Ctrl Pts',(0.416235550729,0.116298208259,0.001));
#9290=CARTESIAN_POINT('Ctrl Pts',(0.423569539691,0.097936893143,0.001));
#9291=CARTESIAN_POINT('Ctrl Pts',(0.429249289313,0.078368231208,0.001));
#9292=CARTESIAN_POINT('Ctrl Pts',(0.433348871328,0.057618923875,0.001));
#9293=CARTESIAN_POINT('Ctrl Pts',(0.435724112669,0.035650702166,0.001));
#9294=CARTESIAN_POINT('Ctrl Pts',(0.436061308069,0.020611334396,0.001));
#9295=CARTESIAN_POINT('Ctrl Pts',(0.436234465309,0.012888288925,0.001));
#9296=CARTESIAN_POINT('',(0.436234465309,0.012888288925,0.001));
#9297=CARTESIAN_POINT('Ctrl Pts',(0.436234465309,0.012888288925,0.001));
#9298=CARTESIAN_POINT('Ctrl Pts',(0.436234465309,0.012888288925,-0.0002));
#9299=CARTESIAN_POINT('Ctrl Pts',(0.436095555384,0.005577686077,0.001));
#9300=CARTESIAN_POINT('Ctrl Pts',(0.436095555384,0.005577686077,-0.0002));
#9301=CARTESIAN_POINT('Ctrl Pts',(0.435824267577,-0.008699748819,0.001));
#9302=CARTESIAN_POINT('Ctrl Pts',(0.435824267577,-0.008699748819,-0.0002));
#9303=CARTESIAN_POINT('Ctrl Pts',(0.433493474266,-0.02953858778,0.001));
#9304=CARTESIAN_POINT('Ctrl Pts',(0.433493474266,-0.02953858778,-0.0002));
#9305=CARTESIAN_POINT('Ctrl Pts',(0.429717852144,-0.049241948702,0.001));
#9306=CARTESIAN_POINT('Ctrl Pts',(0.429717852144,-0.049241948702,-0.0002));
#9307=CARTESIAN_POINT('Ctrl Pts',(0.424411681295,-0.067792464292,0.001));
#9308=CARTESIAN_POINT('Ctrl Pts',(0.424411681295,-0.067792464292,-0.0002));
#9309=CARTESIAN_POINT('Ctrl Pts',(0.417492628701,-0.08517296733,0.001));
#9310=CARTESIAN_POINT('Ctrl Pts',(0.417492628701,-0.08517296733,-0.0002));
#9311=CARTESIAN_POINT('Ctrl Pts',(0.409134655658,-0.101429637757,0.001));
#9312=CARTESIAN_POINT('Ctrl Pts',(0.409134655658,-0.101429637757,-0.0002));
#9313=CARTESIAN_POINT('Ctrl Pts',(0.399141646781,-0.116489063575,0.001));
#9314=CARTESIAN_POINT('Ctrl Pts',(0.399141646781,-0.116489063575,-0.0002));
#9315=CARTESIAN_POINT('Ctrl Pts',(0.387734196883,-0.130280743198,0.001));
#9316=CARTESIAN_POINT('Ctrl Pts',(0.387734196883,-0.130280743198,-0.0002));
#9317=CARTESIAN_POINT('Ctrl Pts',(0.375068922705,-0.142648569253,0.001));
#9318=CARTESIAN_POINT('Ctrl Pts',(0.375068922705,-0.142648569253,-0.0002));
#9319=CARTESIAN_POINT('Ctrl Pts',(0.361411043736,-0.153510299414,0.001));
#9320=CARTESIAN_POINT('Ctrl Pts',(0.361411043736,-0.153510299414,-0.0002));
#9321=CARTESIAN_POINT('Ctrl Pts',(0.346730803667,-0.16257646283,0.001));
#9322=CARTESIAN_POINT('Ctrl Pts',(0.346730803667,-0.16257646283,-0.0002));
#9323=CARTESIAN_POINT('Ctrl Pts',(0.331165093329,-0.17009441327,0.001));
#9324=CARTESIAN_POINT('Ctrl Pts',(0.331165093329,-0.17009441327,-0.0002));
#9325=CARTESIAN_POINT('Ctrl Pts',(0.314643583803,-0.175906825867,0.001));
#9326=CARTESIAN_POINT('Ctrl Pts',(0.314643583803,-0.175906825867,-0.0002));
#9327=CARTESIAN_POINT('Ctrl Pts',(0.297135348647,-0.17998153094,0.001));
#9328=CARTESIAN_POINT('Ctrl Pts',(0.297135348647,-0.17998153094,-0.0002));
#9329=CARTESIAN_POINT('Ctrl Pts',(0.278724145604,-0.182505315594,0.001));
#9330=CARTESIAN_POINT('Ctrl Pts',(0.278724145604,-0.182505315594,-0.0002));
#9331=CARTESIAN_POINT('Ctrl Pts',(0.266114357693,-0.182830308373,0.001));
#9332=CARTESIAN_POINT('Ctrl Pts',(0.266114357693,-0.182830308373,-0.0002));
#9333=CARTESIAN_POINT('Ctrl Pts',(0.259691020187,-0.182995857415,0.001));
#9334=CARTESIAN_POINT('Ctrl Pts',(0.259691020187,-0.182995857415,-0.0002));
#9335=CARTESIAN_POINT('',(0.259691020187,-0.182995857415,0.001));
#9336=CARTESIAN_POINT('Ctrl Pts',(0.436234465309,0.012888288925,0.001));
#9337=CARTESIAN_POINT('Ctrl Pts',(0.436095555384,0.005577686077,0.001));
#9338=CARTESIAN_POINT('Ctrl Pts',(0.435824267577,-0.008699748819,0.001));
#9339=CARTESIAN_POINT('Ctrl Pts',(0.433493474266,-0.02953858778,0.001));
#9340=CARTESIAN_POINT('Ctrl Pts',(0.429717852144,-0.049241948702,0.001));
#9341=CARTESIAN_POINT('Ctrl Pts',(0.424411681295,-0.067792464292,0.001));
#9342=CARTESIAN_POINT('Ctrl Pts',(0.417492628701,-0.08517296733,0.001));
#9343=CARTESIAN_POINT('Ctrl Pts',(0.409134655658,-0.101429637757,0.001));
#9344=CARTESIAN_POINT('Ctrl Pts',(0.399141646781,-0.116489063575,0.001));
#9345=CARTESIAN_POINT('Ctrl Pts',(0.387734196883,-0.130280743198,0.001));
#9346=CARTESIAN_POINT('Ctrl Pts',(0.375068922705,-0.142648569253,0.001));
#9347=CARTESIAN_POINT('Ctrl Pts',(0.361411043736,-0.153510299414,0.001));
#9348=CARTESIAN_POINT('Ctrl Pts',(0.346730803667,-0.16257646283,0.001));
#9349=CARTESIAN_POINT('Ctrl Pts',(0.331165093329,-0.17009441327,0.001));
#9350=CARTESIAN_POINT('Ctrl Pts',(0.314643583803,-0.175906825867,0.001));
#9351=CARTESIAN_POINT('Ctrl Pts',(0.297135348647,-0.17998153094,0.001));
#9352=CARTESIAN_POINT('Ctrl Pts',(0.278724145604,-0.182505315594,0.001));
#9353=CARTESIAN_POINT('Ctrl Pts',(0.266114357693,-0.182830308373,0.001));
#9354=CARTESIAN_POINT('Ctrl Pts',(0.259691020187,-0.182995857415,0.001));
#9355=CARTESIAN_POINT('',(0.259691020187,-0.182995857415,0.001));
#9356=CARTESIAN_POINT('Ctrl Pts',(0.259691020187,-0.182995857415,0.001));
#9357=CARTESIAN_POINT('Ctrl Pts',(0.259691020187,-0.182995857415,-0.0002));
#9358=CARTESIAN_POINT('Ctrl Pts',(0.253653309904,-0.182916587142,0.001));
#9359=CARTESIAN_POINT('Ctrl Pts',(0.253653309904,-0.182916587142,-0.0002));
#9360=CARTESIAN_POINT('Ctrl Pts',(0.241748520657,-0.182760286846,0.001));
#9361=CARTESIAN_POINT('Ctrl Pts',(0.241748520657,-0.182760286846,-0.0002));
#9362=CARTESIAN_POINT('Ctrl Pts',(0.224192579737,-0.181156299372,0.001));
#9363=CARTESIAN_POINT('Ctrl Pts',(0.224192579737,-0.181156299372,-0.0002));
#9364=CARTESIAN_POINT('Ctrl Pts',(0.207187465346,-0.178742189714,0.001));
#9365=CARTESIAN_POINT('Ctrl Pts',(0.207187465346,-0.178742189714,-0.0002));
#9366=CARTESIAN_POINT('Ctrl Pts',(0.190807089919,-0.175188832353,0.001));
#9367=CARTESIAN_POINT('Ctrl Pts',(0.190807089919,-0.175188832353,-0.0002));
#9368=CARTESIAN_POINT('Ctrl Pts',(0.17499529293,-0.170740830928,0.001));
#9369=CARTESIAN_POINT('Ctrl Pts',(0.17499529293,-0.170740830928,-0.0002));
#9370=CARTESIAN_POINT('Ctrl Pts',(0.159841716438,-0.165153800374,0.001));
#9371=CARTESIAN_POINT('Ctrl Pts',(0.159841716438,-0.165153800374,-0.0002));
#9372=CARTESIAN_POINT('Ctrl Pts',(0.14518443721,-0.158772256181,0.001));
#9373=CARTESIAN_POINT('Ctrl Pts',(0.14518443721,-0.158772256181,-0.0002));
#9374=CARTESIAN_POINT('Ctrl Pts',(0.135952581593,-0.153572439382,0.001));
#9375=CARTESIAN_POINT('Ctrl Pts',(0.135952581593,-0.153572439382,-0.0002));
#9376=CARTESIAN_POINT('Ctrl Pts',(0.131356416529,-0.150983662293,0.001));
#9377=CARTESIAN_POINT('Ctrl Pts',(0.131356416529,-0.150983662293,-0.0002));
#9378=CARTESIAN_POINT('Ctrl Pts',(0.259691020187,-0.182995857415,0.001));
#9379=CARTESIAN_POINT('Ctrl Pts',(0.253653309904,-0.182916587142,0.001));
#9380=CARTESIAN_POINT('Ctrl Pts',(0.241748520657,-0.182760286846,0.001));
#9381=CARTESIAN_POINT('Ctrl Pts',(0.224192579737,-0.181156299372,0.001));
#9382=CARTESIAN_POINT('Ctrl Pts',(0.207187465346,-0.178742189714,0.001));
#9383=CARTESIAN_POINT('Ctrl Pts',(0.190807089919,-0.175188832353,0.001));
#9384=CARTESIAN_POINT('Ctrl Pts',(0.17499529293,-0.170740830928,0.001));
#9385=CARTESIAN_POINT('Ctrl Pts',(0.159841716438,-0.165153800374,0.001));
#9386=CARTESIAN_POINT('Ctrl Pts',(0.14518443721,-0.158772256181,0.001));
#9387=CARTESIAN_POINT('Ctrl Pts',(0.135952581593,-0.153572439382,0.001));
#9388=CARTESIAN_POINT('Ctrl Pts',(0.131356416529,-0.150983662293,0.001));
#9389=CARTESIAN_POINT('Origin',(0.197950438323,-0.230937572973,0.001));
#9390=CARTESIAN_POINT('Origin',(0.54599056287,-0.17689829644,0.001));
#9391=CARTESIAN_POINT('',(0.54599056287,-0.17689829644,0.001));
#9392=CARTESIAN_POINT('',(0.54599056287,-0.17689829644,0.001));
#9393=CARTESIAN_POINT('',(0.54599056287,-0.23177634522,0.001));
#9394=CARTESIAN_POINT('',(0.54599056287,-0.17689829644,0.001));
#9395=CARTESIAN_POINT('',(0.54599056287,-0.23177634522,0.001));
#9396=CARTESIAN_POINT('Origin',(0.54599056287,-0.23177634522,0.001));
#9397=CARTESIAN_POINT('',(0.802088123846,-0.23177634522,0.001));
#9398=CARTESIAN_POINT('',(0.54599056287,-0.23177634522,0.001));
#9399=CARTESIAN_POINT('',(0.802088123846,-0.23177634522,0.001));
#9400=CARTESIAN_POINT('Origin',(0.802088123846,-0.23177634522,0.001));
#9401=CARTESIAN_POINT('',(0.802088123846,0.268223654779,0.001));
#9402=CARTESIAN_POINT('',(0.802088123846,-0.23177634522,0.001));
#9403=CARTESIAN_POINT('',(0.802088123846,0.268223654779,0.001));
#9404=CARTESIAN_POINT('Origin',(0.802088123846,0.268223654779,0.001));
#9405=CARTESIAN_POINT('',(0.735014953114,0.268223654779,0.001));
#9406=CARTESIAN_POINT('',(0.802088123846,0.268223654779,0.001));
#9407=CARTESIAN_POINT('',(0.735014953114,0.268223654779,0.001));
#9408=CARTESIAN_POINT('Origin',(0.735014953114,0.268223654779,0.001));
#9409=CARTESIAN_POINT('',(0.735014953114,-0.17689829644,0.001));
#9410=CARTESIAN_POINT('',(0.735014953114,0.268223654779,0.001));
#9411=CARTESIAN_POINT('',(0.735014953114,-0.17689829644,0.001));
#9412=CARTESIAN_POINT('Origin',(0.735014953114,-0.17689829644,0.001));
#9413=CARTESIAN_POINT('',(0.735014953114,-0.17689829644,0.001));
#9414=CARTESIAN_POINT('Origin',(0.,0.,0.001));
#9415=CARTESIAN_POINT('Origin',(0.,0.,0.));
#9416=CARTESIAN_POINT('Origin',(0.,0.,0.));
#9417=CARTESIAN_POINT('',(0.,0.,0.));
#9418=CARTESIAN_POINT('',(-5.0800102E-5,2.5400051E-5,1.6100507995));
#9419=UNCERTAINTY_MEASURE_WITH_UNIT(LENGTH_MEASURE(0.01),#9427,
'DISTANCE_ACCURACY_VALUE',
'Maximum model space distance between geometric entities at asserted c
onnectivities');
#9420=UNCERTAINTY_MEASURE_WITH_UNIT(LENGTH_MEASURE(0.01),#9427,
'DISTANCE_ACCURACY_VALUE',
'Maximum model space distance between geometric entities at asserted c
onnectivities');
#9421=UNCERTAINTY_MEASURE_WITH_UNIT(LENGTH_MEASURE(0.01),#9427,
'DISTANCE_ACCURACY_VALUE',
'Maximum model space distance between geometric entities at asserted c
onnectivities');
#9422=UNCERTAINTY_MEASURE_WITH_UNIT(LENGTH_MEASURE(0.01),#9427,
'DISTANCE_ACCURACY_VALUE',
'Maximum model space distance between geometric entities at asserted c
onnectivities');
#9423=(
GEOMETRIC_REPRESENTATION_CONTEXT(3)
GLOBAL_UNCERTAINTY_ASSIGNED_CONTEXT((#9419))
GLOBAL_UNIT_ASSIGNED_CONTEXT((#9427,#9429,#9430))
REPRESENTATION_CONTEXT('','3D')
);
#9424=(
GEOMETRIC_REPRESENTATION_CONTEXT(3)
GLOBAL_UNCERTAINTY_ASSIGNED_CONTEXT((#9420))
GLOBAL_UNIT_ASSIGNED_CONTEXT((#9427,#9429,#9430))
REPRESENTATION_CONTEXT('','3D')
);
#9425=(
GEOMETRIC_REPRESENTATION_CONTEXT(3)
GLOBAL_UNCERTAINTY_ASSIGNED_CONTEXT((#9421))
GLOBAL_UNIT_ASSIGNED_CONTEXT((#9427,#9429,#9430))
REPRESENTATION_CONTEXT('','3D')
);
#9426=(
GEOMETRIC_REPRESENTATION_CONTEXT(3)
GLOBAL_UNCERTAINTY_ASSIGNED_CONTEXT((#9422))
GLOBAL_UNIT_ASSIGNED_CONTEXT((#9427,#9429,#9430))
REPRESENTATION_CONTEXT('','3D')
);
#9427=(
LENGTH_UNIT()
NAMED_UNIT(*)
SI_UNIT(.MILLI.,.METRE.)
);
#9428=(
LENGTH_UNIT()
NAMED_UNIT(*)
SI_UNIT($,.METRE.)
);
#9429=(
NAMED_UNIT(*)
PLANE_ANGLE_UNIT()
SI_UNIT($,.RADIAN.)
);
#9430=(
NAMED_UNIT(*)
SI_UNIT($,.STERADIAN.)
SOLID_ANGLE_UNIT()
);
#9431=SHAPE_DEFINITION_REPRESENTATION(#9434,#9439);
#9432=SHAPE_DEFINITION_REPRESENTATION(#9435,#9440);
#9433=SHAPE_DEFINITION_REPRESENTATION(#9436,#9441);
#9434=PRODUCT_DEFINITION_SHAPE('',$,#9443);
#9435=PRODUCT_DEFINITION_SHAPE('',$,#9444);
#9436=PRODUCT_DEFINITION_SHAPE('',$,#9445);
#9437=PRODUCT_DEFINITION_SHAPE($,$,#17);
#9438=PRODUCT_DEFINITION_SHAPE($,$,#18);
#9439=SHAPE_REPRESENTATION('',(#5519,#5827),#9423);
#9440=SHAPE_REPRESENTATION('',(#5520,#5826),#9424);
#9441=SHAPE_REPRESENTATION('',(#5521),#9425);
#9442=PRODUCT_DEFINITION_CONTEXT('part definition',#9453,'design');
#9443=PRODUCT_DEFINITION('EasyEDA PCB Model~f0kK','(Unsaved)',#9446,#9442);
#9444=PRODUCT_DEFINITION('U1~GPS-SMD_GP-02~GPS-SMD_GP-02~gwOO',
'U1~GPS-SMD_GP-02~GPS-SMD_GP-02~gwOO',#9447,#9442);
#9445=PRODUCT_DEFINITION('GPS-SMD_GP-02~GPS-SMD_GP-02~35Id',
'GPS-SMD_GP-02~GPS-SMD_GP-02~35Id',#9448,#9442);
#9446=PRODUCT_DEFINITION_FORMATION('',$,#9455);
#9447=PRODUCT_DEFINITION_FORMATION('',$,#9456);
#9448=PRODUCT_DEFINITION_FORMATION('',$,#9457);
#9449=PRODUCT_RELATED_PRODUCT_CATEGORY('(Unsaved)','(Unsaved)',(#9455));
#9450=PRODUCT_RELATED_PRODUCT_CATEGORY(
'U1~GPS-SMD_GP-02~GPS-SMD_GP-02~gwOO',
'U1~GPS-SMD_GP-02~GPS-SMD_GP-02~gwOO',(#9456));
#9451=PRODUCT_RELATED_PRODUCT_CATEGORY(
'GPS-SMD_GP-02~GPS-SMD_GP-02~35Id','GPS-SMD_GP-02~GPS-SMD_GP-02~35Id',(#9457));
#9452=APPLICATION_PROTOCOL_DEFINITION('international standard',
'automotive_design',2009,#9453);
#9453=APPLICATION_CONTEXT(
'Core Data for Automotive Mechanical Design Process');
#9454=PRODUCT_CONTEXT('part definition',#9453,'mechanical');
#9455=PRODUCT('EasyEDA PCB Model~f0kK','(Unsaved)',
'Designed by EasyEDA Pro',(#9454));
#9456=PRODUCT('U1~GPS-SMD_GP-02~GPS-SMD_GP-02~gwOO',
'U1~GPS-SMD_GP-02~GPS-SMD_GP-02~gwOO',$,(#9454));
#9457=PRODUCT('GPS-SMD_GP-02~GPS-SMD_GP-02~35Id',
'GPS-SMD_GP-02~GPS-SMD_GP-02~35Id',$,(#9454));
#9458=PRESENTATION_STYLE_ASSIGNMENT((#9465));
#9459=PRESENTATION_STYLE_ASSIGNMENT((#9466));
#9460=PRESENTATION_STYLE_ASSIGNMENT((#9467));
#9461=PRESENTATION_STYLE_ASSIGNMENT((#9468));
#9462=PRESENTATION_STYLE_ASSIGNMENT((#9469));
#9463=PRESENTATION_STYLE_ASSIGNMENT((#9470));
#9464=PRESENTATION_STYLE_ASSIGNMENT((#9471));
#9465=SURFACE_STYLE_USAGE(.BOTH.,#9472);
#9466=SURFACE_STYLE_USAGE(.BOTH.,#9473);
#9467=SURFACE_STYLE_USAGE(.BOTH.,#9474);
#9468=SURFACE_STYLE_USAGE(.BOTH.,#9475);
#9469=SURFACE_STYLE_USAGE(.BOTH.,#9476);
#9470=SURFACE_STYLE_USAGE(.BOTH.,#9477);
#9471=SURFACE_STYLE_USAGE(.BOTH.,#9478);
#9472=SURFACE_SIDE_STYLE('',(#9479));
#9473=SURFACE_SIDE_STYLE('',(#9480));
#9474=SURFACE_SIDE_STYLE('',(#9481));
#9475=SURFACE_SIDE_STYLE('',(#9482));
#9476=SURFACE_SIDE_STYLE('',(#9483));
#9477=SURFACE_SIDE_STYLE('',(#9484));
#9478=SURFACE_SIDE_STYLE('',(#9485));
#9479=SURFACE_STYLE_FILL_AREA(#9486);
#9480=SURFACE_STYLE_FILL_AREA(#9487);
#9481=SURFACE_STYLE_FILL_AREA(#9488);
#9482=SURFACE_STYLE_FILL_AREA(#9489);
#9483=SURFACE_STYLE_FILL_AREA(#9490);
#9484=SURFACE_STYLE_FILL_AREA(#9491);
#9485=SURFACE_STYLE_FILL_AREA(#9492);
#9486=FILL_AREA_STYLE('Steel - Satin',(#9493));
#9487=FILL_AREA_STYLE('Opaque(128,64,0)',(#9494));
#9488=FILL_AREA_STYLE('Opaque(63,63,63)',(#9495));
#9489=FILL_AREA_STYLE('Opaque(255,255,0)',(#9496));
#9490=FILL_AREA_STYLE('Opaque(0,255,0)',(#9497));
#9491=FILL_AREA_STYLE('Opaque(255,255,255)',(#9498));
#9492=FILL_AREA_STYLE('Opaque(203,210,239)',(#9499));
#9493=FILL_AREA_STYLE_COLOUR('Steel - Satin',#9500);
#9494=FILL_AREA_STYLE_COLOUR('Opaque(128,64,0)',#9501);
#9495=FILL_AREA_STYLE_COLOUR('Opaque(63,63,63)',#9502);
#9496=FILL_AREA_STYLE_COLOUR('Opaque(255,255,0)',#9503);
#9497=FILL_AREA_STYLE_COLOUR('Opaque(0,255,0)',#9504);
#9498=FILL_AREA_STYLE_COLOUR('Opaque(255,255,255)',#9505);
#9499=FILL_AREA_STYLE_COLOUR('Opaque(203,210,239)',#9506);
#9500=COLOUR_RGB('Steel - Satin',0.627450980392157,0.627450980392157,0.627450980392157);
#9501=COLOUR_RGB('Opaque(128,64,0)',0.501960784313725,0.250980392156863,
0.);
#9502=COLOUR_RGB('Opaque(63,63,63)',0.250980392156863,0.250980392156863,
0.250980392156863);
#9503=COLOUR_RGB('Opaque(255,255,0)',1.,1.,0.);
#9504=COLOUR_RGB('Opaque(0,255,0)',0.,1.,0.);
#9505=COLOUR_RGB('Opaque(255,255,255)',1.,1.,1.);
#9506=COLOUR_RGB('Opaque(203,210,239)',0.796078431372549,0.823529411764706,
0.937254901960784);
ENDSEC;
END-ISO-10303-21;
