ISO-10303-21;
HEADER;
/* Generated by software containing ST-Developer
 * from STEP Tools, Inc. (www.steptools.com) 
 */

FILE_DESCRIPTION(
/* description */ ('Designed by EasyEDA Pro'),
/* implementation_level */ '2;1');

FILE_NAME(
/* name */ '3D_PCB1_2026-05-21.step',
/* time_stamp */ '2026-05-21T17:05:33+08:00',
/* author */ (''),
/* organization */ (''),
/* preprocessor_version */ 'ST-DEVELOPER v20.1',
/* originating_system */ 'Autodesk Translation Framework v14.24.0.0',
/* authorisation */ '');

FILE_SCHEMA (('AUTOMOTIVE_DESIGN { 1 0 10303 214 3 1 1 }'));
ENDSEC;

DATA;
#10=MECHANICAL_DESIGN_GEOMETRIC_PRESENTATION_REPRESENTATION('',(#613,#614,
#615,#616,#617,#618,#619,#620,#621,#622,#623,#624,#625,#626,#627,#628,#629,
#630,#631,#632,#633,#634,#635,#636,#637,#638,#639,#640,#641,#642,#643,#644,
#645,#646,#647,#648,#649,#650,#651,#652,#653,#654,#655,#656,#657,#658,#659,
#660,#661,#662,#663,#664,#665,#666,#667,#668,#669,#670,#671,#672,#673,#674,
#675,#676,#677,#678,#679,#680,#681,#682,#683,#684,#685,#686,#687,#688,#689,
#690,#691,#692,#693,#694,#695,#696,#697,#698,#699,#700,#701,#702,#703,#704,
#705,#706,#707,#708,#709,#710,#711,#712,#713,#714,#715,#716,#717,#718,#719,
#720,#721,#722,#723,#724,#725,#726,#727,#728,#729,#730,#731,#732,#733,#734,
#735,#736,#737,#738,#739,#740,#741,#742,#743,#744,#745,#746,#747,#748,#749,
#750,#751,#752,#753,#754,#755,#756,#757,#758,#759,#760,#761,#762,#763,#764,
#765,#766,#767,#768,#769,#770,#771,#772,#773,#774,#775,#776,#777,#778,#779,
#780,#781,#782,#783,#784,#785,#786,#787,#788,#789,#790,#791,#792,#793,#794,
#795,#796,#797,#798,#799,#800,#801,#802,#803,#804,#805,#806,#807,#808,#809,
#810,#811,#812,#813,#814,#815,#816,#817,#818,#819,#820,#821,#822,#823,#824,
#825,#826,#827,#828,#829,#830,#831,#832,#833,#834,#835,#836,#837,#838,#839,
#840,#841,#842,#843,#844,#845,#846,#847,#848,#849,#850,#851,#852,#853,#854,
#855,#856,#857,#858,#859,#860,#861,#862,#863,#864,#865,#866,#867,#868,#869,
#870,#871,#872,#873,#874,#875,#876,#877),#9624);
#11=ITEM_DEFINED_TRANSFORMATION($,$,#5067,#5425);
#12=ITEM_DEFINED_TRANSFORMATION($,$,#5066,#5426);
#13=(
REPRESENTATION_RELATIONSHIP($,$,#9639,#9638)
REPRESENTATION_RELATIONSHIP_WITH_TRANSFORMATION(#11)
SHAPE_REPRESENTATION_RELATIONSHIP()
);
#14=(
REPRESENTATION_RELATIONSHIP($,$,#9638,#9637)
REPRESENTATION_RELATIONSHIP_WITH_TRANSFORMATION(#12)
SHAPE_REPRESENTATION_RELATIONSHIP()
);
#15=CONTEXT_DEPENDENT_SHAPE_REPRESENTATION(#13,#9635);
#16=CONTEXT_DEPENDENT_SHAPE_REPRESENTATION(#14,#9636);
#17=NEXT_ASSEMBLY_USAGE_OCCURRENCE(
'CAP-SMD_2P-L4.8-W4.8-TR~CAP-SMD_2P-L4.8-W4.8-TR~sFe6:1',
'CAP-SMD_2P-L4.8-W4.8-TR~CAP-SMD_2P-L4.8-W4.8-TR~sFe6:1',
'CAP-SMD_2P-L4.8-W4.8-TR~CAP-SMD_2P-L4.8-W4.8-TR~sFe6:1',#9642,#9643,
'CAP-SMD_2P-L4.8-W4.8-TR~CAP-SMD_2P-L4.8-W4.8-TR~sFe6:1');
#18=NEXT_ASSEMBLY_USAGE_OCCURRENCE(
'C1~CAP-SMD_2P-L4.8-W4.8-TR~CAP-SMD_2P-L4.8-W4.8-TR~UGIi:1',
'C1~CAP-SMD_2P-L4.8-W4.8-TR~CAP-SMD_2P-L4.8-W4.8-TR~UGIi:1',
'C1~CAP-SMD_2P-L4.8-W4.8-TR~CAP-SMD_2P-L4.8-W4.8-TR~UGIi:1',#9641,#9642,
'C1~CAP-SMD_2P-L4.8-W4.8-TR~CAP-SMD_2P-L4.8-W4.8-TR~UGIi:1');
#19=SHAPE_REPRESENTATION_RELATIONSHIP('SRR','None',#9639,#20);
#20=ADVANCED_BREP_SHAPE_REPRESENTATION('',(#303,#304,#305),#9623);
#21=B_SPLINE_SURFACE_WITH_KNOTS('',1,3,((#7378,#7379,#7380,#7381),(#7382,
#7383,#7384,#7385)),.UNSPECIFIED.,.F.,.F.,.F.,(2,2),(4,4),(0.,1.),(0.,1.),
 .UNSPECIFIED.);
#22=B_SPLINE_SURFACE_WITH_KNOTS('',1,3,((#7391,#7392,#7393,#7394),(#7395,
#7396,#7397,#7398)),.UNSPECIFIED.,.F.,.F.,.F.,(2,2),(4,4),(0.,1.00002109932246),
(0.,1.),.UNSPECIFIED.);
#23=B_SPLINE_SURFACE_WITH_KNOTS('',1,3,((#7407,#7408,#7409,#7410),(#7411,
#7412,#7413,#7414)),.UNSPECIFIED.,.F.,.F.,.F.,(2,2),(4,4),(0.,1.00002558611942),
(0.,1.),.UNSPECIFIED.);
#24=B_SPLINE_SURFACE_WITH_KNOTS('',1,3,((#7423,#7424,#7425,#7426),(#7427,
#7428,#7429,#7430)),.UNSPECIFIED.,.F.,.F.,.F.,(2,2),(4,4),(0.,1.),(0.,1.),
 .UNSPECIFIED.);
#25=B_SPLINE_SURFACE_WITH_KNOTS('',1,3,((#7437,#7438,#7439,#7440),(#7441,
#7442,#7443,#7444)),.UNSPECIFIED.,.F.,.F.,.F.,(2,2),(4,4),(0.,1.00000000241342),
(0.,1.),.UNSPECIFIED.);
#26=B_SPLINE_SURFACE_WITH_KNOTS('',1,3,((#7453,#7454,#7455,#7456),(#7457,
#7458,#7459,#7460)),.UNSPECIFIED.,.F.,.F.,.F.,(2,2),(4,4),(0.,1.),(0.,1.),
 .UNSPECIFIED.);
#27=B_SPLINE_SURFACE_WITH_KNOTS('',1,3,((#7468,#7469,#7470,#7471),(#7472,
#7473,#7474,#7475)),.UNSPECIFIED.,.F.,.F.,.F.,(2,2),(4,4),(0.,1.),(0.,1.),
 .UNSPECIFIED.);
#28=B_SPLINE_SURFACE_WITH_KNOTS('',1,3,((#7479,#7480,#7481,#7482),(#7483,
#7484,#7485,#7486)),.UNSPECIFIED.,.F.,.F.,.F.,(2,2),(4,4),(0.,1.00000000785078),
(0.,1.),.UNSPECIFIED.);
#29=B_SPLINE_SURFACE_WITH_KNOTS('',1,3,((#7495,#7496,#7497,#7498),(#7499,
#7500,#7501,#7502)),.UNSPECIFIED.,.F.,.F.,.F.,(2,2),(4,4),(0.,1.00002854974168),
(0.,1.),.UNSPECIFIED.);
#30=B_SPLINE_SURFACE_WITH_KNOTS('',1,3,((#7511,#7512,#7513,#7514),(#7515,
#7516,#7517,#7518)),.UNSPECIFIED.,.F.,.F.,.F.,(2,2),(4,4),(0.,1.00003440450812),
(0.,1.),.UNSPECIFIED.);
#31=B_SPLINE_SURFACE_WITH_KNOTS('',1,3,((#7527,#7528,#7529,#7530),(#7531,
#7532,#7533,#7534)),.UNSPECIFIED.,.F.,.F.,.F.,(2,2),(4,4),(0.,1.00000000614136),
(0.,1.),.UNSPECIFIED.);
#32=B_SPLINE_SURFACE_WITH_KNOTS('',1,3,((#7543,#7544,#7545,#7546),(#7547,
#7548,#7549,#7550)),.UNSPECIFIED.,.F.,.F.,.F.,(2,2),(4,4),(0.,1.00000000067255),
(0.,1.),.UNSPECIFIED.);
#33=B_SPLINE_SURFACE_WITH_KNOTS('',1,3,((#7611,#7612,#7613,#7614),(#7615,
#7616,#7617,#7618)),.UNSPECIFIED.,.F.,.F.,.F.,(2,2),(4,4),(0.,1.00047541212046),
(0.,1.),.UNSPECIFIED.);
#34=B_SPLINE_SURFACE_WITH_KNOTS('',1,3,((#7629,#7630,#7631,#7632),(#7633,
#7634,#7635,#7636)),.UNSPECIFIED.,.F.,.F.,.F.,(2,2),(4,4),(0.,1.00018394406838),
(0.,1.),.UNSPECIFIED.);
#35=B_SPLINE_SURFACE_WITH_KNOTS('',1,3,((#7647,#7648,#7649,#7650),(#7651,
#7652,#7653,#7654)),.UNSPECIFIED.,.F.,.F.,.F.,(2,2),(4,4),(0.,1.00000000744214),
(0.,1.),.UNSPECIFIED.);
#36=B_SPLINE_SURFACE_WITH_KNOTS('',1,3,((#7675,#7676,#7677,#7678),(#7679,
#7680,#7681,#7682)),.UNSPECIFIED.,.F.,.F.,.F.,(2,2),(4,4),(0.,1.00000000877397),
(0.,1.),.UNSPECIFIED.);
#37=B_SPLINE_SURFACE_WITH_KNOTS('',1,3,((#7730,#7731,#7732,#7733),(#7734,
#7735,#7736,#7737)),.UNSPECIFIED.,.F.,.F.,.F.,(2,2),(4,4),(0.,1.0000000028072),
(0.,1.),.UNSPECIFIED.);
#38=B_SPLINE_SURFACE_WITH_KNOTS('',1,3,((#7746,#7747,#7748,#7749),(#7750,
#7751,#7752,#7753)),.UNSPECIFIED.,.F.,.F.,.F.,(2,2),(4,4),(0.,1.),(0.,1.),
 .UNSPECIFIED.);
#39=B_SPLINE_SURFACE_WITH_KNOTS('',1,3,((#7760,#7761,#7762,#7763),(#7764,
#7765,#7766,#7767)),.UNSPECIFIED.,.F.,.F.,.F.,(2,2),(4,4),(0.,1.),(0.,1.),
 .UNSPECIFIED.);
#40=B_SPLINE_SURFACE_WITH_KNOTS('',1,3,((#7774,#7775,#7776,#7777),(#7778,
#7779,#7780,#7781)),.UNSPECIFIED.,.F.,.F.,.F.,(2,2),(4,4),(0.,1.00000000206968),
(0.,1.),.UNSPECIFIED.);
#41=B_SPLINE_SURFACE_WITH_KNOTS('',1,3,((#7797,#7798,#7799,#7800),(#7801,
#7802,#7803,#7804)),.UNSPECIFIED.,.F.,.F.,.F.,(2,2),(4,4),(0.,1.),(0.,1.),
 .UNSPECIFIED.);
#42=B_SPLINE_SURFACE_WITH_KNOTS('',1,3,((#7814,#7815,#7816,#7817),(#7818,
#7819,#7820,#7821)),.UNSPECIFIED.,.F.,.F.,.F.,(2,2),(4,4),(0.,1.),(0.,1.),
 .UNSPECIFIED.);
#43=B_SPLINE_SURFACE_WITH_KNOTS('',1,3,((#7834,#7835,#7836,#7837),(#7838,
#7839,#7840,#7841)),.UNSPECIFIED.,.F.,.F.,.F.,(2,2),(4,4),(0.,1.),(0.,1.),
 .UNSPECIFIED.);
#44=B_SPLINE_SURFACE_WITH_KNOTS('',1,3,((#7854,#7855,#7856,#7857),(#7858,
#7859,#7860,#7861)),.UNSPECIFIED.,.F.,.F.,.F.,(2,2),(4,4),(0.,1.),(0.,1.),
 .UNSPECIFIED.);
#45=B_SPLINE_SURFACE_WITH_KNOTS('',1,3,((#7888,#7889,#7890,#7891),(#7892,
#7893,#7894,#7895)),.UNSPECIFIED.,.F.,.F.,.F.,(2,2),(4,4),(0.,1.),(0.,1.),
 .UNSPECIFIED.);
#46=B_SPLINE_SURFACE_WITH_KNOTS('',1,3,((#7903,#7904,#7905,#7906),(#7907,
#7908,#7909,#7910)),.UNSPECIFIED.,.F.,.F.,.F.,(2,2),(4,4),(0.,1.),(0.,1.),
 .UNSPECIFIED.);
#47=B_SPLINE_SURFACE_WITH_KNOTS('',1,3,((#7962,#7963,#7964,#7965),(#7966,
#7967,#7968,#7969)),.UNSPECIFIED.,.F.,.F.,.F.,(2,2),(4,4),(0.,1.),(0.,1.),
 .UNSPECIFIED.);
#48=B_SPLINE_SURFACE_WITH_KNOTS('',1,3,((#7975,#7976,#7977,#7978),(#7979,
#7980,#7981,#7982)),.UNSPECIFIED.,.F.,.F.,.F.,(2,2),(4,4),(0.,1.00058734451985),
(0.,1.),.UNSPECIFIED.);
#49=B_SPLINE_SURFACE_WITH_KNOTS('',1,3,((#7997,#7998,#7999,#8000),(#8001,
#8002,#8003,#8004)),.UNSPECIFIED.,.F.,.F.,.F.,(2,2),(4,4),(0.,1.),(0.,1.),
 .UNSPECIFIED.);
#50=B_SPLINE_SURFACE_WITH_KNOTS('',1,3,((#8008,#8009,#8010,#8011),(#8012,
#8013,#8014,#8015)),.UNSPECIFIED.,.F.,.F.,.F.,(2,2),(4,4),(0.,1.00057888777706),
(0.,1.),.UNSPECIFIED.);
#51=B_SPLINE_SURFACE_WITH_KNOTS('',1,3,((#8028,#8029,#8030,#8031),(#8032,
#8033,#8034,#8035)),.UNSPECIFIED.,.F.,.F.,.F.,(2,2),(4,4),(0.,1.),(0.,1.),
 .UNSPECIFIED.);
#52=B_SPLINE_SURFACE_WITH_KNOTS('',1,3,((#8042,#8043,#8044,#8045),(#8046,
#8047,#8048,#8049)),.UNSPECIFIED.,.F.,.F.,.F.,(2,2),(4,4),(0.,1.),(0.,1.),
 .UNSPECIFIED.);
#53=B_SPLINE_SURFACE_WITH_KNOTS('',1,3,((#8053,#8054,#8055,#8056),(#8057,
#8058,#8059,#8060)),.UNSPECIFIED.,.F.,.F.,.F.,(2,2),(4,4),(0.,1.00043263525375),
(0.,1.),.UNSPECIFIED.);
#54=B_SPLINE_SURFACE_WITH_KNOTS('',1,3,((#8088,#8089,#8090,#8091),(#8092,
#8093,#8094,#8095)),.UNSPECIFIED.,.F.,.F.,.F.,(2,2),(4,4),(0.,1.),(0.,1.),
 .UNSPECIFIED.);
#55=B_SPLINE_SURFACE_WITH_KNOTS('',1,3,((#8110,#8111,#8112,#8113),(#8114,
#8115,#8116,#8117)),.UNSPECIFIED.,.F.,.F.,.F.,(2,2),(4,4),(0.,1.),(0.,1.),
 .UNSPECIFIED.);
#56=B_SPLINE_SURFACE_WITH_KNOTS('',1,3,((#8155,#8156,#8157,#8158),(#8159,
#8160,#8161,#8162)),.UNSPECIFIED.,.F.,.F.,.F.,(2,2),(4,4),(0.,1.),(0.,1.),
 .UNSPECIFIED.);
#57=B_SPLINE_SURFACE_WITH_KNOTS('',1,3,((#8171,#8172,#8173,#8174),(#8175,
#8176,#8177,#8178)),.UNSPECIFIED.,.F.,.F.,.F.,(2,2),(4,4),(0.,1.),(0.,1.),
 .UNSPECIFIED.);
#58=B_SPLINE_SURFACE_WITH_KNOTS('',1,3,((#8185,#8186,#8187,#8188),(#8189,
#8190,#8191,#8192)),.UNSPECIFIED.,.F.,.F.,.F.,(2,2),(4,4),(0.,1.),(0.,1.),
 .UNSPECIFIED.);
#59=B_SPLINE_SURFACE_WITH_KNOTS('',1,3,((#8199,#8200,#8201,#8202),(#8203,
#8204,#8205,#8206)),.UNSPECIFIED.,.F.,.F.,.F.,(2,2),(4,4),(0.,1.),(0.,1.),
 .UNSPECIFIED.);
#60=B_SPLINE_SURFACE_WITH_KNOTS('',1,3,((#8221,#8222,#8223,#8224),(#8225,
#8226,#8227,#8228)),.UNSPECIFIED.,.F.,.F.,.F.,(2,2),(4,4),(0.,1.),(0.,1.),
 .UNSPECIFIED.);
#61=B_SPLINE_SURFACE_WITH_KNOTS('',1,3,((#8232,#8233,#8234,#8235),(#8236,
#8237,#8238,#8239)),.UNSPECIFIED.,.F.,.F.,.F.,(2,2),(4,4),(0.,1.),(0.,1.),
 .UNSPECIFIED.);
#62=B_SPLINE_SURFACE_WITH_KNOTS('',1,3,((#8245,#8246,#8247,#8248),(#8249,
#8250,#8251,#8252)),.UNSPECIFIED.,.F.,.F.,.F.,(2,2),(4,4),(0.,1.),(0.,1.),
 .UNSPECIFIED.);
#63=B_SPLINE_SURFACE_WITH_KNOTS('',1,3,((#8258,#8259,#8260,#8261),(#8262,
#8263,#8264,#8265)),.UNSPECIFIED.,.F.,.F.,.F.,(2,2),(4,4),(0.,1.),(0.,1.),
 .UNSPECIFIED.);
#64=B_SPLINE_SURFACE_WITH_KNOTS('',1,3,((#8269,#8270,#8271,#8272),(#8273,
#8274,#8275,#8276)),.UNSPECIFIED.,.F.,.F.,.F.,(2,2),(4,4),(0.,1.),(0.,1.),
 .UNSPECIFIED.);
#65=B_SPLINE_SURFACE_WITH_KNOTS('',1,3,((#8292,#8293,#8294,#8295),(#8296,
#8297,#8298,#8299)),.UNSPECIFIED.,.F.,.F.,.F.,(2,2),(4,4),(0.,1.),(0.,1.),
 .UNSPECIFIED.);
#66=B_SPLINE_SURFACE_WITH_KNOTS('',1,3,((#8306,#8307,#8308,#8309),(#8310,
#8311,#8312,#8313)),.UNSPECIFIED.,.F.,.F.,.F.,(2,2),(4,4),(0.,1.),(0.,1.),
 .UNSPECIFIED.);
#67=B_SPLINE_SURFACE_WITH_KNOTS('',1,3,((#8317,#8318,#8319,#8320),(#8321,
#8322,#8323,#8324)),.UNSPECIFIED.,.F.,.F.,.F.,(2,2),(4,4),(0.,1.),(0.,1.),
 .UNSPECIFIED.);
#68=B_SPLINE_SURFACE_WITH_KNOTS('',1,3,((#8328,#8329,#8330,#8331),(#8332,
#8333,#8334,#8335)),.UNSPECIFIED.,.F.,.F.,.F.,(2,2),(4,4),(0.,1.),(0.,1.),
 .UNSPECIFIED.);
#69=B_SPLINE_SURFACE_WITH_KNOTS('',1,3,((#8342,#8343,#8344,#8345),(#8346,
#8347,#8348,#8349)),.UNSPECIFIED.,.F.,.F.,.F.,(2,2),(4,4),(0.,1.),(0.,1.),
 .UNSPECIFIED.);
#70=B_SPLINE_SURFACE_WITH_KNOTS('',1,3,((#8356,#8357,#8358,#8359),(#8360,
#8361,#8362,#8363)),.UNSPECIFIED.,.F.,.F.,.F.,(2,2),(4,4),(0.,1.),(0.,1.),
 .UNSPECIFIED.);
#71=B_SPLINE_SURFACE_WITH_KNOTS('',1,3,((#8370,#8371,#8372,#8373),(#8374,
#8375,#8376,#8377)),.UNSPECIFIED.,.F.,.F.,.F.,(2,2),(4,4),(0.,1.),(0.,1.),
 .UNSPECIFIED.);
#72=B_SPLINE_SURFACE_WITH_KNOTS('',1,3,((#8385,#8386,#8387,#8388),(#8389,
#8390,#8391,#8392)),.UNSPECIFIED.,.F.,.F.,.F.,(2,2),(4,4),(0.,1.),(0.,1.),
 .UNSPECIFIED.);
#73=B_SPLINE_SURFACE_WITH_KNOTS('',1,3,((#8396,#8397,#8398,#8399),(#8400,
#8401,#8402,#8403)),.UNSPECIFIED.,.F.,.F.,.F.,(2,2),(4,4),(0.,1.),(0.,1.),
 .UNSPECIFIED.);
#74=B_SPLINE_SURFACE_WITH_KNOTS('',1,3,((#8407,#8408,#8409,#8410),(#8411,
#8412,#8413,#8414)),.UNSPECIFIED.,.F.,.F.,.F.,(2,2),(4,4),(0.,1.),(0.,1.),
 .UNSPECIFIED.);
#75=B_SPLINE_SURFACE_WITH_KNOTS('',1,3,((#8430,#8431,#8432,#8433),(#8434,
#8435,#8436,#8437)),.UNSPECIFIED.,.F.,.F.,.F.,(2,2),(4,4),(0.,1.),(0.,1.),
 .UNSPECIFIED.);
#76=B_SPLINE_SURFACE_WITH_KNOTS('',1,3,((#8444,#8445,#8446,#8447),(#8448,
#8449,#8450,#8451)),.UNSPECIFIED.,.F.,.F.,.F.,(2,2),(4,4),(0.,1.),(0.,1.),
 .UNSPECIFIED.);
#77=B_SPLINE_SURFACE_WITH_KNOTS('',1,3,((#8455,#8456,#8457,#8458),(#8459,
#8460,#8461,#8462)),.UNSPECIFIED.,.F.,.F.,.F.,(2,2),(4,4),(0.,1.),(0.,1.),
 .UNSPECIFIED.);
#78=B_SPLINE_SURFACE_WITH_KNOTS('',1,3,((#8466,#8467,#8468,#8469),(#8470,
#8471,#8472,#8473)),.UNSPECIFIED.,.F.,.F.,.F.,(2,2),(4,4),(0.,1.),(0.,1.),
 .UNSPECIFIED.);
#79=B_SPLINE_SURFACE_WITH_KNOTS('',1,3,((#8480,#8481,#8482,#8483),(#8484,
#8485,#8486,#8487)),.UNSPECIFIED.,.F.,.F.,.F.,(2,2),(4,4),(0.,1.),(0.,1.),
 .UNSPECIFIED.);
#80=B_SPLINE_SURFACE_WITH_KNOTS('',1,3,((#8503,#8504,#8505,#8506),(#8507,
#8508,#8509,#8510)),.UNSPECIFIED.,.F.,.F.,.F.,(2,2),(4,4),(0.,1.),(0.,1.),
 .UNSPECIFIED.);
#81=B_SPLINE_SURFACE_WITH_KNOTS('',1,3,((#8527,#8528,#8529,#8530),(#8531,
#8532,#8533,#8534)),.UNSPECIFIED.,.F.,.F.,.F.,(2,2),(4,4),(0.,1.),(0.,1.),
 .UNSPECIFIED.);
#82=B_SPLINE_SURFACE_WITH_KNOTS('',1,3,((#8542,#8543,#8544,#8545),(#8546,
#8547,#8548,#8549)),.UNSPECIFIED.,.F.,.F.,.F.,(2,2),(4,4),(0.,1.),(0.,1.),
 .UNSPECIFIED.);
#83=B_SPLINE_SURFACE_WITH_KNOTS('',1,3,((#8553,#8554,#8555,#8556),(#8557,
#8558,#8559,#8560)),.UNSPECIFIED.,.F.,.F.,.F.,(2,2),(4,4),(0.,1.),(0.,1.),
 .UNSPECIFIED.);
#84=B_SPLINE_SURFACE_WITH_KNOTS('',1,3,((#8564,#8565,#8566,#8567),(#8568,
#8569,#8570,#8571)),.UNSPECIFIED.,.F.,.F.,.F.,(2,2),(4,4),(0.,1.00025231074874),
(0.,1.),.UNSPECIFIED.);
#85=B_SPLINE_SURFACE_WITH_KNOTS('',1,3,((#8596,#8597,#8598,#8599),(#8600,
#8601,#8602,#8603)),.UNSPECIFIED.,.F.,.F.,.F.,(2,2),(4,4),(0.,1.00065625136026),
(0.,1.),.UNSPECIFIED.);
#86=B_SPLINE_SURFACE_WITH_KNOTS('',1,3,((#8628,#8629,#8630,#8631),(#8632,
#8633,#8634,#8635)),.UNSPECIFIED.,.F.,.F.,.F.,(2,2),(4,4),(0.,1.),(0.,1.),
 .UNSPECIFIED.);
#87=B_SPLINE_SURFACE_WITH_KNOTS('',1,3,((#8643,#8644,#8645,#8646),(#8647,
#8648,#8649,#8650)),.UNSPECIFIED.,.F.,.F.,.F.,(2,2),(4,4),(0.,1.),(0.,1.),
 .UNSPECIFIED.);
#88=B_SPLINE_SURFACE_WITH_KNOTS('',1,3,((#8702,#8703,#8704,#8705),(#8706,
#8707,#8708,#8709)),.UNSPECIFIED.,.F.,.F.,.F.,(2,2),(4,4),(0.,1.00047541214201),
(0.,1.),.UNSPECIFIED.);
#89=B_SPLINE_SURFACE_WITH_KNOTS('',1,3,((#8720,#8721,#8722,#8723),(#8724,
#8725,#8726,#8727)),.UNSPECIFIED.,.F.,.F.,.F.,(2,2),(4,4),(0.,1.00018394407315),
(0.,1.),.UNSPECIFIED.);
#90=B_SPLINE_SURFACE_WITH_KNOTS('',1,3,((#8738,#8739,#8740,#8741),(#8742,
#8743,#8744,#8745)),.UNSPECIFIED.,.F.,.F.,.F.,(2,2),(4,4),(0.,1.00000000741793),
(0.,1.),.UNSPECIFIED.);
#91=B_SPLINE_SURFACE_WITH_KNOTS('',1,3,((#8766,#8767,#8768,#8769),(#8770,
#8771,#8772,#8773)),.UNSPECIFIED.,.F.,.F.,.F.,(2,2),(4,4),(0.,1.00000000877137),
(0.,1.),.UNSPECIFIED.);
#92=B_SPLINE_SURFACE_WITH_KNOTS('',1,3,((#8821,#8822,#8823,#8824),(#8825,
#8826,#8827,#8828)),.UNSPECIFIED.,.F.,.F.,.F.,(2,2),(4,4),(0.,1.00000000280099),
(0.,1.),.UNSPECIFIED.);
#93=B_SPLINE_SURFACE_WITH_KNOTS('',1,3,((#8837,#8838,#8839,#8840),(#8841,
#8842,#8843,#8844)),.UNSPECIFIED.,.F.,.F.,.F.,(2,2),(4,4),(0.,1.),(0.,1.),
 .UNSPECIFIED.);
#94=B_SPLINE_SURFACE_WITH_KNOTS('',1,3,((#8851,#8852,#8853,#8854),(#8855,
#8856,#8857,#8858)),.UNSPECIFIED.,.F.,.F.,.F.,(2,2),(4,4),(0.,1.),(0.,1.),
 .UNSPECIFIED.);
#95=B_SPLINE_SURFACE_WITH_KNOTS('',1,3,((#8865,#8866,#8867,#8868),(#8869,
#8870,#8871,#8872)),.UNSPECIFIED.,.F.,.F.,.F.,(2,2),(4,4),(0.,1.00000000206282),
(0.,1.),.UNSPECIFIED.);
#96=B_SPLINE_SURFACE_WITH_KNOTS('',1,3,((#8888,#8889,#8890,#8891),(#8892,
#8893,#8894,#8895)),.UNSPECIFIED.,.F.,.F.,.F.,(2,2),(4,4),(0.,1.),(0.,1.),
 .UNSPECIFIED.);
#97=B_SPLINE_SURFACE_WITH_KNOTS('',1,3,((#8905,#8906,#8907,#8908),(#8909,
#8910,#8911,#8912)),.UNSPECIFIED.,.F.,.F.,.F.,(2,2),(4,4),(0.,1.),(0.,1.),
 .UNSPECIFIED.);
#98=B_SPLINE_SURFACE_WITH_KNOTS('',1,3,((#8925,#8926,#8927,#8928),(#8929,
#8930,#8931,#8932)),.UNSPECIFIED.,.F.,.F.,.F.,(2,2),(4,4),(0.,1.),(0.,1.),
 .UNSPECIFIED.);
#99=B_SPLINE_SURFACE_WITH_KNOTS('',1,3,((#8945,#8946,#8947,#8948),(#8949,
#8950,#8951,#8952)),.UNSPECIFIED.,.F.,.F.,.F.,(2,2),(4,4),(0.,1.),(0.,1.),
 .UNSPECIFIED.);
#100=B_SPLINE_SURFACE_WITH_KNOTS('',1,3,((#8979,#8980,#8981,#8982),(#8983,
#8984,#8985,#8986)),.UNSPECIFIED.,.F.,.F.,.F.,(2,2),(4,4),(0.,1.),(0.,1.),
 .UNSPECIFIED.);
#101=B_SPLINE_SURFACE_WITH_KNOTS('',1,3,((#8994,#8995,#8996,#8997),(#8998,
#8999,#9000,#9001)),.UNSPECIFIED.,.F.,.F.,.F.,(2,2),(4,4),(0.,1.),(0.,1.),
 .UNSPECIFIED.);
#102=B_SPLINE_SURFACE_WITH_KNOTS('',1,3,((#9004,#9005,#9006,#9007),(#9008,
#9009,#9010,#9011)),.UNSPECIFIED.,.F.,.F.,.F.,(2,2),(4,4),(0.,1.),(0.,1.),
 .UNSPECIFIED.);
#103=B_SPLINE_SURFACE_WITH_KNOTS('',1,3,((#9020,#9021,#9022,#9023),(#9024,
#9025,#9026,#9027)),.UNSPECIFIED.,.F.,.F.,.F.,(2,2),(4,4),(0.,1.),(0.,1.),
 .UNSPECIFIED.);
#104=B_SPLINE_SURFACE_WITH_KNOTS('',1,3,((#9034,#9035,#9036,#9037),(#9038,
#9039,#9040,#9041)),.UNSPECIFIED.,.F.,.F.,.F.,(2,2),(4,4),(0.,1.),(0.,1.),
 .UNSPECIFIED.);
#105=B_SPLINE_SURFACE_WITH_KNOTS('',1,3,((#9049,#9050,#9051,#9052),(#9053,
#9054,#9055,#9056)),.UNSPECIFIED.,.F.,.F.,.F.,(2,2),(4,4),(0.,1.),(0.,1.),
 .UNSPECIFIED.);
#106=B_SPLINE_SURFACE_WITH_KNOTS('',1,3,((#9063,#9064,#9065,#9066),(#9067,
#9068,#9069,#9070)),.UNSPECIFIED.,.F.,.F.,.F.,(2,2),(4,4),(-2.8816546915014E-6,
1.),(0.,1.),.UNSPECIFIED.);
#107=B_SPLINE_SURFACE_WITH_KNOTS('',1,3,((#9079,#9080,#9081,#9082),(#9083,
#9084,#9085,#9086)),.UNSPECIFIED.,.F.,.F.,.F.,(2,2),(4,4),(-0.00107137159269446,
1.),(-0.00107137160522994,1.00098837951046),.UNSPECIFIED.);
#108=B_SPLINE_SURFACE_WITH_KNOTS('',1,3,((#9096,#9097,#9098,#9099),(#9100,
#9101,#9102,#9103)),.UNSPECIFIED.,.F.,.F.,.F.,(2,2),(4,4),(0.,1.),(0.,1.),
 .UNSPECIFIED.);
#109=B_SPLINE_SURFACE_WITH_KNOTS('',1,3,((#9110,#9111,#9112,#9113),(#9114,
#9115,#9116,#9117)),.UNSPECIFIED.,.F.,.F.,.F.,(2,2),(4,4),(0.,1.00026519406232),
(0.,1.),.UNSPECIFIED.);
#110=B_SPLINE_SURFACE_WITH_KNOTS('',1,3,((#9130,#9131,#9132,#9133),(#9134,
#9135,#9136,#9137)),.UNSPECIFIED.,.F.,.F.,.F.,(2,2),(4,4),(-6.70312238287455E-6,
1.),(0.,1.),.UNSPECIFIED.);
#111=B_SPLINE_SURFACE_WITH_KNOTS('',1,3,((#9154,#9155,#9156,#9157),(#9158,
#9159,#9160,#9161)),.UNSPECIFIED.,.F.,.F.,.F.,(2,2),(4,4),(0.,1.),(0.,1.),
 .UNSPECIFIED.);
#112=B_SPLINE_SURFACE_WITH_KNOTS('',1,3,((#9165,#9166,#9167,#9168),(#9169,
#9170,#9171,#9172)),.UNSPECIFIED.,.F.,.F.,.F.,(2,2),(4,4),(0.,1.),(0.,1.),
 .UNSPECIFIED.);
#113=B_SPLINE_SURFACE_WITH_KNOTS('',1,3,((#9176,#9177,#9178,#9179),(#9180,
#9181,#9182,#9183)),.UNSPECIFIED.,.F.,.F.,.F.,(2,2),(4,4),(0.,1.),(0.,1.),
 .UNSPECIFIED.);
#114=B_SPLINE_SURFACE_WITH_KNOTS('',1,3,((#9187,#9188,#9189,#9190),(#9191,
#9192,#9193,#9194)),.UNSPECIFIED.,.F.,.F.,.F.,(2,2),(4,4),(0.,1.),(0.,1.),
 .UNSPECIFIED.);
#115=B_SPLINE_SURFACE_WITH_KNOTS('',1,3,((#9204,#9205,#9206,#9207),(#9208,
#9209,#9210,#9211)),.UNSPECIFIED.,.F.,.F.,.F.,(2,2),(4,4),(0.,1.),(0.,1.),
 .UNSPECIFIED.);
#116=B_SPLINE_SURFACE_WITH_KNOTS('',1,3,((#9224,#9225,#9226,#9227),(#9228,
#9229,#9230,#9231)),.UNSPECIFIED.,.F.,.F.,.F.,(2,2),(4,4),(-0.00217130645356346,
1.),(-0.00217096682994001,1.00217130648944),.UNSPECIFIED.);
#117=B_SPLINE_SURFACE_WITH_KNOTS('',1,3,((#9244,#9245,#9246,#9247),(#9248,
#9249,#9250,#9251)),.UNSPECIFIED.,.F.,.F.,.F.,(2,2),(4,4),(-3.42172650290546E-5,
1.),(0.,1.),.UNSPECIFIED.);
#118=B_SPLINE_SURFACE_WITH_KNOTS('',1,3,((#9264,#9265,#9266,#9267),(#9268,
#9269,#9270,#9271)),.UNSPECIFIED.,.F.,.F.,.F.,(2,2),(4,4),(0.,1.),(0.,1.),
 .UNSPECIFIED.);
#119=B_SPLINE_SURFACE_WITH_KNOTS('',1,3,((#9275,#9276,#9277,#9278),(#9279,
#9280,#9281,#9282)),.UNSPECIFIED.,.F.,.F.,.F.,(2,2),(4,4),(-0.000205906527998618,
1.00032597536197),(-0.00032597536196693,1.00032597536197),.UNSPECIFIED.);
#120=B_SPLINE_SURFACE_WITH_KNOTS('',1,3,((#9295,#9296,#9297,#9298,#9299,
#9300),(#9301,#9302,#9303,#9304,#9305,#9306)),.UNSPECIFIED.,.F.,.F.,.F.,
(2,2),(4,2,4),(-2.68491958519577E-7,1.00068641612731),(-2.67643580186447E-7,
0.5,1.00000026764358),.UNSPECIFIED.);
#121=B_SPLINE_SURFACE_WITH_KNOTS('',1,3,((#9323,#9324,#9325,#9326),(#9327,
#9328,#9329,#9330)),.UNSPECIFIED.,.F.,.F.,.F.,(2,2),(4,4),(0.,1.),(0.,1.),
 .UNSPECIFIED.);
#122=B_SPLINE_SURFACE_WITH_KNOTS('',1,3,((#9343,#9344,#9345,#9346),(#9347,
#9348,#9349,#9350)),.UNSPECIFIED.,.F.,.F.,.F.,(2,2),(4,4),(0.,1.),(0.,1.),
 .UNSPECIFIED.);
#123=B_SPLINE_SURFACE_WITH_KNOTS('',1,3,((#9371,#9372,#9373,#9374),(#9375,
#9376,#9377,#9378)),.UNSPECIFIED.,.F.,.F.,.F.,(2,2),(4,4),(0.,1.00034960804474),
(0.,1.),.UNSPECIFIED.);
#124=B_SPLINE_SURFACE_WITH_KNOTS('',1,3,((#9388,#9389,#9390,#9391),(#9392,
#9393,#9394,#9395)),.UNSPECIFIED.,.F.,.F.,.F.,(2,2),(4,4),(0.,1.00032834685126),
(0.,1.),.UNSPECIFIED.);
#125=B_SPLINE_SURFACE_WITH_KNOTS('',1,3,((#9417,#9418,#9419,#9420),(#9421,
#9422,#9423,#9424)),.UNSPECIFIED.,.F.,.F.,.F.,(2,2),(4,4),(0.,1.),(0.,1.),
 .UNSPECIFIED.);
#126=B_SPLINE_SURFACE_WITH_KNOTS('',1,3,((#9431,#9432,#9433,#9434),(#9435,
#9436,#9437,#9438)),.UNSPECIFIED.,.F.,.F.,.F.,(2,2),(4,4),(-1.82698390526381E-6,
1.00000001518943),(0.,1.),.UNSPECIFIED.);
#127=B_SPLINE_SURFACE_WITH_KNOTS('',1,3,((#9447,#9448,#9449,#9450),(#9451,
#9452,#9453,#9454)),.UNSPECIFIED.,.F.,.F.,.F.,(2,2),(4,4),(0.,1.),(0.,1.),
 .UNSPECIFIED.);
#128=B_SPLINE_SURFACE_WITH_KNOTS('',1,3,((#9467,#9468,#9469,#9470),(#9471,
#9472,#9473,#9474)),.UNSPECIFIED.,.F.,.F.,.F.,(2,2),(4,4),(0.,1.00000002333483),
(0.,1.),.UNSPECIFIED.);
#129=B_SPLINE_SURFACE_WITH_KNOTS('',1,3,((#9514,#9515,#9516,#9517,#9518,
#9519,#9520,#9521,#9522,#9523),(#9524,#9525,#9526,#9527,#9528,#9529,#9530,
#9531,#9532,#9533)),.UNSPECIFIED.,.F.,.F.,.F.,(2,2),(4,2,2,2,4),(0.,1.),
(0.,0.25,0.5,0.75,1.),.UNSPECIFIED.);
#130=B_SPLINE_SURFACE_WITH_KNOTS('',1,3,((#9566,#9567,#9568,#9569,#9570,
#9571,#9572,#9573,#9574,#9575),(#9576,#9577,#9578,#9579,#9580,#9581,#9582,
#9583,#9584,#9585)),.UNSPECIFIED.,.F.,.F.,.F.,(2,2),(4,2,2,2,4),(0.,1.),
(0.,0.25,0.5,0.75,1.),.UNSPECIFIED.);
#131=B_SPLINE_CURVE_WITH_KNOTS('',3,(#6737,#6738,#6739,#6740,#6741,#6742),
 .UNSPECIFIED.,.F.,.F.,(4,2,4),(-0.00351175618741338,-0.00175654153729679,
0.),.UNSPECIFIED.);
#132=B_SPLINE_CURVE_WITH_KNOTS('',3,(#6748,#6749,#6750,#6751,#6752,#6753),
 .UNSPECIFIED.,.F.,.F.,(4,2,4),(-0.00289826648150878,-0.00136931619930751,
0.),.UNSPECIFIED.);
#133=B_SPLINE_CURVE_WITH_KNOTS('',3,(#6755,#6756,#6757,#6758,#6759,#6760),
 .UNSPECIFIED.,.F.,.F.,(4,2,4),(-0.00388734264952946,-0.00199175879368953,
0.),.UNSPECIFIED.);
#134=B_SPLINE_CURVE_WITH_KNOTS('',3,(#6762,#6763,#6764,#6765,#6766,#6767),
 .UNSPECIFIED.,.F.,.F.,(4,2,4),(-0.00469287078866351,-0.00234343789681638,
0.),.UNSPECIFIED.);
#135=B_SPLINE_CURVE_WITH_KNOTS('',3,(#6769,#6770,#6771,#6772,#6773,#6774),
 .UNSPECIFIED.,.F.,.F.,(4,2,4),(-0.00522560651519006,-0.00261292953964363,
0.),.UNSPECIFIED.);
#136=B_SPLINE_CURVE_WITH_KNOTS('',3,(#6776,#6777,#6778,#6779,#6780,#6781),
 .UNSPECIFIED.,.F.,.F.,(4,2,4),(-0.00415648179113617,-0.00203365679706852,
0.),.UNSPECIFIED.);
#137=B_SPLINE_CURVE_WITH_KNOTS('',3,(#6789,#6790,#6791,#6792,#6793,#6794),
 .UNSPECIFIED.,.F.,.F.,(4,2,4),(-0.00308985241417074,-0.00158027463427965,
0.),.UNSPECIFIED.);
#138=B_SPLINE_CURVE_WITH_KNOTS('',3,(#6796,#6797,#6798,#6799),
 .UNSPECIFIED.,.F.,.F.,(4,4),(0.,1.),.UNSPECIFIED.);
#139=B_SPLINE_CURVE_WITH_KNOTS('',3,(#6800,#6801,#6802,#6803,#6804,#6805),
 .UNSPECIFIED.,.F.,.F.,(4,2,4),(-0.00383986835801865,-0.0019178337706263,
0.),.UNSPECIFIED.);
#140=B_SPLINE_CURVE_WITH_KNOTS('',3,(#6832,#6833,#6834,#6835,#6836,#6837,
#6838,#6839),.UNSPECIFIED.,.F.,.F.,(4,2,2,4),(-0.0038379197802293,-0.00200404505420174,
-0.00105890317865114,0.),.UNSPECIFIED.);
#141=B_SPLINE_CURVE_WITH_KNOTS('',3,(#6841,#6842,#6843,#6844,#6845,#6846,
#6847,#6848),.UNSPECIFIED.,.F.,.F.,(4,2,2,4),(-0.00515177478648767,-0.00372884313075068,
-0.0024596357123239,0.),.UNSPECIFIED.);
#142=B_SPLINE_CURVE_WITH_KNOTS('',3,(#6850,#6851,#6852,#6853,#6854,#6855),
 .UNSPECIFIED.,.F.,.F.,(4,2,4),(-0.00431400440453459,-0.00207798472411279,
0.),.UNSPECIFIED.);
#143=B_SPLINE_CURVE_WITH_KNOTS('',3,(#6862,#6863,#6864,#6865,#6866,#6867),
 .UNSPECIFIED.,.F.,.F.,(4,2,4),(-0.00418142381111515,-0.00213735348601484,
0.),.UNSPECIFIED.);
#144=B_SPLINE_CURVE_WITH_KNOTS('',3,(#6880,#6881,#6882,#6883,#6884,#6885),
 .UNSPECIFIED.,.F.,.F.,(4,2,4),(-0.00296843991406219,-0.00148422041433964,
0.),.UNSPECIFIED.);
#145=B_SPLINE_CURVE_WITH_KNOTS('',3,(#6888,#6889,#6890,#6891,#6892,#6893),
 .UNSPECIFIED.,.F.,.F.,(4,2,4),(-0.00294808191728547,-0.00147404158148346,
0.),.UNSPECIFIED.);
#146=B_SPLINE_CURVE_WITH_KNOTS('',3,(#6920,#6921,#6922,#6923,#6924,#6925,
#6926,#6927,#6928,#6929,#6930,#6931),.UNSPECIFIED.,.F.,.F.,(4,2,2,2,2,4),
(-0.003118955047356,-0.00252875232952972,-0.00204579423095549,-0.00152604297042436,
-0.000992535494466188,0.),.UNSPECIFIED.);
#147=B_SPLINE_CURVE_WITH_KNOTS('',3,(#6939,#6940,#6941,#6942),
 .UNSPECIFIED.,.F.,.F.,(4,4),(0.,1.),.UNSPECIFIED.);
#148=B_SPLINE_CURVE_WITH_KNOTS('',3,(#6950,#6951,#6952,#6953,#6954,#6955,
#6956,#6957,#6958,#6959),.UNSPECIFIED.,.F.,.F.,(4,2,2,2,4),(-0.00312232166063561,
-0.00230183349446467,-0.00155406205086446,-0.000811253631884883,0.),
 .UNSPECIFIED.);
#149=B_SPLINE_CURVE_WITH_KNOTS('',3,(#6963,#6964,#6965,#6966),
 .UNSPECIFIED.,.F.,.F.,(4,4),(0.,1.),.UNSPECIFIED.);
#150=B_SPLINE_CURVE_WITH_KNOTS('',3,(#6968,#6969,#6970,#6971,#6972,#6973,
#6974,#6975,#6976,#6977),.UNSPECIFIED.,.F.,.F.,(4,2,2,2,4),(-0.00486248135211533,
-0.00338210725249514,-0.00236371350946877,-0.00136408390692417,0.),
 .UNSPECIFIED.);
#151=B_SPLINE_CURVE_WITH_KNOTS('',3,(#6989,#6990,#6991,#6992),
 .UNSPECIFIED.,.F.,.F.,(4,4),(0.,1.),.UNSPECIFIED.);
#152=B_SPLINE_CURVE_WITH_KNOTS('',3,(#6994,#6995,#6996,#6997),
 .UNSPECIFIED.,.F.,.F.,(4,4),(0.,1.),.UNSPECIFIED.);
#153=B_SPLINE_CURVE_WITH_KNOTS('',3,(#7003,#7004,#7005,#7006),
 .UNSPECIFIED.,.F.,.F.,(4,4),(0.,1.),.UNSPECIFIED.);
#154=B_SPLINE_CURVE_WITH_KNOTS('',3,(#7008,#7009,#7010,#7011),
 .UNSPECIFIED.,.F.,.F.,(4,4),(0.,1.),.UNSPECIFIED.);
#155=B_SPLINE_CURVE_WITH_KNOTS('',3,(#7021,#7022,#7023,#7024),
 .UNSPECIFIED.,.F.,.F.,(4,4),(0.,1.),.UNSPECIFIED.);
#156=B_SPLINE_CURVE_WITH_KNOTS('',3,(#7026,#7027,#7028,#7029),
 .UNSPECIFIED.,.F.,.F.,(4,4),(0.,1.),.UNSPECIFIED.);
#157=B_SPLINE_CURVE_WITH_KNOTS('',3,(#7031,#7032,#7033,#7034),
 .UNSPECIFIED.,.F.,.F.,(4,4),(0.,1.),.UNSPECIFIED.);
#158=B_SPLINE_CURVE_WITH_KNOTS('',3,(#7040,#7041,#7042,#7043),
 .UNSPECIFIED.,.F.,.F.,(4,4),(0.,1.),.UNSPECIFIED.);
#159=B_SPLINE_CURVE_WITH_KNOTS('',3,(#7044,#7045,#7046,#7047),
 .UNSPECIFIED.,.F.,.F.,(4,4),(0.,1.),.UNSPECIFIED.);
#160=B_SPLINE_CURVE_WITH_KNOTS('',3,(#7060,#7061,#7062,#7063,#7064,#7065,
#7066,#7067),.UNSPECIFIED.,.F.,.F.,(4,2,2,4),(-0.00449807743318706,-0.00326543563339812,
-0.00216648101641501,0.),.UNSPECIFIED.);
#161=B_SPLINE_CURVE_WITH_KNOTS('',3,(#7075,#7076,#7077,#7078,#7079,#7080,
#7081,#7082,#7083,#7084),.UNSPECIFIED.,.F.,.F.,(4,2,2,2,4),(-0.00213208204790677,
-0.00159582970156554,-0.00107106848753654,-0.000553482430950977,0.),
 .UNSPECIFIED.);
#162=B_SPLINE_CURVE_WITH_KNOTS('',3,(#7118,#7119,#7120,#7121,#7122,#7123,
#7124,#7125),.UNSPECIFIED.,.F.,.F.,(4,2,2,4),(-0.00383791978038431,-0.0020040450542854,
-0.00105890317869412,0.),.UNSPECIFIED.);
#163=B_SPLINE_CURVE_WITH_KNOTS('',3,(#7127,#7128,#7129,#7130,#7131,#7132,
#7133,#7134),.UNSPECIFIED.,.F.,.F.,(4,2,2,4),(-0.00515177478661943,-0.00372884313078809,
-0.00245963571233141,0.),.UNSPECIFIED.);
#164=B_SPLINE_CURVE_WITH_KNOTS('',3,(#7136,#7137,#7138,#7139,#7140,#7141),
 .UNSPECIFIED.,.F.,.F.,(4,2,4),(-0.00431400440444506,-0.00207798472405723,
0.),.UNSPECIFIED.);
#165=B_SPLINE_CURVE_WITH_KNOTS('',3,(#7148,#7149,#7150,#7151,#7152,#7153),
 .UNSPECIFIED.,.F.,.F.,(4,2,4),(-0.00418142381104004,-0.00213735348605758,
0.),.UNSPECIFIED.);
#166=B_SPLINE_CURVE_WITH_KNOTS('',3,(#7166,#7167,#7168,#7169,#7170,#7171),
 .UNSPECIFIED.,.F.,.F.,(4,2,4),(-0.00296844057768366,-0.00148422038442708,
0.),.UNSPECIFIED.);
#167=B_SPLINE_CURVE_WITH_KNOTS('',3,(#7174,#7175,#7176,#7177,#7178,#7179),
 .UNSPECIFIED.,.F.,.F.,(4,2,4),(-0.00294808152538248,-0.00147404097259302,
0.),.UNSPECIFIED.);
#168=B_SPLINE_CURVE_WITH_KNOTS('',3,(#7182,#7183,#7184,#7185),
 .UNSPECIFIED.,.F.,.F.,(4,4),(0.,1.),.UNSPECIFIED.);
#169=B_SPLINE_CURVE_WITH_KNOTS('',3,(#7187,#7188,#7189,#7190),
 .UNSPECIFIED.,.F.,.F.,(4,4),(0.,1.),.UNSPECIFIED.);
#170=B_SPLINE_CURVE_WITH_KNOTS('',3,(#7192,#7193,#7194,#7195,#7196,#7197),
 .UNSPECIFIED.,.F.,.F.,(4,2,4),(-0.00700192056677059,-0.00355914075752522,
0.),.UNSPECIFIED.);
#171=B_SPLINE_CURVE_WITH_KNOTS('',3,(#7199,#7200,#7201,#7202),
 .UNSPECIFIED.,.F.,.F.,(4,4),(0.,1.),.UNSPECIFIED.);
#172=B_SPLINE_CURVE_WITH_KNOTS('',3,(#7204,#7205,#7206,#7207,#7208,#7209),
 .UNSPECIFIED.,.F.,.F.,(4,2,4),(-0.00760017146778656,-0.00381406008334231,
0.),.UNSPECIFIED.);
#173=B_SPLINE_CURVE_WITH_KNOTS('',3,(#7211,#7212,#7213,#7214,#7215,#7216,
#7217),.UNSPECIFIED.,.F.,.F.,(4,3,4),(0.,0.5,1.),.UNSPECIFIED.);
#174=B_SPLINE_CURVE_WITH_KNOTS('',3,(#7221,#7222,#7223,#7224,#7225,#7226,
#7227,#7228,#7229,#7230),.UNSPECIFIED.,.F.,.F.,(4,2,2,2,4),(-0.00336443982730764,
-0.00248654931942502,-0.00169026382746392,-0.00088973589476829,0.),
 .UNSPECIFIED.);
#175=B_SPLINE_CURVE_WITH_KNOTS('',3,(#7232,#7233,#7234,#7235,#7236,#7237,
#7238,#7239,#7240,#7241),.UNSPECIFIED.,.F.,.F.,(4,2,2,2,4),(-0.00350759874216058,
-0.00253464938398589,-0.0017638092011131,-0.000988193339099891,0.),
 .UNSPECIFIED.);
#176=B_SPLINE_CURVE_WITH_KNOTS('',3,(#7247,#7248,#7249,#7250),
 .UNSPECIFIED.,.F.,.F.,(4,4),(0.,1.),.UNSPECIFIED.);
#177=B_SPLINE_CURVE_WITH_KNOTS('',3,(#7252,#7253,#7254,#7255),
 .UNSPECIFIED.,.F.,.F.,(4,4),(0.,1.),.UNSPECIFIED.);
#178=B_SPLINE_CURVE_WITH_KNOTS('',3,(#7259,#7260,#7261,#7262,#7263,#7264,
#7265,#7266,#7267,#7268),.UNSPECIFIED.,.F.,.F.,(4,2,2,2,4),(-0.0149703108212359,
-0.0111817174179016,-0.0074840015809322,-0.00378209980934292,0.),
 .UNSPECIFIED.);
#179=B_SPLINE_CURVE_WITH_KNOTS('',3,(#7270,#7271,#7272,#7273,#7274,#7275,
#7276,#7277,#7278,#7279),.UNSPECIFIED.,.F.,.F.,(4,3,3,4),(0.,0.487265956708595,
0.958563028635467,1.),.UNSPECIFIED.);
#180=B_SPLINE_CURVE_WITH_KNOTS('',3,(#7283,#7284,#7285,#7286),
 .UNSPECIFIED.,.F.,.F.,(4,4),(0.,1.),.UNSPECIFIED.);
#181=B_SPLINE_CURVE_WITH_KNOTS('',3,(#7288,#7289,#7290,#7291),
 .UNSPECIFIED.,.F.,.F.,(4,4),(0.,1.),.UNSPECIFIED.);
#182=B_SPLINE_CURVE_WITH_KNOTS('',3,(#7293,#7294,#7295,#7296),
 .UNSPECIFIED.,.F.,.F.,(4,4),(0.,1.),.UNSPECIFIED.);
#183=B_SPLINE_CURVE_WITH_KNOTS('',3,(#7298,#7299,#7300,#7301),
 .UNSPECIFIED.,.F.,.F.,(4,4),(0.,1.),.UNSPECIFIED.);
#184=B_SPLINE_CURVE_WITH_KNOTS('',3,(#7311,#7312,#7313,#7314),
 .UNSPECIFIED.,.F.,.F.,(4,4),(0.,1.),.UNSPECIFIED.);
#185=B_SPLINE_CURVE_WITH_KNOTS('',3,(#7316,#7317,#7318,#7319,#7320,#7321,
#7322,#7323,#7324,#7325),.UNSPECIFIED.,.F.,.F.,(4,2,2,2,4),(-0.00905512870065183,
-0.00672538217761888,-0.00453144208644068,-0.00233382463409179,0.),
 .UNSPECIFIED.);
#186=B_SPLINE_CURVE_WITH_KNOTS('',3,(#7327,#7328,#7329,#7330),
 .UNSPECIFIED.,.F.,.F.,(4,4),(0.,1.),.UNSPECIFIED.);
#187=B_SPLINE_CURVE_WITH_KNOTS('',3,(#7332,#7333,#7334,#7335),
 .UNSPECIFIED.,.F.,.F.,(4,4),(0.,1.),.UNSPECIFIED.);
#188=B_SPLINE_CURVE_WITH_KNOTS('',3,(#7337,#7338,#7339,#7340),
 .UNSPECIFIED.,.F.,.F.,(4,4),(0.,1.),.UNSPECIFIED.);
#189=B_SPLINE_CURVE_WITH_KNOTS('',3,(#7342,#7343,#7344,#7345),
 .UNSPECIFIED.,.F.,.F.,(4,4),(1.24884139125719E-5,1.),.UNSPECIFIED.);
#190=B_SPLINE_CURVE_WITH_KNOTS('',3,(#7401,#7402,#7403,#7404,#7405,#7406),
 .UNSPECIFIED.,.F.,.F.,(4,2,4),(-0.00351214570879478,-0.0017362913840302,
0.),.UNSPECIFIED.);
#191=B_SPLINE_CURVE_WITH_KNOTS('',3,(#7417,#7418,#7419,#7420,#7421,#7422),
 .UNSPECIFIED.,.F.,.F.,(4,2,4),(-0.00383988310792863,-0.00192772590326064,
0.),.UNSPECIFIED.);
#192=B_SPLINE_CURVE_WITH_KNOTS('',3,(#7433,#7434,#7435,#7436),
 .UNSPECIFIED.,.F.,.F.,(4,4),(0.,1.),.UNSPECIFIED.);
#193=B_SPLINE_CURVE_WITH_KNOTS('',3,(#7447,#7448,#7449,#7450,#7451,#7452),
 .UNSPECIFIED.,.F.,.F.,(4,2,4),(-0.00310034414303732,-0.00158621672975463,
0.),.UNSPECIFIED.);
#194=B_SPLINE_CURVE_WITH_KNOTS('',3,(#7489,#7490,#7491,#7492,#7493,#7494),
 .UNSPECIFIED.,.F.,.F.,(4,2,4),(-0.00417065572008598,-0.00203916216545088,
0.),.UNSPECIFIED.);
#195=B_SPLINE_CURVE_WITH_KNOTS('',3,(#7505,#7506,#7507,#7508,#7509,#7510),
 .UNSPECIFIED.,.F.,.F.,(4,2,4),(-0.00522601105195432,-0.00253476419597947,
0.),.UNSPECIFIED.);
#196=B_SPLINE_CURVE_WITH_KNOTS('',3,(#7521,#7522,#7523,#7524,#7525,#7526),
 .UNSPECIFIED.,.F.,.F.,(4,2,4),(-0.00469963335452699,-0.00232558985455822,
0.),.UNSPECIFIED.);
#197=B_SPLINE_CURVE_WITH_KNOTS('',3,(#7537,#7538,#7539,#7540,#7541,#7542),
 .UNSPECIFIED.,.F.,.F.,(4,2,4),(-0.00390047297958581,-0.00199928235645084,
0.),.UNSPECIFIED.);
#198=B_SPLINE_CURVE_WITH_KNOTS('',3,(#7553,#7554,#7555,#7556,#7557,#7558),
 .UNSPECIFIED.,.F.,.F.,(4,2,4),(-0.0029095735769099,-0.00137437270339552,
0.),.UNSPECIFIED.);
#199=B_SPLINE_CURVE_WITH_KNOTS('',3,(#7623,#7624,#7625,#7626,#7627,#7628),
 .UNSPECIFIED.,.F.,.F.,(4,2,4),(-0.00491806652354869,-0.00247349145048989,
0.),.UNSPECIFIED.);
#200=B_SPLINE_CURVE_WITH_KNOTS('',3,(#7639,#7640,#7641,#7642,#7643,#7644,
#7645,#7646),.UNSPECIFIED.,.F.,.F.,(4,2,2,4),(-0.00384163244327499,-0.00198838897625208,
-0.00105106762966393,0.),.UNSPECIFIED.);
#201=B_SPLINE_CURVE_WITH_KNOTS('',3,(#7657,#7658,#7659,#7660,#7661,#7662),
 .UNSPECIFIED.,.F.,.F.,(4,2,4),(-0.00419616799085782,-0.00214550171840549,
0.),.UNSPECIFIED.);
#202=B_SPLINE_CURVE_WITH_KNOTS('',3,(#7683,#7684,#7685,#7686,#7687,#7688),
 .UNSPECIFIED.,.F.,.F.,(4,2,4),(-0.00432911319423489,-0.00208431894429467,
0.),.UNSPECIFIED.);
#203=B_SPLINE_CURVE_WITH_KNOTS('',3,(#7692,#7693,#7694,#7695,#7696,#7697),
 .UNSPECIFIED.,.F.,.F.,(4,2,4),(-0.00330069931819649,-0.00157193151765601,
-8.42582006770065E-11),.UNSPECIFIED.);
#204=B_SPLINE_CURVE_WITH_KNOTS('',3,(#7705,#7706,#7707,#7708,#7709,#7710),
 .UNSPECIFIED.,.F.,.F.,(4,2,4),(-0.00316418406631734,-0.00166176512893608,
0.),.UNSPECIFIED.);
#205=B_SPLINE_CURVE_WITH_KNOTS('',3,(#7712,#7713,#7714,#7715,#7716,#7717,
#7718,#7719),.UNSPECIFIED.,.F.,.F.,(4,2,2,4),(-0.00316223696092108,-0.00149397738739253,
-0.000740583650168492,-9.03549717684582E-11),.UNSPECIFIED.);
#206=B_SPLINE_CURVE_WITH_KNOTS('',3,(#7720,#7721,#7722,#7723),
 .UNSPECIFIED.,.F.,.F.,(4,4),(0.,1.),.UNSPECIFIED.);
#207=B_SPLINE_CURVE_WITH_KNOTS('',3,(#7740,#7741,#7742,#7743,#7744,#7745),
 .UNSPECIFIED.,.F.,.F.,(4,2,4),(-0.0032891563461252,-0.00156707545292898,
0.),.UNSPECIFIED.);
#208=B_SPLINE_CURVE_WITH_KNOTS('',3,(#7756,#7757,#7758,#7759),
 .UNSPECIFIED.,.F.,.F.,(4,4),(0.,1.),.UNSPECIFIED.);
#209=B_SPLINE_CURVE_WITH_KNOTS('',3,(#7770,#7771,#7772,#7773),
 .UNSPECIFIED.,.F.,.F.,(4,4),(0.,1.),.UNSPECIFIED.);
#210=B_SPLINE_CURVE_WITH_KNOTS('',3,(#7784,#7785,#7786,#7787,#7788,#7789),
 .UNSPECIFIED.,.F.,.F.,(4,2,4),(-0.0031529496317071,-0.00165522614355803,
0.),.UNSPECIFIED.);
#211=B_SPLINE_CURVE_WITH_KNOTS('',3,(#7824,#7825,#7826,#7827,#7828,#7829),
 .UNSPECIFIED.,.F.,.F.,(4,2,4),(-0.00294949195017436,-0.00147474526484972,
0.),.UNSPECIFIED.);
#212=B_SPLINE_CURVE_WITH_KNOTS('',3,(#7844,#7845,#7846,#7847,#7848,#7849),
 .UNSPECIFIED.,.F.,.F.,(4,2,4),(-0.00296989537052883,-0.00148494731781252,
0.),.UNSPECIFIED.);
#213=B_SPLINE_CURVE_WITH_KNOTS('',3,(#7985,#7986,#7987,#7988,#7989,#7990,
#7991,#7992,#7993,#7994,#7995,#7996),.UNSPECIFIED.,.F.,.F.,(4,2,2,2,2,4),
(-0.00310128547096012,-0.00252562546078227,-0.00205331479200057,-0.00154051467955511,
-0.00101916235824332,0.),.UNSPECIFIED.);
#214=B_SPLINE_CURVE_WITH_KNOTS('',3,(#8018,#8019,#8020,#8021,#8022,#8023,
#8024,#8025,#8026,#8027),.UNSPECIFIED.,.F.,.F.,(4,2,2,2,4),(-0.00479617993445678,
-0.0033311698934851,-0.00232582346408336,-0.0013347886002396,0.),
 .UNSPECIFIED.);
#215=B_SPLINE_CURVE_WITH_KNOTS('',3,(#8038,#8039,#8040,#8041),
 .UNSPECIFIED.,.F.,.F.,(4,4),(0.,1.),.UNSPECIFIED.);
#216=B_SPLINE_CURVE_WITH_KNOTS('',3,(#8062,#8063,#8064,#8065),
 .UNSPECIFIED.,.F.,.F.,(4,4),(0.000384546731353308,1.),.UNSPECIFIED.);
#217=B_SPLINE_CURVE_WITH_KNOTS('',3,(#8066,#8067,#8068,#8069,#8070,#8071,
#8072,#8073,#8074,#8075),.UNSPECIFIED.,.F.,.F.,(4,2,2,2,4),(-0.00312918687942082,
-0.00230357640169018,-0.00155119021387801,-0.000809527375680265,0.),
 .UNSPECIFIED.);
#218=B_SPLINE_CURVE_WITH_KNOTS('',3,(#8098,#8099,#8100,#8101,#8102,#8103,
#8104,#8105,#8106,#8107,#8108,#8109),.UNSPECIFIED.,.F.,.F.,(4,2,2,2,2,4),
(-0.00412120737371384,-0.00285545936803709,-0.00215391411824374,-0.00145594675481799,
-0.000794026286539239,0.),.UNSPECIFIED.);
#219=B_SPLINE_CURVE_WITH_KNOTS('',3,(#8126,#8127,#8128,#8129),
 .UNSPECIFIED.,.F.,.F.,(4,4),(0.,0.999999940513363),.UNSPECIFIED.);
#220=B_SPLINE_CURVE_WITH_KNOTS('',3,(#8131,#8132,#8133,#8134),
 .UNSPECIFIED.,.F.,.F.,(4,4),(0.,1.),.UNSPECIFIED.);
#221=B_SPLINE_CURVE_WITH_KNOTS('',3,(#8136,#8137,#8138,#8139),
 .UNSPECIFIED.,.F.,.F.,(4,4),(0.,1.),.UNSPECIFIED.);
#222=B_SPLINE_CURVE_WITH_KNOTS('',3,(#8147,#8148,#8149,#8150),
 .UNSPECIFIED.,.F.,.F.,(4,4),(0.,1.),.UNSPECIFIED.);
#223=B_SPLINE_CURVE_WITH_KNOTS('',3,(#8151,#8152,#8153,#8154),
 .UNSPECIFIED.,.F.,.F.,(4,4),(0.,0.99987043181),.UNSPECIFIED.);
#224=B_SPLINE_CURVE_WITH_KNOTS('',3,(#8167,#8168,#8169,#8170),
 .UNSPECIFIED.,.F.,.F.,(4,4),(0.,1.),.UNSPECIFIED.);
#225=B_SPLINE_CURVE_WITH_KNOTS('',3,(#8181,#8182,#8183,#8184),
 .UNSPECIFIED.,.F.,.F.,(4,4),(0.,1.),.UNSPECIFIED.);
#226=B_SPLINE_CURVE_WITH_KNOTS('',3,(#8195,#8196,#8197,#8198),
 .UNSPECIFIED.,.F.,.F.,(4,4),(0.,1.),.UNSPECIFIED.);
#227=B_SPLINE_CURVE_WITH_KNOTS('',3,(#8209,#8210,#8211,#8212),
 .UNSPECIFIED.,.F.,.F.,(4,4),(0.,1.),.UNSPECIFIED.);
#228=B_SPLINE_CURVE_WITH_KNOTS('',3,(#8240,#8241,#8242,#8243),
 .UNSPECIFIED.,.F.,.F.,(4,4),(0.,1.),.UNSPECIFIED.);
#229=B_SPLINE_CURVE_WITH_KNOTS('',3,(#8279,#8280,#8281,#8282,#8283,#8284,
#8285,#8286,#8287,#8288,#8289,#8290,#8291),.UNSPECIFIED.,.F.,.F.,(4,3,3,
3,4),(0.,0.24656294598448,0.5496769240751,0.835894283255567,1.),
 .UNSPECIFIED.);
#230=B_SPLINE_CURVE_WITH_KNOTS('',3,(#8302,#8303,#8304,#8305),
 .UNSPECIFIED.,.F.,.F.,(4,4),(0.,1.),.UNSPECIFIED.);
#231=B_SPLINE_CURVE_WITH_KNOTS('',3,(#8338,#8339,#8340,#8341),
 .UNSPECIFIED.,.F.,.F.,(4,4),(0.,1.),.UNSPECIFIED.);
#232=B_SPLINE_CURVE_WITH_KNOTS('',3,(#8352,#8353,#8354,#8355),
 .UNSPECIFIED.,.F.,.F.,(4,4),(0.,1.),.UNSPECIFIED.);
#233=B_SPLINE_CURVE_WITH_KNOTS('',3,(#8366,#8367,#8368,#8369),
 .UNSPECIFIED.,.F.,.F.,(4,4),(0.,1.),.UNSPECIFIED.);
#234=B_SPLINE_CURVE_WITH_KNOTS('',3,(#8417,#8418,#8419,#8420,#8421,#8422,
#8423,#8424,#8425,#8426,#8427,#8428,#8429),.UNSPECIFIED.,.F.,.F.,(4,3,3,
3,4),(0.,0.244571833620393,0.549270606310622,0.826586187806069,1.),
 .UNSPECIFIED.);
#235=B_SPLINE_CURVE_WITH_KNOTS('',3,(#8440,#8441,#8442,#8443),
 .UNSPECIFIED.,.F.,.F.,(4,4),(0.,1.),.UNSPECIFIED.);
#236=B_SPLINE_CURVE_WITH_KNOTS('',3,(#8476,#8477,#8478,#8479),
 .UNSPECIFIED.,.F.,.F.,(4,4),(0.,1.),.UNSPECIFIED.);
#237=B_SPLINE_CURVE_WITH_KNOTS('',3,(#8490,#8491,#8492,#8493,#8494,#8495,
#8496,#8497,#8498,#8499,#8500,#8501,#8502),.UNSPECIFIED.,.F.,.F.,(4,3,3,
3,4),(0.,0.307672916078124,0.653836458039062,0.926066448055696,1.),
 .UNSPECIFIED.);
#238=B_SPLINE_CURVE_WITH_KNOTS('',3,(#8574,#8575,#8576,#8577,#8578,#8579,
#8580,#8581,#8582,#8583),.UNSPECIFIED.,.F.,.F.,(4,2,2,2,4),(-0.00214149170943202,
-0.00160169360668076,-0.00107456502000465,-0.000554305495067718,0.),
 .UNSPECIFIED.);
#239=B_SPLINE_CURVE_WITH_KNOTS('',3,(#8606,#8607,#8608,#8609,#8610,#8611,
#8612,#8613,#8614,#8615,#8616,#8617,#8618,#8619,#8620,#8621,#8622,#8623,
#8624,#8625,#8626,#8627),.UNSPECIFIED.,.F.,.F.,(4,3,3,3,3,3,3,4),(6.13715166832E-5,
0.114408382867708,0.231945144597357,0.357375978878489,0.500030685758,0.691988407574343,
0.889959338995848,1.),.UNSPECIFIED.);
#240=B_SPLINE_CURVE_WITH_KNOTS('',3,(#8714,#8715,#8716,#8717,#8718,#8719),
 .UNSPECIFIED.,.F.,.F.,(4,2,4),(-0.0049180665235248,-0.00247349145044571,
0.),.UNSPECIFIED.);
#241=B_SPLINE_CURVE_WITH_KNOTS('',3,(#8730,#8731,#8732,#8733,#8734,#8735,
#8736,#8737),.UNSPECIFIED.,.F.,.F.,(4,2,2,4),(-0.00384163244318714,-0.00198838897623157,
-0.00105106762965174,0.),.UNSPECIFIED.);
#242=B_SPLINE_CURVE_WITH_KNOTS('',3,(#8748,#8749,#8750,#8751,#8752,#8753),
 .UNSPECIFIED.,.F.,.F.,(4,2,4),(-0.00419616799080102,-0.00214550171844348,
0.),.UNSPECIFIED.);
#243=B_SPLINE_CURVE_WITH_KNOTS('',3,(#8774,#8775,#8776,#8777,#8778,#8779),
 .UNSPECIFIED.,.F.,.F.,(4,2,4),(-0.00432911319413588,-0.00208431894429127,
0.),.UNSPECIFIED.);
#244=B_SPLINE_CURVE_WITH_KNOTS('',3,(#8783,#8784,#8785,#8786,#8787,#8788),
 .UNSPECIFIED.,.F.,.F.,(4,2,4),(-0.00330069931809145,-0.00157193151752984,
-8.42582180242413E-11),.UNSPECIFIED.);
#245=B_SPLINE_CURVE_WITH_KNOTS('',3,(#8796,#8797,#8798,#8799,#8800,#8801),
 .UNSPECIFIED.,.F.,.F.,(4,2,4),(-0.00316418406641774,-0.00166176512881702,
0.),.UNSPECIFIED.);
#246=B_SPLINE_CURVE_WITH_KNOTS('',3,(#8803,#8804,#8805,#8806,#8807,#8808,
#8809,#8810),.UNSPECIFIED.,.F.,.F.,(4,2,2,4),(-0.00316223696085348,-0.00149397738734006,
-0.000740583650128654,-9.03548581440705E-11),.UNSPECIFIED.);
#247=B_SPLINE_CURVE_WITH_KNOTS('',3,(#8811,#8812,#8813,#8814),
 .UNSPECIFIED.,.F.,.F.,(4,4),(0.,1.),.UNSPECIFIED.);
#248=B_SPLINE_CURVE_WITH_KNOTS('',3,(#8831,#8832,#8833,#8834,#8835,#8836),
 .UNSPECIFIED.,.F.,.F.,(4,2,4),(-0.00328915634611929,-0.00156707545287408,
0.),.UNSPECIFIED.);
#249=B_SPLINE_CURVE_WITH_KNOTS('',3,(#8847,#8848,#8849,#8850),
 .UNSPECIFIED.,.F.,.F.,(4,4),(0.,1.),.UNSPECIFIED.);
#250=B_SPLINE_CURVE_WITH_KNOTS('',3,(#8861,#8862,#8863,#8864),
 .UNSPECIFIED.,.F.,.F.,(4,4),(0.,1.),.UNSPECIFIED.);
#251=B_SPLINE_CURVE_WITH_KNOTS('',3,(#8875,#8876,#8877,#8878,#8879,#8880),
 .UNSPECIFIED.,.F.,.F.,(4,2,4),(-0.0031529496317959,-0.00165522614355288,
0.),.UNSPECIFIED.);
#252=B_SPLINE_CURVE_WITH_KNOTS('',3,(#8915,#8916,#8917,#8918,#8919,#8920),
 .UNSPECIFIED.,.F.,.F.,(4,2,4),(-0.00294948891701788,-0.00147474481693379,
0.),.UNSPECIFIED.);
#253=B_SPLINE_CURVE_WITH_KNOTS('',3,(#8935,#8936,#8937,#8938,#8939,#8940),
 .UNSPECIFIED.,.F.,.F.,(4,2,4),(-0.00296989641168942,-0.00148494821778307,
0.),.UNSPECIFIED.);
#254=B_SPLINE_CURVE_WITH_KNOTS('',3,(#9016,#9017,#9018,#9019),
 .UNSPECIFIED.,.F.,.F.,(4,4),(0.,1.),.UNSPECIFIED.);
#255=B_SPLINE_CURVE_WITH_KNOTS('',3,(#9030,#9031,#9032,#9033),
 .UNSPECIFIED.,.F.,.F.,(4,4),(0.,1.),.UNSPECIFIED.);
#256=B_SPLINE_CURVE_WITH_KNOTS('',3,(#9059,#9060,#9061,#9062),
 .UNSPECIFIED.,.F.,.F.,(4,4),(0.,0.99990573688),.UNSPECIFIED.);
#257=B_SPLINE_CURVE_WITH_KNOTS('',3,(#9073,#9074,#9075,#9076,#9077,#9078),
 .UNSPECIFIED.,.F.,.F.,(4,2,4),(-0.00923771485506678,-0.00463031771304449,
0.),.UNSPECIFIED.);
#258=B_SPLINE_CURVE_WITH_KNOTS('',3,(#9089,#9090,#9091,#9092,#9093,#9094,
#9095),.UNSPECIFIED.,.F.,.F.,(4,3,4),(0.,0.525006688914725,0.999917007538),
 .UNSPECIFIED.);
#259=B_SPLINE_CURVE_WITH_KNOTS('',3,(#9106,#9107,#9108,#9109),
 .UNSPECIFIED.,.F.,.F.,(4,4),(0.,1.),.UNSPECIFIED.);
#260=B_SPLINE_CURVE_WITH_KNOTS('',3,(#9120,#9121,#9122,#9123,#9124,#9125,
#9126,#9127,#9128,#9129),.UNSPECIFIED.,.F.,.F.,(4,2,2,2,4),(-0.00907884055134401,
-0.00675073090448344,-0.00455587006346247,-0.00234714758352468,-8.98341834948413E-11),
 .UNSPECIFIED.);
#261=B_SPLINE_CURVE_WITH_KNOTS('',3,(#9140,#9141,#9142,#9143,#9144,#9145,
#9146,#9147,#9148,#9149),.UNSPECIFIED.,.F.,.F.,(4,2,2,2,4),(-0.0114233311218769,
-0.00851583696437268,-0.00571504706400863,-0.00291587441586626,0.),
 .UNSPECIFIED.);
#262=B_SPLINE_CURVE_WITH_KNOTS('',3,(#9197,#9198,#9199,#9200,#9201,#9202,
#9203),.UNSPECIFIED.,.F.,.F.,(4,3,4),(1.06083876834386E-6,0.830987019283995,
0.999876697452),.UNSPECIFIED.);
#263=B_SPLINE_CURVE_WITH_KNOTS('',3,(#9214,#9215,#9216,#9217,#9218,#9219,
#9220,#9221,#9222,#9223),.UNSPECIFIED.,.F.,.F.,(4,3,3,4),(0.,0.369395407230178,
0.743932314594292,0.999995279635),.UNSPECIFIED.);
#264=B_SPLINE_CURVE_WITH_KNOTS('',3,(#9234,#9235,#9236,#9237,#9238,#9239,
#9240,#9241,#9242,#9243),.UNSPECIFIED.,.F.,.F.,(4,3,3,4),(3.17827434431822E-11,
0.440011024853583,0.880097229954841,1.),.UNSPECIFIED.);
#265=B_SPLINE_CURVE_WITH_KNOTS('',3,(#9254,#9255,#9256,#9257,#9258,#9259,
#9260,#9261,#9262,#9263),.UNSPECIFIED.,.F.,.F.,(4,2,2,2,4),(-0.0114247821860708,
-0.00852696187995895,-0.0057297390448358,-0.00292634210287709,-8.06997871305448E-11),
 .UNSPECIFIED.);
#266=B_SPLINE_CURVE_WITH_KNOTS('',3,(#9285,#9286,#9287,#9288,#9289,#9290,
#9291,#9292,#9293,#9294),.UNSPECIFIED.,.F.,.F.,(4,2,2,2,4),(-0.012807504134629,
-0.00953253704015301,-0.00641878188154707,-0.00329479105895416,0.),
 .UNSPECIFIED.);
#267=B_SPLINE_CURVE_WITH_KNOTS('',3,(#9309,#9310,#9311,#9312,#9313,#9314,
#9315,#9316,#9317,#9318),.UNSPECIFIED.,.F.,.F.,(4,2,2,2,4),(-0.0150078819171087,
-0.0112049608630137,-0.00749645246105851,-0.00378596419528893,0.),
 .UNSPECIFIED.);
#268=B_SPLINE_CURVE_WITH_KNOTS('',3,(#9333,#9334,#9335,#9336,#9337,#9338,
#9339,#9340,#9341,#9342),.UNSPECIFIED.,.F.,.F.,(4,2,2,2,4),(-0.0089105772349233,
-0.00658949874722751,-0.00444620913129452,-0.00230669916298163,0.),
 .UNSPECIFIED.);
#269=B_SPLINE_CURVE_WITH_KNOTS('',3,(#9353,#9354,#9355,#9356,#9357,#9358,
#9359,#9360,#9361,#9362),.UNSPECIFIED.,.F.,.F.,(4,2,2,2,4),(-0.00849815699695965,
-0.00636233748387029,-0.00424690421978384,-0.00213086327033666,0.),
 .UNSPECIFIED.);
#270=B_SPLINE_CURVE_WITH_KNOTS('',3,(#9381,#9382,#9383,#9384,#9385,#9386,
#9387),.UNSPECIFIED.,.F.,.F.,(4,3,4),(2.43865666149455E-5,0.66189502594076,
1.),.UNSPECIFIED.);
#271=B_SPLINE_CURVE_WITH_KNOTS('',3,(#9398,#9399,#9400,#9401,#9402,#9403,
#9404),.UNSPECIFIED.,.F.,.F.,(4,3,4),(0.,0.667106420881254,0.999922690248),
 .UNSPECIFIED.);
#272=B_SPLINE_CURVE_WITH_KNOTS('',3,(#9427,#9428,#9429,#9430),
 .UNSPECIFIED.,.F.,.F.,(4,4),(0.,0.99990202192),.UNSPECIFIED.);
#273=B_SPLINE_CURVE_WITH_KNOTS('',3,(#9441,#9442,#9443,#9444,#9445,#9446),
 .UNSPECIFIED.,.F.,.F.,(4,2,4),(-0.00760588788954565,-0.00381533513477577,
0.),.UNSPECIFIED.);
#274=B_SPLINE_CURVE_WITH_KNOTS('',3,(#9457,#9458,#9459,#9460,#9461,#9462,
#9463,#9464,#9465,#9466),.UNSPECIFIED.,.F.,.F.,(4,2,2,2,4),(-0.0127240456312978,
-0.00948910080744349,-0.00638250666961728,-0.00325805157708576,0.),
 .UNSPECIFIED.);
#275=B_SPLINE_CURVE_WITH_KNOTS('',3,(#9475,#9476,#9477,#9478,#9479,#9480,
#9481),.UNSPECIFIED.,.F.,.F.,(4,3,4),(0.,0.740597693815152,0.999904687514),
 .UNSPECIFIED.);
#276=B_SPLINE_CURVE_WITH_KNOTS('',3,(#9485,#9486,#9487,#9488,#9489,#9490,
#9491,#9492,#9493,#9494,#9495,#9496,#9497),.UNSPECIFIED.,.F.,.F.,(4,3,3,
3,4),(0.,0.25,0.5,0.75,1.),.UNSPECIFIED.);
#277=B_SPLINE_CURVE_WITH_KNOTS('',3,(#9498,#9499,#9500,#9501,#9502,#9503,
#9504,#9505,#9506,#9507,#9508,#9509,#9510,#9511,#9512,#9513),
 .UNSPECIFIED.,.F.,.F.,(4,3,3,3,3,4),(3.036435534306E-5,0.19916337692602,
0.250014721102,0.499999077849,0.749983434596,0.999967791343),
 .UNSPECIFIED.);
#278=B_SPLINE_CURVE_WITH_KNOTS('',3,(#9538,#9539,#9540,#9541,#9542,#9543,
#9544,#9545,#9546,#9547,#9548,#9549,#9550,#9551,#9552,#9553,#9554,#9555,
#9556,#9557,#9558,#9559,#9560,#9561,#9562,#9563,#9564,#9565),
 .UNSPECIFIED.,.F.,.F.,(4,3,3,3,3,3,3,3,3,4),(0.,0.100606879880387,0.214571062161798,
0.253878138112041,0.382623151147391,0.5,0.650052859416296,0.749333634757247,
0.935940553119272,1.),.UNSPECIFIED.);
#279=B_SPLINE_CURVE_WITH_KNOTS('',3,(#9586,#9587,#9588,#9589,#9590,#9591,
#9592,#9593,#9594,#9595,#9596,#9597,#9598,#9599,#9600,#9601,#9602,#9603,
#9604,#9605,#9606,#9607,#9608,#9609,#9610,#9611,#9612,#9613),
 .UNSPECIFIED.,.F.,.F.,(4,3,3,3,3,3,3,3,3,4),(0.,0.103644329593707,0.220899263310824,
0.253698754754286,0.384544393978128,0.5,0.658581495637599,0.749336452022451,
0.936146494857456,1.),.UNSPECIFIED.);
#280=FACE_BOUND('',#1180,.T.);
#281=FACE_BOUND('',#1181,.T.);
#282=FACE_BOUND('',#1182,.T.);
#283=FACE_BOUND('',#1183,.T.);
#284=FACE_BOUND('',#1184,.T.);
#285=FACE_BOUND('',#1185,.T.);
#286=FACE_BOUND('',#1186,.T.);
#287=FACE_BOUND('',#1187,.T.);
#288=FACE_BOUND('',#1188,.T.);
#289=FACE_BOUND('',#1189,.T.);
#290=FACE_BOUND('',#1190,.T.);
#291=FACE_BOUND('',#1191,.T.);
#292=FACE_BOUND('',#1192,.T.);
#293=FACE_BOUND('',#1194,.T.);
#294=FACE_BOUND('',#1196,.T.);
#295=FACE_BOUND('',#1242,.T.);
#296=FACE_BOUND('',#1260,.T.);
#297=FACE_BOUND('',#1294,.T.);
#298=FACE_BOUND('',#1362,.T.);
#299=FACE_BOUND('',#1380,.T.);
#300=FACE_BOUND('',#1423,.T.);
#301=TOROIDAL_SURFACE('',#5117,1.7,0.299999999999);
#302=TOROIDAL_SURFACE('',#5122,2.1,0.299999999999);
#303=MANIFOLD_SOLID_BREP('Body1',#5050);
#304=MANIFOLD_SOLID_BREP('Body2',#5051);
#305=MANIFOLD_SOLID_BREP('Body3',#5052);
#306=(
BOUNDED_CURVE()
B_SPLINE_CURVE(3,(#6555,#6556,#6557,#6558),.UNSPECIFIED.,.F.,.F.)
B_SPLINE_CURVE_WITH_KNOTS((4,4),(1.570796326792,3.141592653589),
 .UNSPECIFIED.)
CURVE()
GEOMETRIC_REPRESENTATION_ITEM()
RATIONAL_B_SPLINE_CURVE((1.,0.804737854123,0.804737854123,1.))
REPRESENTATION_ITEM('')
);
#307=(
BOUNDED_CURVE()
B_SPLINE_CURVE(3,(#6561,#6562,#6563,#6564),.UNSPECIFIED.,.F.,.F.)
B_SPLINE_CURVE_WITH_KNOTS((4,4),(4.712388980386,6.283185307179),
 .UNSPECIFIED.)
CURVE()
GEOMETRIC_REPRESENTATION_ITEM()
RATIONAL_B_SPLINE_CURVE((1.,0.804737854124,0.804737854124,1.))
REPRESENTATION_ITEM('')
);
#308=ELLIPSE('',#5075,0.142835570010207,0.101000000055322);
#309=ELLIPSE('',#5076,0.142835569795541,0.100999999996941);
#310=ELLIPSE('',#5079,0.142835569797723,0.100999999999141);
#311=ELLIPSE('',#5080,0.142835569797662,0.1009999999991);
#312=ELLIPSE('',#5131,2.4000601103538,2.399999999999);
#313=ELLIPSE('',#5132,2.07868939179456,1.80028374968879);
#314=ELLIPSE('',#5133,2.07878255743073,1.8004290638692);
#315=ELLIPSE('',#5134,75.4358793936131,2.02624619616764);
#316=ELLIPSE('',#5135,30.2921115730892,1.12188073750226);
#317=ELLIPSE('',#5136,75.1533935252556,1.98407689934541);
#318=ELLIPSE('',#5137,2.07866287855001,1.80024196063443);
#319=ELLIPSE('',#5138,2.07869537607664,1.80029298495346);
#320=ELLIPSE('',#5139,2.07879230203891,1.80044443591238);
#321=ELLIPSE('',#5140,2.07877316722519,1.80041451838482);
#322=ELLIPSE('',#5141,2.07868186866024,1.80027202790436);
#323=ELLIPSE('',#5142,2.07866571987867,1.80024687866948);
#324=ELLIPSE('',#5143,2.07862378202838,1.80018127133225);
#325=ELLIPSE('',#5144,2.07862677471115,1.80018569354616);
#326=ELLIPSE('',#5145,2.07851871645994,1.80000673088458);
#327=ELLIPSE('',#5146,15.8132207908722,13.6952860962208);
#328=ELLIPSE('',#5147,2.07858538770217,1.80012241361947);
#329=ELLIPSE('',#5148,17.0361041474462,14.7543343453483);
#330=ELLIPSE('',#5149,2.07860203738719,1.80015102926705);
#331=ELLIPSE('',#5150,2.07870068511215,1.80030133034617);
#332=ELLIPSE('',#5151,2.07866588183679,1.80024717229283);
#333=ELLIPSE('',#5152,2.07869695927484,1.8002957241547);
#334=ELLIPSE('',#5153,2.07879152487005,1.80044309306487);
#335=ELLIPSE('',#5154,2.07877328407282,1.80041471965308);
#336=ELLIPSE('',#5155,2.07868387997661,1.80027549183828);
#337=ELLIPSE('',#5156,2.0786675160222,1.80025000089328);
#338=ELLIPSE('',#5157,144.412359884256,2.40182232669264);
#339=ELLIPSE('',#5158,71.4125022803291,1.83336554112857);
#340=ELLIPSE('',#5159,2.40006011035217,2.399999999999);
#341=ELLIPSE('',#5160,156.840363362908,1.97142098306153);
#342=ELLIPSE('',#5161,2.11519352464183,1.83183741760084);
#343=ELLIPSE('',#5162,66.5453369700433,1.39789838750263);
#344=ELLIPSE('',#5163,76.7547989351519,1.88399221244854);
#345=ELLIPSE('',#5164,142.981420843775,2.38393221186937);
#346=ELLIPSE('',#5165,12.5889305394205,0.251621122423033);
#347=ELLIPSE('',#5166,35.6496482090879,0.566324618524227);
#348=ELLIPSE('',#5167,87.6359872768521,1.68780514338234);
#349=ELLIPSE('',#5168,44.406978398075,1.29439889437999);
#350=ELLIPSE('',#5169,115.70339742859,2.05445925612775);
#351=ELLIPSE('',#5170,12.3912660858646,0.209401952490415);
#352=ELLIPSE('',#5171,33.0220681363066,0.620134004545997);
#353=ELLIPSE('',#5172,9.75476255114458,2.399999999999);
#354=ELLIPSE('',#5173,9.0927527027565,2.399999999999);
#355=ELLIPSE('',#5174,17.2045319257389,14.899582099275);
#356=ELLIPSE('',#5175,2.40006011035488,2.399999999999);
#357=ELLIPSE('',#5176,14.9089144248493,12.9120159641208);
#358=ELLIPSE('',#5177,2.42129751984094,2.399999999999);
#359=ELLIPSE('',#5178,2.45156051918743,2.399999999999);
#360=ELLIPSE('',#5179,16.105066950001,13.9477157411935);
#361=ELLIPSE('',#5180,2.07858989123255,1.80013015148394);
#362=ELLIPSE('',#5181,20.0886627353604,17.3951018589938);
#363=ELLIPSE('',#5182,2.07866438123838,1.80024456940311);
#364=ELLIPSE('',#5183,2.07869711688295,1.80029599474001);
#365=ELLIPSE('',#5184,2.07879174874619,1.80044347846954);
#366=ELLIPSE('',#5185,2.07877225758879,1.80041294095133);
#367=ELLIPSE('',#5186,2.07868154159653,1.80027145438401);
#368=ELLIPSE('',#5187,2.07866455719303,1.80024486713984);
#369=ELLIPSE('',#5188,2.07862832195547,1.80018912846421);
#370=ELLIPSE('',#5189,2.07862892021706,1.80018940586673);
#371=ELLIPSE('',#5190,2.07855305541123,1.80006615048454);
#372=ELLIPSE('',#5191,15.8132778865741,13.6953849569135);
#373=ELLIPSE('',#5192,2.0785323098312,1.80003046479273);
#374=ELLIPSE('',#5193,17.0361122591233,14.7543484326995);
#375=ELLIPSE('',#5194,2.07858674226717,1.80012455914441);
#376=ELLIPSE('',#5195,2.07870177734119,1.80030321972531);
#377=ELLIPSE('',#5196,2.07867622403164,1.80026317670032);
#378=ELLIPSE('',#5197,2.07864488303772,1.80021422691634);
#379=ELLIPSE('',#5198,64.1345175547791,2.27462121180442);
#380=ELLIPSE('',#5199,3.32472111459447,3.17529003578976);
#381=ELLIPSE('',#5200,8.35565098472059,7.23620645214165);
#382=ELLIPSE('',#5201,3.34916782949176,3.19492775586229);
#383=ELLIPSE('',#5202,2.41055994762764,2.399999999999);
#384=ELLIPSE('',#5203,104.87977274796,2.88439527177505);
#385=ELLIPSE('',#5210,2.41006036081361,2.409999999999);
#386=ELLIPSE('',#5213,2.08725158392631,1.8075980217074);
#387=ELLIPSE('',#5216,2.08723974283156,1.80759367136808);
#388=ELLIPSE('',#5218,75.2298859836523,2.02988210365215);
#389=ELLIPSE('',#5219,74.8963941637083,1.98664257402151);
#390=ELLIPSE('',#5221,30.2147695118007,1.1218045579152);
#391=ELLIPSE('',#5226,2.0872386013957,1.80759584536235);
#392=ELLIPSE('',#5229,2.08723952126631,1.8075974251802);
#393=ELLIPSE('',#5232,2.08723860716535,1.80759301033212);
#394=ELLIPSE('',#5235,2.0872509282455,1.80759862002973);
#395=ELLIPSE('',#5238,2.08725274446989,1.80759852391265);
#396=ELLIPSE('',#5241,2.08724083472119,1.80759441831074);
#397=ELLIPSE('',#5244,2.08723487413915,1.80759568829493);
#398=ELLIPSE('',#5247,2.08723249476268,1.80759234861624);
#399=ELLIPSE('',#5249,2.08725757044286,1.80764318903725);
#400=ELLIPSE('',#5250,2.08719466796821,1.80753394775294);
#401=ELLIPSE('',#5252,2.07852876769793,1.80002405763939);
#402=ELLIPSE('',#5254,2.07857651258065,1.80010653112718);
#403=ELLIPSE('',#5257,15.7640963552302,13.652052608054);
#404=ELLIPSE('',#5259,2.08719330507711,1.80753193481796);
#405=ELLIPSE('',#5261,2.08724217869648,1.80759588656358);
#406=ELLIPSE('',#5263,2.08724894751316,1.80762830409127);
#407=ELLIPSE('',#5264,16.9819580218202,14.7067975023698);
#408=ELLIPSE('',#5266,2.08717417026329,1.80749893382293);
#409=ELLIPSE('',#5268,10.2633457103321,2.409999999999);
#410=ELLIPSE('',#5269,11.4331834845358,2.409999999999);
#411=ELLIPSE('',#5270,18.4652805510678,15.988449193171);
#412=ELLIPSE('',#5271,2.08731105568014,1.80772339334529);
#413=ELLIPSE('',#5272,17.3892548941304,15.0613950154486);
#414=ELLIPSE('',#5274,11.3857428891642,2.399999999999);
#415=ELLIPSE('',#5276,10.2207592136087,2.399999999999);
#416=ELLIPSE('',#5277,17.4434055814269,15.1074777810976);
#417=ELLIPSE('',#5279,2.07857478088065,1.80009142675244);
#418=ELLIPSE('',#5280,18.5302454671555,16.0493595859625);
#419=ELLIPSE('',#5284,2.0872368596604,1.80759282641351);
#420=ELLIPSE('',#5287,2.08723743696342,1.80759382664062);
#421=ELLIPSE('',#5290,2.08723938691762,1.80759435739777);
#422=ELLIPSE('',#5293,2.08725031601875,1.80759755755942);
#423=ELLIPSE('',#5296,2.0872532380982,1.80759937599316);
#424=ELLIPSE('',#5299,2.08724055922392,1.807593940498);
#425=ELLIPSE('',#5301,144.20487367031,2.40958291657841);
#426=ELLIPSE('',#5302,2.12368316408704,1.83917379237361);
#427=ELLIPSE('',#5303,156.079731394333,1.97121812473639);
#428=ELLIPSE('',#5306,2.41006036081197,2.409999999999);
#429=ELLIPSE('',#5308,71.5560892652522,1.83997772878433);
#430=ELLIPSE('',#5311,58.4338905678817,0.899356926771647);
#431=ELLIPSE('',#5312,2.42938137615142,2.409999999999);
#432=ELLIPSE('',#5315,2.41930095550348,2.399999999999);
#433=ELLIPSE('',#5316,65.7422387213139,0.954355856707007);
#434=ELLIPSE('',#5318,76.5892836287804,1.88755581672885);
#435=ELLIPSE('',#5319,64.4822313154544,1.37804985655147);
#436=ELLIPSE('',#5320,32.9116310088034,0.617878549374903);
#437=ELLIPSE('',#5321,10.6913589963143,0.194070428748626);
#438=ELLIPSE('',#5322,115.277080646968,2.056761100831);
#439=ELLIPSE('',#5324,44.2906041573048,1.29478116532788);
#440=ELLIPSE('',#5325,87.088126043527,1.6860843019998);
#441=ELLIPSE('',#5326,35.5399241503614,0.56429171247813);
#442=ELLIPSE('',#5327,10.8609921749553,0.233173375207777);
#443=ELLIPSE('',#5328,149.677495653988,2.44802726549036);
#444=ELLIPSE('',#5332,9.13063917235133,2.409999999999);
#445=ELLIPSE('',#5334,9.7954073951077,2.409999999999);
#446=ELLIPSE('',#5335,20.0235881552478,17.3396169603431);
#447=ELLIPSE('',#5337,2.08720302681157,1.8075488614729);
#448=ELLIPSE('',#5338,16.0552215597609,13.9042836342794);
#449=ELLIPSE('',#5340,2.46177535468405,2.409999999999);
#450=ELLIPSE('',#5343,2.43138625950695,2.409999999999);
#451=ELLIPSE('',#5344,14.8635873977176,12.8721108749086);
#452=ELLIPSE('',#5346,2.41006036081469,2.409999999999);
#453=ELLIPSE('',#5347,17.1503035467424,14.8525104907684);
#454=ELLIPSE('',#5351,2.08723933646515,1.80759712473967);
#455=ELLIPSE('',#5354,2.08723489868579,1.80758942448279);
#456=ELLIPSE('',#5357,2.08724039633597,1.80759610165647);
#457=ELLIPSE('',#5360,2.08725081642914,1.8075984263837);
#458=ELLIPSE('',#5363,2.08725254242643,1.80759817588396);
#459=ELLIPSE('',#5366,2.08724012688466,1.80759319695632);
#460=ELLIPSE('',#5369,2.08723199096519,1.80759068844553);
#461=ELLIPSE('',#5372,2.08723306262305,1.80759332687268);
#462=ELLIPSE('',#5374,2.08727217146709,1.80766839199685);
#463=ELLIPSE('',#5375,2.08723075795961,1.80759644855598);
#464=ELLIPSE('',#5377,2.07857815206971,1.80010957068485);
#465=ELLIPSE('',#5379,2.07851298917111,1.79999648763836);
#466=ELLIPSE('',#5382,15.764125200295,13.6521025277005);
#467=ELLIPSE('',#5384,2.08727748924185,1.80767775232914);
#468=ELLIPSE('',#5386,2.08724115807481,1.80759411985323);
#469=ELLIPSE('',#5388,2.0872226070184,1.80758270693862);
#470=ELLIPSE('',#5389,16.9819087415251,14.7067120856089);
#471=ELLIPSE('',#5391,2.08728790268498,1.80769590038009);
#472=ELLIPSE('',#5393,10.2633457018219,2.409999999999);
#473=ELLIPSE('',#5394,11.4331834999701,2.409999999999);
#474=ELLIPSE('',#5395,18.4699633106342,15.9965600017905);
#475=ELLIPSE('',#5396,2.08731662763744,1.80773306688263);
#476=ELLIPSE('',#5397,17.3871469005281,15.0577439903679);
#477=ELLIPSE('',#5399,11.3857429045345,2.399999999999);
#478=ELLIPSE('',#5401,10.2207592051338,2.399999999999);
#479=ELLIPSE('',#5402,17.443795010581,15.1081521784617);
#480=ELLIPSE('',#5404,2.07857763293352,1.80009636194664);
#481=ELLIPSE('',#5405,18.5289518873687,16.04711891676);
#482=ELLIPSE('',#5407,129.701626673825,3.22091340651193);
#483=ELLIPSE('',#5409,2.42060394740942,2.409999999999);
#484=ELLIPSE('',#5411,2.64592569671406,2.29137940205186);
#485=ELLIPSE('',#5412,8.3382051486054,7.22104631296907);
#486=ELLIPSE('',#5413,2.63279152948633,2.2800099471729);
#487=ELLIPSE('',#5414,64.0035854737986,2.28064605925479);
#488=ELLIPSE('',#5417,2.0904187164114,1.80951087483206);
#489=ELLIPSE('',#5420,2.08812865842505,1.80822189781262);
#490=PLANE('',#5071);
#491=PLANE('',#5072);
#492=PLANE('',#5082);
#493=PLANE('',#5083);
#494=PLANE('',#5084);
#495=PLANE('',#5085);
#496=PLANE('',#5086);
#497=PLANE('',#5087);
#498=PLANE('',#5088);
#499=PLANE('',#5089);
#500=PLANE('',#5090);
#501=PLANE('',#5091);
#502=PLANE('',#5092);
#503=PLANE('',#5095);
#504=PLANE('',#5096);
#505=PLANE('',#5097);
#506=PLANE('',#5098);
#507=PLANE('',#5099);
#508=PLANE('',#5100);
#509=PLANE('',#5101);
#510=PLANE('',#5102);
#511=PLANE('',#5105);
#512=PLANE('',#5108);
#513=PLANE('',#5109);
#514=PLANE('',#5110);
#515=PLANE('',#5111);
#516=PLANE('',#5204);
#517=PLANE('',#5205);
#518=PLANE('',#5206);
#519=PLANE('',#5207);
#520=PLANE('',#5208);
#521=PLANE('',#5209);
#522=PLANE('',#5211);
#523=PLANE('',#5212);
#524=PLANE('',#5214);
#525=PLANE('',#5215);
#526=PLANE('',#5220);
#527=PLANE('',#5222);
#528=PLANE('',#5224);
#529=PLANE('',#5225);
#530=PLANE('',#5227);
#531=PLANE('',#5228);
#532=PLANE('',#5230);
#533=PLANE('',#5231);
#534=PLANE('',#5233);
#535=PLANE('',#5234);
#536=PLANE('',#5236);
#537=PLANE('',#5237);
#538=PLANE('',#5239);
#539=PLANE('',#5240);
#540=PLANE('',#5243);
#541=PLANE('',#5245);
#542=PLANE('',#5246);
#543=PLANE('',#5251);
#544=PLANE('',#5253);
#545=PLANE('',#5255);
#546=PLANE('',#5258);
#547=PLANE('',#5260);
#548=PLANE('',#5262);
#549=PLANE('',#5265);
#550=PLANE('',#5273);
#551=PLANE('',#5275);
#552=PLANE('',#5278);
#553=PLANE('',#5282);
#554=PLANE('',#5283);
#555=PLANE('',#5285);
#556=PLANE('',#5286);
#557=PLANE('',#5288);
#558=PLANE('',#5289);
#559=PLANE('',#5291);
#560=PLANE('',#5292);
#561=PLANE('',#5294);
#562=PLANE('',#5295);
#563=PLANE('',#5297);
#564=PLANE('',#5298);
#565=PLANE('',#5304);
#566=PLANE('',#5305);
#567=PLANE('',#5307);
#568=PLANE('',#5309);
#569=PLANE('',#5313);
#570=PLANE('',#5314);
#571=PLANE('',#5323);
#572=PLANE('',#5329);
#573=PLANE('',#5331);
#574=PLANE('',#5333);
#575=PLANE('',#5336);
#576=PLANE('',#5339);
#577=PLANE('',#5341);
#578=PLANE('',#5342);
#579=PLANE('',#5345);
#580=PLANE('',#5349);
#581=PLANE('',#5350);
#582=PLANE('',#5352);
#583=PLANE('',#5353);
#584=PLANE('',#5355);
#585=PLANE('',#5356);
#586=PLANE('',#5358);
#587=PLANE('',#5359);
#588=PLANE('',#5361);
#589=PLANE('',#5362);
#590=PLANE('',#5364);
#591=PLANE('',#5365);
#592=PLANE('',#5368);
#593=PLANE('',#5370);
#594=PLANE('',#5371);
#595=PLANE('',#5376);
#596=PLANE('',#5378);
#597=PLANE('',#5380);
#598=PLANE('',#5383);
#599=PLANE('',#5385);
#600=PLANE('',#5387);
#601=PLANE('',#5390);
#602=PLANE('',#5398);
#603=PLANE('',#5400);
#604=PLANE('',#5403);
#605=PLANE('',#5408);
#606=PLANE('',#5410);
#607=PLANE('',#5415);
#608=PLANE('',#5416);
#609=PLANE('',#5418);
#610=PLANE('',#5419);
#611=PLANE('',#5421);
#612=PLANE('',#5422);
#613=STYLED_ITEM('',(#9658),#4787);
#614=STYLED_ITEM('',(#9659),#4788);
#615=STYLED_ITEM('',(#9659),#4789);
#616=STYLED_ITEM('',(#9658),#4790);
#617=STYLED_ITEM('',(#9658),#4792);
#618=STYLED_ITEM('',(#9658),#4793);
#619=STYLED_ITEM('',(#9658),#4794);
#620=STYLED_ITEM('',(#9659),#4795);
#621=STYLED_ITEM('',(#9659),#4796);
#622=STYLED_ITEM('',(#9659),#4797);
#623=STYLED_ITEM('',(#9659),#4798);
#624=STYLED_ITEM('',(#9659),#4799);
#625=STYLED_ITEM('',(#9659),#4800);
#626=STYLED_ITEM('',(#9659),#4801);
#627=STYLED_ITEM('',(#9659),#4802);
#628=STYLED_ITEM('',(#9659),#4803);
#629=STYLED_ITEM('',(#9657),#303);
#630=STYLED_ITEM('',(#9659),#4804);
#631=STYLED_ITEM('',(#9659),#4805);
#632=STYLED_ITEM('',(#9659),#4806);
#633=STYLED_ITEM('',(#9659),#4807);
#634=STYLED_ITEM('',(#9659),#4808);
#635=STYLED_ITEM('',(#9659),#4809);
#636=STYLED_ITEM('',(#9659),#4810);
#637=STYLED_ITEM('',(#9659),#4811);
#638=STYLED_ITEM('',(#9659),#4812);
#639=STYLED_ITEM('',(#9658),#4813);
#640=STYLED_ITEM('',(#9659),#4814);
#641=STYLED_ITEM('',(#9659),#4815);
#642=STYLED_ITEM('',(#9658),#4816);
#643=STYLED_ITEM('',(#9658),#4817);
#644=STYLED_ITEM('',(#9658),#4818);
#645=STYLED_ITEM('',(#9657),#304);
#646=STYLED_ITEM('',(#9660),#4819);
#647=STYLED_ITEM('',(#9659),#4820);
#648=STYLED_ITEM('',(#9659),#4821);
#649=STYLED_ITEM('',(#9659),#4822);
#650=STYLED_ITEM('',(#9659),#4823);
#651=STYLED_ITEM('',(#9659),#4824);
#652=STYLED_ITEM('',(#9659),#4825);
#653=STYLED_ITEM('',(#9659),#4826);
#654=STYLED_ITEM('',(#9660),#4827);
#655=STYLED_ITEM('',(#9660),#4828);
#656=STYLED_ITEM('',(#9660),#4829);
#657=STYLED_ITEM('',(#9660),#4830);
#658=STYLED_ITEM('',(#9660),#4831);
#659=STYLED_ITEM('',(#9660),#4832);
#660=STYLED_ITEM('',(#9660),#4833);
#661=STYLED_ITEM('',(#9660),#4834);
#662=STYLED_ITEM('',(#9660),#4835);
#663=STYLED_ITEM('',(#9660),#4836);
#664=STYLED_ITEM('',(#9660),#4837);
#665=STYLED_ITEM('',(#9660),#4838);
#666=STYLED_ITEM('',(#9660),#4839);
#667=STYLED_ITEM('',(#9660),#4840);
#668=STYLED_ITEM('',(#9660),#4841);
#669=STYLED_ITEM('',(#9660),#4842);
#670=STYLED_ITEM('',(#9660),#4843);
#671=STYLED_ITEM('',(#9660),#4844);
#672=STYLED_ITEM('',(#9660),#4845);
#673=STYLED_ITEM('',(#9660),#4846);
#674=STYLED_ITEM('',(#9660),#4847);
#675=STYLED_ITEM('',(#9660),#4848);
#676=STYLED_ITEM('',(#9660),#4849);
#677=STYLED_ITEM('',(#9660),#4850);
#678=STYLED_ITEM('',(#9660),#4851);
#679=STYLED_ITEM('',(#9660),#4852);
#680=STYLED_ITEM('',(#9660),#4853);
#681=STYLED_ITEM('',(#9660),#4854);
#682=STYLED_ITEM('',(#9660),#4855);
#683=STYLED_ITEM('',(#9660),#4856);
#684=STYLED_ITEM('',(#9660),#4857);
#685=STYLED_ITEM('',(#9660),#4858);
#686=STYLED_ITEM('',(#9660),#4859);
#687=STYLED_ITEM('',(#9660),#4860);
#688=STYLED_ITEM('',(#9660),#4861);
#689=STYLED_ITEM('',(#9660),#4862);
#690=STYLED_ITEM('',(#9660),#4863);
#691=STYLED_ITEM('',(#9660),#4864);
#692=STYLED_ITEM('',(#9660),#4865);
#693=STYLED_ITEM('',(#9660),#4866);
#694=STYLED_ITEM('',(#9660),#4867);
#695=STYLED_ITEM('',(#9660),#4868);
#696=STYLED_ITEM('',(#9660),#4869);
#697=STYLED_ITEM('',(#9660),#4870);
#698=STYLED_ITEM('',(#9660),#4871);
#699=STYLED_ITEM('',(#9660),#4872);
#700=STYLED_ITEM('',(#9660),#4873);
#701=STYLED_ITEM('',(#9660),#4874);
#702=STYLED_ITEM('',(#9660),#4875);
#703=STYLED_ITEM('',(#9660),#4876);
#704=STYLED_ITEM('',(#9660),#4877);
#705=STYLED_ITEM('',(#9659),#4878);
#706=STYLED_ITEM('',(#9660),#4879);
#707=STYLED_ITEM('',(#9660),#4880);
#708=STYLED_ITEM('',(#9660),#4881);
#709=STYLED_ITEM('',(#9660),#4882);
#710=STYLED_ITEM('',(#9660),#4883);
#711=STYLED_ITEM('',(#9660),#4884);
#712=STYLED_ITEM('',(#9660),#4885);
#713=STYLED_ITEM('',(#9660),#4886);
#714=STYLED_ITEM('',(#9660),#4887);
#715=STYLED_ITEM('',(#9660),#4888);
#716=STYLED_ITEM('',(#9660),#4889);
#717=STYLED_ITEM('',(#9660),#4890);
#718=STYLED_ITEM('',(#9660),#4891);
#719=STYLED_ITEM('',(#9660),#4892);
#720=STYLED_ITEM('',(#9659),#4893);
#721=STYLED_ITEM('',(#9660),#4894);
#722=STYLED_ITEM('',(#9660),#4895);
#723=STYLED_ITEM('',(#9660),#4896);
#724=STYLED_ITEM('',(#9660),#4897);
#725=STYLED_ITEM('',(#9660),#4898);
#726=STYLED_ITEM('',(#9660),#4899);
#727=STYLED_ITEM('',(#9660),#4900);
#728=STYLED_ITEM('',(#9660),#4901);
#729=STYLED_ITEM('',(#9660),#4902);
#730=STYLED_ITEM('',(#9660),#4903);
#731=STYLED_ITEM('',(#9660),#4904);
#732=STYLED_ITEM('',(#9660),#4905);
#733=STYLED_ITEM('',(#9660),#4906);
#734=STYLED_ITEM('',(#9660),#4907);
#735=STYLED_ITEM('',(#9660),#4908);
#736=STYLED_ITEM('',(#9660),#4909);
#737=STYLED_ITEM('',(#9660),#4910);
#738=STYLED_ITEM('',(#9660),#4911);
#739=STYLED_ITEM('',(#9660),#4912);
#740=STYLED_ITEM('',(#9660),#4913);
#741=STYLED_ITEM('',(#9660),#4914);
#742=STYLED_ITEM('',(#9660),#4915);
#743=STYLED_ITEM('',(#9660),#4916);
#744=STYLED_ITEM('',(#9660),#4917);
#745=STYLED_ITEM('',(#9660),#4918);
#746=STYLED_ITEM('',(#9660),#4919);
#747=STYLED_ITEM('',(#9660),#4920);
#748=STYLED_ITEM('',(#9660),#4921);
#749=STYLED_ITEM('',(#9660),#4922);
#750=STYLED_ITEM('',(#9660),#4923);
#751=STYLED_ITEM('',(#9660),#4924);
#752=STYLED_ITEM('',(#9660),#4925);
#753=STYLED_ITEM('',(#9660),#4926);
#754=STYLED_ITEM('',(#9660),#4927);
#755=STYLED_ITEM('',(#9660),#4928);
#756=STYLED_ITEM('',(#9659),#4929);
#757=STYLED_ITEM('',(#9660),#4930);
#758=STYLED_ITEM('',(#9660),#4931);
#759=STYLED_ITEM('',(#9660),#4932);
#760=STYLED_ITEM('',(#9660),#4933);
#761=STYLED_ITEM('',(#9660),#4934);
#762=STYLED_ITEM('',(#9660),#4935);
#763=STYLED_ITEM('',(#9660),#4936);
#764=STYLED_ITEM('',(#9660),#4937);
#765=STYLED_ITEM('',(#9660),#4938);
#766=STYLED_ITEM('',(#9660),#4939);
#767=STYLED_ITEM('',(#9660),#4940);
#768=STYLED_ITEM('',(#9660),#4941);
#769=STYLED_ITEM('',(#9660),#4942);
#770=STYLED_ITEM('',(#9660),#4943);
#771=STYLED_ITEM('',(#9660),#4944);
#772=STYLED_ITEM('',(#9660),#4945);
#773=STYLED_ITEM('',(#9660),#4946);
#774=STYLED_ITEM('',(#9660),#4947);
#775=STYLED_ITEM('',(#9660),#4948);
#776=STYLED_ITEM('',(#9660),#4949);
#777=STYLED_ITEM('',(#9660),#4950);
#778=STYLED_ITEM('',(#9660),#4951);
#779=STYLED_ITEM('',(#9660),#4952);
#780=STYLED_ITEM('',(#9660),#4953);
#781=STYLED_ITEM('',(#9660),#4954);
#782=STYLED_ITEM('',(#9660),#4955);
#783=STYLED_ITEM('',(#9660),#4956);
#784=STYLED_ITEM('',(#9660),#4957);
#785=STYLED_ITEM('',(#9660),#4958);
#786=STYLED_ITEM('',(#9660),#4959);
#787=STYLED_ITEM('',(#9660),#4960);
#788=STYLED_ITEM('',(#9660),#4961);
#789=STYLED_ITEM('',(#9660),#4962);
#790=STYLED_ITEM('',(#9660),#4963);
#791=STYLED_ITEM('',(#9660),#4964);
#792=STYLED_ITEM('',(#9660),#4965);
#793=STYLED_ITEM('',(#9660),#4966);
#794=STYLED_ITEM('',(#9660),#4967);
#795=STYLED_ITEM('',(#9660),#4968);
#796=STYLED_ITEM('',(#9660),#4969);
#797=STYLED_ITEM('',(#9660),#4970);
#798=STYLED_ITEM('',(#9660),#4971);
#799=STYLED_ITEM('',(#9660),#4972);
#800=STYLED_ITEM('',(#9660),#4973);
#801=STYLED_ITEM('',(#9660),#4974);
#802=STYLED_ITEM('',(#9660),#4975);
#803=STYLED_ITEM('',(#9660),#4976);
#804=STYLED_ITEM('',(#9660),#4977);
#805=STYLED_ITEM('',(#9660),#4978);
#806=STYLED_ITEM('',(#9660),#4979);
#807=STYLED_ITEM('',(#9660),#4980);
#808=STYLED_ITEM('',(#9660),#4981);
#809=STYLED_ITEM('',(#9660),#4982);
#810=STYLED_ITEM('',(#9660),#4983);
#811=STYLED_ITEM('',(#9660),#4984);
#812=STYLED_ITEM('',(#9660),#4985);
#813=STYLED_ITEM('',(#9660),#4986);
#814=STYLED_ITEM('',(#9660),#4987);
#815=STYLED_ITEM('',(#9660),#4988);
#816=STYLED_ITEM('',(#9660),#4989);
#817=STYLED_ITEM('',(#9660),#4990);
#818=STYLED_ITEM('',(#9660),#4991);
#819=STYLED_ITEM('',(#9660),#4992);
#820=STYLED_ITEM('',(#9660),#4993);
#821=STYLED_ITEM('',(#9660),#4994);
#822=STYLED_ITEM('',(#9659),#4995);
#823=STYLED_ITEM('',(#9660),#4996);
#824=STYLED_ITEM('',(#9660),#4997);
#825=STYLED_ITEM('',(#9660),#4998);
#826=STYLED_ITEM('',(#9660),#4999);
#827=STYLED_ITEM('',(#9660),#5000);
#828=STYLED_ITEM('',(#9660),#5001);
#829=STYLED_ITEM('',(#9660),#5002);
#830=STYLED_ITEM('',(#9660),#5003);
#831=STYLED_ITEM('',(#9660),#5004);
#832=STYLED_ITEM('',(#9660),#5005);
#833=STYLED_ITEM('',(#9660),#5006);
#834=STYLED_ITEM('',(#9660),#5007);
#835=STYLED_ITEM('',(#9660),#5008);
#836=STYLED_ITEM('',(#9660),#5009);
#837=STYLED_ITEM('',(#9659),#5010);
#838=STYLED_ITEM('',(#9660),#5011);
#839=STYLED_ITEM('',(#9660),#5012);
#840=STYLED_ITEM('',(#9660),#5013);
#841=STYLED_ITEM('',(#9660),#5014);
#842=STYLED_ITEM('',(#9660),#5015);
#843=STYLED_ITEM('',(#9660),#5016);
#844=STYLED_ITEM('',(#9660),#5017);
#845=STYLED_ITEM('',(#9660),#5018);
#846=STYLED_ITEM('',(#9660),#5019);
#847=STYLED_ITEM('',(#9660),#5020);
#848=STYLED_ITEM('',(#9660),#5021);
#849=STYLED_ITEM('',(#9660),#5022);
#850=STYLED_ITEM('',(#9660),#5023);
#851=STYLED_ITEM('',(#9660),#5024);
#852=STYLED_ITEM('',(#9660),#5025);
#853=STYLED_ITEM('',(#9660),#5026);
#854=STYLED_ITEM('',(#9660),#5027);
#855=STYLED_ITEM('',(#9660),#5028);
#856=STYLED_ITEM('',(#9660),#5029);
#857=STYLED_ITEM('',(#9660),#5030);
#858=STYLED_ITEM('',(#9660),#5031);
#859=STYLED_ITEM('',(#9660),#5032);
#860=STYLED_ITEM('',(#9660),#5033);
#861=STYLED_ITEM('',(#9660),#5034);
#862=STYLED_ITEM('',(#9660),#5035);
#863=STYLED_ITEM('',(#9660),#5036);
#864=STYLED_ITEM('',(#9660),#5037);
#865=STYLED_ITEM('',(#9660),#5038);
#866=STYLED_ITEM('',(#9660),#5039);
#867=STYLED_ITEM('',(#9660),#5040);
#868=STYLED_ITEM('',(#9660),#5041);
#869=STYLED_ITEM('',(#9660),#5042);
#870=STYLED_ITEM('',(#9660),#5043);
#871=STYLED_ITEM('',(#9660),#5044);
#872=STYLED_ITEM('',(#9660),#5045);
#873=STYLED_ITEM('',(#9660),#5046);
#874=STYLED_ITEM('',(#9660),#5047);
#875=STYLED_ITEM('',(#9660),#5048);
#876=STYLED_ITEM('',(#9659),#5049);
#877=STYLED_ITEM('',(#9657),#305);
#878=FACE_OUTER_BOUND('',#1142,.T.);
#879=FACE_OUTER_BOUND('',#1143,.T.);
#880=FACE_OUTER_BOUND('',#1144,.T.);
#881=FACE_OUTER_BOUND('',#1145,.T.);
#882=FACE_OUTER_BOUND('',#1146,.T.);
#883=FACE_OUTER_BOUND('',#1147,.T.);
#884=FACE_OUTER_BOUND('',#1148,.T.);
#885=FACE_OUTER_BOUND('',#1149,.T.);
#886=FACE_OUTER_BOUND('',#1150,.T.);
#887=FACE_OUTER_BOUND('',#1151,.T.);
#888=FACE_OUTER_BOUND('',#1152,.T.);
#889=FACE_OUTER_BOUND('',#1153,.T.);
#890=FACE_OUTER_BOUND('',#1154,.T.);
#891=FACE_OUTER_BOUND('',#1155,.T.);
#892=FACE_OUTER_BOUND('',#1156,.T.);
#893=FACE_OUTER_BOUND('',#1157,.T.);
#894=FACE_OUTER_BOUND('',#1158,.T.);
#895=FACE_OUTER_BOUND('',#1159,.T.);
#896=FACE_OUTER_BOUND('',#1160,.T.);
#897=FACE_OUTER_BOUND('',#1161,.T.);
#898=FACE_OUTER_BOUND('',#1162,.T.);
#899=FACE_OUTER_BOUND('',#1163,.T.);
#900=FACE_OUTER_BOUND('',#1164,.T.);
#901=FACE_OUTER_BOUND('',#1165,.T.);
#902=FACE_OUTER_BOUND('',#1166,.T.);
#903=FACE_OUTER_BOUND('',#1167,.T.);
#904=FACE_OUTER_BOUND('',#1168,.T.);
#905=FACE_OUTER_BOUND('',#1169,.T.);
#906=FACE_OUTER_BOUND('',#1170,.T.);
#907=FACE_OUTER_BOUND('',#1171,.T.);
#908=FACE_OUTER_BOUND('',#1172,.T.);
#909=FACE_OUTER_BOUND('',#1173,.T.);
#910=FACE_OUTER_BOUND('',#1174,.T.);
#911=FACE_OUTER_BOUND('',#1175,.T.);
#912=FACE_OUTER_BOUND('',#1176,.T.);
#913=FACE_OUTER_BOUND('',#1177,.T.);
#914=FACE_OUTER_BOUND('',#1178,.T.);
#915=FACE_OUTER_BOUND('',#1179,.T.);
#916=FACE_OUTER_BOUND('',#1193,.T.);
#917=FACE_OUTER_BOUND('',#1195,.T.);
#918=FACE_OUTER_BOUND('',#1197,.T.);
#919=FACE_OUTER_BOUND('',#1198,.T.);
#920=FACE_OUTER_BOUND('',#1199,.T.);
#921=FACE_OUTER_BOUND('',#1200,.T.);
#922=FACE_OUTER_BOUND('',#1201,.T.);
#923=FACE_OUTER_BOUND('',#1202,.T.);
#924=FACE_OUTER_BOUND('',#1203,.T.);
#925=FACE_OUTER_BOUND('',#1204,.T.);
#926=FACE_OUTER_BOUND('',#1205,.T.);
#927=FACE_OUTER_BOUND('',#1206,.T.);
#928=FACE_OUTER_BOUND('',#1207,.T.);
#929=FACE_OUTER_BOUND('',#1208,.T.);
#930=FACE_OUTER_BOUND('',#1209,.T.);
#931=FACE_OUTER_BOUND('',#1210,.T.);
#932=FACE_OUTER_BOUND('',#1211,.T.);
#933=FACE_OUTER_BOUND('',#1212,.T.);
#934=FACE_OUTER_BOUND('',#1213,.T.);
#935=FACE_OUTER_BOUND('',#1214,.T.);
#936=FACE_OUTER_BOUND('',#1215,.T.);
#937=FACE_OUTER_BOUND('',#1216,.T.);
#938=FACE_OUTER_BOUND('',#1217,.T.);
#939=FACE_OUTER_BOUND('',#1218,.T.);
#940=FACE_OUTER_BOUND('',#1219,.T.);
#941=FACE_OUTER_BOUND('',#1220,.T.);
#942=FACE_OUTER_BOUND('',#1221,.T.);
#943=FACE_OUTER_BOUND('',#1222,.T.);
#944=FACE_OUTER_BOUND('',#1223,.T.);
#945=FACE_OUTER_BOUND('',#1224,.T.);
#946=FACE_OUTER_BOUND('',#1225,.T.);
#947=FACE_OUTER_BOUND('',#1226,.T.);
#948=FACE_OUTER_BOUND('',#1227,.T.);
#949=FACE_OUTER_BOUND('',#1228,.T.);
#950=FACE_OUTER_BOUND('',#1229,.T.);
#951=FACE_OUTER_BOUND('',#1230,.T.);
#952=FACE_OUTER_BOUND('',#1231,.T.);
#953=FACE_OUTER_BOUND('',#1232,.T.);
#954=FACE_OUTER_BOUND('',#1233,.T.);
#955=FACE_OUTER_BOUND('',#1234,.T.);
#956=FACE_OUTER_BOUND('',#1235,.T.);
#957=FACE_OUTER_BOUND('',#1236,.T.);
#958=FACE_OUTER_BOUND('',#1237,.T.);
#959=FACE_OUTER_BOUND('',#1238,.T.);
#960=FACE_OUTER_BOUND('',#1239,.T.);
#961=FACE_OUTER_BOUND('',#1240,.T.);
#962=FACE_OUTER_BOUND('',#1241,.T.);
#963=FACE_OUTER_BOUND('',#1243,.T.);
#964=FACE_OUTER_BOUND('',#1244,.T.);
#965=FACE_OUTER_BOUND('',#1245,.T.);
#966=FACE_OUTER_BOUND('',#1246,.T.);
#967=FACE_OUTER_BOUND('',#1247,.T.);
#968=FACE_OUTER_BOUND('',#1248,.T.);
#969=FACE_OUTER_BOUND('',#1249,.T.);
#970=FACE_OUTER_BOUND('',#1250,.T.);
#971=FACE_OUTER_BOUND('',#1251,.T.);
#972=FACE_OUTER_BOUND('',#1252,.T.);
#973=FACE_OUTER_BOUND('',#1253,.T.);
#974=FACE_OUTER_BOUND('',#1254,.T.);
#975=FACE_OUTER_BOUND('',#1255,.T.);
#976=FACE_OUTER_BOUND('',#1256,.T.);
#977=FACE_OUTER_BOUND('',#1257,.T.);
#978=FACE_OUTER_BOUND('',#1258,.T.);
#979=FACE_OUTER_BOUND('',#1259,.T.);
#980=FACE_OUTER_BOUND('',#1261,.T.);
#981=FACE_OUTER_BOUND('',#1262,.T.);
#982=FACE_OUTER_BOUND('',#1263,.T.);
#983=FACE_OUTER_BOUND('',#1264,.T.);
#984=FACE_OUTER_BOUND('',#1265,.T.);
#985=FACE_OUTER_BOUND('',#1266,.T.);
#986=FACE_OUTER_BOUND('',#1267,.T.);
#987=FACE_OUTER_BOUND('',#1268,.T.);
#988=FACE_OUTER_BOUND('',#1269,.T.);
#989=FACE_OUTER_BOUND('',#1270,.T.);
#990=FACE_OUTER_BOUND('',#1271,.T.);
#991=FACE_OUTER_BOUND('',#1272,.T.);
#992=FACE_OUTER_BOUND('',#1273,.T.);
#993=FACE_OUTER_BOUND('',#1274,.T.);
#994=FACE_OUTER_BOUND('',#1275,.T.);
#995=FACE_OUTER_BOUND('',#1276,.T.);
#996=FACE_OUTER_BOUND('',#1277,.T.);
#997=FACE_OUTER_BOUND('',#1278,.T.);
#998=FACE_OUTER_BOUND('',#1279,.T.);
#999=FACE_OUTER_BOUND('',#1280,.T.);
#1000=FACE_OUTER_BOUND('',#1281,.T.);
#1001=FACE_OUTER_BOUND('',#1282,.T.);
#1002=FACE_OUTER_BOUND('',#1283,.T.);
#1003=FACE_OUTER_BOUND('',#1284,.T.);
#1004=FACE_OUTER_BOUND('',#1285,.T.);
#1005=FACE_OUTER_BOUND('',#1286,.T.);
#1006=FACE_OUTER_BOUND('',#1287,.T.);
#1007=FACE_OUTER_BOUND('',#1288,.T.);
#1008=FACE_OUTER_BOUND('',#1289,.T.);
#1009=FACE_OUTER_BOUND('',#1290,.T.);
#1010=FACE_OUTER_BOUND('',#1291,.T.);
#1011=FACE_OUTER_BOUND('',#1292,.T.);
#1012=FACE_OUTER_BOUND('',#1293,.T.);
#1013=FACE_OUTER_BOUND('',#1295,.T.);
#1014=FACE_OUTER_BOUND('',#1296,.T.);
#1015=FACE_OUTER_BOUND('',#1297,.T.);
#1016=FACE_OUTER_BOUND('',#1298,.T.);
#1017=FACE_OUTER_BOUND('',#1299,.T.);
#1018=FACE_OUTER_BOUND('',#1300,.T.);
#1019=FACE_OUTER_BOUND('',#1301,.T.);
#1020=FACE_OUTER_BOUND('',#1302,.T.);
#1021=FACE_OUTER_BOUND('',#1303,.T.);
#1022=FACE_OUTER_BOUND('',#1304,.T.);
#1023=FACE_OUTER_BOUND('',#1305,.T.);
#1024=FACE_OUTER_BOUND('',#1306,.T.);
#1025=FACE_OUTER_BOUND('',#1307,.T.);
#1026=FACE_OUTER_BOUND('',#1308,.T.);
#1027=FACE_OUTER_BOUND('',#1309,.T.);
#1028=FACE_OUTER_BOUND('',#1310,.T.);
#1029=FACE_OUTER_BOUND('',#1311,.T.);
#1030=FACE_OUTER_BOUND('',#1312,.T.);
#1031=FACE_OUTER_BOUND('',#1313,.T.);
#1032=FACE_OUTER_BOUND('',#1314,.T.);
#1033=FACE_OUTER_BOUND('',#1315,.T.);
#1034=FACE_OUTER_BOUND('',#1316,.T.);
#1035=FACE_OUTER_BOUND('',#1317,.T.);
#1036=FACE_OUTER_BOUND('',#1318,.T.);
#1037=FACE_OUTER_BOUND('',#1319,.T.);
#1038=FACE_OUTER_BOUND('',#1320,.T.);
#1039=FACE_OUTER_BOUND('',#1321,.T.);
#1040=FACE_OUTER_BOUND('',#1322,.T.);
#1041=FACE_OUTER_BOUND('',#1323,.T.);
#1042=FACE_OUTER_BOUND('',#1324,.T.);
#1043=FACE_OUTER_BOUND('',#1325,.T.);
#1044=FACE_OUTER_BOUND('',#1326,.T.);
#1045=FACE_OUTER_BOUND('',#1327,.T.);
#1046=FACE_OUTER_BOUND('',#1328,.T.);
#1047=FACE_OUTER_BOUND('',#1329,.T.);
#1048=FACE_OUTER_BOUND('',#1330,.T.);
#1049=FACE_OUTER_BOUND('',#1331,.T.);
#1050=FACE_OUTER_BOUND('',#1332,.T.);
#1051=FACE_OUTER_BOUND('',#1333,.T.);
#1052=FACE_OUTER_BOUND('',#1334,.T.);
#1053=FACE_OUTER_BOUND('',#1335,.T.);
#1054=FACE_OUTER_BOUND('',#1336,.T.);
#1055=FACE_OUTER_BOUND('',#1337,.T.);
#1056=FACE_OUTER_BOUND('',#1338,.T.);
#1057=FACE_OUTER_BOUND('',#1339,.T.);
#1058=FACE_OUTER_BOUND('',#1340,.T.);
#1059=FACE_OUTER_BOUND('',#1341,.T.);
#1060=FACE_OUTER_BOUND('',#1342,.T.);
#1061=FACE_OUTER_BOUND('',#1343,.T.);
#1062=FACE_OUTER_BOUND('',#1344,.T.);
#1063=FACE_OUTER_BOUND('',#1345,.T.);
#1064=FACE_OUTER_BOUND('',#1346,.T.);
#1065=FACE_OUTER_BOUND('',#1347,.T.);
#1066=FACE_OUTER_BOUND('',#1348,.T.);
#1067=FACE_OUTER_BOUND('',#1349,.T.);
#1068=FACE_OUTER_BOUND('',#1350,.T.);
#1069=FACE_OUTER_BOUND('',#1351,.T.);
#1070=FACE_OUTER_BOUND('',#1352,.T.);
#1071=FACE_OUTER_BOUND('',#1353,.T.);
#1072=FACE_OUTER_BOUND('',#1354,.T.);
#1073=FACE_OUTER_BOUND('',#1355,.T.);
#1074=FACE_OUTER_BOUND('',#1356,.T.);
#1075=FACE_OUTER_BOUND('',#1357,.T.);
#1076=FACE_OUTER_BOUND('',#1358,.T.);
#1077=FACE_OUTER_BOUND('',#1359,.T.);
#1078=FACE_OUTER_BOUND('',#1360,.T.);
#1079=FACE_OUTER_BOUND('',#1361,.T.);
#1080=FACE_OUTER_BOUND('',#1363,.T.);
#1081=FACE_OUTER_BOUND('',#1364,.T.);
#1082=FACE_OUTER_BOUND('',#1365,.T.);
#1083=FACE_OUTER_BOUND('',#1366,.T.);
#1084=FACE_OUTER_BOUND('',#1367,.T.);
#1085=FACE_OUTER_BOUND('',#1368,.T.);
#1086=FACE_OUTER_BOUND('',#1369,.T.);
#1087=FACE_OUTER_BOUND('',#1370,.T.);
#1088=FACE_OUTER_BOUND('',#1371,.T.);
#1089=FACE_OUTER_BOUND('',#1372,.T.);
#1090=FACE_OUTER_BOUND('',#1373,.T.);
#1091=FACE_OUTER_BOUND('',#1374,.T.);
#1092=FACE_OUTER_BOUND('',#1375,.T.);
#1093=FACE_OUTER_BOUND('',#1376,.T.);
#1094=FACE_OUTER_BOUND('',#1377,.T.);
#1095=FACE_OUTER_BOUND('',#1378,.T.);
#1096=FACE_OUTER_BOUND('',#1379,.T.);
#1097=FACE_OUTER_BOUND('',#1381,.T.);
#1098=FACE_OUTER_BOUND('',#1382,.T.);
#1099=FACE_OUTER_BOUND('',#1383,.T.);
#1100=FACE_OUTER_BOUND('',#1384,.T.);
#1101=FACE_OUTER_BOUND('',#1385,.T.);
#1102=FACE_OUTER_BOUND('',#1386,.T.);
#1103=FACE_OUTER_BOUND('',#1387,.T.);
#1104=FACE_OUTER_BOUND('',#1388,.T.);
#1105=FACE_OUTER_BOUND('',#1389,.T.);
#1106=FACE_OUTER_BOUND('',#1390,.T.);
#1107=FACE_OUTER_BOUND('',#1391,.T.);
#1108=FACE_OUTER_BOUND('',#1392,.T.);
#1109=FACE_OUTER_BOUND('',#1393,.T.);
#1110=FACE_OUTER_BOUND('',#1394,.T.);
#1111=FACE_OUTER_BOUND('',#1395,.T.);
#1112=FACE_OUTER_BOUND('',#1396,.T.);
#1113=FACE_OUTER_BOUND('',#1397,.T.);
#1114=FACE_OUTER_BOUND('',#1398,.T.);
#1115=FACE_OUTER_BOUND('',#1399,.T.);
#1116=FACE_OUTER_BOUND('',#1400,.T.);
#1117=FACE_OUTER_BOUND('',#1401,.T.);
#1118=FACE_OUTER_BOUND('',#1402,.T.);
#1119=FACE_OUTER_BOUND('',#1403,.T.);
#1120=FACE_OUTER_BOUND('',#1404,.T.);
#1121=FACE_OUTER_BOUND('',#1405,.T.);
#1122=FACE_OUTER_BOUND('',#1406,.T.);
#1123=FACE_OUTER_BOUND('',#1407,.T.);
#1124=FACE_OUTER_BOUND('',#1408,.T.);
#1125=FACE_OUTER_BOUND('',#1409,.T.);
#1126=FACE_OUTER_BOUND('',#1410,.T.);
#1127=FACE_OUTER_BOUND('',#1411,.T.);
#1128=FACE_OUTER_BOUND('',#1412,.T.);
#1129=FACE_OUTER_BOUND('',#1413,.T.);
#1130=FACE_OUTER_BOUND('',#1414,.T.);
#1131=FACE_OUTER_BOUND('',#1415,.T.);
#1132=FACE_OUTER_BOUND('',#1416,.T.);
#1133=FACE_OUTER_BOUND('',#1417,.T.);
#1134=FACE_OUTER_BOUND('',#1418,.T.);
#1135=FACE_OUTER_BOUND('',#1419,.T.);
#1136=FACE_OUTER_BOUND('',#1420,.T.);
#1137=FACE_OUTER_BOUND('',#1421,.T.);
#1138=FACE_OUTER_BOUND('',#1422,.T.);
#1139=FACE_OUTER_BOUND('',#1424,.T.);
#1140=FACE_OUTER_BOUND('',#1425,.T.);
#1141=FACE_OUTER_BOUND('',#1426,.T.);
#1142=EDGE_LOOP('',(#3339,#3340,#3341,#3342));
#1143=EDGE_LOOP('',(#3343,#3344,#3345,#3346));
#1144=EDGE_LOOP('',(#3347,#3348,#3349));
#1145=EDGE_LOOP('',(#3350,#3351,#3352,#3353,#3354,#3355));
#1146=EDGE_LOOP('',(#3356,#3357,#3358,#3359));
#1147=EDGE_LOOP('',(#3360,#3361,#3362,#3363));
#1148=EDGE_LOOP('',(#3364,#3365,#3366,#3367));
#1149=EDGE_LOOP('',(#3368,#3369,#3370,#3371));
#1150=EDGE_LOOP('',(#3372,#3373,#3374,#3375));
#1151=EDGE_LOOP('',(#3376,#3377,#3378,#3379,#3380,#3381,#3382,#3383));
#1152=EDGE_LOOP('',(#3384,#3385,#3386,#3387,#3388,#3389,#3390,#3391));
#1153=EDGE_LOOP('',(#3392,#3393,#3394,#3395));
#1154=EDGE_LOOP('',(#3396,#3397,#3398,#3399));
#1155=EDGE_LOOP('',(#3400,#3401,#3402,#3403,#3404,#3405,#3406,#3407,#3408,
#3409,#3410,#3411));
#1156=EDGE_LOOP('',(#3412,#3413,#3414,#3415,#3416,#3417,#3418,#3419,#3420,
#3421,#3422,#3423));
#1157=EDGE_LOOP('',(#3424,#3425,#3426,#3427));
#1158=EDGE_LOOP('',(#3428,#3429,#3430));
#1159=EDGE_LOOP('',(#3431,#3432,#3433,#3434));
#1160=EDGE_LOOP('',(#3435,#3436,#3437,#3438));
#1161=EDGE_LOOP('',(#3439,#3440,#3441,#3442));
#1162=EDGE_LOOP('',(#3443,#3444,#3445,#3446));
#1163=EDGE_LOOP('',(#3447,#3448,#3449,#3450));
#1164=EDGE_LOOP('',(#3451,#3452,#3453,#3454));
#1165=EDGE_LOOP('',(#3455,#3456,#3457,#3458));
#1166=EDGE_LOOP('',(#3459,#3460,#3461,#3462));
#1167=EDGE_LOOP('',(#3463,#3464,#3465,#3466,#3467,#3468,#3469,#3470));
#1168=EDGE_LOOP('',(#3471,#3472,#3473,#3474,#3475,#3476,#3477,#3478));
#1169=EDGE_LOOP('',(#3479,#3480,#3481,#3482,#3483,#3484,#3485,#3486));
#1170=EDGE_LOOP('',(#3487,#3488,#3489,#3490,#3491));
#1171=EDGE_LOOP('',(#3492,#3493,#3494,#3495,#3496));
#1172=EDGE_LOOP('',(#3497,#3498,#3499,#3500,#3501,#3502,#3503,#3504));
#1173=EDGE_LOOP('',(#3505,#3506,#3507,#3508));
#1174=EDGE_LOOP('',(#3509,#3510,#3511,#3512));
#1175=EDGE_LOOP('',(#3513,#3514,#3515,#3516));
#1176=EDGE_LOOP('',(#3517,#3518,#3519,#3520,#3521));
#1177=EDGE_LOOP('',(#3522,#3523,#3524,#3525,#3526));
#1178=EDGE_LOOP('',(#3527,#3528,#3529,#3530,#3531));
#1179=EDGE_LOOP('',(#3532,#3533,#3534,#3535,#3536));
#1180=EDGE_LOOP('',(#3537,#3538,#3539,#3540,#3541,#3542));
#1181=EDGE_LOOP('',(#3543,#3544,#3545,#3546,#3547,#3548,#3549,#3550,#3551,
#3552,#3553,#3554,#3555,#3556));
#1182=EDGE_LOOP('',(#3557,#3558,#3559,#3560,#3561,#3562,#3563,#3564,#3565,
#3566,#3567,#3568));
#1183=EDGE_LOOP('',(#3569,#3570,#3571,#3572,#3573,#3574,#3575));
#1184=EDGE_LOOP('',(#3576,#3577,#3578,#3579,#3580,#3581,#3582,#3583));
#1185=EDGE_LOOP('',(#3584,#3585,#3586,#3587,#3588,#3589,#3590,#3591,#3592,
#3593,#3594,#3595));
#1186=EDGE_LOOP('',(#3596,#3597,#3598,#3599,#3600,#3601,#3602,#3603,#3604,
#3605,#3606,#3607,#3608));
#1187=EDGE_LOOP('',(#3609,#3610,#3611,#3612,#3613,#3614,#3615,#3616,#3617,
#3618,#3619,#3620,#3621,#3622,#3623,#3624,#3625,#3626,#3627,#3628,#3629));
#1188=EDGE_LOOP('',(#3630,#3631,#3632,#3633,#3634,#3635,#3636,#3637,#3638,
#3639,#3640,#3641,#3642,#3643));
#1189=EDGE_LOOP('',(#3644,#3645,#3646,#3647,#3648,#3649,#3650,#3651,#3652,
#3653,#3654,#3655));
#1190=EDGE_LOOP('',(#3656,#3657,#3658,#3659,#3660,#3661,#3662));
#1191=EDGE_LOOP('',(#3663,#3664,#3665,#3666,#3667,#3668,#3669,#3670));
#1192=EDGE_LOOP('',(#3671,#3672,#3673,#3674,#3675,#3676,#3677,#3678,#3679,
#3680,#3681,#3682,#3683,#3684,#3685,#3686,#3687,#3688,#3689,#3690,#3691,
#3692,#3693,#3694,#3695,#3696,#3697,#3698,#3699,#3700,#3701,#3702,#3703));
#1193=EDGE_LOOP('',(#3704));
#1194=EDGE_LOOP('',(#3705));
#1195=EDGE_LOOP('',(#3706));
#1196=EDGE_LOOP('',(#3707));
#1197=EDGE_LOOP('',(#3708));
#1198=EDGE_LOOP('',(#3709));
#1199=EDGE_LOOP('',(#3710,#3711,#3712,#3713));
#1200=EDGE_LOOP('',(#3714,#3715,#3716,#3717));
#1201=EDGE_LOOP('',(#3718,#3719,#3720,#3721));
#1202=EDGE_LOOP('',(#3722,#3723,#3724,#3725));
#1203=EDGE_LOOP('',(#3726,#3727,#3728,#3729));
#1204=EDGE_LOOP('',(#3730,#3731,#3732,#3733));
#1205=EDGE_LOOP('',(#3734,#3735,#3736,#3737,#3738,#3739));
#1206=EDGE_LOOP('',(#3740,#3741,#3742,#3743));
#1207=EDGE_LOOP('',(#3744,#3745,#3746,#3747));
#1208=EDGE_LOOP('',(#3748,#3749,#3750,#3751));
#1209=EDGE_LOOP('',(#3752,#3753,#3754,#3755));
#1210=EDGE_LOOP('',(#3756,#3757,#3758,#3759));
#1211=EDGE_LOOP('',(#3760,#3761,#3762,#3763));
#1212=EDGE_LOOP('',(#3764,#3765,#3766,#3767));
#1213=EDGE_LOOP('',(#3768,#3769,#3770,#3771));
#1214=EDGE_LOOP('',(#3772,#3773,#3774,#3775));
#1215=EDGE_LOOP('',(#3776,#3777,#3778,#3779));
#1216=EDGE_LOOP('',(#3780,#3781,#3782,#3783));
#1217=EDGE_LOOP('',(#3784,#3785,#3786,#3787));
#1218=EDGE_LOOP('',(#3788,#3789,#3790,#3791));
#1219=EDGE_LOOP('',(#3792,#3793,#3794,#3795));
#1220=EDGE_LOOP('',(#3796,#3797,#3798,#3799,#3800,#3801,#3802,#3803,#3804,
#3805,#3806,#3807,#3808,#3809));
#1221=EDGE_LOOP('',(#3810,#3811,#3812,#3813));
#1222=EDGE_LOOP('',(#3814,#3815,#3816,#3817));
#1223=EDGE_LOOP('',(#3818,#3819,#3820,#3821));
#1224=EDGE_LOOP('',(#3822,#3823,#3824,#3825));
#1225=EDGE_LOOP('',(#3826,#3827,#3828,#3829));
#1226=EDGE_LOOP('',(#3830,#3831,#3832,#3833));
#1227=EDGE_LOOP('',(#3834,#3835,#3836,#3837));
#1228=EDGE_LOOP('',(#3838,#3839,#3840,#3841));
#1229=EDGE_LOOP('',(#3842,#3843,#3844,#3845));
#1230=EDGE_LOOP('',(#3846,#3847,#3848,#3849));
#1231=EDGE_LOOP('',(#3850,#3851,#3852,#3853));
#1232=EDGE_LOOP('',(#3854,#3855,#3856,#3857));
#1233=EDGE_LOOP('',(#3858,#3859,#3860,#3861,#3862,#3863,#3864,#3865,#3866,
#3867,#3868,#3869));
#1234=EDGE_LOOP('',(#3870,#3871,#3872,#3873));
#1235=EDGE_LOOP('',(#3874,#3875,#3876,#3877));
#1236=EDGE_LOOP('',(#3878,#3879,#3880,#3881));
#1237=EDGE_LOOP('',(#3882,#3883,#3884,#3885));
#1238=EDGE_LOOP('',(#3886,#3887,#3888,#3889));
#1239=EDGE_LOOP('',(#3890,#3891,#3892,#3893));
#1240=EDGE_LOOP('',(#3894,#3895,#3896,#3897));
#1241=EDGE_LOOP('',(#3898,#3899,#3900,#3901,#3902,#3903,#3904));
#1242=EDGE_LOOP('',(#3905,#3906,#3907,#3908,#3909,#3910,#3911));
#1243=EDGE_LOOP('',(#3912,#3913,#3914,#3915));
#1244=EDGE_LOOP('',(#3916,#3917,#3918,#3919));
#1245=EDGE_LOOP('',(#3920,#3921,#3922,#3923));
#1246=EDGE_LOOP('',(#3924,#3925,#3926,#3927));
#1247=EDGE_LOOP('',(#3928,#3929,#3930,#3931));
#1248=EDGE_LOOP('',(#3932,#3933,#3934,#3935));
#1249=EDGE_LOOP('',(#3936,#3937,#3938,#3939));
#1250=EDGE_LOOP('',(#3940,#3941,#3942,#3943,#3944,#3945,#3946));
#1251=EDGE_LOOP('',(#3947,#3948,#3949,#3950));
#1252=EDGE_LOOP('',(#3951,#3952,#3953,#3954));
#1253=EDGE_LOOP('',(#3955,#3956,#3957,#3958));
#1254=EDGE_LOOP('',(#3959,#3960,#3961,#3962));
#1255=EDGE_LOOP('',(#3963,#3964,#3965,#3966));
#1256=EDGE_LOOP('',(#3967,#3968,#3969,#3970));
#1257=EDGE_LOOP('',(#3971,#3972,#3973,#3974));
#1258=EDGE_LOOP('',(#3975,#3976,#3977,#3978));
#1259=EDGE_LOOP('',(#3979,#3980,#3981,#3982,#3983,#3984,#3985,#3986));
#1260=EDGE_LOOP('',(#3987,#3988,#3989,#3990,#3991));
#1261=EDGE_LOOP('',(#3992,#3993,#3994,#3995));
#1262=EDGE_LOOP('',(#3996,#3997,#3998,#3999));
#1263=EDGE_LOOP('',(#4000,#4001,#4002,#4003));
#1264=EDGE_LOOP('',(#4004,#4005,#4006,#4007));
#1265=EDGE_LOOP('',(#4008,#4009,#4010,#4011));
#1266=EDGE_LOOP('',(#4012,#4013,#4014,#4015,#4016));
#1267=EDGE_LOOP('',(#4017,#4018,#4019,#4020));
#1268=EDGE_LOOP('',(#4021,#4022,#4023,#4024));
#1269=EDGE_LOOP('',(#4025,#4026,#4027,#4028));
#1270=EDGE_LOOP('',(#4029,#4030,#4031,#4032));
#1271=EDGE_LOOP('',(#4033,#4034,#4035,#4036));
#1272=EDGE_LOOP('',(#4037,#4038,#4039,#4040));
#1273=EDGE_LOOP('',(#4041,#4042,#4043,#4044));
#1274=EDGE_LOOP('',(#4045,#4046,#4047,#4048));
#1275=EDGE_LOOP('',(#4049,#4050,#4051,#4052));
#1276=EDGE_LOOP('',(#4053,#4054,#4055,#4056));
#1277=EDGE_LOOP('',(#4057,#4058,#4059,#4060));
#1278=EDGE_LOOP('',(#4061,#4062,#4063,#4064));
#1279=EDGE_LOOP('',(#4065,#4066,#4067,#4068,#4069,#4070,#4071,#4072,#4073,
#4074,#4075,#4076));
#1280=EDGE_LOOP('',(#4077,#4078,#4079,#4080));
#1281=EDGE_LOOP('',(#4081,#4082,#4083,#4084));
#1282=EDGE_LOOP('',(#4085,#4086,#4087,#4088));
#1283=EDGE_LOOP('',(#4089,#4090,#4091,#4092));
#1284=EDGE_LOOP('',(#4093,#4094,#4095,#4096));
#1285=EDGE_LOOP('',(#4097,#4098,#4099,#4100));
#1286=EDGE_LOOP('',(#4101,#4102,#4103,#4104));
#1287=EDGE_LOOP('',(#4105,#4106,#4107,#4108));
#1288=EDGE_LOOP('',(#4109,#4110,#4111,#4112));
#1289=EDGE_LOOP('',(#4113,#4114,#4115,#4116));
#1290=EDGE_LOOP('',(#4117,#4118,#4119,#4120));
#1291=EDGE_LOOP('',(#4121,#4122,#4123,#4124));
#1292=EDGE_LOOP('',(#4125,#4126,#4127,#4128));
#1293=EDGE_LOOP('',(#4129,#4130,#4131,#4132,#4133,#4134,#4135,#4136,#4137,
#4138,#4139,#4140,#4141));
#1294=EDGE_LOOP('',(#4142,#4143,#4144,#4145,#4146,#4147,#4148,#4149));
#1295=EDGE_LOOP('',(#4150,#4151,#4152,#4153));
#1296=EDGE_LOOP('',(#4154,#4155,#4156,#4157));
#1297=EDGE_LOOP('',(#4158,#4159,#4160,#4161));
#1298=EDGE_LOOP('',(#4162,#4163,#4164,#4165));
#1299=EDGE_LOOP('',(#4166,#4167,#4168,#4169));
#1300=EDGE_LOOP('',(#4170,#4171,#4172,#4173));
#1301=EDGE_LOOP('',(#4174,#4175,#4176,#4177));
#1302=EDGE_LOOP('',(#4178,#4179,#4180,#4181));
#1303=EDGE_LOOP('',(#4182,#4183,#4184,#4185,#4186,#4187,#4188,#4189));
#1304=EDGE_LOOP('',(#4190,#4191,#4192,#4193));
#1305=EDGE_LOOP('',(#4194,#4195,#4196,#4197));
#1306=EDGE_LOOP('',(#4198,#4199,#4200,#4201));
#1307=EDGE_LOOP('',(#4202,#4203,#4204,#4205));
#1308=EDGE_LOOP('',(#4206,#4207,#4208,#4209));
#1309=EDGE_LOOP('',(#4210,#4211,#4212,#4213));
#1310=EDGE_LOOP('',(#4214,#4215,#4216,#4217));
#1311=EDGE_LOOP('',(#4218,#4219,#4220,#4221));
#1312=EDGE_LOOP('',(#4222,#4223,#4224,#4225));
#1313=EDGE_LOOP('',(#4226,#4227,#4228,#4229));
#1314=EDGE_LOOP('',(#4230,#4231,#4232,#4233));
#1315=EDGE_LOOP('',(#4234,#4235,#4236,#4237));
#1316=EDGE_LOOP('',(#4238,#4239,#4240,#4241));
#1317=EDGE_LOOP('',(#4242,#4243,#4244,#4245));
#1318=EDGE_LOOP('',(#4246,#4247,#4248,#4249));
#1319=EDGE_LOOP('',(#4250,#4251,#4252,#4253));
#1320=EDGE_LOOP('',(#4254,#4255,#4256,#4257));
#1321=EDGE_LOOP('',(#4258,#4259,#4260,#4261));
#1322=EDGE_LOOP('',(#4262,#4263,#4264,#4265));
#1323=EDGE_LOOP('',(#4266,#4267,#4268,#4269));
#1324=EDGE_LOOP('',(#4270,#4271,#4272,#4273));
#1325=EDGE_LOOP('',(#4274,#4275,#4276,#4277,#4278,#4279,#4280,#4281,#4282,
#4283,#4284,#4285,#4286,#4287,#4288,#4289,#4290,#4291,#4292,#4293,#4294));
#1326=EDGE_LOOP('',(#4295,#4296,#4297,#4298));
#1327=EDGE_LOOP('',(#4299,#4300,#4301,#4302));
#1328=EDGE_LOOP('',(#4303,#4304,#4305,#4306));
#1329=EDGE_LOOP('',(#4307,#4308,#4309,#4310));
#1330=EDGE_LOOP('',(#4311,#4312,#4313,#4314));
#1331=EDGE_LOOP('',(#4315,#4316,#4317,#4318));
#1332=EDGE_LOOP('',(#4319,#4320,#4321,#4322));
#1333=EDGE_LOOP('',(#4323,#4324,#4325,#4326));
#1334=EDGE_LOOP('',(#4327,#4328,#4329,#4330));
#1335=EDGE_LOOP('',(#4331,#4332,#4333,#4334));
#1336=EDGE_LOOP('',(#4335,#4336,#4337,#4338));
#1337=EDGE_LOOP('',(#4339,#4340,#4341,#4342));
#1338=EDGE_LOOP('',(#4343,#4344,#4345,#4346));
#1339=EDGE_LOOP('',(#4347,#4348,#4349,#4350));
#1340=EDGE_LOOP('',(#4351,#4352,#4353,#4354,#4355,#4356,#4357,#4358,#4359,
#4360,#4361,#4362,#4363,#4364));
#1341=EDGE_LOOP('',(#4365,#4366,#4367,#4368));
#1342=EDGE_LOOP('',(#4369,#4370,#4371,#4372));
#1343=EDGE_LOOP('',(#4373,#4374,#4375,#4376));
#1344=EDGE_LOOP('',(#4377,#4378,#4379,#4380));
#1345=EDGE_LOOP('',(#4381,#4382,#4383,#4384));
#1346=EDGE_LOOP('',(#4385,#4386,#4387,#4388));
#1347=EDGE_LOOP('',(#4389,#4390,#4391,#4392));
#1348=EDGE_LOOP('',(#4393,#4394,#4395,#4396));
#1349=EDGE_LOOP('',(#4397,#4398,#4399,#4400));
#1350=EDGE_LOOP('',(#4401,#4402,#4403,#4404));
#1351=EDGE_LOOP('',(#4405,#4406,#4407,#4408));
#1352=EDGE_LOOP('',(#4409,#4410,#4411,#4412));
#1353=EDGE_LOOP('',(#4413,#4414,#4415,#4416,#4417,#4418,#4419,#4420,#4421,
#4422,#4423,#4424));
#1354=EDGE_LOOP('',(#4425,#4426,#4427,#4428));
#1355=EDGE_LOOP('',(#4429,#4430,#4431,#4432));
#1356=EDGE_LOOP('',(#4433,#4434,#4435,#4436));
#1357=EDGE_LOOP('',(#4437,#4438,#4439,#4440));
#1358=EDGE_LOOP('',(#4441,#4442,#4443,#4444));
#1359=EDGE_LOOP('',(#4445,#4446,#4447,#4448));
#1360=EDGE_LOOP('',(#4449,#4450,#4451,#4452));
#1361=EDGE_LOOP('',(#4453,#4454,#4455,#4456,#4457,#4458,#4459));
#1362=EDGE_LOOP('',(#4460,#4461,#4462,#4463,#4464,#4465,#4466));
#1363=EDGE_LOOP('',(#4467,#4468,#4469,#4470));
#1364=EDGE_LOOP('',(#4471,#4472,#4473,#4474));
#1365=EDGE_LOOP('',(#4475,#4476,#4477,#4478));
#1366=EDGE_LOOP('',(#4479,#4480,#4481,#4482));
#1367=EDGE_LOOP('',(#4483,#4484,#4485,#4486));
#1368=EDGE_LOOP('',(#4487,#4488,#4489,#4490));
#1369=EDGE_LOOP('',(#4491,#4492,#4493,#4494));
#1370=EDGE_LOOP('',(#4495,#4496,#4497,#4498,#4499,#4500,#4501));
#1371=EDGE_LOOP('',(#4502,#4503,#4504,#4505));
#1372=EDGE_LOOP('',(#4506,#4507,#4508,#4509));
#1373=EDGE_LOOP('',(#4510,#4511,#4512,#4513));
#1374=EDGE_LOOP('',(#4514,#4515,#4516,#4517));
#1375=EDGE_LOOP('',(#4518,#4519,#4520,#4521));
#1376=EDGE_LOOP('',(#4522,#4523,#4524,#4525));
#1377=EDGE_LOOP('',(#4526,#4527,#4528,#4529));
#1378=EDGE_LOOP('',(#4530,#4531,#4532,#4533));
#1379=EDGE_LOOP('',(#4534,#4535,#4536,#4537,#4538,#4539,#4540,#4541));
#1380=EDGE_LOOP('',(#4542,#4543,#4544,#4545,#4546));
#1381=EDGE_LOOP('',(#4547,#4548,#4549,#4550));
#1382=EDGE_LOOP('',(#4551,#4552,#4553,#4554));
#1383=EDGE_LOOP('',(#4555,#4556,#4557,#4558));
#1384=EDGE_LOOP('',(#4559,#4560,#4561,#4562));
#1385=EDGE_LOOP('',(#4563,#4564,#4565,#4566));
#1386=EDGE_LOOP('',(#4567,#4568,#4569,#4570,#4571));
#1387=EDGE_LOOP('',(#4572,#4573,#4574,#4575));
#1388=EDGE_LOOP('',(#4576,#4577,#4578,#4579));
#1389=EDGE_LOOP('',(#4580,#4581,#4582,#4583));
#1390=EDGE_LOOP('',(#4584,#4585,#4586,#4587));
#1391=EDGE_LOOP('',(#4588,#4589,#4590,#4591));
#1392=EDGE_LOOP('',(#4592,#4593,#4594,#4595));
#1393=EDGE_LOOP('',(#4596,#4597,#4598,#4599));
#1394=EDGE_LOOP('',(#4600,#4601,#4602,#4603));
#1395=EDGE_LOOP('',(#4604,#4605,#4606,#4607));
#1396=EDGE_LOOP('',(#4608,#4609,#4610,#4611));
#1397=EDGE_LOOP('',(#4612,#4613,#4614,#4615));
#1398=EDGE_LOOP('',(#4616,#4617,#4618,#4619));
#1399=EDGE_LOOP('',(#4620,#4621,#4622,#4623));
#1400=EDGE_LOOP('',(#4624,#4625,#4626,#4627));
#1401=EDGE_LOOP('',(#4628,#4629,#4630,#4631));
#1402=EDGE_LOOP('',(#4632,#4633,#4634,#4635));
#1403=EDGE_LOOP('',(#4636,#4637,#4638,#4639));
#1404=EDGE_LOOP('',(#4640,#4641,#4642,#4643));
#1405=EDGE_LOOP('',(#4644,#4645,#4646,#4647));
#1406=EDGE_LOOP('',(#4648,#4649,#4650,#4651));
#1407=EDGE_LOOP('',(#4652,#4653,#4654,#4655));
#1408=EDGE_LOOP('',(#4656,#4657,#4658,#4659));
#1409=EDGE_LOOP('',(#4660,#4661,#4662,#4663));
#1410=EDGE_LOOP('',(#4664,#4665,#4666,#4667));
#1411=EDGE_LOOP('',(#4668,#4669,#4670,#4671));
#1412=EDGE_LOOP('',(#4672,#4673,#4674,#4675));
#1413=EDGE_LOOP('',(#4676,#4677,#4678,#4679));
#1414=EDGE_LOOP('',(#4680,#4681,#4682,#4683));
#1415=EDGE_LOOP('',(#4684,#4685,#4686,#4687));
#1416=EDGE_LOOP('',(#4688,#4689,#4690));
#1417=EDGE_LOOP('',(#4691,#4692,#4693));
#1418=EDGE_LOOP('',(#4694,#4695,#4696,#4697));
#1419=EDGE_LOOP('',(#4698,#4699,#4700,#4701));
#1420=EDGE_LOOP('',(#4702,#4703,#4704,#4705));
#1421=EDGE_LOOP('',(#4706,#4707,#4708,#4709));
#1422=EDGE_LOOP('',(#4710,#4711,#4712,#4713,#4714,#4715,#4716,#4717,#4718,
#4719,#4720,#4721,#4722,#4723,#4724,#4725,#4726,#4727,#4728,#4729,#4730,
#4731,#4732,#4733,#4734,#4735,#4736,#4737,#4738,#4739,#4740,#4741,#4742,
#4743,#4744));
#1423=EDGE_LOOP('',(#4745,#4746));
#1424=EDGE_LOOP('',(#4747,#4748,#4749,#4750));
#1425=EDGE_LOOP('',(#4751,#4752,#4753,#4754));
#1426=EDGE_LOOP('',(#4755,#4756));
#1427=CIRCLE('',#5069,0.2);
#1428=CIRCLE('',#5070,0.2);
#1429=CIRCLE('',#5073,0.000999999999);
#1430=CIRCLE('',#5077,0.100999999999);
#1431=CIRCLE('',#5093,0.000999999999);
#1432=CIRCLE('',#5103,0.2);
#1433=CIRCLE('',#5104,0.2);
#1434=CIRCLE('',#5106,0.2);
#1435=CIRCLE('',#5107,0.2);
#1436=CIRCLE('',#5115,0.215348177318);
#1437=CIRCLE('',#5116,0.215348177318);
#1438=CIRCLE('',#5118,1.7);
#1439=CIRCLE('',#5119,0.299999999999);
#1440=CIRCLE('',#5120,2.);
#1441=CIRCLE('',#5121,2.);
#1442=CIRCLE('',#5123,2.1);
#1443=CIRCLE('',#5124,0.299999999999);
#1444=CIRCLE('',#5125,2.399999999999);
#1445=CIRCLE('',#5126,2.399999999999);
#1446=CIRCLE('',#5128,2.);
#1447=CIRCLE('',#5130,2.399999999999);
#1448=LINE('',#6512,#1803);
#1449=LINE('',#6516,#1804);
#1450=LINE('',#6521,#1805);
#1451=LINE('',#6523,#1806);
#1452=LINE('',#6525,#1807);
#1453=LINE('',#6526,#1808);
#1454=LINE('',#6532,#1809);
#1455=LINE('',#6533,#1810);
#1456=LINE('',#6537,#1811);
#1457=LINE('',#6543,#1812);
#1458=LINE('',#6547,#1813);
#1459=LINE('',#6551,#1814);
#1460=LINE('',#6560,#1815);
#1461=LINE('',#6566,#1816);
#1462=LINE('',#6567,#1817);
#1463=LINE('',#6569,#1818);
#1464=LINE('',#6570,#1819);
#1465=LINE('',#6573,#1820);
#1466=LINE('',#6574,#1821);
#1467=LINE('',#6575,#1822);
#1468=LINE('',#6578,#1823);
#1469=LINE('',#6580,#1824);
#1470=LINE('',#6582,#1825);
#1471=LINE('',#6584,#1826);
#1472=LINE('',#6585,#1827);
#1473=LINE('',#6588,#1828);
#1474=LINE('',#6590,#1829);
#1475=LINE('',#6592,#1830);
#1476=LINE('',#6594,#1831);
#1477=LINE('',#6596,#1832);
#1478=LINE('',#6598,#1833);
#1479=LINE('',#6599,#1834);
#1480=LINE('',#6601,#1835);
#1481=LINE('',#6602,#1836);
#1482=LINE('',#6604,#1837);
#1483=LINE('',#6607,#1838);
#1484=LINE('',#6608,#1839);
#1485=LINE('',#6616,#1840);
#1486=LINE('',#6618,#1841);
#1487=LINE('',#6620,#1842);
#1488=LINE('',#6621,#1843);
#1489=LINE('',#6624,#1844);
#1490=LINE('',#6626,#1845);
#1491=LINE('',#6627,#1846);
#1492=LINE('',#6630,#1847);
#1493=LINE('',#6632,#1848);
#1494=LINE('',#6633,#1849);
#1495=LINE('',#6636,#1850);
#1496=LINE('',#6638,#1851);
#1497=LINE('',#6639,#1852);
#1498=LINE('',#6642,#1853);
#1499=LINE('',#6644,#1854);
#1500=LINE('',#6645,#1855);
#1501=LINE('',#6649,#1856);
#1502=LINE('',#6651,#1857);
#1503=LINE('',#6653,#1858);
#1504=LINE('',#6654,#1859);
#1505=LINE('',#6657,#1860);
#1506=LINE('',#6659,#1861);
#1507=LINE('',#6660,#1862);
#1508=LINE('',#6663,#1863);
#1509=LINE('',#6666,#1864);
#1510=LINE('',#6668,#1865);
#1511=LINE('',#6671,#1866);
#1512=LINE('',#6674,#1867);
#1513=LINE('',#6677,#1868);
#1514=LINE('',#6679,#1869);
#1515=LINE('',#6682,#1870);
#1516=LINE('',#6684,#1871);
#1517=LINE('',#6686,#1872);
#1518=LINE('',#6688,#1873);
#1519=LINE('',#6690,#1874);
#1520=LINE('',#6697,#1875);
#1521=LINE('',#6718,#1876);
#1522=LINE('',#6722,#1877);
#1523=LINE('',#6727,#1878);
#1524=LINE('',#6731,#1879);
#1525=LINE('',#6734,#1880);
#1526=LINE('',#6746,#1881);
#1527=LINE('',#6785,#1882);
#1528=LINE('',#6810,#1883);
#1529=LINE('',#6814,#1884);
#1530=LINE('',#6818,#1885);
#1531=LINE('',#6822,#1886);
#1532=LINE('',#6826,#1887);
#1533=LINE('',#6829,#1888);
#1534=LINE('',#6859,#1889);
#1535=LINE('',#6898,#1890);
#1536=LINE('',#6902,#1891);
#1537=LINE('',#6906,#1892);
#1538=LINE('',#6910,#1893);
#1539=LINE('',#6914,#1894);
#1540=LINE('',#6917,#1895);
#1541=LINE('',#6935,#1896);
#1542=LINE('',#6944,#1897);
#1543=LINE('',#6948,#1898);
#1544=LINE('',#6985,#1899);
#1545=LINE('',#7017,#1900);
#1546=LINE('',#7071,#1901);
#1547=LINE('',#7086,#1902);
#1548=LINE('',#7096,#1903);
#1549=LINE('',#7100,#1904);
#1550=LINE('',#7104,#1905);
#1551=LINE('',#7108,#1906);
#1552=LINE('',#7112,#1907);
#1553=LINE('',#7115,#1908);
#1554=LINE('',#7145,#1909);
#1555=LINE('',#7243,#1910);
#1556=LINE('',#7257,#1911);
#1557=LINE('',#7309,#1912);
#1558=LINE('',#7355,#1913);
#1559=LINE('',#7357,#1914);
#1560=LINE('',#7358,#1915);
#1561=LINE('',#7361,#1916);
#1562=LINE('',#7365,#1917);
#1563=LINE('',#7366,#1918);
#1564=LINE('',#7369,#1919);
#1565=LINE('',#7373,#1920);
#1566=LINE('',#7374,#1921);
#1567=LINE('',#7387,#1922);
#1568=LINE('',#7389,#1923);
#1569=LINE('',#7400,#1924);
#1570=LINE('',#7416,#1925);
#1571=LINE('',#7432,#1926);
#1572=LINE('',#7446,#1927);
#1573=LINE('',#7462,#1928);
#1574=LINE('',#7466,#1929);
#1575=LINE('',#7467,#1930);
#1576=LINE('',#7477,#1931);
#1577=LINE('',#7488,#1932);
#1578=LINE('',#7504,#1933);
#1579=LINE('',#7520,#1934);
#1580=LINE('',#7536,#1935);
#1581=LINE('',#7552,#1936);
#1582=LINE('',#7560,#1937);
#1583=LINE('',#7564,#1938);
#1584=LINE('',#7566,#1939);
#1585=LINE('',#7567,#1940);
#1586=LINE('',#7570,#1941);
#1587=LINE('',#7574,#1942);
#1588=LINE('',#7575,#1943);
#1589=LINE('',#7578,#1944);
#1590=LINE('',#7582,#1945);
#1591=LINE('',#7583,#1946);
#1592=LINE('',#7586,#1947);
#1593=LINE('',#7590,#1948);
#1594=LINE('',#7591,#1949);
#1595=LINE('',#7594,#1950);
#1596=LINE('',#7598,#1951);
#1597=LINE('',#7599,#1952);
#1598=LINE('',#7602,#1953);
#1599=LINE('',#7606,#1954);
#1600=LINE('',#7607,#1955);
#1601=LINE('',#7620,#1956);
#1602=LINE('',#7622,#1957);
#1603=LINE('',#7638,#1958);
#1604=LINE('',#7656,#1959);
#1605=LINE('',#7665,#1960);
#1606=LINE('',#7669,#1961);
#1607=LINE('',#7670,#1962);
#1608=LINE('',#7673,#1963);
#1609=LINE('',#7701,#1964);
#1610=LINE('',#7726,#1965);
#1611=LINE('',#7728,#1966);
#1612=LINE('',#7739,#1967);
#1613=LINE('',#7755,#1968);
#1614=LINE('',#7769,#1969);
#1615=LINE('',#7783,#1970);
#1616=LINE('',#7792,#1971);
#1617=LINE('',#7795,#1972);
#1618=LINE('',#7806,#1973);
#1619=LINE('',#7808,#1974);
#1620=LINE('',#7812,#1975);
#1621=LINE('',#7823,#1976);
#1622=LINE('',#7832,#1977);
#1623=LINE('',#7843,#1978);
#1624=LINE('',#7852,#1979);
#1625=LINE('',#7863,#1980);
#1626=LINE('',#7880,#1981);
#1627=LINE('',#7882,#1982);
#1628=LINE('',#7886,#1983);
#1629=LINE('',#7897,#1984);
#1630=LINE('',#7901,#1985);
#1631=LINE('',#7915,#1986);
#1632=LINE('',#7917,#1987);
#1633=LINE('',#7918,#1988);
#1634=LINE('',#7921,#1989);
#1635=LINE('',#7925,#1990);
#1636=LINE('',#7926,#1991);
#1637=LINE('',#7929,#1992);
#1638=LINE('',#7933,#1993);
#1639=LINE('',#7934,#1994);
#1640=LINE('',#7937,#1995);
#1641=LINE('',#7941,#1996);
#1642=LINE('',#7942,#1997);
#1643=LINE('',#7945,#1998);
#1644=LINE('',#7949,#1999);
#1645=LINE('',#7950,#2000);
#1646=LINE('',#7953,#2001);
#1647=LINE('',#7957,#2002);
#1648=LINE('',#7958,#2003);
#1649=LINE('',#7971,#2004);
#1650=LINE('',#7973,#2005);
#1651=LINE('',#7984,#2006);
#1652=LINE('',#8006,#2007);
#1653=LINE('',#8017,#2008);
#1654=LINE('',#8037,#2009);
#1655=LINE('',#8051,#2010);
#1656=LINE('',#8078,#2011);
#1657=LINE('',#8079,#2012);
#1658=LINE('',#8082,#2013);
#1659=LINE('',#8086,#2014);
#1660=LINE('',#8087,#2015);
#1661=LINE('',#8097,#2016);
#1662=LINE('',#8119,#2017);
#1663=LINE('',#8122,#2018);
#1664=LINE('',#8145,#2019);
#1665=LINE('',#8164,#2020);
#1666=LINE('',#8166,#2021);
#1667=LINE('',#8180,#2022);
#1668=LINE('',#8194,#2023);
#1669=LINE('',#8208,#2024);
#1670=LINE('',#8215,#2025);
#1671=LINE('',#8216,#2026);
#1672=LINE('',#8219,#2027);
#1673=LINE('',#8230,#2028);
#1674=LINE('',#8254,#2029);
#1675=LINE('',#8256,#2030);
#1676=LINE('',#8267,#2031);
#1677=LINE('',#8278,#2032);
#1678=LINE('',#8301,#2033);
#1679=LINE('',#8315,#2034);
#1680=LINE('',#8326,#2035);
#1681=LINE('',#8337,#2036);
#1682=LINE('',#8351,#2037);
#1683=LINE('',#8365,#2038);
#1684=LINE('',#8379,#2039);
#1685=LINE('',#8383,#2040);
#1686=LINE('',#8384,#2041);
#1687=LINE('',#8394,#2042);
#1688=LINE('',#8405,#2043);
#1689=LINE('',#8416,#2044);
#1690=LINE('',#8439,#2045);
#1691=LINE('',#8453,#2046);
#1692=LINE('',#8464,#2047);
#1693=LINE('',#8475,#2048);
#1694=LINE('',#8489,#2049);
#1695=LINE('',#8512,#2050);
#1696=LINE('',#8515,#2051);
#1697=LINE('',#8519,#2052);
#1698=LINE('',#8521,#2053);
#1699=LINE('',#8525,#2054);
#1700=LINE('',#8536,#2055);
#1701=LINE('',#8540,#2056);
#1702=LINE('',#8551,#2057);
#1703=LINE('',#8562,#2058);
#1704=LINE('',#8563,#2059);
#1705=LINE('',#8573,#2060);
#1706=LINE('',#8586,#2061);
#1707=LINE('',#8590,#2062);
#1708=LINE('',#8591,#2063);
#1709=LINE('',#8594,#2064);
#1710=LINE('',#8605,#2065);
#1711=LINE('',#8637,#2066);
#1712=LINE('',#8641,#2067);
#1713=LINE('',#8655,#2068);
#1714=LINE('',#8657,#2069);
#1715=LINE('',#8658,#2070);
#1716=LINE('',#8661,#2071);
#1717=LINE('',#8665,#2072);
#1718=LINE('',#8666,#2073);
#1719=LINE('',#8669,#2074);
#1720=LINE('',#8673,#2075);
#1721=LINE('',#8674,#2076);
#1722=LINE('',#8677,#2077);
#1723=LINE('',#8681,#2078);
#1724=LINE('',#8682,#2079);
#1725=LINE('',#8685,#2080);
#1726=LINE('',#8689,#2081);
#1727=LINE('',#8690,#2082);
#1728=LINE('',#8693,#2083);
#1729=LINE('',#8697,#2084);
#1730=LINE('',#8698,#2085);
#1731=LINE('',#8711,#2086);
#1732=LINE('',#8713,#2087);
#1733=LINE('',#8729,#2088);
#1734=LINE('',#8747,#2089);
#1735=LINE('',#8756,#2090);
#1736=LINE('',#8760,#2091);
#1737=LINE('',#8761,#2092);
#1738=LINE('',#8764,#2093);
#1739=LINE('',#8792,#2094);
#1740=LINE('',#8817,#2095);
#1741=LINE('',#8819,#2096);
#1742=LINE('',#8830,#2097);
#1743=LINE('',#8846,#2098);
#1744=LINE('',#8860,#2099);
#1745=LINE('',#8874,#2100);
#1746=LINE('',#8883,#2101);
#1747=LINE('',#8886,#2102);
#1748=LINE('',#8897,#2103);
#1749=LINE('',#8899,#2104);
#1750=LINE('',#8903,#2105);
#1751=LINE('',#8914,#2106);
#1752=LINE('',#8923,#2107);
#1753=LINE('',#8934,#2108);
#1754=LINE('',#8943,#2109);
#1755=LINE('',#8954,#2110);
#1756=LINE('',#8971,#2111);
#1757=LINE('',#8973,#2112);
#1758=LINE('',#8977,#2113);
#1759=LINE('',#8988,#2114);
#1760=LINE('',#8992,#2115);
#1761=LINE('',#9013,#2116);
#1762=LINE('',#9015,#2117);
#1763=LINE('',#9029,#2118);
#1764=LINE('',#9043,#2119);
#1765=LINE('',#9047,#2120);
#1766=LINE('',#9058,#2121);
#1767=LINE('',#9072,#2122);
#1768=LINE('',#9088,#2123);
#1769=LINE('',#9105,#2124);
#1770=LINE('',#9119,#2125);
#1771=LINE('',#9139,#2126);
#1772=LINE('',#9152,#2127);
#1773=LINE('',#9153,#2128);
#1774=LINE('',#9163,#2129);
#1775=LINE('',#9174,#2130);
#1776=LINE('',#9185,#2131);
#1777=LINE('',#9196,#2132);
#1778=LINE('',#9213,#2133);
#1779=LINE('',#9233,#2134);
#1780=LINE('',#9253,#2135);
#1781=LINE('',#9273,#2136);
#1782=LINE('',#9284,#2137);
#1783=LINE('',#9308,#2138);
#1784=LINE('',#9321,#2139);
#1785=LINE('',#9322,#2140);
#1786=LINE('',#9332,#2141);
#1787=LINE('',#9352,#2142);
#1788=LINE('',#9365,#2143);
#1789=LINE('',#9369,#2144);
#1790=LINE('',#9370,#2145);
#1791=LINE('',#9380,#2146);
#1792=LINE('',#9397,#2147);
#1793=LINE('',#9407,#2148);
#1794=LINE('',#9411,#2149);
#1795=LINE('',#9412,#2150);
#1796=LINE('',#9415,#2151);
#1797=LINE('',#9416,#2152);
#1798=LINE('',#9426,#2153);
#1799=LINE('',#9440,#2154);
#1800=LINE('',#9456,#2155);
#1801=LINE('',#9535,#2156);
#1802=LINE('',#9537,#2157);
#1803=VECTOR('',#5435,1000.);
#1804=VECTOR('',#5438,1000.);
#1805=VECTOR('',#5443,1000.);
#1806=VECTOR('',#5444,999.999999999226);
#1807=VECTOR('',#5445,1000.);
#1808=VECTOR('',#5446,999.999999999226);
#1809=VECTOR('',#5451,1000.);
#1810=VECTOR('',#5452,999.999999999226);
#1811=VECTOR('',#5455,999.999999999226);
#1812=VECTOR('',#5462,999.999999999226);
#1813=VECTOR('',#5465,999.999999999226);
#1814=VECTOR('',#5468,999.999999999226);
#1815=VECTOR('',#5473,999.999999999226);
#1816=VECTOR('',#5476,1000.);
#1817=VECTOR('',#5477,1000.);
#1818=VECTOR('',#5480,1000.);
#1819=VECTOR('',#5481,1000.);
#1820=VECTOR('',#5484,1000.);
#1821=VECTOR('',#5485,1000.);
#1822=VECTOR('',#5486,999.999999999226);
#1823=VECTOR('',#5489,1000.);
#1824=VECTOR('',#5490,999.999999999226);
#1825=VECTOR('',#5491,999.999999999226);
#1826=VECTOR('',#5492,999.999999999226);
#1827=VECTOR('',#5493,1000.);
#1828=VECTOR('',#5496,999.999999999226);
#1829=VECTOR('',#5497,1000.);
#1830=VECTOR('',#5498,999.999999999226);
#1831=VECTOR('',#5499,999.999999999226);
#1832=VECTOR('',#5500,999.999999999226);
#1833=VECTOR('',#5501,1000.);
#1834=VECTOR('',#5502,999.999999999226);
#1835=VECTOR('',#5505,1000.);
#1836=VECTOR('',#5506,1000.);
#1837=VECTOR('',#5509,1000.);
#1838=VECTOR('',#5514,1000.);
#1839=VECTOR('',#5515,1000.);
#1840=VECTOR('',#5526,1000.);
#1841=VECTOR('',#5527,1000.);
#1842=VECTOR('',#5528,1000.);
#1843=VECTOR('',#5529,1000.);
#1844=VECTOR('',#5532,1000.);
#1845=VECTOR('',#5533,1000.);
#1846=VECTOR('',#5534,1000.);
#1847=VECTOR('',#5537,1000.);
#1848=VECTOR('',#5538,1000.);
#1849=VECTOR('',#5539,1000.);
#1850=VECTOR('',#5542,1000.);
#1851=VECTOR('',#5543,1000.);
#1852=VECTOR('',#5544,1000.);
#1853=VECTOR('',#5547,1000.);
#1854=VECTOR('',#5548,1000.);
#1855=VECTOR('',#5549,1000.);
#1856=VECTOR('',#5552,1000.);
#1857=VECTOR('',#5553,1000.);
#1858=VECTOR('',#5554,1000.);
#1859=VECTOR('',#5555,1000.);
#1860=VECTOR('',#5558,999.999999999226);
#1861=VECTOR('',#5559,999.999999999226);
#1862=VECTOR('',#5560,1000.);
#1863=VECTOR('',#5563,1000.);
#1864=VECTOR('',#5566,1000.);
#1865=VECTOR('',#5567,1000.);
#1866=VECTOR('',#5570,1000.);
#1867=VECTOR('',#5573,1000.);
#1868=VECTOR('',#5576,1000.);
#1869=VECTOR('',#5577,1000.);
#1870=VECTOR('',#5580,1000.);
#1871=VECTOR('',#5583,1000.);
#1872=VECTOR('',#5586,1000.);
#1873=VECTOR('',#5589,1000.);
#1874=VECTOR('',#5592,1000.);
#1875=VECTOR('',#5601,0.215348177318);
#1876=VECTOR('',#5628,2.);
#1877=VECTOR('',#5633,2.399999999999);
#1878=VECTOR('',#5636,10.);
#1879=VECTOR('',#5639,10.);
#1880=VECTOR('',#5642,10.);
#1881=VECTOR('',#5645,10.);
#1882=VECTOR('',#5648,10.);
#1883=VECTOR('',#5653,10.);
#1884=VECTOR('',#5656,10.);
#1885=VECTOR('',#5659,10.);
#1886=VECTOR('',#5662,10.);
#1887=VECTOR('',#5665,10.);
#1888=VECTOR('',#5668,10.);
#1889=VECTOR('',#5671,10.);
#1890=VECTOR('',#5688,10.);
#1891=VECTOR('',#5691,10.);
#1892=VECTOR('',#5694,10.);
#1893=VECTOR('',#5697,10.);
#1894=VECTOR('',#5700,10.);
#1895=VECTOR('',#5703,10.);
#1896=VECTOR('',#5706,10.);
#1897=VECTOR('',#5709,10.);
#1898=VECTOR('',#5712,10.);
#1899=VECTOR('',#5721,10.);
#1900=VECTOR('',#5732,10.);
#1901=VECTOR('',#5751,10.);
#1902=VECTOR('',#5754,10.);
#1903=VECTOR('',#5763,10.);
#1904=VECTOR('',#5766,10.);
#1905=VECTOR('',#5769,10.);
#1906=VECTOR('',#5772,10.);
#1907=VECTOR('',#5775,10.);
#1908=VECTOR('',#5778,10.);
#1909=VECTOR('',#5781,10.);
#1910=VECTOR('',#5798,10.);
#1911=VECTOR('',#5801,10.);
#1912=VECTOR('',#5810,10.);
#1913=VECTOR('',#5825,10.);
#1914=VECTOR('',#5826,10.);
#1915=VECTOR('',#5827,10.);
#1916=VECTOR('',#5830,10.);
#1917=VECTOR('',#5835,10.);
#1918=VECTOR('',#5836,10.);
#1919=VECTOR('',#5839,10.);
#1920=VECTOR('',#5844,10.);
#1921=VECTOR('',#5845,10.);
#1922=VECTOR('',#5852,10.);
#1923=VECTOR('',#5853,10.);
#1924=VECTOR('',#5856,10.);
#1925=VECTOR('',#5857,10.);
#1926=VECTOR('',#5858,10.);
#1927=VECTOR('',#5859,10.);
#1928=VECTOR('',#5860,10.);
#1929=VECTOR('',#5865,10.);
#1930=VECTOR('',#5866,10.);
#1931=VECTOR('',#5867,10.);
#1932=VECTOR('',#5870,10.);
#1933=VECTOR('',#5871,10.);
#1934=VECTOR('',#5872,10.);
#1935=VECTOR('',#5873,10.);
#1936=VECTOR('',#5874,10.);
#1937=VECTOR('',#5877,10.);
#1938=VECTOR('',#5882,10.);
#1939=VECTOR('',#5883,10.);
#1940=VECTOR('',#5884,10.);
#1941=VECTOR('',#5887,10.);
#1942=VECTOR('',#5892,10.);
#1943=VECTOR('',#5893,10.);
#1944=VECTOR('',#5896,10.);
#1945=VECTOR('',#5901,10.);
#1946=VECTOR('',#5902,10.);
#1947=VECTOR('',#5905,10.);
#1948=VECTOR('',#5910,10.);
#1949=VECTOR('',#5911,10.);
#1950=VECTOR('',#5914,10.);
#1951=VECTOR('',#5919,10.);
#1952=VECTOR('',#5920,10.);
#1953=VECTOR('',#5923,10.);
#1954=VECTOR('',#5928,10.);
#1955=VECTOR('',#5929,10.);
#1956=VECTOR('',#5936,10.);
#1957=VECTOR('',#5937,10.);
#1958=VECTOR('',#5938,10.);
#1959=VECTOR('',#5939,10.);
#1960=VECTOR('',#5942,10.);
#1961=VECTOR('',#5947,10.);
#1962=VECTOR('',#5948,10.);
#1963=VECTOR('',#5951,10.);
#1964=VECTOR('',#5958,10.);
#1965=VECTOR('',#5963,10.);
#1966=VECTOR('',#5964,10.);
#1967=VECTOR('',#5967,10.);
#1968=VECTOR('',#5968,10.);
#1969=VECTOR('',#5969,10.);
#1970=VECTOR('',#5970,10.);
#1971=VECTOR('',#5973,10.);
#1972=VECTOR('',#5978,10.);
#1973=VECTOR('',#5981,10.);
#1974=VECTOR('',#5982,10.);
#1975=VECTOR('',#5987,10.);
#1976=VECTOR('',#5990,10.);
#1977=VECTOR('',#5993,10.);
#1978=VECTOR('',#5996,10.);
#1979=VECTOR('',#5999,10.);
#1980=VECTOR('',#6002,10.);
#1981=VECTOR('',#6023,10.);
#1982=VECTOR('',#6024,10.);
#1983=VECTOR('',#6029,10.);
#1984=VECTOR('',#6032,10.);
#1985=VECTOR('',#6037,10.);
#1986=VECTOR('',#6046,10.);
#1987=VECTOR('',#6047,10.);
#1988=VECTOR('',#6048,10.);
#1989=VECTOR('',#6051,10.);
#1990=VECTOR('',#6056,10.);
#1991=VECTOR('',#6057,10.);
#1992=VECTOR('',#6060,10.);
#1993=VECTOR('',#6065,10.);
#1994=VECTOR('',#6066,10.);
#1995=VECTOR('',#6069,10.);
#1996=VECTOR('',#6074,10.);
#1997=VECTOR('',#6075,10.);
#1998=VECTOR('',#6078,10.);
#1999=VECTOR('',#6083,10.);
#2000=VECTOR('',#6084,10.);
#2001=VECTOR('',#6087,10.);
#2002=VECTOR('',#6092,10.);
#2003=VECTOR('',#6093,10.);
#2004=VECTOR('',#6100,10.);
#2005=VECTOR('',#6101,10.);
#2006=VECTOR('',#6104,10.);
#2007=VECTOR('',#6105,10.);
#2008=VECTOR('',#6108,10.);
#2009=VECTOR('',#6109,10.);
#2010=VECTOR('',#6110,10.);
#2011=VECTOR('',#6115,10.);
#2012=VECTOR('',#6116,10.);
#2013=VECTOR('',#6119,10.);
#2014=VECTOR('',#6124,10.);
#2015=VECTOR('',#6125,10.);
#2016=VECTOR('',#6126,10.);
#2017=VECTOR('',#6127,10.);
#2018=VECTOR('',#6132,10.);
#2019=VECTOR('',#6139,10.);
#2020=VECTOR('',#6140,10.);
#2021=VECTOR('',#6141,10.);
#2022=VECTOR('',#6142,10.);
#2023=VECTOR('',#6143,10.);
#2024=VECTOR('',#6144,10.);
#2025=VECTOR('',#6147,10.);
#2026=VECTOR('',#6148,10.);
#2027=VECTOR('',#6151,10.);
#2028=VECTOR('',#6154,10.);
#2029=VECTOR('',#6159,10.);
#2030=VECTOR('',#6160,10.);
#2031=VECTOR('',#6163,10.);
#2032=VECTOR('',#6166,10.);
#2033=VECTOR('',#6167,10.);
#2034=VECTOR('',#6168,10.);
#2035=VECTOR('',#6171,10.);
#2036=VECTOR('',#6174,10.);
#2037=VECTOR('',#6175,10.);
#2038=VECTOR('',#6176,10.);
#2039=VECTOR('',#6177,10.);
#2040=VECTOR('',#6182,10.);
#2041=VECTOR('',#6183,10.);
#2042=VECTOR('',#6184,10.);
#2043=VECTOR('',#6187,10.);
#2044=VECTOR('',#6190,10.);
#2045=VECTOR('',#6191,10.);
#2046=VECTOR('',#6192,10.);
#2047=VECTOR('',#6195,10.);
#2048=VECTOR('',#6198,10.);
#2049=VECTOR('',#6199,10.);
#2050=VECTOR('',#6200,10.);
#2051=VECTOR('',#6205,10.);
#2052=VECTOR('',#6210,10.);
#2053=VECTOR('',#6211,10.);
#2054=VECTOR('',#6216,10.);
#2055=VECTOR('',#6219,10.);
#2056=VECTOR('',#6224,10.);
#2057=VECTOR('',#6227,10.);
#2058=VECTOR('',#6230,10.);
#2059=VECTOR('',#6231,10.);
#2060=VECTOR('',#6232,10.);
#2061=VECTOR('',#6235,10.);
#2062=VECTOR('',#6240,10.);
#2063=VECTOR('',#6241,10.);
#2064=VECTOR('',#6244,10.);
#2065=VECTOR('',#6247,10.);
#2066=VECTOR('',#6248,10.);
#2067=VECTOR('',#6253,10.);
#2068=VECTOR('',#6262,10.);
#2069=VECTOR('',#6263,10.);
#2070=VECTOR('',#6264,10.);
#2071=VECTOR('',#6267,10.);
#2072=VECTOR('',#6272,10.);
#2073=VECTOR('',#6273,10.);
#2074=VECTOR('',#6276,10.);
#2075=VECTOR('',#6281,10.);
#2076=VECTOR('',#6282,10.);
#2077=VECTOR('',#6285,10.);
#2078=VECTOR('',#6290,10.);
#2079=VECTOR('',#6291,10.);
#2080=VECTOR('',#6294,10.);
#2081=VECTOR('',#6299,10.);
#2082=VECTOR('',#6300,10.);
#2083=VECTOR('',#6303,10.);
#2084=VECTOR('',#6308,10.);
#2085=VECTOR('',#6309,10.);
#2086=VECTOR('',#6316,10.);
#2087=VECTOR('',#6317,10.);
#2088=VECTOR('',#6318,10.);
#2089=VECTOR('',#6319,10.);
#2090=VECTOR('',#6322,10.);
#2091=VECTOR('',#6327,10.);
#2092=VECTOR('',#6328,10.);
#2093=VECTOR('',#6331,10.);
#2094=VECTOR('',#6338,10.);
#2095=VECTOR('',#6343,10.);
#2096=VECTOR('',#6344,10.);
#2097=VECTOR('',#6347,10.);
#2098=VECTOR('',#6348,10.);
#2099=VECTOR('',#6349,10.);
#2100=VECTOR('',#6350,10.);
#2101=VECTOR('',#6353,10.);
#2102=VECTOR('',#6358,10.);
#2103=VECTOR('',#6361,10.);
#2104=VECTOR('',#6362,10.);
#2105=VECTOR('',#6367,10.);
#2106=VECTOR('',#6370,10.);
#2107=VECTOR('',#6373,10.);
#2108=VECTOR('',#6376,10.);
#2109=VECTOR('',#6379,10.);
#2110=VECTOR('',#6382,10.);
#2111=VECTOR('',#6403,10.);
#2112=VECTOR('',#6404,10.);
#2113=VECTOR('',#6409,10.);
#2114=VECTOR('',#6412,10.);
#2115=VECTOR('',#6417,10.);
#2116=VECTOR('',#6424,10.);
#2117=VECTOR('',#6425,10.);
#2118=VECTOR('',#6426,10.);
#2119=VECTOR('',#6427,10.);
#2120=VECTOR('',#6432,10.);
#2121=VECTOR('',#6435,10.);
#2122=VECTOR('',#6436,10.);
#2123=VECTOR('',#6437,10.);
#2124=VECTOR('',#6438,10.);
#2125=VECTOR('',#6439,10.);
#2126=VECTOR('',#6440,10.);
#2127=VECTOR('',#6443,10.);
#2128=VECTOR('',#6444,10.);
#2129=VECTOR('',#6445,10.);
#2130=VECTOR('',#6448,10.);
#2131=VECTOR('',#6451,10.);
#2132=VECTOR('',#6454,10.);
#2133=VECTOR('',#6455,10.);
#2134=VECTOR('',#6456,10.);
#2135=VECTOR('',#6457,10.);
#2136=VECTOR('',#6458,10.);
#2137=VECTOR('',#6461,10.);
#2138=VECTOR('',#6462,10.);
#2139=VECTOR('',#6465,10.);
#2140=VECTOR('',#6466,10.);
#2141=VECTOR('',#6467,10.);
#2142=VECTOR('',#6468,10.);
#2143=VECTOR('',#6471,10.);
#2144=VECTOR('',#6476,10.);
#2145=VECTOR('',#6477,10.);
#2146=VECTOR('',#6478,10.);
#2147=VECTOR('',#6479,10.);
#2148=VECTOR('',#6482,10.);
#2149=VECTOR('',#6487,10.);
#2150=VECTOR('',#6488,10.);
#2151=VECTOR('',#6491,10.);
#2152=VECTOR('',#6492,10.);
#2153=VECTOR('',#6493,10.);
#2154=VECTOR('',#6494,10.);
#2155=VECTOR('',#6495,10.);
#2156=VECTOR('',#6498,10.);
#2157=VECTOR('',#6499,10.);
#2158=VERTEX_POINT('',#6510);
#2159=VERTEX_POINT('',#6511);
#2160=VERTEX_POINT('',#6513);
#2161=VERTEX_POINT('',#6515);
#2162=VERTEX_POINT('',#6519);
#2163=VERTEX_POINT('',#6520);
#2164=VERTEX_POINT('',#6522);
#2165=VERTEX_POINT('',#6524);
#2166=VERTEX_POINT('',#6528);
#2167=VERTEX_POINT('',#6529);
#2168=VERTEX_POINT('',#6531);
#2169=VERTEX_POINT('',#6535);
#2170=VERTEX_POINT('',#6536);
#2171=VERTEX_POINT('',#6539);
#2172=VERTEX_POINT('',#6541);
#2173=VERTEX_POINT('',#6545);
#2174=VERTEX_POINT('',#6546);
#2175=VERTEX_POINT('',#6548);
#2176=VERTEX_POINT('',#6550);
#2177=VERTEX_POINT('',#6554);
#2178=VERTEX_POINT('',#6559);
#2179=VERTEX_POINT('',#6572);
#2180=VERTEX_POINT('',#6577);
#2181=VERTEX_POINT('',#6579);
#2182=VERTEX_POINT('',#6581);
#2183=VERTEX_POINT('',#6583);
#2184=VERTEX_POINT('',#6587);
#2185=VERTEX_POINT('',#6589);
#2186=VERTEX_POINT('',#6591);
#2187=VERTEX_POINT('',#6593);
#2188=VERTEX_POINT('',#6595);
#2189=VERTEX_POINT('',#6597);
#2190=VERTEX_POINT('',#6614);
#2191=VERTEX_POINT('',#6615);
#2192=VERTEX_POINT('',#6617);
#2193=VERTEX_POINT('',#6619);
#2194=VERTEX_POINT('',#6623);
#2195=VERTEX_POINT('',#6625);
#2196=VERTEX_POINT('',#6629);
#2197=VERTEX_POINT('',#6631);
#2198=VERTEX_POINT('',#6635);
#2199=VERTEX_POINT('',#6637);
#2200=VERTEX_POINT('',#6641);
#2201=VERTEX_POINT('',#6643);
#2202=VERTEX_POINT('',#6647);
#2203=VERTEX_POINT('',#6648);
#2204=VERTEX_POINT('',#6650);
#2205=VERTEX_POINT('',#6652);
#2206=VERTEX_POINT('',#6656);
#2207=VERTEX_POINT('',#6658);
#2208=VERTEX_POINT('',#6662);
#2209=VERTEX_POINT('',#6664);
#2210=VERTEX_POINT('',#6667);
#2211=VERTEX_POINT('',#6669);
#2212=VERTEX_POINT('',#6673);
#2213=VERTEX_POINT('',#6675);
#2214=VERTEX_POINT('',#6678);
#2215=VERTEX_POINT('',#6680);
#2216=VERTEX_POINT('',#6694);
#2217=VERTEX_POINT('',#6696);
#2218=VERTEX_POINT('',#6700);
#2219=VERTEX_POINT('',#6702);
#2220=VERTEX_POINT('',#6704);
#2221=VERTEX_POINT('',#6708);
#2222=VERTEX_POINT('',#6710);
#2223=VERTEX_POINT('',#6712);
#2224=VERTEX_POINT('',#6716);
#2225=VERTEX_POINT('',#6720);
#2226=VERTEX_POINT('',#6723);
#2227=VERTEX_POINT('',#6724);
#2228=VERTEX_POINT('',#6726);
#2229=VERTEX_POINT('',#6728);
#2230=VERTEX_POINT('',#6730);
#2231=VERTEX_POINT('',#6732);
#2232=VERTEX_POINT('',#6735);
#2233=VERTEX_POINT('',#6736);
#2234=VERTEX_POINT('',#6743);
#2235=VERTEX_POINT('',#6745);
#2236=VERTEX_POINT('',#6747);
#2237=VERTEX_POINT('',#6754);
#2238=VERTEX_POINT('',#6761);
#2239=VERTEX_POINT('',#6768);
#2240=VERTEX_POINT('',#6775);
#2241=VERTEX_POINT('',#6782);
#2242=VERTEX_POINT('',#6784);
#2243=VERTEX_POINT('',#6786);
#2244=VERTEX_POINT('',#6788);
#2245=VERTEX_POINT('',#6795);
#2246=VERTEX_POINT('',#6806);
#2247=VERTEX_POINT('',#6807);
#2248=VERTEX_POINT('',#6809);
#2249=VERTEX_POINT('',#6811);
#2250=VERTEX_POINT('',#6813);
#2251=VERTEX_POINT('',#6815);
#2252=VERTEX_POINT('',#6817);
#2253=VERTEX_POINT('',#6819);
#2254=VERTEX_POINT('',#6821);
#2255=VERTEX_POINT('',#6823);
#2256=VERTEX_POINT('',#6825);
#2257=VERTEX_POINT('',#6827);
#2258=VERTEX_POINT('',#6830);
#2259=VERTEX_POINT('',#6831);
#2260=VERTEX_POINT('',#6840);
#2261=VERTEX_POINT('',#6849);
#2262=VERTEX_POINT('',#6856);
#2263=VERTEX_POINT('',#6858);
#2264=VERTEX_POINT('',#6860);
#2265=VERTEX_POINT('',#6868);
#2266=VERTEX_POINT('',#6869);
#2267=VERTEX_POINT('',#6871);
#2268=VERTEX_POINT('',#6873);
#2269=VERTEX_POINT('',#6875);
#2270=VERTEX_POINT('',#6877);
#2271=VERTEX_POINT('',#6879);
#2272=VERTEX_POINT('',#6886);
#2273=VERTEX_POINT('',#6894);
#2274=VERTEX_POINT('',#6895);
#2275=VERTEX_POINT('',#6897);
#2276=VERTEX_POINT('',#6899);
#2277=VERTEX_POINT('',#6901);
#2278=VERTEX_POINT('',#6903);
#2279=VERTEX_POINT('',#6905);
#2280=VERTEX_POINT('',#6907);
#2281=VERTEX_POINT('',#6909);
#2282=VERTEX_POINT('',#6911);
#2283=VERTEX_POINT('',#6913);
#2284=VERTEX_POINT('',#6915);
#2285=VERTEX_POINT('',#6918);
#2286=VERTEX_POINT('',#6919);
#2287=VERTEX_POINT('',#6932);
#2288=VERTEX_POINT('',#6934);
#2289=VERTEX_POINT('',#6936);
#2290=VERTEX_POINT('',#6938);
#2291=VERTEX_POINT('',#6943);
#2292=VERTEX_POINT('',#6945);
#2293=VERTEX_POINT('',#6947);
#2294=VERTEX_POINT('',#6949);
#2295=VERTEX_POINT('',#6960);
#2296=VERTEX_POINT('',#6962);
#2297=VERTEX_POINT('',#6967);
#2298=VERTEX_POINT('',#6979);
#2299=VERTEX_POINT('',#6980);
#2300=VERTEX_POINT('',#6982);
#2301=VERTEX_POINT('',#6984);
#2302=VERTEX_POINT('',#6986);
#2303=VERTEX_POINT('',#6988);
#2304=VERTEX_POINT('',#6993);
#2305=VERTEX_POINT('',#6998);
#2306=VERTEX_POINT('',#7000);
#2307=VERTEX_POINT('',#7002);
#2308=VERTEX_POINT('',#7007);
#2309=VERTEX_POINT('',#7012);
#2310=VERTEX_POINT('',#7014);
#2311=VERTEX_POINT('',#7016);
#2312=VERTEX_POINT('',#7018);
#2313=VERTEX_POINT('',#7020);
#2314=VERTEX_POINT('',#7025);
#2315=VERTEX_POINT('',#7030);
#2316=VERTEX_POINT('',#7035);
#2317=VERTEX_POINT('',#7037);
#2318=VERTEX_POINT('',#7039);
#2319=VERTEX_POINT('',#7048);
#2320=VERTEX_POINT('',#7049);
#2321=VERTEX_POINT('',#7051);
#2322=VERTEX_POINT('',#7053);
#2323=VERTEX_POINT('',#7055);
#2324=VERTEX_POINT('',#7057);
#2325=VERTEX_POINT('',#7059);
#2326=VERTEX_POINT('',#7068);
#2327=VERTEX_POINT('',#7070);
#2328=VERTEX_POINT('',#7072);
#2329=VERTEX_POINT('',#7074);
#2330=VERTEX_POINT('',#7085);
#2331=VERTEX_POINT('',#7087);
#2332=VERTEX_POINT('',#7089);
#2333=VERTEX_POINT('',#7092);
#2334=VERTEX_POINT('',#7093);
#2335=VERTEX_POINT('',#7095);
#2336=VERTEX_POINT('',#7097);
#2337=VERTEX_POINT('',#7099);
#2338=VERTEX_POINT('',#7101);
#2339=VERTEX_POINT('',#7103);
#2340=VERTEX_POINT('',#7105);
#2341=VERTEX_POINT('',#7107);
#2342=VERTEX_POINT('',#7109);
#2343=VERTEX_POINT('',#7111);
#2344=VERTEX_POINT('',#7113);
#2345=VERTEX_POINT('',#7116);
#2346=VERTEX_POINT('',#7117);
#2347=VERTEX_POINT('',#7126);
#2348=VERTEX_POINT('',#7135);
#2349=VERTEX_POINT('',#7142);
#2350=VERTEX_POINT('',#7144);
#2351=VERTEX_POINT('',#7146);
#2352=VERTEX_POINT('',#7154);
#2353=VERTEX_POINT('',#7155);
#2354=VERTEX_POINT('',#7157);
#2355=VERTEX_POINT('',#7159);
#2356=VERTEX_POINT('',#7161);
#2357=VERTEX_POINT('',#7163);
#2358=VERTEX_POINT('',#7165);
#2359=VERTEX_POINT('',#7172);
#2360=VERTEX_POINT('',#7180);
#2361=VERTEX_POINT('',#7181);
#2362=VERTEX_POINT('',#7186);
#2363=VERTEX_POINT('',#7191);
#2364=VERTEX_POINT('',#7198);
#2365=VERTEX_POINT('',#7203);
#2366=VERTEX_POINT('',#7210);
#2367=VERTEX_POINT('',#7218);
#2368=VERTEX_POINT('',#7220);
#2369=VERTEX_POINT('',#7231);
#2370=VERTEX_POINT('',#7242);
#2371=VERTEX_POINT('',#7244);
#2372=VERTEX_POINT('',#7246);
#2373=VERTEX_POINT('',#7251);
#2374=VERTEX_POINT('',#7256);
#2375=VERTEX_POINT('',#7258);
#2376=VERTEX_POINT('',#7269);
#2377=VERTEX_POINT('',#7280);
#2378=VERTEX_POINT('',#7282);
#2379=VERTEX_POINT('',#7287);
#2380=VERTEX_POINT('',#7292);
#2381=VERTEX_POINT('',#7297);
#2382=VERTEX_POINT('',#7302);
#2383=VERTEX_POINT('',#7304);
#2384=VERTEX_POINT('',#7306);
#2385=VERTEX_POINT('',#7308);
#2386=VERTEX_POINT('',#7310);
#2387=VERTEX_POINT('',#7315);
#2388=VERTEX_POINT('',#7326);
#2389=VERTEX_POINT('',#7331);
#2390=VERTEX_POINT('',#7336);
#2391=VERTEX_POINT('',#7341);
#2392=VERTEX_POINT('',#7346);
#2393=VERTEX_POINT('',#7354);
#2394=VERTEX_POINT('',#7356);
#2395=VERTEX_POINT('',#7360);
#2396=VERTEX_POINT('',#7364);
#2397=VERTEX_POINT('',#7368);
#2398=VERTEX_POINT('',#7372);
#2399=VERTEX_POINT('',#7386);
#2400=VERTEX_POINT('',#7388);
#2401=VERTEX_POINT('',#7399);
#2402=VERTEX_POINT('',#7415);
#2403=VERTEX_POINT('',#7431);
#2404=VERTEX_POINT('',#7445);
#2405=VERTEX_POINT('',#7461);
#2406=VERTEX_POINT('',#7465);
#2407=VERTEX_POINT('',#7476);
#2408=VERTEX_POINT('',#7487);
#2409=VERTEX_POINT('',#7503);
#2410=VERTEX_POINT('',#7519);
#2411=VERTEX_POINT('',#7535);
#2412=VERTEX_POINT('',#7551);
#2413=VERTEX_POINT('',#7563);
#2414=VERTEX_POINT('',#7565);
#2415=VERTEX_POINT('',#7569);
#2416=VERTEX_POINT('',#7573);
#2417=VERTEX_POINT('',#7577);
#2418=VERTEX_POINT('',#7581);
#2419=VERTEX_POINT('',#7585);
#2420=VERTEX_POINT('',#7589);
#2421=VERTEX_POINT('',#7593);
#2422=VERTEX_POINT('',#7597);
#2423=VERTEX_POINT('',#7601);
#2424=VERTEX_POINT('',#7605);
#2425=VERTEX_POINT('',#7619);
#2426=VERTEX_POINT('',#7621);
#2427=VERTEX_POINT('',#7637);
#2428=VERTEX_POINT('',#7655);
#2429=VERTEX_POINT('',#7664);
#2430=VERTEX_POINT('',#7668);
#2431=VERTEX_POINT('',#7672);
#2432=VERTEX_POINT('',#7690);
#2433=VERTEX_POINT('',#7691);
#2434=VERTEX_POINT('',#7698);
#2435=VERTEX_POINT('',#7700);
#2436=VERTEX_POINT('',#7702);
#2437=VERTEX_POINT('',#7704);
#2438=VERTEX_POINT('',#7711);
#2439=VERTEX_POINT('',#7725);
#2440=VERTEX_POINT('',#7727);
#2441=VERTEX_POINT('',#7738);
#2442=VERTEX_POINT('',#7754);
#2443=VERTEX_POINT('',#7768);
#2444=VERTEX_POINT('',#7782);
#2445=VERTEX_POINT('',#7791);
#2446=VERTEX_POINT('',#7805);
#2447=VERTEX_POINT('',#7807);
#2448=VERTEX_POINT('',#7811);
#2449=VERTEX_POINT('',#7822);
#2450=VERTEX_POINT('',#7831);
#2451=VERTEX_POINT('',#7842);
#2452=VERTEX_POINT('',#7851);
#2453=VERTEX_POINT('',#7862);
#2454=VERTEX_POINT('',#7868);
#2455=VERTEX_POINT('',#7869);
#2456=VERTEX_POINT('',#7871);
#2457=VERTEX_POINT('',#7873);
#2458=VERTEX_POINT('',#7875);
#2459=VERTEX_POINT('',#7879);
#2460=VERTEX_POINT('',#7881);
#2461=VERTEX_POINT('',#7885);
#2462=VERTEX_POINT('',#7896);
#2463=VERTEX_POINT('',#7900);
#2464=VERTEX_POINT('',#7914);
#2465=VERTEX_POINT('',#7916);
#2466=VERTEX_POINT('',#7920);
#2467=VERTEX_POINT('',#7924);
#2468=VERTEX_POINT('',#7928);
#2469=VERTEX_POINT('',#7932);
#2470=VERTEX_POINT('',#7936);
#2471=VERTEX_POINT('',#7940);
#2472=VERTEX_POINT('',#7944);
#2473=VERTEX_POINT('',#7948);
#2474=VERTEX_POINT('',#7952);
#2475=VERTEX_POINT('',#7956);
#2476=VERTEX_POINT('',#7970);
#2477=VERTEX_POINT('',#7972);
#2478=VERTEX_POINT('',#7983);
#2479=VERTEX_POINT('',#8005);
#2480=VERTEX_POINT('',#8016);
#2481=VERTEX_POINT('',#8036);
#2482=VERTEX_POINT('',#8050);
#2483=VERTEX_POINT('',#8061);
#2484=VERTEX_POINT('',#8077);
#2485=VERTEX_POINT('',#8081);
#2486=VERTEX_POINT('',#8085);
#2487=VERTEX_POINT('',#8096);
#2488=VERTEX_POINT('',#8118);
#2489=VERTEX_POINT('',#8124);
#2490=VERTEX_POINT('',#8125);
#2491=VERTEX_POINT('',#8130);
#2492=VERTEX_POINT('',#8135);
#2493=VERTEX_POINT('',#8140);
#2494=VERTEX_POINT('',#8142);
#2495=VERTEX_POINT('',#8144);
#2496=VERTEX_POINT('',#8146);
#2497=VERTEX_POINT('',#8163);
#2498=VERTEX_POINT('',#8165);
#2499=VERTEX_POINT('',#8179);
#2500=VERTEX_POINT('',#8193);
#2501=VERTEX_POINT('',#8207);
#2502=VERTEX_POINT('',#8214);
#2503=VERTEX_POINT('',#8218);
#2504=VERTEX_POINT('',#8229);
#2505=VERTEX_POINT('',#8253);
#2506=VERTEX_POINT('',#8255);
#2507=VERTEX_POINT('',#8266);
#2508=VERTEX_POINT('',#8277);
#2509=VERTEX_POINT('',#8300);
#2510=VERTEX_POINT('',#8314);
#2511=VERTEX_POINT('',#8325);
#2512=VERTEX_POINT('',#8336);
#2513=VERTEX_POINT('',#8350);
#2514=VERTEX_POINT('',#8364);
#2515=VERTEX_POINT('',#8378);
#2516=VERTEX_POINT('',#8382);
#2517=VERTEX_POINT('',#8393);
#2518=VERTEX_POINT('',#8404);
#2519=VERTEX_POINT('',#8415);
#2520=VERTEX_POINT('',#8438);
#2521=VERTEX_POINT('',#8452);
#2522=VERTEX_POINT('',#8463);
#2523=VERTEX_POINT('',#8474);
#2524=VERTEX_POINT('',#8488);
#2525=VERTEX_POINT('',#8511);
#2526=VERTEX_POINT('',#8518);
#2527=VERTEX_POINT('',#8520);
#2528=VERTEX_POINT('',#8524);
#2529=VERTEX_POINT('',#8535);
#2530=VERTEX_POINT('',#8539);
#2531=VERTEX_POINT('',#8550);
#2532=VERTEX_POINT('',#8561);
#2533=VERTEX_POINT('',#8572);
#2534=VERTEX_POINT('',#8585);
#2535=VERTEX_POINT('',#8589);
#2536=VERTEX_POINT('',#8593);
#2537=VERTEX_POINT('',#8604);
#2538=VERTEX_POINT('',#8636);
#2539=VERTEX_POINT('',#8640);
#2540=VERTEX_POINT('',#8654);
#2541=VERTEX_POINT('',#8656);
#2542=VERTEX_POINT('',#8660);
#2543=VERTEX_POINT('',#8664);
#2544=VERTEX_POINT('',#8668);
#2545=VERTEX_POINT('',#8672);
#2546=VERTEX_POINT('',#8676);
#2547=VERTEX_POINT('',#8680);
#2548=VERTEX_POINT('',#8684);
#2549=VERTEX_POINT('',#8688);
#2550=VERTEX_POINT('',#8692);
#2551=VERTEX_POINT('',#8696);
#2552=VERTEX_POINT('',#8710);
#2553=VERTEX_POINT('',#8712);
#2554=VERTEX_POINT('',#8728);
#2555=VERTEX_POINT('',#8746);
#2556=VERTEX_POINT('',#8755);
#2557=VERTEX_POINT('',#8759);
#2558=VERTEX_POINT('',#8763);
#2559=VERTEX_POINT('',#8781);
#2560=VERTEX_POINT('',#8782);
#2561=VERTEX_POINT('',#8789);
#2562=VERTEX_POINT('',#8791);
#2563=VERTEX_POINT('',#8793);
#2564=VERTEX_POINT('',#8795);
#2565=VERTEX_POINT('',#8802);
#2566=VERTEX_POINT('',#8816);
#2567=VERTEX_POINT('',#8818);
#2568=VERTEX_POINT('',#8829);
#2569=VERTEX_POINT('',#8845);
#2570=VERTEX_POINT('',#8859);
#2571=VERTEX_POINT('',#8873);
#2572=VERTEX_POINT('',#8882);
#2573=VERTEX_POINT('',#8896);
#2574=VERTEX_POINT('',#8898);
#2575=VERTEX_POINT('',#8902);
#2576=VERTEX_POINT('',#8913);
#2577=VERTEX_POINT('',#8922);
#2578=VERTEX_POINT('',#8933);
#2579=VERTEX_POINT('',#8942);
#2580=VERTEX_POINT('',#8953);
#2581=VERTEX_POINT('',#8959);
#2582=VERTEX_POINT('',#8960);
#2583=VERTEX_POINT('',#8962);
#2584=VERTEX_POINT('',#8964);
#2585=VERTEX_POINT('',#8966);
#2586=VERTEX_POINT('',#8970);
#2587=VERTEX_POINT('',#8972);
#2588=VERTEX_POINT('',#8976);
#2589=VERTEX_POINT('',#8987);
#2590=VERTEX_POINT('',#8991);
#2591=VERTEX_POINT('',#9012);
#2592=VERTEX_POINT('',#9014);
#2593=VERTEX_POINT('',#9028);
#2594=VERTEX_POINT('',#9042);
#2595=VERTEX_POINT('',#9046);
#2596=VERTEX_POINT('',#9057);
#2597=VERTEX_POINT('',#9071);
#2598=VERTEX_POINT('',#9087);
#2599=VERTEX_POINT('',#9104);
#2600=VERTEX_POINT('',#9118);
#2601=VERTEX_POINT('',#9138);
#2602=VERTEX_POINT('',#9151);
#2603=VERTEX_POINT('',#9162);
#2604=VERTEX_POINT('',#9173);
#2605=VERTEX_POINT('',#9184);
#2606=VERTEX_POINT('',#9195);
#2607=VERTEX_POINT('',#9212);
#2608=VERTEX_POINT('',#9232);
#2609=VERTEX_POINT('',#9252);
#2610=VERTEX_POINT('',#9272);
#2611=VERTEX_POINT('',#9283);
#2612=VERTEX_POINT('',#9307);
#2613=VERTEX_POINT('',#9320);
#2614=VERTEX_POINT('',#9331);
#2615=VERTEX_POINT('',#9351);
#2616=VERTEX_POINT('',#9364);
#2617=VERTEX_POINT('',#9368);
#2618=VERTEX_POINT('',#9379);
#2619=VERTEX_POINT('',#9396);
#2620=VERTEX_POINT('',#9406);
#2621=VERTEX_POINT('',#9410);
#2622=VERTEX_POINT('',#9414);
#2623=VERTEX_POINT('',#9425);
#2624=VERTEX_POINT('',#9439);
#2625=VERTEX_POINT('',#9455);
#2626=VERTEX_POINT('',#9483);
#2627=VERTEX_POINT('',#9484);
#2628=VERTEX_POINT('',#9534);
#2629=VERTEX_POINT('',#9536);
#2630=EDGE_CURVE('',#2158,#2159,#1448,.T.);
#2631=EDGE_CURVE('',#2158,#2160,#1427,.T.);
#2632=EDGE_CURVE('',#2161,#2160,#1449,.T.);
#2633=EDGE_CURVE('',#2159,#2161,#1428,.T.);
#2634=EDGE_CURVE('',#2162,#2163,#1450,.T.);
#2635=EDGE_CURVE('',#2164,#2162,#1451,.T.);
#2636=EDGE_CURVE('',#2164,#2165,#1452,.T.);
#2637=EDGE_CURVE('',#2163,#2165,#1453,.T.);
#2638=EDGE_CURVE('',#2166,#2167,#1429,.T.);
#2639=EDGE_CURVE('',#2166,#2168,#1454,.T.);
#2640=EDGE_CURVE('',#2168,#2167,#1455,.T.);
#2641=EDGE_CURVE('',#2169,#2170,#1456,.T.);
#2642=EDGE_CURVE('',#2170,#2163,#308,.T.);
#2643=EDGE_CURVE('',#2171,#2165,#309,.T.);
#2644=EDGE_CURVE('',#2172,#2171,#1430,.T.);
#2645=EDGE_CURVE('',#2169,#2172,#1457,.T.);
#2646=EDGE_CURVE('',#2173,#2174,#1458,.T.);
#2647=EDGE_CURVE('',#2174,#2175,#310,.T.);
#2648=EDGE_CURVE('',#2176,#2175,#1459,.T.);
#2649=EDGE_CURVE('',#2173,#2176,#311,.T.);
#2650=EDGE_CURVE('',#2177,#2162,#306,.T.);
#2651=EDGE_CURVE('',#2177,#2178,#1460,.T.);
#2652=EDGE_CURVE('',#2178,#2164,#307,.T.);
#2653=EDGE_CURVE('',#2173,#2159,#1461,.T.);
#2654=EDGE_CURVE('',#2174,#2161,#1462,.T.);
#2655=EDGE_CURVE('',#2177,#2160,#1463,.T.);
#2656=EDGE_CURVE('',#2178,#2158,#1464,.T.);
#2657=EDGE_CURVE('',#2176,#2179,#1465,.T.);
#2658=EDGE_CURVE('',#2166,#2175,#1466,.T.);
#2659=EDGE_CURVE('',#2179,#2166,#1467,.T.);
#2660=EDGE_CURVE('',#2171,#2180,#1468,.T.);
#2661=EDGE_CURVE('',#2180,#2181,#1469,.T.);
#2662=EDGE_CURVE('',#2181,#2182,#1470,.T.);
#2663=EDGE_CURVE('',#2182,#2183,#1471,.T.);
#2664=EDGE_CURVE('',#2183,#2170,#1472,.T.);
#2665=EDGE_CURVE('',#2167,#2184,#1473,.T.);
#2666=EDGE_CURVE('',#2185,#2168,#1474,.T.);
#2667=EDGE_CURVE('',#2186,#2185,#1475,.T.);
#2668=EDGE_CURVE('',#2187,#2186,#1476,.T.);
#2669=EDGE_CURVE('',#2188,#2187,#1477,.T.);
#2670=EDGE_CURVE('',#2189,#2188,#1478,.T.);
#2671=EDGE_CURVE('',#2184,#2189,#1479,.T.);
#2672=EDGE_CURVE('',#2182,#2186,#1480,.T.);
#2673=EDGE_CURVE('',#2181,#2187,#1481,.T.);
#2674=EDGE_CURVE('',#2183,#2185,#1482,.T.);
#2675=EDGE_CURVE('',#2179,#2189,#1483,.T.);
#2676=EDGE_CURVE('',#2180,#2188,#1484,.T.);
#2677=EDGE_CURVE('',#2184,#2179,#1431,.T.);
#2678=EDGE_CURVE('',#2190,#2191,#1485,.T.);
#2679=EDGE_CURVE('',#2192,#2190,#1486,.T.);
#2680=EDGE_CURVE('',#2193,#2192,#1487,.T.);
#2681=EDGE_CURVE('',#2193,#2191,#1488,.T.);
#2682=EDGE_CURVE('',#2194,#2190,#1489,.T.);
#2683=EDGE_CURVE('',#2195,#2194,#1490,.T.);
#2684=EDGE_CURVE('',#2192,#2195,#1491,.T.);
#2685=EDGE_CURVE('',#2196,#2194,#1492,.T.);
#2686=EDGE_CURVE('',#2197,#2196,#1493,.T.);
#2687=EDGE_CURVE('',#2195,#2197,#1494,.T.);
#2688=EDGE_CURVE('',#2198,#2196,#1495,.T.);
#2689=EDGE_CURVE('',#2199,#2198,#1496,.T.);
#2690=EDGE_CURVE('',#2197,#2199,#1497,.T.);
#2691=EDGE_CURVE('',#2200,#2198,#1498,.T.);
#2692=EDGE_CURVE('',#2201,#2200,#1499,.T.);
#2693=EDGE_CURVE('',#2199,#2201,#1500,.T.);
#2694=EDGE_CURVE('',#2202,#2203,#1501,.T.);
#2695=EDGE_CURVE('',#2202,#2204,#1502,.T.);
#2696=EDGE_CURVE('',#2204,#2205,#1503,.T.);
#2697=EDGE_CURVE('',#2203,#2205,#1504,.T.);
#2698=EDGE_CURVE('',#2203,#2206,#1505,.T.);
#2699=EDGE_CURVE('',#2205,#2207,#1506,.T.);
#2700=EDGE_CURVE('',#2206,#2207,#1507,.T.);
#2701=EDGE_CURVE('',#2208,#2193,#1508,.T.);
#2702=EDGE_CURVE('',#2208,#2209,#1432,.T.);
#2703=EDGE_CURVE('',#2206,#2209,#1509,.T.);
#2704=EDGE_CURVE('',#2207,#2210,#1510,.T.);
#2705=EDGE_CURVE('',#2210,#2211,#1433,.T.);
#2706=EDGE_CURVE('',#2191,#2211,#1511,.T.);
#2707=EDGE_CURVE('',#2212,#2202,#1512,.T.);
#2708=EDGE_CURVE('',#2212,#2213,#1434,.T.);
#2709=EDGE_CURVE('',#2201,#2213,#1513,.T.);
#2710=EDGE_CURVE('',#2214,#2200,#1514,.T.);
#2711=EDGE_CURVE('',#2214,#2215,#1435,.T.);
#2712=EDGE_CURVE('',#2215,#2204,#1515,.T.);
#2713=EDGE_CURVE('',#2213,#2208,#1516,.T.);
#2714=EDGE_CURVE('',#2215,#2210,#1517,.T.);
#2715=EDGE_CURVE('',#2209,#2212,#1518,.T.);
#2716=EDGE_CURVE('',#2211,#2214,#1519,.T.);
#2717=EDGE_CURVE('',#2216,#2216,#1436,.T.);
#2718=EDGE_CURVE('',#2216,#2217,#1520,.T.);
#2719=EDGE_CURVE('',#2217,#2217,#1437,.T.);
#2720=EDGE_CURVE('',#2218,#2218,#1438,.T.);
#2721=EDGE_CURVE('',#2218,#2219,#1439,.T.);
#2722=EDGE_CURVE('',#2220,#2219,#1440,.T.);
#2723=EDGE_CURVE('',#2219,#2220,#1441,.T.);
#2724=EDGE_CURVE('',#2221,#2221,#1442,.T.);
#2725=EDGE_CURVE('',#2221,#2222,#1443,.T.);
#2726=EDGE_CURVE('',#2223,#2222,#1444,.T.);
#2727=EDGE_CURVE('',#2222,#2223,#1445,.T.);
#2728=EDGE_CURVE('',#2224,#2224,#1446,.T.);
#2729=EDGE_CURVE('',#2224,#2220,#1521,.T.);
#2730=EDGE_CURVE('',#2225,#2225,#1447,.T.);
#2731=EDGE_CURVE('',#2225,#2223,#1522,.T.);
#2732=EDGE_CURVE('',#2226,#2227,#312,.T.);
#2733=EDGE_CURVE('',#2228,#2226,#1523,.T.);
#2734=EDGE_CURVE('',#2229,#2228,#313,.T.);
#2735=EDGE_CURVE('',#2230,#2229,#1524,.T.);
#2736=EDGE_CURVE('',#2231,#2230,#314,.T.);
#2737=EDGE_CURVE('',#2227,#2231,#1525,.T.);
#2738=EDGE_CURVE('',#2232,#2233,#131,.T.);
#2739=EDGE_CURVE('',#2234,#2232,#315,.T.);
#2740=EDGE_CURVE('',#2235,#2234,#1526,.T.);
#2741=EDGE_CURVE('',#2236,#2235,#132,.T.);
#2742=EDGE_CURVE('',#2237,#2236,#133,.T.);
#2743=EDGE_CURVE('',#2238,#2237,#134,.T.);
#2744=EDGE_CURVE('',#2239,#2238,#135,.T.);
#2745=EDGE_CURVE('',#2240,#2239,#136,.T.);
#2746=EDGE_CURVE('',#2241,#2240,#316,.T.);
#2747=EDGE_CURVE('',#2242,#2241,#1527,.T.);
#2748=EDGE_CURVE('',#2243,#2242,#317,.T.);
#2749=EDGE_CURVE('',#2244,#2243,#137,.T.);
#2750=EDGE_CURVE('',#2245,#2244,#138,.T.);
#2751=EDGE_CURVE('',#2233,#2245,#139,.T.);
#2752=EDGE_CURVE('',#2246,#2247,#318,.T.);
#2753=EDGE_CURVE('',#2248,#2246,#1528,.T.);
#2754=EDGE_CURVE('',#2249,#2248,#319,.T.);
#2755=EDGE_CURVE('',#2250,#2249,#1529,.T.);
#2756=EDGE_CURVE('',#2251,#2250,#320,.T.);
#2757=EDGE_CURVE('',#2252,#2251,#1530,.T.);
#2758=EDGE_CURVE('',#2253,#2252,#321,.T.);
#2759=EDGE_CURVE('',#2254,#2253,#1531,.T.);
#2760=EDGE_CURVE('',#2255,#2254,#322,.T.);
#2761=EDGE_CURVE('',#2256,#2255,#1532,.T.);
#2762=EDGE_CURVE('',#2257,#2256,#323,.T.);
#2763=EDGE_CURVE('',#2247,#2257,#1533,.T.);
#2764=EDGE_CURVE('',#2258,#2259,#140,.T.);
#2765=EDGE_CURVE('',#2260,#2258,#141,.T.);
#2766=EDGE_CURVE('',#2261,#2260,#142,.T.);
#2767=EDGE_CURVE('',#2262,#2261,#324,.T.);
#2768=EDGE_CURVE('',#2263,#2262,#1534,.T.);
#2769=EDGE_CURVE('',#2264,#2263,#325,.T.);
#2770=EDGE_CURVE('',#2259,#2264,#143,.T.);
#2771=EDGE_CURVE('',#2265,#2266,#326,.T.);
#2772=EDGE_CURVE('',#2267,#2265,#327,.T.);
#2773=EDGE_CURVE('',#2268,#2267,#328,.T.);
#2774=EDGE_CURVE('',#2269,#2268,#329,.T.);
#2775=EDGE_CURVE('',#2270,#2269,#330,.T.);
#2776=EDGE_CURVE('',#2271,#2270,#144,.T.);
#2777=EDGE_CURVE('',#2272,#2271,#331,.T.);
#2778=EDGE_CURVE('',#2266,#2272,#145,.T.);
#2779=EDGE_CURVE('',#2273,#2274,#332,.T.);
#2780=EDGE_CURVE('',#2275,#2273,#1535,.T.);
#2781=EDGE_CURVE('',#2276,#2275,#333,.T.);
#2782=EDGE_CURVE('',#2277,#2276,#1536,.T.);
#2783=EDGE_CURVE('',#2278,#2277,#334,.T.);
#2784=EDGE_CURVE('',#2279,#2278,#1537,.T.);
#2785=EDGE_CURVE('',#2280,#2279,#335,.T.);
#2786=EDGE_CURVE('',#2281,#2280,#1538,.T.);
#2787=EDGE_CURVE('',#2282,#2281,#336,.T.);
#2788=EDGE_CURVE('',#2283,#2282,#1539,.T.);
#2789=EDGE_CURVE('',#2284,#2283,#337,.T.);
#2790=EDGE_CURVE('',#2274,#2284,#1540,.T.);
#2791=EDGE_CURVE('',#2285,#2286,#146,.T.);
#2792=EDGE_CURVE('',#2287,#2285,#338,.T.);
#2793=EDGE_CURVE('',#2288,#2287,#1541,.T.);
#2794=EDGE_CURVE('',#2289,#2288,#339,.T.);
#2795=EDGE_CURVE('',#2290,#2289,#147,.T.);
#2796=EDGE_CURVE('',#2291,#2290,#1542,.T.);
#2797=EDGE_CURVE('',#2292,#2291,#340,.T.);
#2798=EDGE_CURVE('',#2293,#2292,#1543,.T.);
#2799=EDGE_CURVE('',#2294,#2293,#148,.T.);
#2800=EDGE_CURVE('',#2295,#2294,#341,.T.);
#2801=EDGE_CURVE('',#2296,#2295,#149,.T.);
#2802=EDGE_CURVE('',#2297,#2296,#150,.T.);
#2803=EDGE_CURVE('',#2286,#2297,#342,.T.);
#2804=EDGE_CURVE('',#2298,#2299,#343,.T.);
#2805=EDGE_CURVE('',#2300,#2298,#344,.T.);
#2806=EDGE_CURVE('',#2301,#2300,#1544,.T.);
#2807=EDGE_CURVE('',#2302,#2301,#345,.T.);
#2808=EDGE_CURVE('',#2303,#2302,#151,.T.);
#2809=EDGE_CURVE('',#2304,#2303,#152,.T.);
#2810=EDGE_CURVE('',#2305,#2304,#346,.T.);
#2811=EDGE_CURVE('',#2306,#2305,#347,.T.);
#2812=EDGE_CURVE('',#2307,#2306,#153,.T.);
#2813=EDGE_CURVE('',#2308,#2307,#154,.T.);
#2814=EDGE_CURVE('',#2309,#2308,#348,.T.);
#2815=EDGE_CURVE('',#2310,#2309,#349,.T.);
#2816=EDGE_CURVE('',#2311,#2310,#1545,.T.);
#2817=EDGE_CURVE('',#2312,#2311,#350,.T.);
#2818=EDGE_CURVE('',#2313,#2312,#155,.T.);
#2819=EDGE_CURVE('',#2314,#2313,#156,.T.);
#2820=EDGE_CURVE('',#2315,#2314,#157,.T.);
#2821=EDGE_CURVE('',#2316,#2315,#351,.T.);
#2822=EDGE_CURVE('',#2317,#2316,#352,.T.);
#2823=EDGE_CURVE('',#2318,#2317,#158,.T.);
#2824=EDGE_CURVE('',#2299,#2318,#159,.T.);
#2825=EDGE_CURVE('',#2319,#2320,#353,.T.);
#2826=EDGE_CURVE('',#2321,#2319,#354,.T.);
#2827=EDGE_CURVE('',#2322,#2321,#355,.T.);
#2828=EDGE_CURVE('',#2323,#2322,#356,.T.);
#2829=EDGE_CURVE('',#2324,#2323,#357,.T.);
#2830=EDGE_CURVE('',#2325,#2324,#160,.T.);
#2831=EDGE_CURVE('',#2326,#2325,#358,.T.);
#2832=EDGE_CURVE('',#2327,#2326,#1546,.T.);
#2833=EDGE_CURVE('',#2328,#2327,#359,.T.);
#2834=EDGE_CURVE('',#2329,#2328,#161,.T.);
#2835=EDGE_CURVE('',#2330,#2329,#1547,.T.);
#2836=EDGE_CURVE('',#2331,#2330,#360,.T.);
#2837=EDGE_CURVE('',#2332,#2331,#361,.T.);
#2838=EDGE_CURVE('',#2320,#2332,#362,.T.);
#2839=EDGE_CURVE('',#2333,#2334,#363,.T.);
#2840=EDGE_CURVE('',#2335,#2333,#1548,.T.);
#2841=EDGE_CURVE('',#2336,#2335,#364,.T.);
#2842=EDGE_CURVE('',#2337,#2336,#1549,.T.);
#2843=EDGE_CURVE('',#2338,#2337,#365,.T.);
#2844=EDGE_CURVE('',#2339,#2338,#1550,.T.);
#2845=EDGE_CURVE('',#2340,#2339,#366,.T.);
#2846=EDGE_CURVE('',#2341,#2340,#1551,.T.);
#2847=EDGE_CURVE('',#2342,#2341,#367,.T.);
#2848=EDGE_CURVE('',#2343,#2342,#1552,.T.);
#2849=EDGE_CURVE('',#2344,#2343,#368,.T.);
#2850=EDGE_CURVE('',#2334,#2344,#1553,.T.);
#2851=EDGE_CURVE('',#2345,#2346,#162,.T.);
#2852=EDGE_CURVE('',#2347,#2345,#163,.T.);
#2853=EDGE_CURVE('',#2348,#2347,#164,.T.);
#2854=EDGE_CURVE('',#2349,#2348,#369,.T.);
#2855=EDGE_CURVE('',#2350,#2349,#1554,.T.);
#2856=EDGE_CURVE('',#2351,#2350,#370,.T.);
#2857=EDGE_CURVE('',#2346,#2351,#165,.T.);
#2858=EDGE_CURVE('',#2352,#2353,#371,.T.);
#2859=EDGE_CURVE('',#2354,#2352,#372,.T.);
#2860=EDGE_CURVE('',#2355,#2354,#373,.T.);
#2861=EDGE_CURVE('',#2356,#2355,#374,.T.);
#2862=EDGE_CURVE('',#2357,#2356,#375,.T.);
#2863=EDGE_CURVE('',#2358,#2357,#166,.T.);
#2864=EDGE_CURVE('',#2359,#2358,#376,.T.);
#2865=EDGE_CURVE('',#2353,#2359,#167,.T.);
#2866=EDGE_CURVE('',#2360,#2361,#168,.T.);
#2867=EDGE_CURVE('',#2362,#2360,#169,.T.);
#2868=EDGE_CURVE('',#2363,#2362,#170,.T.);
#2869=EDGE_CURVE('',#2364,#2363,#171,.T.);
#2870=EDGE_CURVE('',#2365,#2364,#172,.T.);
#2871=EDGE_CURVE('',#2366,#2365,#173,.T.);
#2872=EDGE_CURVE('',#2367,#2366,#377,.T.);
#2873=EDGE_CURVE('',#2368,#2367,#174,.T.);
#2874=EDGE_CURVE('',#2369,#2368,#175,.T.);
#2875=EDGE_CURVE('',#2370,#2369,#1555,.T.);
#2876=EDGE_CURVE('',#2371,#2370,#378,.T.);
#2877=EDGE_CURVE('',#2372,#2371,#176,.T.);
#2878=EDGE_CURVE('',#2373,#2372,#177,.T.);
#2879=EDGE_CURVE('',#2374,#2373,#1556,.T.);
#2880=EDGE_CURVE('',#2375,#2374,#178,.T.);
#2881=EDGE_CURVE('',#2376,#2375,#179,.T.);
#2882=EDGE_CURVE('',#2377,#2376,#379,.T.);
#2883=EDGE_CURVE('',#2378,#2377,#180,.T.);
#2884=EDGE_CURVE('',#2379,#2378,#181,.T.);
#2885=EDGE_CURVE('',#2380,#2379,#182,.T.);
#2886=EDGE_CURVE('',#2381,#2380,#183,.T.);
#2887=EDGE_CURVE('',#2382,#2381,#380,.T.);
#2888=EDGE_CURVE('',#2383,#2382,#381,.T.);
#2889=EDGE_CURVE('',#2384,#2383,#382,.T.);
#2890=EDGE_CURVE('',#2385,#2384,#1557,.T.);
#2891=EDGE_CURVE('',#2386,#2385,#184,.T.);
#2892=EDGE_CURVE('',#2387,#2386,#185,.T.);
#2893=EDGE_CURVE('',#2388,#2387,#186,.T.);
#2894=EDGE_CURVE('',#2389,#2388,#187,.T.);
#2895=EDGE_CURVE('',#2390,#2389,#188,.T.);
#2896=EDGE_CURVE('',#2391,#2390,#189,.T.);
#2897=EDGE_CURVE('',#2392,#2391,#383,.T.);
#2898=EDGE_CURVE('',#2361,#2392,#384,.T.);
#2899=EDGE_CURVE('',#2228,#2393,#1558,.T.);
#2900=EDGE_CURVE('',#2226,#2394,#1559,.T.);
#2901=EDGE_CURVE('',#2393,#2394,#1560,.T.);
#2902=EDGE_CURVE('',#2227,#2395,#1561,.T.);
#2903=EDGE_CURVE('',#2394,#2395,#385,.T.);
#2904=EDGE_CURVE('',#2231,#2396,#1562,.T.);
#2905=EDGE_CURVE('',#2395,#2396,#1563,.T.);
#2906=EDGE_CURVE('',#2230,#2397,#1564,.T.);
#2907=EDGE_CURVE('',#2396,#2397,#386,.T.);
#2908=EDGE_CURVE('',#2229,#2398,#1565,.T.);
#2909=EDGE_CURVE('',#2397,#2398,#1566,.T.);
#2910=EDGE_CURVE('',#2398,#2393,#387,.T.);
#2911=EDGE_CURVE('',#2234,#2399,#1567,.T.);
#2912=EDGE_CURVE('',#2232,#2400,#1568,.T.);
#2913=EDGE_CURVE('',#2399,#2400,#388,.T.);
#2914=EDGE_CURVE('',#2233,#2401,#1569,.T.);
#2915=EDGE_CURVE('',#2400,#2401,#190,.T.);
#2916=EDGE_CURVE('',#2245,#2402,#1570,.T.);
#2917=EDGE_CURVE('',#2401,#2402,#191,.T.);
#2918=EDGE_CURVE('',#2244,#2403,#1571,.T.);
#2919=EDGE_CURVE('',#2402,#2403,#192,.T.);
#2920=EDGE_CURVE('',#2243,#2404,#1572,.T.);
#2921=EDGE_CURVE('',#2403,#2404,#193,.T.);
#2922=EDGE_CURVE('',#2242,#2405,#1573,.T.);
#2923=EDGE_CURVE('',#2404,#2405,#389,.T.);
#2924=EDGE_CURVE('',#2241,#2406,#1574,.T.);
#2925=EDGE_CURVE('',#2405,#2406,#1575,.T.);
#2926=EDGE_CURVE('',#2240,#2407,#1576,.T.);
#2927=EDGE_CURVE('',#2406,#2407,#390,.T.);
#2928=EDGE_CURVE('',#2239,#2408,#1577,.T.);
#2929=EDGE_CURVE('',#2407,#2408,#194,.T.);
#2930=EDGE_CURVE('',#2238,#2409,#1578,.T.);
#2931=EDGE_CURVE('',#2408,#2409,#195,.T.);
#2932=EDGE_CURVE('',#2237,#2410,#1579,.T.);
#2933=EDGE_CURVE('',#2409,#2410,#196,.T.);
#2934=EDGE_CURVE('',#2236,#2411,#1580,.T.);
#2935=EDGE_CURVE('',#2410,#2411,#197,.T.);
#2936=EDGE_CURVE('',#2235,#2412,#1581,.T.);
#2937=EDGE_CURVE('',#2411,#2412,#198,.T.);
#2938=EDGE_CURVE('',#2412,#2399,#1582,.T.);
#2939=EDGE_CURVE('',#2248,#2413,#1583,.T.);
#2940=EDGE_CURVE('',#2246,#2414,#1584,.T.);
#2941=EDGE_CURVE('',#2413,#2414,#1585,.T.);
#2942=EDGE_CURVE('',#2247,#2415,#1586,.T.);
#2943=EDGE_CURVE('',#2414,#2415,#391,.T.);
#2944=EDGE_CURVE('',#2257,#2416,#1587,.T.);
#2945=EDGE_CURVE('',#2415,#2416,#1588,.T.);
#2946=EDGE_CURVE('',#2256,#2417,#1589,.T.);
#2947=EDGE_CURVE('',#2416,#2417,#392,.T.);
#2948=EDGE_CURVE('',#2255,#2418,#1590,.T.);
#2949=EDGE_CURVE('',#2417,#2418,#1591,.T.);
#2950=EDGE_CURVE('',#2254,#2419,#1592,.T.);
#2951=EDGE_CURVE('',#2418,#2419,#393,.T.);
#2952=EDGE_CURVE('',#2253,#2420,#1593,.T.);
#2953=EDGE_CURVE('',#2419,#2420,#1594,.T.);
#2954=EDGE_CURVE('',#2252,#2421,#1595,.T.);
#2955=EDGE_CURVE('',#2420,#2421,#394,.T.);
#2956=EDGE_CURVE('',#2251,#2422,#1596,.T.);
#2957=EDGE_CURVE('',#2421,#2422,#1597,.T.);
#2958=EDGE_CURVE('',#2250,#2423,#1598,.T.);
#2959=EDGE_CURVE('',#2422,#2423,#395,.T.);
#2960=EDGE_CURVE('',#2249,#2424,#1599,.T.);
#2961=EDGE_CURVE('',#2423,#2424,#1600,.T.);
#2962=EDGE_CURVE('',#2424,#2413,#396,.T.);
#2963=EDGE_CURVE('',#2260,#2425,#1601,.T.);
#2964=EDGE_CURVE('',#2258,#2426,#1602,.T.);
#2965=EDGE_CURVE('',#2425,#2426,#199,.T.);
#2966=EDGE_CURVE('',#2259,#2427,#1603,.T.);
#2967=EDGE_CURVE('',#2426,#2427,#200,.T.);
#2968=EDGE_CURVE('',#2264,#2428,#1604,.T.);
#2969=EDGE_CURVE('',#2427,#2428,#201,.T.);
#2970=EDGE_CURVE('',#2263,#2429,#1605,.T.);
#2971=EDGE_CURVE('',#2428,#2429,#397,.T.);
#2972=EDGE_CURVE('',#2262,#2430,#1606,.T.);
#2973=EDGE_CURVE('',#2429,#2430,#1607,.T.);
#2974=EDGE_CURVE('',#2261,#2431,#1608,.T.);
#2975=EDGE_CURVE('',#2430,#2431,#398,.T.);
#2976=EDGE_CURVE('',#2431,#2425,#202,.T.);
#2977=EDGE_CURVE('',#2432,#2433,#203,.T.);
#2978=EDGE_CURVE('',#2434,#2432,#399,.T.);
#2979=EDGE_CURVE('',#2435,#2434,#1609,.T.);
#2980=EDGE_CURVE('',#2436,#2435,#400,.T.);
#2981=EDGE_CURVE('',#2437,#2436,#204,.T.);
#2982=EDGE_CURVE('',#2438,#2437,#205,.T.);
#2983=EDGE_CURVE('',#2433,#2438,#206,.T.);
#2984=EDGE_CURVE('',#2439,#2434,#1610,.T.);
#2985=EDGE_CURVE('',#2440,#2432,#1611,.T.);
#2986=EDGE_CURVE('',#2439,#2440,#401,.T.);
#2987=EDGE_CURVE('',#2441,#2433,#1612,.T.);
#2988=EDGE_CURVE('',#2440,#2441,#207,.T.);
#2989=EDGE_CURVE('',#2442,#2438,#1613,.T.);
#2990=EDGE_CURVE('',#2441,#2442,#208,.T.);
#2991=EDGE_CURVE('',#2443,#2437,#1614,.T.);
#2992=EDGE_CURVE('',#2442,#2443,#209,.T.);
#2993=EDGE_CURVE('',#2444,#2436,#1615,.T.);
#2994=EDGE_CURVE('',#2443,#2444,#210,.T.);
#2995=EDGE_CURVE('',#2445,#2435,#1616,.T.);
#2996=EDGE_CURVE('',#2444,#2445,#402,.T.);
#2997=EDGE_CURVE('',#2445,#2439,#1617,.T.);
#2998=EDGE_CURVE('',#2267,#2446,#1618,.T.);
#2999=EDGE_CURVE('',#2265,#2447,#1619,.T.);
#3000=EDGE_CURVE('',#2446,#2447,#403,.T.);
#3001=EDGE_CURVE('',#2266,#2448,#1620,.T.);
#3002=EDGE_CURVE('',#2447,#2448,#404,.T.);
#3003=EDGE_CURVE('',#2272,#2449,#1621,.T.);
#3004=EDGE_CURVE('',#2448,#2449,#211,.T.);
#3005=EDGE_CURVE('',#2271,#2450,#1622,.T.);
#3006=EDGE_CURVE('',#2449,#2450,#405,.T.);
#3007=EDGE_CURVE('',#2270,#2451,#1623,.T.);
#3008=EDGE_CURVE('',#2450,#2451,#212,.T.);
#3009=EDGE_CURVE('',#2269,#2452,#1624,.T.);
#3010=EDGE_CURVE('',#2451,#2452,#406,.T.);
#3011=EDGE_CURVE('',#2268,#2453,#1625,.T.);
#3012=EDGE_CURVE('',#2452,#2453,#407,.T.);
#3013=EDGE_CURVE('',#2453,#2446,#408,.T.);
#3014=EDGE_CURVE('',#2454,#2455,#409,.T.);
#3015=EDGE_CURVE('',#2456,#2454,#410,.T.);
#3016=EDGE_CURVE('',#2457,#2456,#411,.T.);
#3017=EDGE_CURVE('',#2458,#2457,#412,.T.);
#3018=EDGE_CURVE('',#2455,#2458,#413,.T.);
#3019=EDGE_CURVE('',#2459,#2456,#1626,.T.);
#3020=EDGE_CURVE('',#2460,#2454,#1627,.T.);
#3021=EDGE_CURVE('',#2459,#2460,#414,.T.);
#3022=EDGE_CURVE('',#2461,#2455,#1628,.T.);
#3023=EDGE_CURVE('',#2460,#2461,#415,.T.);
#3024=EDGE_CURVE('',#2462,#2458,#1629,.T.);
#3025=EDGE_CURVE('',#2461,#2462,#416,.T.);
#3026=EDGE_CURVE('',#2463,#2457,#1630,.T.);
#3027=EDGE_CURVE('',#2462,#2463,#417,.T.);
#3028=EDGE_CURVE('',#2463,#2459,#418,.T.);
#3029=EDGE_CURVE('',#2275,#2464,#1631,.T.);
#3030=EDGE_CURVE('',#2273,#2465,#1632,.T.);
#3031=EDGE_CURVE('',#2464,#2465,#1633,.T.);
#3032=EDGE_CURVE('',#2274,#2466,#1634,.T.);
#3033=EDGE_CURVE('',#2465,#2466,#419,.T.);
#3034=EDGE_CURVE('',#2284,#2467,#1635,.T.);
#3035=EDGE_CURVE('',#2466,#2467,#1636,.T.);
#3036=EDGE_CURVE('',#2283,#2468,#1637,.T.);
#3037=EDGE_CURVE('',#2467,#2468,#420,.T.);
#3038=EDGE_CURVE('',#2282,#2469,#1638,.T.);
#3039=EDGE_CURVE('',#2468,#2469,#1639,.T.);
#3040=EDGE_CURVE('',#2281,#2470,#1640,.T.);
#3041=EDGE_CURVE('',#2469,#2470,#421,.T.);
#3042=EDGE_CURVE('',#2280,#2471,#1641,.T.);
#3043=EDGE_CURVE('',#2470,#2471,#1642,.T.);
#3044=EDGE_CURVE('',#2279,#2472,#1643,.T.);
#3045=EDGE_CURVE('',#2471,#2472,#422,.T.);
#3046=EDGE_CURVE('',#2278,#2473,#1644,.T.);
#3047=EDGE_CURVE('',#2472,#2473,#1645,.T.);
#3048=EDGE_CURVE('',#2277,#2474,#1646,.T.);
#3049=EDGE_CURVE('',#2473,#2474,#423,.T.);
#3050=EDGE_CURVE('',#2276,#2475,#1647,.T.);
#3051=EDGE_CURVE('',#2474,#2475,#1648,.T.);
#3052=EDGE_CURVE('',#2475,#2464,#424,.T.);
#3053=EDGE_CURVE('',#2287,#2476,#1649,.T.);
#3054=EDGE_CURVE('',#2285,#2477,#1650,.T.);
#3055=EDGE_CURVE('',#2476,#2477,#425,.T.);
#3056=EDGE_CURVE('',#2286,#2478,#1651,.T.);
#3057=EDGE_CURVE('',#2477,#2478,#213,.T.);
#3058=EDGE_CURVE('',#2297,#2479,#1652,.T.);
#3059=EDGE_CURVE('',#2478,#2479,#426,.T.);
#3060=EDGE_CURVE('',#2296,#2480,#1653,.T.);
#3061=EDGE_CURVE('',#2479,#2480,#214,.T.);
#3062=EDGE_CURVE('',#2295,#2481,#1654,.T.);
#3063=EDGE_CURVE('',#2480,#2481,#215,.T.);
#3064=EDGE_CURVE('',#2294,#2482,#1655,.T.);
#3065=EDGE_CURVE('',#2481,#2482,#427,.T.);
#3066=EDGE_CURVE('',#2293,#2483,#216,.T.);
#3067=EDGE_CURVE('',#2482,#2483,#217,.T.);
#3068=EDGE_CURVE('',#2292,#2484,#1656,.T.);
#3069=EDGE_CURVE('',#2483,#2484,#1657,.T.);
#3070=EDGE_CURVE('',#2291,#2485,#1658,.T.);
#3071=EDGE_CURVE('',#2484,#2485,#428,.T.);
#3072=EDGE_CURVE('',#2290,#2486,#1659,.T.);
#3073=EDGE_CURVE('',#2485,#2486,#1660,.T.);
#3074=EDGE_CURVE('',#2289,#2487,#1661,.T.);
#3075=EDGE_CURVE('',#2486,#2487,#218,.T.);
#3076=EDGE_CURVE('',#2288,#2488,#1662,.T.);
#3077=EDGE_CURVE('',#2487,#2488,#429,.T.);
#3078=EDGE_CURVE('',#2488,#2476,#1663,.T.);
#3079=EDGE_CURVE('',#2489,#2490,#219,.T.);
#3080=EDGE_CURVE('',#2491,#2489,#220,.T.);
#3081=EDGE_CURVE('',#2492,#2491,#221,.T.);
#3082=EDGE_CURVE('',#2493,#2492,#430,.T.);
#3083=EDGE_CURVE('',#2494,#2493,#431,.T.);
#3084=EDGE_CURVE('',#2495,#2494,#1664,.T.);
#3085=EDGE_CURVE('',#2496,#2495,#222,.T.);
#3086=EDGE_CURVE('',#2490,#2496,#223,.T.);
#3087=EDGE_CURVE('',#2497,#2491,#1665,.T.);
#3088=EDGE_CURVE('',#2498,#2489,#1666,.T.);
#3089=EDGE_CURVE('',#2497,#2498,#224,.T.);
#3090=EDGE_CURVE('',#2499,#2490,#1667,.T.);
#3091=EDGE_CURVE('',#2498,#2499,#225,.T.);
#3092=EDGE_CURVE('',#2500,#2496,#1668,.T.);
#3093=EDGE_CURVE('',#2499,#2500,#226,.T.);
#3094=EDGE_CURVE('',#2501,#2495,#1669,.T.);
#3095=EDGE_CURVE('',#2500,#2501,#227,.T.);
#3096=EDGE_CURVE('',#2502,#2494,#1670,.T.);
#3097=EDGE_CURVE('',#2501,#2502,#1671,.T.);
#3098=EDGE_CURVE('',#2503,#2493,#1672,.T.);
#3099=EDGE_CURVE('',#2502,#2503,#432,.T.);
#3100=EDGE_CURVE('',#2504,#2492,#1673,.T.);
#3101=EDGE_CURVE('',#2503,#2504,#433,.T.);
#3102=EDGE_CURVE('',#2504,#2497,#228,.T.);
#3103=EDGE_CURVE('',#2300,#2505,#1674,.T.);
#3104=EDGE_CURVE('',#2298,#2506,#1675,.T.);
#3105=EDGE_CURVE('',#2505,#2506,#434,.T.);
#3106=EDGE_CURVE('',#2299,#2507,#1676,.T.);
#3107=EDGE_CURVE('',#2506,#2507,#435,.T.);
#3108=EDGE_CURVE('',#2318,#2508,#1677,.T.);
#3109=EDGE_CURVE('',#2507,#2508,#229,.T.);
#3110=EDGE_CURVE('',#2317,#2509,#1678,.T.);
#3111=EDGE_CURVE('',#2508,#2509,#230,.T.);
#3112=EDGE_CURVE('',#2316,#2510,#1679,.T.);
#3113=EDGE_CURVE('',#2509,#2510,#436,.T.);
#3114=EDGE_CURVE('',#2315,#2511,#1680,.T.);
#3115=EDGE_CURVE('',#2510,#2511,#437,.T.);
#3116=EDGE_CURVE('',#2314,#2512,#1681,.T.);
#3117=EDGE_CURVE('',#2511,#2512,#231,.T.);
#3118=EDGE_CURVE('',#2313,#2513,#1682,.T.);
#3119=EDGE_CURVE('',#2512,#2513,#232,.T.);
#3120=EDGE_CURVE('',#2312,#2514,#1683,.T.);
#3121=EDGE_CURVE('',#2513,#2514,#233,.T.);
#3122=EDGE_CURVE('',#2311,#2515,#1684,.T.);
#3123=EDGE_CURVE('',#2514,#2515,#438,.T.);
#3124=EDGE_CURVE('',#2310,#2516,#1685,.T.);
#3125=EDGE_CURVE('',#2515,#2516,#1686,.T.);
#3126=EDGE_CURVE('',#2309,#2517,#1687,.T.);
#3127=EDGE_CURVE('',#2516,#2517,#439,.T.);
#3128=EDGE_CURVE('',#2308,#2518,#1688,.T.);
#3129=EDGE_CURVE('',#2517,#2518,#440,.T.);
#3130=EDGE_CURVE('',#2307,#2519,#1689,.T.);
#3131=EDGE_CURVE('',#2518,#2519,#234,.T.);
#3132=EDGE_CURVE('',#2306,#2520,#1690,.T.);
#3133=EDGE_CURVE('',#2519,#2520,#235,.T.);
#3134=EDGE_CURVE('',#2305,#2521,#1691,.T.);
#3135=EDGE_CURVE('',#2520,#2521,#441,.T.);
#3136=EDGE_CURVE('',#2304,#2522,#1692,.T.);
#3137=EDGE_CURVE('',#2521,#2522,#442,.T.);
#3138=EDGE_CURVE('',#2303,#2523,#1693,.T.);
#3139=EDGE_CURVE('',#2522,#2523,#236,.T.);
#3140=EDGE_CURVE('',#2302,#2524,#1694,.T.);
#3141=EDGE_CURVE('',#2523,#2524,#237,.T.);
#3142=EDGE_CURVE('',#2301,#2525,#1695,.T.);
#3143=EDGE_CURVE('',#2524,#2525,#443,.T.);
#3144=EDGE_CURVE('',#2525,#2505,#1696,.T.);
#3145=EDGE_CURVE('',#2321,#2526,#1697,.T.);
#3146=EDGE_CURVE('',#2319,#2527,#1698,.T.);
#3147=EDGE_CURVE('',#2526,#2527,#444,.T.);
#3148=EDGE_CURVE('',#2320,#2528,#1699,.T.);
#3149=EDGE_CURVE('',#2527,#2528,#445,.T.);
#3150=EDGE_CURVE('',#2332,#2529,#1700,.T.);
#3151=EDGE_CURVE('',#2528,#2529,#446,.T.);
#3152=EDGE_CURVE('',#2331,#2530,#1701,.T.);
#3153=EDGE_CURVE('',#2529,#2530,#447,.T.);
#3154=EDGE_CURVE('',#2330,#2531,#1702,.T.);
#3155=EDGE_CURVE('',#2530,#2531,#448,.T.);
#3156=EDGE_CURVE('',#2329,#2532,#1703,.T.);
#3157=EDGE_CURVE('',#2531,#2532,#1704,.T.);
#3158=EDGE_CURVE('',#2328,#2533,#1705,.T.);
#3159=EDGE_CURVE('',#2532,#2533,#238,.T.);
#3160=EDGE_CURVE('',#2327,#2534,#1706,.T.);
#3161=EDGE_CURVE('',#2533,#2534,#449,.T.);
#3162=EDGE_CURVE('',#2326,#2535,#1707,.T.);
#3163=EDGE_CURVE('',#2534,#2535,#1708,.T.);
#3164=EDGE_CURVE('',#2325,#2536,#1709,.T.);
#3165=EDGE_CURVE('',#2535,#2536,#450,.T.);
#3166=EDGE_CURVE('',#2324,#2537,#1710,.T.);
#3167=EDGE_CURVE('',#2536,#2537,#239,.T.);
#3168=EDGE_CURVE('',#2323,#2538,#1711,.T.);
#3169=EDGE_CURVE('',#2537,#2538,#451,.T.);
#3170=EDGE_CURVE('',#2322,#2539,#1712,.T.);
#3171=EDGE_CURVE('',#2538,#2539,#452,.T.);
#3172=EDGE_CURVE('',#2539,#2526,#453,.T.);
#3173=EDGE_CURVE('',#2335,#2540,#1713,.T.);
#3174=EDGE_CURVE('',#2333,#2541,#1714,.T.);
#3175=EDGE_CURVE('',#2540,#2541,#1715,.T.);
#3176=EDGE_CURVE('',#2334,#2542,#1716,.T.);
#3177=EDGE_CURVE('',#2541,#2542,#454,.T.);
#3178=EDGE_CURVE('',#2344,#2543,#1717,.T.);
#3179=EDGE_CURVE('',#2542,#2543,#1718,.T.);
#3180=EDGE_CURVE('',#2343,#2544,#1719,.T.);
#3181=EDGE_CURVE('',#2543,#2544,#455,.T.);
#3182=EDGE_CURVE('',#2342,#2545,#1720,.T.);
#3183=EDGE_CURVE('',#2544,#2545,#1721,.T.);
#3184=EDGE_CURVE('',#2341,#2546,#1722,.T.);
#3185=EDGE_CURVE('',#2545,#2546,#456,.T.);
#3186=EDGE_CURVE('',#2340,#2547,#1723,.T.);
#3187=EDGE_CURVE('',#2546,#2547,#1724,.T.);
#3188=EDGE_CURVE('',#2339,#2548,#1725,.T.);
#3189=EDGE_CURVE('',#2547,#2548,#457,.T.);
#3190=EDGE_CURVE('',#2338,#2549,#1726,.T.);
#3191=EDGE_CURVE('',#2548,#2549,#1727,.T.);
#3192=EDGE_CURVE('',#2337,#2550,#1728,.T.);
#3193=EDGE_CURVE('',#2549,#2550,#458,.T.);
#3194=EDGE_CURVE('',#2336,#2551,#1729,.T.);
#3195=EDGE_CURVE('',#2550,#2551,#1730,.T.);
#3196=EDGE_CURVE('',#2551,#2540,#459,.T.);
#3197=EDGE_CURVE('',#2347,#2552,#1731,.T.);
#3198=EDGE_CURVE('',#2345,#2553,#1732,.T.);
#3199=EDGE_CURVE('',#2552,#2553,#240,.T.);
#3200=EDGE_CURVE('',#2346,#2554,#1733,.T.);
#3201=EDGE_CURVE('',#2553,#2554,#241,.T.);
#3202=EDGE_CURVE('',#2351,#2555,#1734,.T.);
#3203=EDGE_CURVE('',#2554,#2555,#242,.T.);
#3204=EDGE_CURVE('',#2350,#2556,#1735,.T.);
#3205=EDGE_CURVE('',#2555,#2556,#460,.T.);
#3206=EDGE_CURVE('',#2349,#2557,#1736,.T.);
#3207=EDGE_CURVE('',#2556,#2557,#1737,.T.);
#3208=EDGE_CURVE('',#2348,#2558,#1738,.T.);
#3209=EDGE_CURVE('',#2557,#2558,#461,.T.);
#3210=EDGE_CURVE('',#2558,#2552,#243,.T.);
#3211=EDGE_CURVE('',#2559,#2560,#244,.T.);
#3212=EDGE_CURVE('',#2561,#2559,#462,.T.);
#3213=EDGE_CURVE('',#2562,#2561,#1739,.T.);
#3214=EDGE_CURVE('',#2563,#2562,#463,.T.);
#3215=EDGE_CURVE('',#2564,#2563,#245,.T.);
#3216=EDGE_CURVE('',#2565,#2564,#246,.T.);
#3217=EDGE_CURVE('',#2560,#2565,#247,.T.);
#3218=EDGE_CURVE('',#2566,#2561,#1740,.T.);
#3219=EDGE_CURVE('',#2567,#2559,#1741,.T.);
#3220=EDGE_CURVE('',#2566,#2567,#464,.T.);
#3221=EDGE_CURVE('',#2568,#2560,#1742,.T.);
#3222=EDGE_CURVE('',#2567,#2568,#248,.T.);
#3223=EDGE_CURVE('',#2569,#2565,#1743,.T.);
#3224=EDGE_CURVE('',#2568,#2569,#249,.T.);
#3225=EDGE_CURVE('',#2570,#2564,#1744,.T.);
#3226=EDGE_CURVE('',#2569,#2570,#250,.T.);
#3227=EDGE_CURVE('',#2571,#2563,#1745,.T.);
#3228=EDGE_CURVE('',#2570,#2571,#251,.T.);
#3229=EDGE_CURVE('',#2572,#2562,#1746,.T.);
#3230=EDGE_CURVE('',#2571,#2572,#465,.T.);
#3231=EDGE_CURVE('',#2572,#2566,#1747,.T.);
#3232=EDGE_CURVE('',#2354,#2573,#1748,.T.);
#3233=EDGE_CURVE('',#2352,#2574,#1749,.T.);
#3234=EDGE_CURVE('',#2573,#2574,#466,.T.);
#3235=EDGE_CURVE('',#2353,#2575,#1750,.T.);
#3236=EDGE_CURVE('',#2574,#2575,#467,.T.);
#3237=EDGE_CURVE('',#2359,#2576,#1751,.T.);
#3238=EDGE_CURVE('',#2575,#2576,#252,.T.);
#3239=EDGE_CURVE('',#2358,#2577,#1752,.T.);
#3240=EDGE_CURVE('',#2576,#2577,#468,.T.);
#3241=EDGE_CURVE('',#2357,#2578,#1753,.T.);
#3242=EDGE_CURVE('',#2577,#2578,#253,.T.);
#3243=EDGE_CURVE('',#2356,#2579,#1754,.T.);
#3244=EDGE_CURVE('',#2578,#2579,#469,.T.);
#3245=EDGE_CURVE('',#2355,#2580,#1755,.T.);
#3246=EDGE_CURVE('',#2579,#2580,#470,.T.);
#3247=EDGE_CURVE('',#2580,#2573,#471,.T.);
#3248=EDGE_CURVE('',#2581,#2582,#472,.T.);
#3249=EDGE_CURVE('',#2583,#2581,#473,.T.);
#3250=EDGE_CURVE('',#2584,#2583,#474,.T.);
#3251=EDGE_CURVE('',#2585,#2584,#475,.T.);
#3252=EDGE_CURVE('',#2582,#2585,#476,.T.);
#3253=EDGE_CURVE('',#2586,#2583,#1756,.T.);
#3254=EDGE_CURVE('',#2587,#2581,#1757,.T.);
#3255=EDGE_CURVE('',#2586,#2587,#477,.T.);
#3256=EDGE_CURVE('',#2588,#2582,#1758,.T.);
#3257=EDGE_CURVE('',#2587,#2588,#478,.T.);
#3258=EDGE_CURVE('',#2589,#2585,#1759,.T.);
#3259=EDGE_CURVE('',#2588,#2589,#479,.T.);
#3260=EDGE_CURVE('',#2590,#2584,#1760,.T.);
#3261=EDGE_CURVE('',#2589,#2590,#480,.T.);
#3262=EDGE_CURVE('',#2590,#2586,#481,.T.);
#3263=EDGE_CURVE('',#2362,#2591,#1761,.T.);
#3264=EDGE_CURVE('',#2360,#2592,#1762,.T.);
#3265=EDGE_CURVE('',#2591,#2592,#254,.T.);
#3266=EDGE_CURVE('',#2361,#2593,#1763,.T.);
#3267=EDGE_CURVE('',#2592,#2593,#255,.T.);
#3268=EDGE_CURVE('',#2392,#2594,#1764,.T.);
#3269=EDGE_CURVE('',#2593,#2594,#482,.T.);
#3270=EDGE_CURVE('',#2391,#2595,#1765,.T.);
#3271=EDGE_CURVE('',#2594,#2595,#483,.T.);
#3272=EDGE_CURVE('',#2390,#2596,#1766,.T.);
#3273=EDGE_CURVE('',#2595,#2596,#256,.T.);
#3274=EDGE_CURVE('',#2389,#2597,#1767,.T.);
#3275=EDGE_CURVE('',#2596,#2597,#257,.T.);
#3276=EDGE_CURVE('',#2388,#2598,#1768,.T.);
#3277=EDGE_CURVE('',#2597,#2598,#258,.T.);
#3278=EDGE_CURVE('',#2387,#2599,#1769,.T.);
#3279=EDGE_CURVE('',#2598,#2599,#259,.T.);
#3280=EDGE_CURVE('',#2386,#2600,#1770,.T.);
#3281=EDGE_CURVE('',#2599,#2600,#260,.T.);
#3282=EDGE_CURVE('',#2385,#2601,#1771,.T.);
#3283=EDGE_CURVE('',#2600,#2601,#261,.T.);
#3284=EDGE_CURVE('',#2384,#2602,#1772,.T.);
#3285=EDGE_CURVE('',#2601,#2602,#1773,.T.);
#3286=EDGE_CURVE('',#2383,#2603,#1774,.T.);
#3287=EDGE_CURVE('',#2602,#2603,#484,.T.);
#3288=EDGE_CURVE('',#2382,#2604,#1775,.T.);
#3289=EDGE_CURVE('',#2603,#2604,#485,.T.);
#3290=EDGE_CURVE('',#2381,#2605,#1776,.T.);
#3291=EDGE_CURVE('',#2604,#2605,#486,.T.);
#3292=EDGE_CURVE('',#2380,#2606,#1777,.T.);
#3293=EDGE_CURVE('',#2605,#2606,#262,.T.);
#3294=EDGE_CURVE('',#2379,#2607,#1778,.T.);
#3295=EDGE_CURVE('',#2606,#2607,#263,.T.);
#3296=EDGE_CURVE('',#2378,#2608,#1779,.T.);
#3297=EDGE_CURVE('',#2607,#2608,#264,.T.);
#3298=EDGE_CURVE('',#2377,#2609,#1780,.T.);
#3299=EDGE_CURVE('',#2608,#2609,#265,.T.);
#3300=EDGE_CURVE('',#2376,#2610,#1781,.T.);
#3301=EDGE_CURVE('',#2609,#2610,#487,.T.);
#3302=EDGE_CURVE('',#2375,#2611,#1782,.T.);
#3303=EDGE_CURVE('',#2610,#2611,#266,.T.);
#3304=EDGE_CURVE('',#2374,#2612,#1783,.T.);
#3305=EDGE_CURVE('',#2611,#2612,#267,.T.);
#3306=EDGE_CURVE('',#2373,#2613,#1784,.T.);
#3307=EDGE_CURVE('',#2612,#2613,#1785,.T.);
#3308=EDGE_CURVE('',#2372,#2614,#1786,.T.);
#3309=EDGE_CURVE('',#2613,#2614,#268,.T.);
#3310=EDGE_CURVE('',#2371,#2615,#1787,.T.);
#3311=EDGE_CURVE('',#2614,#2615,#269,.T.);
#3312=EDGE_CURVE('',#2370,#2616,#1788,.T.);
#3313=EDGE_CURVE('',#2615,#2616,#488,.T.);
#3314=EDGE_CURVE('',#2369,#2617,#1789,.T.);
#3315=EDGE_CURVE('',#2616,#2617,#1790,.T.);
#3316=EDGE_CURVE('',#2368,#2618,#1791,.T.);
#3317=EDGE_CURVE('',#2617,#2618,#270,.T.);
#3318=EDGE_CURVE('',#2367,#2619,#1792,.T.);
#3319=EDGE_CURVE('',#2618,#2619,#271,.T.);
#3320=EDGE_CURVE('',#2366,#2620,#1793,.T.);
#3321=EDGE_CURVE('',#2619,#2620,#489,.T.);
#3322=EDGE_CURVE('',#2366,#2621,#1794,.T.);
#3323=EDGE_CURVE('',#2620,#2621,#1795,.T.);
#3324=EDGE_CURVE('',#2366,#2622,#1796,.T.);
#3325=EDGE_CURVE('',#2621,#2622,#1797,.T.);
#3326=EDGE_CURVE('',#2365,#2623,#1798,.T.);
#3327=EDGE_CURVE('',#2622,#2623,#272,.T.);
#3328=EDGE_CURVE('',#2364,#2624,#1799,.T.);
#3329=EDGE_CURVE('',#2623,#2624,#273,.T.);
#3330=EDGE_CURVE('',#2363,#2625,#1800,.T.);
#3331=EDGE_CURVE('',#2624,#2625,#274,.T.);
#3332=EDGE_CURVE('',#2625,#2591,#275,.T.);
#3333=EDGE_CURVE('',#2626,#2627,#276,.T.);
#3334=EDGE_CURVE('',#2627,#2626,#277,.T.);
#3335=EDGE_CURVE('',#2628,#2627,#1801,.T.);
#3336=EDGE_CURVE('',#2629,#2626,#1802,.T.);
#3337=EDGE_CURVE('',#2628,#2629,#278,.T.);
#3338=EDGE_CURVE('',#2629,#2628,#279,.T.);
#3339=ORIENTED_EDGE('',*,*,#2630,.F.);
#3340=ORIENTED_EDGE('',*,*,#2631,.T.);
#3341=ORIENTED_EDGE('',*,*,#2632,.F.);
#3342=ORIENTED_EDGE('',*,*,#2633,.F.);
#3343=ORIENTED_EDGE('',*,*,#2634,.F.);
#3344=ORIENTED_EDGE('',*,*,#2635,.F.);
#3345=ORIENTED_EDGE('',*,*,#2636,.T.);
#3346=ORIENTED_EDGE('',*,*,#2637,.F.);
#3347=ORIENTED_EDGE('',*,*,#2638,.F.);
#3348=ORIENTED_EDGE('',*,*,#2639,.T.);
#3349=ORIENTED_EDGE('',*,*,#2640,.T.);
#3350=ORIENTED_EDGE('',*,*,#2641,.T.);
#3351=ORIENTED_EDGE('',*,*,#2642,.T.);
#3352=ORIENTED_EDGE('',*,*,#2637,.T.);
#3353=ORIENTED_EDGE('',*,*,#2643,.F.);
#3354=ORIENTED_EDGE('',*,*,#2644,.F.);
#3355=ORIENTED_EDGE('',*,*,#2645,.F.);
#3356=ORIENTED_EDGE('',*,*,#2646,.T.);
#3357=ORIENTED_EDGE('',*,*,#2647,.T.);
#3358=ORIENTED_EDGE('',*,*,#2648,.F.);
#3359=ORIENTED_EDGE('',*,*,#2649,.F.);
#3360=ORIENTED_EDGE('',*,*,#2650,.F.);
#3361=ORIENTED_EDGE('',*,*,#2651,.T.);
#3362=ORIENTED_EDGE('',*,*,#2652,.T.);
#3363=ORIENTED_EDGE('',*,*,#2635,.T.);
#3364=ORIENTED_EDGE('',*,*,#2653,.T.);
#3365=ORIENTED_EDGE('',*,*,#2633,.T.);
#3366=ORIENTED_EDGE('',*,*,#2654,.F.);
#3367=ORIENTED_EDGE('',*,*,#2646,.F.);
#3368=ORIENTED_EDGE('',*,*,#2655,.T.);
#3369=ORIENTED_EDGE('',*,*,#2631,.F.);
#3370=ORIENTED_EDGE('',*,*,#2656,.F.);
#3371=ORIENTED_EDGE('',*,*,#2651,.F.);
#3372=ORIENTED_EDGE('',*,*,#2657,.F.);
#3373=ORIENTED_EDGE('',*,*,#2648,.T.);
#3374=ORIENTED_EDGE('',*,*,#2658,.F.);
#3375=ORIENTED_EDGE('',*,*,#2659,.F.);
#3376=ORIENTED_EDGE('',*,*,#2641,.F.);
#3377=ORIENTED_EDGE('',*,*,#2645,.T.);
#3378=ORIENTED_EDGE('',*,*,#2644,.T.);
#3379=ORIENTED_EDGE('',*,*,#2660,.T.);
#3380=ORIENTED_EDGE('',*,*,#2661,.T.);
#3381=ORIENTED_EDGE('',*,*,#2662,.T.);
#3382=ORIENTED_EDGE('',*,*,#2663,.T.);
#3383=ORIENTED_EDGE('',*,*,#2664,.T.);
#3384=ORIENTED_EDGE('',*,*,#2665,.F.);
#3385=ORIENTED_EDGE('',*,*,#2640,.F.);
#3386=ORIENTED_EDGE('',*,*,#2666,.F.);
#3387=ORIENTED_EDGE('',*,*,#2667,.F.);
#3388=ORIENTED_EDGE('',*,*,#2668,.F.);
#3389=ORIENTED_EDGE('',*,*,#2669,.F.);
#3390=ORIENTED_EDGE('',*,*,#2670,.F.);
#3391=ORIENTED_EDGE('',*,*,#2671,.F.);
#3392=ORIENTED_EDGE('',*,*,#2668,.T.);
#3393=ORIENTED_EDGE('',*,*,#2672,.F.);
#3394=ORIENTED_EDGE('',*,*,#2662,.F.);
#3395=ORIENTED_EDGE('',*,*,#2673,.T.);
#3396=ORIENTED_EDGE('',*,*,#2667,.T.);
#3397=ORIENTED_EDGE('',*,*,#2674,.F.);
#3398=ORIENTED_EDGE('',*,*,#2663,.F.);
#3399=ORIENTED_EDGE('',*,*,#2672,.T.);
#3400=ORIENTED_EDGE('',*,*,#2654,.T.);
#3401=ORIENTED_EDGE('',*,*,#2632,.T.);
#3402=ORIENTED_EDGE('',*,*,#2655,.F.);
#3403=ORIENTED_EDGE('',*,*,#2650,.T.);
#3404=ORIENTED_EDGE('',*,*,#2634,.T.);
#3405=ORIENTED_EDGE('',*,*,#2642,.F.);
#3406=ORIENTED_EDGE('',*,*,#2664,.F.);
#3407=ORIENTED_EDGE('',*,*,#2674,.T.);
#3408=ORIENTED_EDGE('',*,*,#2666,.T.);
#3409=ORIENTED_EDGE('',*,*,#2639,.F.);
#3410=ORIENTED_EDGE('',*,*,#2658,.T.);
#3411=ORIENTED_EDGE('',*,*,#2647,.F.);
#3412=ORIENTED_EDGE('',*,*,#2656,.T.);
#3413=ORIENTED_EDGE('',*,*,#2630,.T.);
#3414=ORIENTED_EDGE('',*,*,#2653,.F.);
#3415=ORIENTED_EDGE('',*,*,#2649,.T.);
#3416=ORIENTED_EDGE('',*,*,#2657,.T.);
#3417=ORIENTED_EDGE('',*,*,#2675,.T.);
#3418=ORIENTED_EDGE('',*,*,#2670,.T.);
#3419=ORIENTED_EDGE('',*,*,#2676,.F.);
#3420=ORIENTED_EDGE('',*,*,#2660,.F.);
#3421=ORIENTED_EDGE('',*,*,#2643,.T.);
#3422=ORIENTED_EDGE('',*,*,#2636,.F.);
#3423=ORIENTED_EDGE('',*,*,#2652,.F.);
#3424=ORIENTED_EDGE('',*,*,#2669,.T.);
#3425=ORIENTED_EDGE('',*,*,#2673,.F.);
#3426=ORIENTED_EDGE('',*,*,#2661,.F.);
#3427=ORIENTED_EDGE('',*,*,#2676,.T.);
#3428=ORIENTED_EDGE('',*,*,#2675,.F.);
#3429=ORIENTED_EDGE('',*,*,#2677,.F.);
#3430=ORIENTED_EDGE('',*,*,#2671,.T.);
#3431=ORIENTED_EDGE('',*,*,#2665,.T.);
#3432=ORIENTED_EDGE('',*,*,#2677,.T.);
#3433=ORIENTED_EDGE('',*,*,#2659,.T.);
#3434=ORIENTED_EDGE('',*,*,#2638,.T.);
#3435=ORIENTED_EDGE('',*,*,#2678,.F.);
#3436=ORIENTED_EDGE('',*,*,#2679,.F.);
#3437=ORIENTED_EDGE('',*,*,#2680,.F.);
#3438=ORIENTED_EDGE('',*,*,#2681,.T.);
#3439=ORIENTED_EDGE('',*,*,#2682,.F.);
#3440=ORIENTED_EDGE('',*,*,#2683,.F.);
#3441=ORIENTED_EDGE('',*,*,#2684,.F.);
#3442=ORIENTED_EDGE('',*,*,#2679,.T.);
#3443=ORIENTED_EDGE('',*,*,#2685,.F.);
#3444=ORIENTED_EDGE('',*,*,#2686,.F.);
#3445=ORIENTED_EDGE('',*,*,#2687,.F.);
#3446=ORIENTED_EDGE('',*,*,#2683,.T.);
#3447=ORIENTED_EDGE('',*,*,#2688,.F.);
#3448=ORIENTED_EDGE('',*,*,#2689,.F.);
#3449=ORIENTED_EDGE('',*,*,#2690,.F.);
#3450=ORIENTED_EDGE('',*,*,#2686,.T.);
#3451=ORIENTED_EDGE('',*,*,#2691,.F.);
#3452=ORIENTED_EDGE('',*,*,#2692,.F.);
#3453=ORIENTED_EDGE('',*,*,#2693,.F.);
#3454=ORIENTED_EDGE('',*,*,#2689,.T.);
#3455=ORIENTED_EDGE('',*,*,#2694,.F.);
#3456=ORIENTED_EDGE('',*,*,#2695,.T.);
#3457=ORIENTED_EDGE('',*,*,#2696,.T.);
#3458=ORIENTED_EDGE('',*,*,#2697,.F.);
#3459=ORIENTED_EDGE('',*,*,#2698,.F.);
#3460=ORIENTED_EDGE('',*,*,#2697,.T.);
#3461=ORIENTED_EDGE('',*,*,#2699,.T.);
#3462=ORIENTED_EDGE('',*,*,#2700,.F.);
#3463=ORIENTED_EDGE('',*,*,#2701,.F.);
#3464=ORIENTED_EDGE('',*,*,#2702,.T.);
#3465=ORIENTED_EDGE('',*,*,#2703,.F.);
#3466=ORIENTED_EDGE('',*,*,#2700,.T.);
#3467=ORIENTED_EDGE('',*,*,#2704,.T.);
#3468=ORIENTED_EDGE('',*,*,#2705,.T.);
#3469=ORIENTED_EDGE('',*,*,#2706,.F.);
#3470=ORIENTED_EDGE('',*,*,#2681,.F.);
#3471=ORIENTED_EDGE('',*,*,#2707,.F.);
#3472=ORIENTED_EDGE('',*,*,#2708,.T.);
#3473=ORIENTED_EDGE('',*,*,#2709,.F.);
#3474=ORIENTED_EDGE('',*,*,#2692,.T.);
#3475=ORIENTED_EDGE('',*,*,#2710,.F.);
#3476=ORIENTED_EDGE('',*,*,#2711,.T.);
#3477=ORIENTED_EDGE('',*,*,#2712,.T.);
#3478=ORIENTED_EDGE('',*,*,#2695,.F.);
#3479=ORIENTED_EDGE('',*,*,#2709,.T.);
#3480=ORIENTED_EDGE('',*,*,#2713,.T.);
#3481=ORIENTED_EDGE('',*,*,#2701,.T.);
#3482=ORIENTED_EDGE('',*,*,#2680,.T.);
#3483=ORIENTED_EDGE('',*,*,#2684,.T.);
#3484=ORIENTED_EDGE('',*,*,#2687,.T.);
#3485=ORIENTED_EDGE('',*,*,#2690,.T.);
#3486=ORIENTED_EDGE('',*,*,#2693,.T.);
#3487=ORIENTED_EDGE('',*,*,#2712,.F.);
#3488=ORIENTED_EDGE('',*,*,#2714,.T.);
#3489=ORIENTED_EDGE('',*,*,#2704,.F.);
#3490=ORIENTED_EDGE('',*,*,#2699,.F.);
#3491=ORIENTED_EDGE('',*,*,#2696,.F.);
#3492=ORIENTED_EDGE('',*,*,#2698,.T.);
#3493=ORIENTED_EDGE('',*,*,#2703,.T.);
#3494=ORIENTED_EDGE('',*,*,#2715,.T.);
#3495=ORIENTED_EDGE('',*,*,#2707,.T.);
#3496=ORIENTED_EDGE('',*,*,#2694,.T.);
#3497=ORIENTED_EDGE('',*,*,#2682,.T.);
#3498=ORIENTED_EDGE('',*,*,#2678,.T.);
#3499=ORIENTED_EDGE('',*,*,#2706,.T.);
#3500=ORIENTED_EDGE('',*,*,#2716,.T.);
#3501=ORIENTED_EDGE('',*,*,#2710,.T.);
#3502=ORIENTED_EDGE('',*,*,#2691,.T.);
#3503=ORIENTED_EDGE('',*,*,#2688,.T.);
#3504=ORIENTED_EDGE('',*,*,#2685,.T.);
#3505=ORIENTED_EDGE('',*,*,#2702,.F.);
#3506=ORIENTED_EDGE('',*,*,#2713,.F.);
#3507=ORIENTED_EDGE('',*,*,#2708,.F.);
#3508=ORIENTED_EDGE('',*,*,#2715,.F.);
#3509=ORIENTED_EDGE('',*,*,#2705,.F.);
#3510=ORIENTED_EDGE('',*,*,#2714,.F.);
#3511=ORIENTED_EDGE('',*,*,#2711,.F.);
#3512=ORIENTED_EDGE('',*,*,#2716,.F.);
#3513=ORIENTED_EDGE('',*,*,#2717,.F.);
#3514=ORIENTED_EDGE('',*,*,#2718,.T.);
#3515=ORIENTED_EDGE('',*,*,#2719,.T.);
#3516=ORIENTED_EDGE('',*,*,#2718,.F.);
#3517=ORIENTED_EDGE('',*,*,#2720,.F.);
#3518=ORIENTED_EDGE('',*,*,#2721,.T.);
#3519=ORIENTED_EDGE('',*,*,#2722,.F.);
#3520=ORIENTED_EDGE('',*,*,#2723,.F.);
#3521=ORIENTED_EDGE('',*,*,#2721,.F.);
#3522=ORIENTED_EDGE('',*,*,#2724,.F.);
#3523=ORIENTED_EDGE('',*,*,#2725,.T.);
#3524=ORIENTED_EDGE('',*,*,#2726,.F.);
#3525=ORIENTED_EDGE('',*,*,#2727,.F.);
#3526=ORIENTED_EDGE('',*,*,#2725,.F.);
#3527=ORIENTED_EDGE('',*,*,#2728,.T.);
#3528=ORIENTED_EDGE('',*,*,#2729,.T.);
#3529=ORIENTED_EDGE('',*,*,#2722,.T.);
#3530=ORIENTED_EDGE('',*,*,#2723,.T.);
#3531=ORIENTED_EDGE('',*,*,#2729,.F.);
#3532=ORIENTED_EDGE('',*,*,#2730,.T.);
#3533=ORIENTED_EDGE('',*,*,#2731,.T.);
#3534=ORIENTED_EDGE('',*,*,#2726,.T.);
#3535=ORIENTED_EDGE('',*,*,#2727,.T.);
#3536=ORIENTED_EDGE('',*,*,#2731,.F.);
#3537=ORIENTED_EDGE('',*,*,#2732,.F.);
#3538=ORIENTED_EDGE('',*,*,#2733,.F.);
#3539=ORIENTED_EDGE('',*,*,#2734,.F.);
#3540=ORIENTED_EDGE('',*,*,#2735,.F.);
#3541=ORIENTED_EDGE('',*,*,#2736,.F.);
#3542=ORIENTED_EDGE('',*,*,#2737,.F.);
#3543=ORIENTED_EDGE('',*,*,#2738,.F.);
#3544=ORIENTED_EDGE('',*,*,#2739,.F.);
#3545=ORIENTED_EDGE('',*,*,#2740,.F.);
#3546=ORIENTED_EDGE('',*,*,#2741,.F.);
#3547=ORIENTED_EDGE('',*,*,#2742,.F.);
#3548=ORIENTED_EDGE('',*,*,#2743,.F.);
#3549=ORIENTED_EDGE('',*,*,#2744,.F.);
#3550=ORIENTED_EDGE('',*,*,#2745,.F.);
#3551=ORIENTED_EDGE('',*,*,#2746,.F.);
#3552=ORIENTED_EDGE('',*,*,#2747,.F.);
#3553=ORIENTED_EDGE('',*,*,#2748,.F.);
#3554=ORIENTED_EDGE('',*,*,#2749,.F.);
#3555=ORIENTED_EDGE('',*,*,#2750,.F.);
#3556=ORIENTED_EDGE('',*,*,#2751,.F.);
#3557=ORIENTED_EDGE('',*,*,#2752,.F.);
#3558=ORIENTED_EDGE('',*,*,#2753,.F.);
#3559=ORIENTED_EDGE('',*,*,#2754,.F.);
#3560=ORIENTED_EDGE('',*,*,#2755,.F.);
#3561=ORIENTED_EDGE('',*,*,#2756,.F.);
#3562=ORIENTED_EDGE('',*,*,#2757,.F.);
#3563=ORIENTED_EDGE('',*,*,#2758,.F.);
#3564=ORIENTED_EDGE('',*,*,#2759,.F.);
#3565=ORIENTED_EDGE('',*,*,#2760,.F.);
#3566=ORIENTED_EDGE('',*,*,#2761,.F.);
#3567=ORIENTED_EDGE('',*,*,#2762,.F.);
#3568=ORIENTED_EDGE('',*,*,#2763,.F.);
#3569=ORIENTED_EDGE('',*,*,#2764,.F.);
#3570=ORIENTED_EDGE('',*,*,#2765,.F.);
#3571=ORIENTED_EDGE('',*,*,#2766,.F.);
#3572=ORIENTED_EDGE('',*,*,#2767,.F.);
#3573=ORIENTED_EDGE('',*,*,#2768,.F.);
#3574=ORIENTED_EDGE('',*,*,#2769,.F.);
#3575=ORIENTED_EDGE('',*,*,#2770,.F.);
#3576=ORIENTED_EDGE('',*,*,#2771,.F.);
#3577=ORIENTED_EDGE('',*,*,#2772,.F.);
#3578=ORIENTED_EDGE('',*,*,#2773,.F.);
#3579=ORIENTED_EDGE('',*,*,#2774,.F.);
#3580=ORIENTED_EDGE('',*,*,#2775,.F.);
#3581=ORIENTED_EDGE('',*,*,#2776,.F.);
#3582=ORIENTED_EDGE('',*,*,#2777,.F.);
#3583=ORIENTED_EDGE('',*,*,#2778,.F.);
#3584=ORIENTED_EDGE('',*,*,#2779,.F.);
#3585=ORIENTED_EDGE('',*,*,#2780,.F.);
#3586=ORIENTED_EDGE('',*,*,#2781,.F.);
#3587=ORIENTED_EDGE('',*,*,#2782,.F.);
#3588=ORIENTED_EDGE('',*,*,#2783,.F.);
#3589=ORIENTED_EDGE('',*,*,#2784,.F.);
#3590=ORIENTED_EDGE('',*,*,#2785,.F.);
#3591=ORIENTED_EDGE('',*,*,#2786,.F.);
#3592=ORIENTED_EDGE('',*,*,#2787,.F.);
#3593=ORIENTED_EDGE('',*,*,#2788,.F.);
#3594=ORIENTED_EDGE('',*,*,#2789,.F.);
#3595=ORIENTED_EDGE('',*,*,#2790,.F.);
#3596=ORIENTED_EDGE('',*,*,#2791,.F.);
#3597=ORIENTED_EDGE('',*,*,#2792,.F.);
#3598=ORIENTED_EDGE('',*,*,#2793,.F.);
#3599=ORIENTED_EDGE('',*,*,#2794,.F.);
#3600=ORIENTED_EDGE('',*,*,#2795,.F.);
#3601=ORIENTED_EDGE('',*,*,#2796,.F.);
#3602=ORIENTED_EDGE('',*,*,#2797,.F.);
#3603=ORIENTED_EDGE('',*,*,#2798,.F.);
#3604=ORIENTED_EDGE('',*,*,#2799,.F.);
#3605=ORIENTED_EDGE('',*,*,#2800,.F.);
#3606=ORIENTED_EDGE('',*,*,#2801,.F.);
#3607=ORIENTED_EDGE('',*,*,#2802,.F.);
#3608=ORIENTED_EDGE('',*,*,#2803,.F.);
#3609=ORIENTED_EDGE('',*,*,#2804,.F.);
#3610=ORIENTED_EDGE('',*,*,#2805,.F.);
#3611=ORIENTED_EDGE('',*,*,#2806,.F.);
#3612=ORIENTED_EDGE('',*,*,#2807,.F.);
#3613=ORIENTED_EDGE('',*,*,#2808,.F.);
#3614=ORIENTED_EDGE('',*,*,#2809,.F.);
#3615=ORIENTED_EDGE('',*,*,#2810,.F.);
#3616=ORIENTED_EDGE('',*,*,#2811,.F.);
#3617=ORIENTED_EDGE('',*,*,#2812,.F.);
#3618=ORIENTED_EDGE('',*,*,#2813,.F.);
#3619=ORIENTED_EDGE('',*,*,#2814,.F.);
#3620=ORIENTED_EDGE('',*,*,#2815,.F.);
#3621=ORIENTED_EDGE('',*,*,#2816,.F.);
#3622=ORIENTED_EDGE('',*,*,#2817,.F.);
#3623=ORIENTED_EDGE('',*,*,#2818,.F.);
#3624=ORIENTED_EDGE('',*,*,#2819,.F.);
#3625=ORIENTED_EDGE('',*,*,#2820,.F.);
#3626=ORIENTED_EDGE('',*,*,#2821,.F.);
#3627=ORIENTED_EDGE('',*,*,#2822,.F.);
#3628=ORIENTED_EDGE('',*,*,#2823,.F.);
#3629=ORIENTED_EDGE('',*,*,#2824,.F.);
#3630=ORIENTED_EDGE('',*,*,#2825,.F.);
#3631=ORIENTED_EDGE('',*,*,#2826,.F.);
#3632=ORIENTED_EDGE('',*,*,#2827,.F.);
#3633=ORIENTED_EDGE('',*,*,#2828,.F.);
#3634=ORIENTED_EDGE('',*,*,#2829,.F.);
#3635=ORIENTED_EDGE('',*,*,#2830,.F.);
#3636=ORIENTED_EDGE('',*,*,#2831,.F.);
#3637=ORIENTED_EDGE('',*,*,#2832,.F.);
#3638=ORIENTED_EDGE('',*,*,#2833,.F.);
#3639=ORIENTED_EDGE('',*,*,#2834,.F.);
#3640=ORIENTED_EDGE('',*,*,#2835,.F.);
#3641=ORIENTED_EDGE('',*,*,#2836,.F.);
#3642=ORIENTED_EDGE('',*,*,#2837,.F.);
#3643=ORIENTED_EDGE('',*,*,#2838,.F.);
#3644=ORIENTED_EDGE('',*,*,#2839,.F.);
#3645=ORIENTED_EDGE('',*,*,#2840,.F.);
#3646=ORIENTED_EDGE('',*,*,#2841,.F.);
#3647=ORIENTED_EDGE('',*,*,#2842,.F.);
#3648=ORIENTED_EDGE('',*,*,#2843,.F.);
#3649=ORIENTED_EDGE('',*,*,#2844,.F.);
#3650=ORIENTED_EDGE('',*,*,#2845,.F.);
#3651=ORIENTED_EDGE('',*,*,#2846,.F.);
#3652=ORIENTED_EDGE('',*,*,#2847,.F.);
#3653=ORIENTED_EDGE('',*,*,#2848,.F.);
#3654=ORIENTED_EDGE('',*,*,#2849,.F.);
#3655=ORIENTED_EDGE('',*,*,#2850,.F.);
#3656=ORIENTED_EDGE('',*,*,#2851,.F.);
#3657=ORIENTED_EDGE('',*,*,#2852,.F.);
#3658=ORIENTED_EDGE('',*,*,#2853,.F.);
#3659=ORIENTED_EDGE('',*,*,#2854,.F.);
#3660=ORIENTED_EDGE('',*,*,#2855,.F.);
#3661=ORIENTED_EDGE('',*,*,#2856,.F.);
#3662=ORIENTED_EDGE('',*,*,#2857,.F.);
#3663=ORIENTED_EDGE('',*,*,#2858,.F.);
#3664=ORIENTED_EDGE('',*,*,#2859,.F.);
#3665=ORIENTED_EDGE('',*,*,#2860,.F.);
#3666=ORIENTED_EDGE('',*,*,#2861,.F.);
#3667=ORIENTED_EDGE('',*,*,#2862,.F.);
#3668=ORIENTED_EDGE('',*,*,#2863,.F.);
#3669=ORIENTED_EDGE('',*,*,#2864,.F.);
#3670=ORIENTED_EDGE('',*,*,#2865,.F.);
#3671=ORIENTED_EDGE('',*,*,#2866,.F.);
#3672=ORIENTED_EDGE('',*,*,#2867,.F.);
#3673=ORIENTED_EDGE('',*,*,#2868,.F.);
#3674=ORIENTED_EDGE('',*,*,#2869,.F.);
#3675=ORIENTED_EDGE('',*,*,#2870,.F.);
#3676=ORIENTED_EDGE('',*,*,#2871,.F.);
#3677=ORIENTED_EDGE('',*,*,#2872,.F.);
#3678=ORIENTED_EDGE('',*,*,#2873,.F.);
#3679=ORIENTED_EDGE('',*,*,#2874,.F.);
#3680=ORIENTED_EDGE('',*,*,#2875,.F.);
#3681=ORIENTED_EDGE('',*,*,#2876,.F.);
#3682=ORIENTED_EDGE('',*,*,#2877,.F.);
#3683=ORIENTED_EDGE('',*,*,#2878,.F.);
#3684=ORIENTED_EDGE('',*,*,#2879,.F.);
#3685=ORIENTED_EDGE('',*,*,#2880,.F.);
#3686=ORIENTED_EDGE('',*,*,#2881,.F.);
#3687=ORIENTED_EDGE('',*,*,#2882,.F.);
#3688=ORIENTED_EDGE('',*,*,#2883,.F.);
#3689=ORIENTED_EDGE('',*,*,#2884,.F.);
#3690=ORIENTED_EDGE('',*,*,#2885,.F.);
#3691=ORIENTED_EDGE('',*,*,#2886,.F.);
#3692=ORIENTED_EDGE('',*,*,#2887,.F.);
#3693=ORIENTED_EDGE('',*,*,#2888,.F.);
#3694=ORIENTED_EDGE('',*,*,#2889,.F.);
#3695=ORIENTED_EDGE('',*,*,#2890,.F.);
#3696=ORIENTED_EDGE('',*,*,#2891,.F.);
#3697=ORIENTED_EDGE('',*,*,#2892,.F.);
#3698=ORIENTED_EDGE('',*,*,#2893,.F.);
#3699=ORIENTED_EDGE('',*,*,#2894,.F.);
#3700=ORIENTED_EDGE('',*,*,#2895,.F.);
#3701=ORIENTED_EDGE('',*,*,#2896,.F.);
#3702=ORIENTED_EDGE('',*,*,#2897,.F.);
#3703=ORIENTED_EDGE('',*,*,#2898,.F.);
#3704=ORIENTED_EDGE('',*,*,#2724,.T.);
#3705=ORIENTED_EDGE('',*,*,#2728,.F.);
#3706=ORIENTED_EDGE('',*,*,#2730,.F.);
#3707=ORIENTED_EDGE('',*,*,#2719,.F.);
#3708=ORIENTED_EDGE('',*,*,#2720,.T.);
#3709=ORIENTED_EDGE('',*,*,#2717,.T.);
#3710=ORIENTED_EDGE('',*,*,#2899,.F.);
#3711=ORIENTED_EDGE('',*,*,#2733,.T.);
#3712=ORIENTED_EDGE('',*,*,#2900,.T.);
#3713=ORIENTED_EDGE('',*,*,#2901,.F.);
#3714=ORIENTED_EDGE('',*,*,#2900,.F.);
#3715=ORIENTED_EDGE('',*,*,#2732,.T.);
#3716=ORIENTED_EDGE('',*,*,#2902,.T.);
#3717=ORIENTED_EDGE('',*,*,#2903,.F.);
#3718=ORIENTED_EDGE('',*,*,#2902,.F.);
#3719=ORIENTED_EDGE('',*,*,#2737,.T.);
#3720=ORIENTED_EDGE('',*,*,#2904,.T.);
#3721=ORIENTED_EDGE('',*,*,#2905,.F.);
#3722=ORIENTED_EDGE('',*,*,#2904,.F.);
#3723=ORIENTED_EDGE('',*,*,#2736,.T.);
#3724=ORIENTED_EDGE('',*,*,#2906,.T.);
#3725=ORIENTED_EDGE('',*,*,#2907,.F.);
#3726=ORIENTED_EDGE('',*,*,#2906,.F.);
#3727=ORIENTED_EDGE('',*,*,#2735,.T.);
#3728=ORIENTED_EDGE('',*,*,#2908,.T.);
#3729=ORIENTED_EDGE('',*,*,#2909,.F.);
#3730=ORIENTED_EDGE('',*,*,#2734,.T.);
#3731=ORIENTED_EDGE('',*,*,#2899,.T.);
#3732=ORIENTED_EDGE('',*,*,#2910,.F.);
#3733=ORIENTED_EDGE('',*,*,#2908,.F.);
#3734=ORIENTED_EDGE('',*,*,#2909,.T.);
#3735=ORIENTED_EDGE('',*,*,#2910,.T.);
#3736=ORIENTED_EDGE('',*,*,#2901,.T.);
#3737=ORIENTED_EDGE('',*,*,#2903,.T.);
#3738=ORIENTED_EDGE('',*,*,#2905,.T.);
#3739=ORIENTED_EDGE('',*,*,#2907,.T.);
#3740=ORIENTED_EDGE('',*,*,#2911,.F.);
#3741=ORIENTED_EDGE('',*,*,#2739,.T.);
#3742=ORIENTED_EDGE('',*,*,#2912,.T.);
#3743=ORIENTED_EDGE('',*,*,#2913,.F.);
#3744=ORIENTED_EDGE('',*,*,#2912,.F.);
#3745=ORIENTED_EDGE('',*,*,#2738,.T.);
#3746=ORIENTED_EDGE('',*,*,#2914,.T.);
#3747=ORIENTED_EDGE('',*,*,#2915,.F.);
#3748=ORIENTED_EDGE('',*,*,#2914,.F.);
#3749=ORIENTED_EDGE('',*,*,#2751,.T.);
#3750=ORIENTED_EDGE('',*,*,#2916,.T.);
#3751=ORIENTED_EDGE('',*,*,#2917,.F.);
#3752=ORIENTED_EDGE('',*,*,#2916,.F.);
#3753=ORIENTED_EDGE('',*,*,#2750,.T.);
#3754=ORIENTED_EDGE('',*,*,#2918,.T.);
#3755=ORIENTED_EDGE('',*,*,#2919,.F.);
#3756=ORIENTED_EDGE('',*,*,#2918,.F.);
#3757=ORIENTED_EDGE('',*,*,#2749,.T.);
#3758=ORIENTED_EDGE('',*,*,#2920,.T.);
#3759=ORIENTED_EDGE('',*,*,#2921,.F.);
#3760=ORIENTED_EDGE('',*,*,#2920,.F.);
#3761=ORIENTED_EDGE('',*,*,#2748,.T.);
#3762=ORIENTED_EDGE('',*,*,#2922,.T.);
#3763=ORIENTED_EDGE('',*,*,#2923,.F.);
#3764=ORIENTED_EDGE('',*,*,#2922,.F.);
#3765=ORIENTED_EDGE('',*,*,#2747,.T.);
#3766=ORIENTED_EDGE('',*,*,#2924,.T.);
#3767=ORIENTED_EDGE('',*,*,#2925,.F.);
#3768=ORIENTED_EDGE('',*,*,#2924,.F.);
#3769=ORIENTED_EDGE('',*,*,#2746,.T.);
#3770=ORIENTED_EDGE('',*,*,#2926,.T.);
#3771=ORIENTED_EDGE('',*,*,#2927,.F.);
#3772=ORIENTED_EDGE('',*,*,#2926,.F.);
#3773=ORIENTED_EDGE('',*,*,#2745,.T.);
#3774=ORIENTED_EDGE('',*,*,#2928,.T.);
#3775=ORIENTED_EDGE('',*,*,#2929,.F.);
#3776=ORIENTED_EDGE('',*,*,#2928,.F.);
#3777=ORIENTED_EDGE('',*,*,#2744,.T.);
#3778=ORIENTED_EDGE('',*,*,#2930,.T.);
#3779=ORIENTED_EDGE('',*,*,#2931,.F.);
#3780=ORIENTED_EDGE('',*,*,#2930,.F.);
#3781=ORIENTED_EDGE('',*,*,#2743,.T.);
#3782=ORIENTED_EDGE('',*,*,#2932,.T.);
#3783=ORIENTED_EDGE('',*,*,#2933,.F.);
#3784=ORIENTED_EDGE('',*,*,#2932,.F.);
#3785=ORIENTED_EDGE('',*,*,#2742,.T.);
#3786=ORIENTED_EDGE('',*,*,#2934,.T.);
#3787=ORIENTED_EDGE('',*,*,#2935,.F.);
#3788=ORIENTED_EDGE('',*,*,#2934,.F.);
#3789=ORIENTED_EDGE('',*,*,#2741,.T.);
#3790=ORIENTED_EDGE('',*,*,#2936,.T.);
#3791=ORIENTED_EDGE('',*,*,#2937,.F.);
#3792=ORIENTED_EDGE('',*,*,#2740,.T.);
#3793=ORIENTED_EDGE('',*,*,#2911,.T.);
#3794=ORIENTED_EDGE('',*,*,#2938,.F.);
#3795=ORIENTED_EDGE('',*,*,#2936,.F.);
#3796=ORIENTED_EDGE('',*,*,#2937,.T.);
#3797=ORIENTED_EDGE('',*,*,#2938,.T.);
#3798=ORIENTED_EDGE('',*,*,#2913,.T.);
#3799=ORIENTED_EDGE('',*,*,#2915,.T.);
#3800=ORIENTED_EDGE('',*,*,#2917,.T.);
#3801=ORIENTED_EDGE('',*,*,#2919,.T.);
#3802=ORIENTED_EDGE('',*,*,#2921,.T.);
#3803=ORIENTED_EDGE('',*,*,#2923,.T.);
#3804=ORIENTED_EDGE('',*,*,#2925,.T.);
#3805=ORIENTED_EDGE('',*,*,#2927,.T.);
#3806=ORIENTED_EDGE('',*,*,#2929,.T.);
#3807=ORIENTED_EDGE('',*,*,#2931,.T.);
#3808=ORIENTED_EDGE('',*,*,#2933,.T.);
#3809=ORIENTED_EDGE('',*,*,#2935,.T.);
#3810=ORIENTED_EDGE('',*,*,#2939,.F.);
#3811=ORIENTED_EDGE('',*,*,#2753,.T.);
#3812=ORIENTED_EDGE('',*,*,#2940,.T.);
#3813=ORIENTED_EDGE('',*,*,#2941,.F.);
#3814=ORIENTED_EDGE('',*,*,#2940,.F.);
#3815=ORIENTED_EDGE('',*,*,#2752,.T.);
#3816=ORIENTED_EDGE('',*,*,#2942,.T.);
#3817=ORIENTED_EDGE('',*,*,#2943,.F.);
#3818=ORIENTED_EDGE('',*,*,#2942,.F.);
#3819=ORIENTED_EDGE('',*,*,#2763,.T.);
#3820=ORIENTED_EDGE('',*,*,#2944,.T.);
#3821=ORIENTED_EDGE('',*,*,#2945,.F.);
#3822=ORIENTED_EDGE('',*,*,#2944,.F.);
#3823=ORIENTED_EDGE('',*,*,#2762,.T.);
#3824=ORIENTED_EDGE('',*,*,#2946,.T.);
#3825=ORIENTED_EDGE('',*,*,#2947,.F.);
#3826=ORIENTED_EDGE('',*,*,#2946,.F.);
#3827=ORIENTED_EDGE('',*,*,#2761,.T.);
#3828=ORIENTED_EDGE('',*,*,#2948,.T.);
#3829=ORIENTED_EDGE('',*,*,#2949,.F.);
#3830=ORIENTED_EDGE('',*,*,#2948,.F.);
#3831=ORIENTED_EDGE('',*,*,#2760,.T.);
#3832=ORIENTED_EDGE('',*,*,#2950,.T.);
#3833=ORIENTED_EDGE('',*,*,#2951,.F.);
#3834=ORIENTED_EDGE('',*,*,#2950,.F.);
#3835=ORIENTED_EDGE('',*,*,#2759,.T.);
#3836=ORIENTED_EDGE('',*,*,#2952,.T.);
#3837=ORIENTED_EDGE('',*,*,#2953,.F.);
#3838=ORIENTED_EDGE('',*,*,#2952,.F.);
#3839=ORIENTED_EDGE('',*,*,#2758,.T.);
#3840=ORIENTED_EDGE('',*,*,#2954,.T.);
#3841=ORIENTED_EDGE('',*,*,#2955,.F.);
#3842=ORIENTED_EDGE('',*,*,#2954,.F.);
#3843=ORIENTED_EDGE('',*,*,#2757,.T.);
#3844=ORIENTED_EDGE('',*,*,#2956,.T.);
#3845=ORIENTED_EDGE('',*,*,#2957,.F.);
#3846=ORIENTED_EDGE('',*,*,#2956,.F.);
#3847=ORIENTED_EDGE('',*,*,#2756,.T.);
#3848=ORIENTED_EDGE('',*,*,#2958,.T.);
#3849=ORIENTED_EDGE('',*,*,#2959,.F.);
#3850=ORIENTED_EDGE('',*,*,#2958,.F.);
#3851=ORIENTED_EDGE('',*,*,#2755,.T.);
#3852=ORIENTED_EDGE('',*,*,#2960,.T.);
#3853=ORIENTED_EDGE('',*,*,#2961,.F.);
#3854=ORIENTED_EDGE('',*,*,#2754,.T.);
#3855=ORIENTED_EDGE('',*,*,#2939,.T.);
#3856=ORIENTED_EDGE('',*,*,#2962,.F.);
#3857=ORIENTED_EDGE('',*,*,#2960,.F.);
#3858=ORIENTED_EDGE('',*,*,#2961,.T.);
#3859=ORIENTED_EDGE('',*,*,#2962,.T.);
#3860=ORIENTED_EDGE('',*,*,#2941,.T.);
#3861=ORIENTED_EDGE('',*,*,#2943,.T.);
#3862=ORIENTED_EDGE('',*,*,#2945,.T.);
#3863=ORIENTED_EDGE('',*,*,#2947,.T.);
#3864=ORIENTED_EDGE('',*,*,#2949,.T.);
#3865=ORIENTED_EDGE('',*,*,#2951,.T.);
#3866=ORIENTED_EDGE('',*,*,#2953,.T.);
#3867=ORIENTED_EDGE('',*,*,#2955,.T.);
#3868=ORIENTED_EDGE('',*,*,#2957,.T.);
#3869=ORIENTED_EDGE('',*,*,#2959,.T.);
#3870=ORIENTED_EDGE('',*,*,#2963,.F.);
#3871=ORIENTED_EDGE('',*,*,#2765,.T.);
#3872=ORIENTED_EDGE('',*,*,#2964,.T.);
#3873=ORIENTED_EDGE('',*,*,#2965,.F.);
#3874=ORIENTED_EDGE('',*,*,#2964,.F.);
#3875=ORIENTED_EDGE('',*,*,#2764,.T.);
#3876=ORIENTED_EDGE('',*,*,#2966,.T.);
#3877=ORIENTED_EDGE('',*,*,#2967,.F.);
#3878=ORIENTED_EDGE('',*,*,#2966,.F.);
#3879=ORIENTED_EDGE('',*,*,#2770,.T.);
#3880=ORIENTED_EDGE('',*,*,#2968,.T.);
#3881=ORIENTED_EDGE('',*,*,#2969,.F.);
#3882=ORIENTED_EDGE('',*,*,#2968,.F.);
#3883=ORIENTED_EDGE('',*,*,#2769,.T.);
#3884=ORIENTED_EDGE('',*,*,#2970,.T.);
#3885=ORIENTED_EDGE('',*,*,#2971,.F.);
#3886=ORIENTED_EDGE('',*,*,#2970,.F.);
#3887=ORIENTED_EDGE('',*,*,#2768,.T.);
#3888=ORIENTED_EDGE('',*,*,#2972,.T.);
#3889=ORIENTED_EDGE('',*,*,#2973,.F.);
#3890=ORIENTED_EDGE('',*,*,#2972,.F.);
#3891=ORIENTED_EDGE('',*,*,#2767,.T.);
#3892=ORIENTED_EDGE('',*,*,#2974,.T.);
#3893=ORIENTED_EDGE('',*,*,#2975,.F.);
#3894=ORIENTED_EDGE('',*,*,#2766,.T.);
#3895=ORIENTED_EDGE('',*,*,#2963,.T.);
#3896=ORIENTED_EDGE('',*,*,#2976,.F.);
#3897=ORIENTED_EDGE('',*,*,#2974,.F.);
#3898=ORIENTED_EDGE('',*,*,#2975,.T.);
#3899=ORIENTED_EDGE('',*,*,#2976,.T.);
#3900=ORIENTED_EDGE('',*,*,#2965,.T.);
#3901=ORIENTED_EDGE('',*,*,#2967,.T.);
#3902=ORIENTED_EDGE('',*,*,#2969,.T.);
#3903=ORIENTED_EDGE('',*,*,#2971,.T.);
#3904=ORIENTED_EDGE('',*,*,#2973,.T.);
#3905=ORIENTED_EDGE('',*,*,#2977,.F.);
#3906=ORIENTED_EDGE('',*,*,#2978,.F.);
#3907=ORIENTED_EDGE('',*,*,#2979,.F.);
#3908=ORIENTED_EDGE('',*,*,#2980,.F.);
#3909=ORIENTED_EDGE('',*,*,#2981,.F.);
#3910=ORIENTED_EDGE('',*,*,#2982,.F.);
#3911=ORIENTED_EDGE('',*,*,#2983,.F.);
#3912=ORIENTED_EDGE('',*,*,#2984,.T.);
#3913=ORIENTED_EDGE('',*,*,#2978,.T.);
#3914=ORIENTED_EDGE('',*,*,#2985,.F.);
#3915=ORIENTED_EDGE('',*,*,#2986,.F.);
#3916=ORIENTED_EDGE('',*,*,#2985,.T.);
#3917=ORIENTED_EDGE('',*,*,#2977,.T.);
#3918=ORIENTED_EDGE('',*,*,#2987,.F.);
#3919=ORIENTED_EDGE('',*,*,#2988,.F.);
#3920=ORIENTED_EDGE('',*,*,#2987,.T.);
#3921=ORIENTED_EDGE('',*,*,#2983,.T.);
#3922=ORIENTED_EDGE('',*,*,#2989,.F.);
#3923=ORIENTED_EDGE('',*,*,#2990,.F.);
#3924=ORIENTED_EDGE('',*,*,#2989,.T.);
#3925=ORIENTED_EDGE('',*,*,#2982,.T.);
#3926=ORIENTED_EDGE('',*,*,#2991,.F.);
#3927=ORIENTED_EDGE('',*,*,#2992,.F.);
#3928=ORIENTED_EDGE('',*,*,#2991,.T.);
#3929=ORIENTED_EDGE('',*,*,#2981,.T.);
#3930=ORIENTED_EDGE('',*,*,#2993,.F.);
#3931=ORIENTED_EDGE('',*,*,#2994,.F.);
#3932=ORIENTED_EDGE('',*,*,#2993,.T.);
#3933=ORIENTED_EDGE('',*,*,#2980,.T.);
#3934=ORIENTED_EDGE('',*,*,#2995,.F.);
#3935=ORIENTED_EDGE('',*,*,#2996,.F.);
#3936=ORIENTED_EDGE('',*,*,#2997,.F.);
#3937=ORIENTED_EDGE('',*,*,#2995,.T.);
#3938=ORIENTED_EDGE('',*,*,#2979,.T.);
#3939=ORIENTED_EDGE('',*,*,#2984,.F.);
#3940=ORIENTED_EDGE('',*,*,#2986,.T.);
#3941=ORIENTED_EDGE('',*,*,#2988,.T.);
#3942=ORIENTED_EDGE('',*,*,#2990,.T.);
#3943=ORIENTED_EDGE('',*,*,#2992,.T.);
#3944=ORIENTED_EDGE('',*,*,#2994,.T.);
#3945=ORIENTED_EDGE('',*,*,#2996,.T.);
#3946=ORIENTED_EDGE('',*,*,#2997,.T.);
#3947=ORIENTED_EDGE('',*,*,#2998,.F.);
#3948=ORIENTED_EDGE('',*,*,#2772,.T.);
#3949=ORIENTED_EDGE('',*,*,#2999,.T.);
#3950=ORIENTED_EDGE('',*,*,#3000,.F.);
#3951=ORIENTED_EDGE('',*,*,#2999,.F.);
#3952=ORIENTED_EDGE('',*,*,#2771,.T.);
#3953=ORIENTED_EDGE('',*,*,#3001,.T.);
#3954=ORIENTED_EDGE('',*,*,#3002,.F.);
#3955=ORIENTED_EDGE('',*,*,#3001,.F.);
#3956=ORIENTED_EDGE('',*,*,#2778,.T.);
#3957=ORIENTED_EDGE('',*,*,#3003,.T.);
#3958=ORIENTED_EDGE('',*,*,#3004,.F.);
#3959=ORIENTED_EDGE('',*,*,#3003,.F.);
#3960=ORIENTED_EDGE('',*,*,#2777,.T.);
#3961=ORIENTED_EDGE('',*,*,#3005,.T.);
#3962=ORIENTED_EDGE('',*,*,#3006,.F.);
#3963=ORIENTED_EDGE('',*,*,#3005,.F.);
#3964=ORIENTED_EDGE('',*,*,#2776,.T.);
#3965=ORIENTED_EDGE('',*,*,#3007,.T.);
#3966=ORIENTED_EDGE('',*,*,#3008,.F.);
#3967=ORIENTED_EDGE('',*,*,#3007,.F.);
#3968=ORIENTED_EDGE('',*,*,#2775,.T.);
#3969=ORIENTED_EDGE('',*,*,#3009,.T.);
#3970=ORIENTED_EDGE('',*,*,#3010,.F.);
#3971=ORIENTED_EDGE('',*,*,#3009,.F.);
#3972=ORIENTED_EDGE('',*,*,#2774,.T.);
#3973=ORIENTED_EDGE('',*,*,#3011,.T.);
#3974=ORIENTED_EDGE('',*,*,#3012,.F.);
#3975=ORIENTED_EDGE('',*,*,#2773,.T.);
#3976=ORIENTED_EDGE('',*,*,#2998,.T.);
#3977=ORIENTED_EDGE('',*,*,#3013,.F.);
#3978=ORIENTED_EDGE('',*,*,#3011,.F.);
#3979=ORIENTED_EDGE('',*,*,#3012,.T.);
#3980=ORIENTED_EDGE('',*,*,#3013,.T.);
#3981=ORIENTED_EDGE('',*,*,#3000,.T.);
#3982=ORIENTED_EDGE('',*,*,#3002,.T.);
#3983=ORIENTED_EDGE('',*,*,#3004,.T.);
#3984=ORIENTED_EDGE('',*,*,#3006,.T.);
#3985=ORIENTED_EDGE('',*,*,#3008,.T.);
#3986=ORIENTED_EDGE('',*,*,#3010,.T.);
#3987=ORIENTED_EDGE('',*,*,#3014,.F.);
#3988=ORIENTED_EDGE('',*,*,#3015,.F.);
#3989=ORIENTED_EDGE('',*,*,#3016,.F.);
#3990=ORIENTED_EDGE('',*,*,#3017,.F.);
#3991=ORIENTED_EDGE('',*,*,#3018,.F.);
#3992=ORIENTED_EDGE('',*,*,#3019,.T.);
#3993=ORIENTED_EDGE('',*,*,#3015,.T.);
#3994=ORIENTED_EDGE('',*,*,#3020,.F.);
#3995=ORIENTED_EDGE('',*,*,#3021,.F.);
#3996=ORIENTED_EDGE('',*,*,#3020,.T.);
#3997=ORIENTED_EDGE('',*,*,#3014,.T.);
#3998=ORIENTED_EDGE('',*,*,#3022,.F.);
#3999=ORIENTED_EDGE('',*,*,#3023,.F.);
#4000=ORIENTED_EDGE('',*,*,#3022,.T.);
#4001=ORIENTED_EDGE('',*,*,#3018,.T.);
#4002=ORIENTED_EDGE('',*,*,#3024,.F.);
#4003=ORIENTED_EDGE('',*,*,#3025,.F.);
#4004=ORIENTED_EDGE('',*,*,#3024,.T.);
#4005=ORIENTED_EDGE('',*,*,#3017,.T.);
#4006=ORIENTED_EDGE('',*,*,#3026,.F.);
#4007=ORIENTED_EDGE('',*,*,#3027,.F.);
#4008=ORIENTED_EDGE('',*,*,#3028,.F.);
#4009=ORIENTED_EDGE('',*,*,#3026,.T.);
#4010=ORIENTED_EDGE('',*,*,#3016,.T.);
#4011=ORIENTED_EDGE('',*,*,#3019,.F.);
#4012=ORIENTED_EDGE('',*,*,#3021,.T.);
#4013=ORIENTED_EDGE('',*,*,#3023,.T.);
#4014=ORIENTED_EDGE('',*,*,#3025,.T.);
#4015=ORIENTED_EDGE('',*,*,#3027,.T.);
#4016=ORIENTED_EDGE('',*,*,#3028,.T.);
#4017=ORIENTED_EDGE('',*,*,#3029,.F.);
#4018=ORIENTED_EDGE('',*,*,#2780,.T.);
#4019=ORIENTED_EDGE('',*,*,#3030,.T.);
#4020=ORIENTED_EDGE('',*,*,#3031,.F.);
#4021=ORIENTED_EDGE('',*,*,#3030,.F.);
#4022=ORIENTED_EDGE('',*,*,#2779,.T.);
#4023=ORIENTED_EDGE('',*,*,#3032,.T.);
#4024=ORIENTED_EDGE('',*,*,#3033,.F.);
#4025=ORIENTED_EDGE('',*,*,#3032,.F.);
#4026=ORIENTED_EDGE('',*,*,#2790,.T.);
#4027=ORIENTED_EDGE('',*,*,#3034,.T.);
#4028=ORIENTED_EDGE('',*,*,#3035,.F.);
#4029=ORIENTED_EDGE('',*,*,#3034,.F.);
#4030=ORIENTED_EDGE('',*,*,#2789,.T.);
#4031=ORIENTED_EDGE('',*,*,#3036,.T.);
#4032=ORIENTED_EDGE('',*,*,#3037,.F.);
#4033=ORIENTED_EDGE('',*,*,#3036,.F.);
#4034=ORIENTED_EDGE('',*,*,#2788,.T.);
#4035=ORIENTED_EDGE('',*,*,#3038,.T.);
#4036=ORIENTED_EDGE('',*,*,#3039,.F.);
#4037=ORIENTED_EDGE('',*,*,#3038,.F.);
#4038=ORIENTED_EDGE('',*,*,#2787,.T.);
#4039=ORIENTED_EDGE('',*,*,#3040,.T.);
#4040=ORIENTED_EDGE('',*,*,#3041,.F.);
#4041=ORIENTED_EDGE('',*,*,#3040,.F.);
#4042=ORIENTED_EDGE('',*,*,#2786,.T.);
#4043=ORIENTED_EDGE('',*,*,#3042,.T.);
#4044=ORIENTED_EDGE('',*,*,#3043,.F.);
#4045=ORIENTED_EDGE('',*,*,#3042,.F.);
#4046=ORIENTED_EDGE('',*,*,#2785,.T.);
#4047=ORIENTED_EDGE('',*,*,#3044,.T.);
#4048=ORIENTED_EDGE('',*,*,#3045,.F.);
#4049=ORIENTED_EDGE('',*,*,#3044,.F.);
#4050=ORIENTED_EDGE('',*,*,#2784,.T.);
#4051=ORIENTED_EDGE('',*,*,#3046,.T.);
#4052=ORIENTED_EDGE('',*,*,#3047,.F.);
#4053=ORIENTED_EDGE('',*,*,#3046,.F.);
#4054=ORIENTED_EDGE('',*,*,#2783,.T.);
#4055=ORIENTED_EDGE('',*,*,#3048,.T.);
#4056=ORIENTED_EDGE('',*,*,#3049,.F.);
#4057=ORIENTED_EDGE('',*,*,#3048,.F.);
#4058=ORIENTED_EDGE('',*,*,#2782,.T.);
#4059=ORIENTED_EDGE('',*,*,#3050,.T.);
#4060=ORIENTED_EDGE('',*,*,#3051,.F.);
#4061=ORIENTED_EDGE('',*,*,#2781,.T.);
#4062=ORIENTED_EDGE('',*,*,#3029,.T.);
#4063=ORIENTED_EDGE('',*,*,#3052,.F.);
#4064=ORIENTED_EDGE('',*,*,#3050,.F.);
#4065=ORIENTED_EDGE('',*,*,#3051,.T.);
#4066=ORIENTED_EDGE('',*,*,#3052,.T.);
#4067=ORIENTED_EDGE('',*,*,#3031,.T.);
#4068=ORIENTED_EDGE('',*,*,#3033,.T.);
#4069=ORIENTED_EDGE('',*,*,#3035,.T.);
#4070=ORIENTED_EDGE('',*,*,#3037,.T.);
#4071=ORIENTED_EDGE('',*,*,#3039,.T.);
#4072=ORIENTED_EDGE('',*,*,#3041,.T.);
#4073=ORIENTED_EDGE('',*,*,#3043,.T.);
#4074=ORIENTED_EDGE('',*,*,#3045,.T.);
#4075=ORIENTED_EDGE('',*,*,#3047,.T.);
#4076=ORIENTED_EDGE('',*,*,#3049,.T.);
#4077=ORIENTED_EDGE('',*,*,#3053,.F.);
#4078=ORIENTED_EDGE('',*,*,#2792,.T.);
#4079=ORIENTED_EDGE('',*,*,#3054,.T.);
#4080=ORIENTED_EDGE('',*,*,#3055,.F.);
#4081=ORIENTED_EDGE('',*,*,#3054,.F.);
#4082=ORIENTED_EDGE('',*,*,#2791,.T.);
#4083=ORIENTED_EDGE('',*,*,#3056,.T.);
#4084=ORIENTED_EDGE('',*,*,#3057,.F.);
#4085=ORIENTED_EDGE('',*,*,#3056,.F.);
#4086=ORIENTED_EDGE('',*,*,#2803,.T.);
#4087=ORIENTED_EDGE('',*,*,#3058,.T.);
#4088=ORIENTED_EDGE('',*,*,#3059,.F.);
#4089=ORIENTED_EDGE('',*,*,#3058,.F.);
#4090=ORIENTED_EDGE('',*,*,#2802,.T.);
#4091=ORIENTED_EDGE('',*,*,#3060,.T.);
#4092=ORIENTED_EDGE('',*,*,#3061,.F.);
#4093=ORIENTED_EDGE('',*,*,#3060,.F.);
#4094=ORIENTED_EDGE('',*,*,#2801,.T.);
#4095=ORIENTED_EDGE('',*,*,#3062,.T.);
#4096=ORIENTED_EDGE('',*,*,#3063,.F.);
#4097=ORIENTED_EDGE('',*,*,#3062,.F.);
#4098=ORIENTED_EDGE('',*,*,#2800,.T.);
#4099=ORIENTED_EDGE('',*,*,#3064,.T.);
#4100=ORIENTED_EDGE('',*,*,#3065,.F.);
#4101=ORIENTED_EDGE('',*,*,#3064,.F.);
#4102=ORIENTED_EDGE('',*,*,#2799,.T.);
#4103=ORIENTED_EDGE('',*,*,#3066,.T.);
#4104=ORIENTED_EDGE('',*,*,#3067,.F.);
#4105=ORIENTED_EDGE('',*,*,#3066,.F.);
#4106=ORIENTED_EDGE('',*,*,#2798,.T.);
#4107=ORIENTED_EDGE('',*,*,#3068,.T.);
#4108=ORIENTED_EDGE('',*,*,#3069,.F.);
#4109=ORIENTED_EDGE('',*,*,#3068,.F.);
#4110=ORIENTED_EDGE('',*,*,#2797,.T.);
#4111=ORIENTED_EDGE('',*,*,#3070,.T.);
#4112=ORIENTED_EDGE('',*,*,#3071,.F.);
#4113=ORIENTED_EDGE('',*,*,#3070,.F.);
#4114=ORIENTED_EDGE('',*,*,#2796,.T.);
#4115=ORIENTED_EDGE('',*,*,#3072,.T.);
#4116=ORIENTED_EDGE('',*,*,#3073,.F.);
#4117=ORIENTED_EDGE('',*,*,#3072,.F.);
#4118=ORIENTED_EDGE('',*,*,#2795,.T.);
#4119=ORIENTED_EDGE('',*,*,#3074,.T.);
#4120=ORIENTED_EDGE('',*,*,#3075,.F.);
#4121=ORIENTED_EDGE('',*,*,#3074,.F.);
#4122=ORIENTED_EDGE('',*,*,#2794,.T.);
#4123=ORIENTED_EDGE('',*,*,#3076,.T.);
#4124=ORIENTED_EDGE('',*,*,#3077,.F.);
#4125=ORIENTED_EDGE('',*,*,#2793,.T.);
#4126=ORIENTED_EDGE('',*,*,#3053,.T.);
#4127=ORIENTED_EDGE('',*,*,#3078,.F.);
#4128=ORIENTED_EDGE('',*,*,#3076,.F.);
#4129=ORIENTED_EDGE('',*,*,#3077,.T.);
#4130=ORIENTED_EDGE('',*,*,#3078,.T.);
#4131=ORIENTED_EDGE('',*,*,#3055,.T.);
#4132=ORIENTED_EDGE('',*,*,#3057,.T.);
#4133=ORIENTED_EDGE('',*,*,#3059,.T.);
#4134=ORIENTED_EDGE('',*,*,#3061,.T.);
#4135=ORIENTED_EDGE('',*,*,#3063,.T.);
#4136=ORIENTED_EDGE('',*,*,#3065,.T.);
#4137=ORIENTED_EDGE('',*,*,#3067,.T.);
#4138=ORIENTED_EDGE('',*,*,#3069,.T.);
#4139=ORIENTED_EDGE('',*,*,#3071,.T.);
#4140=ORIENTED_EDGE('',*,*,#3073,.T.);
#4141=ORIENTED_EDGE('',*,*,#3075,.T.);
#4142=ORIENTED_EDGE('',*,*,#3079,.F.);
#4143=ORIENTED_EDGE('',*,*,#3080,.F.);
#4144=ORIENTED_EDGE('',*,*,#3081,.F.);
#4145=ORIENTED_EDGE('',*,*,#3082,.F.);
#4146=ORIENTED_EDGE('',*,*,#3083,.F.);
#4147=ORIENTED_EDGE('',*,*,#3084,.F.);
#4148=ORIENTED_EDGE('',*,*,#3085,.F.);
#4149=ORIENTED_EDGE('',*,*,#3086,.F.);
#4150=ORIENTED_EDGE('',*,*,#3087,.T.);
#4151=ORIENTED_EDGE('',*,*,#3080,.T.);
#4152=ORIENTED_EDGE('',*,*,#3088,.F.);
#4153=ORIENTED_EDGE('',*,*,#3089,.F.);
#4154=ORIENTED_EDGE('',*,*,#3088,.T.);
#4155=ORIENTED_EDGE('',*,*,#3079,.T.);
#4156=ORIENTED_EDGE('',*,*,#3090,.F.);
#4157=ORIENTED_EDGE('',*,*,#3091,.F.);
#4158=ORIENTED_EDGE('',*,*,#3090,.T.);
#4159=ORIENTED_EDGE('',*,*,#3086,.T.);
#4160=ORIENTED_EDGE('',*,*,#3092,.F.);
#4161=ORIENTED_EDGE('',*,*,#3093,.F.);
#4162=ORIENTED_EDGE('',*,*,#3092,.T.);
#4163=ORIENTED_EDGE('',*,*,#3085,.T.);
#4164=ORIENTED_EDGE('',*,*,#3094,.F.);
#4165=ORIENTED_EDGE('',*,*,#3095,.F.);
#4166=ORIENTED_EDGE('',*,*,#3094,.T.);
#4167=ORIENTED_EDGE('',*,*,#3084,.T.);
#4168=ORIENTED_EDGE('',*,*,#3096,.F.);
#4169=ORIENTED_EDGE('',*,*,#3097,.F.);
#4170=ORIENTED_EDGE('',*,*,#3096,.T.);
#4171=ORIENTED_EDGE('',*,*,#3083,.T.);
#4172=ORIENTED_EDGE('',*,*,#3098,.F.);
#4173=ORIENTED_EDGE('',*,*,#3099,.F.);
#4174=ORIENTED_EDGE('',*,*,#3098,.T.);
#4175=ORIENTED_EDGE('',*,*,#3082,.T.);
#4176=ORIENTED_EDGE('',*,*,#3100,.F.);
#4177=ORIENTED_EDGE('',*,*,#3101,.F.);
#4178=ORIENTED_EDGE('',*,*,#3102,.F.);
#4179=ORIENTED_EDGE('',*,*,#3100,.T.);
#4180=ORIENTED_EDGE('',*,*,#3081,.T.);
#4181=ORIENTED_EDGE('',*,*,#3087,.F.);
#4182=ORIENTED_EDGE('',*,*,#3089,.T.);
#4183=ORIENTED_EDGE('',*,*,#3091,.T.);
#4184=ORIENTED_EDGE('',*,*,#3093,.T.);
#4185=ORIENTED_EDGE('',*,*,#3095,.T.);
#4186=ORIENTED_EDGE('',*,*,#3097,.T.);
#4187=ORIENTED_EDGE('',*,*,#3099,.T.);
#4188=ORIENTED_EDGE('',*,*,#3101,.T.);
#4189=ORIENTED_EDGE('',*,*,#3102,.T.);
#4190=ORIENTED_EDGE('',*,*,#3103,.F.);
#4191=ORIENTED_EDGE('',*,*,#2805,.T.);
#4192=ORIENTED_EDGE('',*,*,#3104,.T.);
#4193=ORIENTED_EDGE('',*,*,#3105,.F.);
#4194=ORIENTED_EDGE('',*,*,#3104,.F.);
#4195=ORIENTED_EDGE('',*,*,#2804,.T.);
#4196=ORIENTED_EDGE('',*,*,#3106,.T.);
#4197=ORIENTED_EDGE('',*,*,#3107,.F.);
#4198=ORIENTED_EDGE('',*,*,#3106,.F.);
#4199=ORIENTED_EDGE('',*,*,#2824,.T.);
#4200=ORIENTED_EDGE('',*,*,#3108,.T.);
#4201=ORIENTED_EDGE('',*,*,#3109,.F.);
#4202=ORIENTED_EDGE('',*,*,#3108,.F.);
#4203=ORIENTED_EDGE('',*,*,#2823,.T.);
#4204=ORIENTED_EDGE('',*,*,#3110,.T.);
#4205=ORIENTED_EDGE('',*,*,#3111,.F.);
#4206=ORIENTED_EDGE('',*,*,#3110,.F.);
#4207=ORIENTED_EDGE('',*,*,#2822,.T.);
#4208=ORIENTED_EDGE('',*,*,#3112,.T.);
#4209=ORIENTED_EDGE('',*,*,#3113,.F.);
#4210=ORIENTED_EDGE('',*,*,#3112,.F.);
#4211=ORIENTED_EDGE('',*,*,#2821,.T.);
#4212=ORIENTED_EDGE('',*,*,#3114,.T.);
#4213=ORIENTED_EDGE('',*,*,#3115,.F.);
#4214=ORIENTED_EDGE('',*,*,#3114,.F.);
#4215=ORIENTED_EDGE('',*,*,#2820,.T.);
#4216=ORIENTED_EDGE('',*,*,#3116,.T.);
#4217=ORIENTED_EDGE('',*,*,#3117,.F.);
#4218=ORIENTED_EDGE('',*,*,#3116,.F.);
#4219=ORIENTED_EDGE('',*,*,#2819,.T.);
#4220=ORIENTED_EDGE('',*,*,#3118,.T.);
#4221=ORIENTED_EDGE('',*,*,#3119,.F.);
#4222=ORIENTED_EDGE('',*,*,#3118,.F.);
#4223=ORIENTED_EDGE('',*,*,#2818,.T.);
#4224=ORIENTED_EDGE('',*,*,#3120,.T.);
#4225=ORIENTED_EDGE('',*,*,#3121,.F.);
#4226=ORIENTED_EDGE('',*,*,#3120,.F.);
#4227=ORIENTED_EDGE('',*,*,#2817,.T.);
#4228=ORIENTED_EDGE('',*,*,#3122,.T.);
#4229=ORIENTED_EDGE('',*,*,#3123,.F.);
#4230=ORIENTED_EDGE('',*,*,#3122,.F.);
#4231=ORIENTED_EDGE('',*,*,#2816,.T.);
#4232=ORIENTED_EDGE('',*,*,#3124,.T.);
#4233=ORIENTED_EDGE('',*,*,#3125,.F.);
#4234=ORIENTED_EDGE('',*,*,#3124,.F.);
#4235=ORIENTED_EDGE('',*,*,#2815,.T.);
#4236=ORIENTED_EDGE('',*,*,#3126,.T.);
#4237=ORIENTED_EDGE('',*,*,#3127,.F.);
#4238=ORIENTED_EDGE('',*,*,#3126,.F.);
#4239=ORIENTED_EDGE('',*,*,#2814,.T.);
#4240=ORIENTED_EDGE('',*,*,#3128,.T.);
#4241=ORIENTED_EDGE('',*,*,#3129,.F.);
#4242=ORIENTED_EDGE('',*,*,#3128,.F.);
#4243=ORIENTED_EDGE('',*,*,#2813,.T.);
#4244=ORIENTED_EDGE('',*,*,#3130,.T.);
#4245=ORIENTED_EDGE('',*,*,#3131,.F.);
#4246=ORIENTED_EDGE('',*,*,#3130,.F.);
#4247=ORIENTED_EDGE('',*,*,#2812,.T.);
#4248=ORIENTED_EDGE('',*,*,#3132,.T.);
#4249=ORIENTED_EDGE('',*,*,#3133,.F.);
#4250=ORIENTED_EDGE('',*,*,#3132,.F.);
#4251=ORIENTED_EDGE('',*,*,#2811,.T.);
#4252=ORIENTED_EDGE('',*,*,#3134,.T.);
#4253=ORIENTED_EDGE('',*,*,#3135,.F.);
#4254=ORIENTED_EDGE('',*,*,#3134,.F.);
#4255=ORIENTED_EDGE('',*,*,#2810,.T.);
#4256=ORIENTED_EDGE('',*,*,#3136,.T.);
#4257=ORIENTED_EDGE('',*,*,#3137,.F.);
#4258=ORIENTED_EDGE('',*,*,#3136,.F.);
#4259=ORIENTED_EDGE('',*,*,#2809,.T.);
#4260=ORIENTED_EDGE('',*,*,#3138,.T.);
#4261=ORIENTED_EDGE('',*,*,#3139,.F.);
#4262=ORIENTED_EDGE('',*,*,#3138,.F.);
#4263=ORIENTED_EDGE('',*,*,#2808,.T.);
#4264=ORIENTED_EDGE('',*,*,#3140,.T.);
#4265=ORIENTED_EDGE('',*,*,#3141,.F.);
#4266=ORIENTED_EDGE('',*,*,#3140,.F.);
#4267=ORIENTED_EDGE('',*,*,#2807,.T.);
#4268=ORIENTED_EDGE('',*,*,#3142,.T.);
#4269=ORIENTED_EDGE('',*,*,#3143,.F.);
#4270=ORIENTED_EDGE('',*,*,#2806,.T.);
#4271=ORIENTED_EDGE('',*,*,#3103,.T.);
#4272=ORIENTED_EDGE('',*,*,#3144,.F.);
#4273=ORIENTED_EDGE('',*,*,#3142,.F.);
#4274=ORIENTED_EDGE('',*,*,#3143,.T.);
#4275=ORIENTED_EDGE('',*,*,#3144,.T.);
#4276=ORIENTED_EDGE('',*,*,#3105,.T.);
#4277=ORIENTED_EDGE('',*,*,#3107,.T.);
#4278=ORIENTED_EDGE('',*,*,#3109,.T.);
#4279=ORIENTED_EDGE('',*,*,#3111,.T.);
#4280=ORIENTED_EDGE('',*,*,#3113,.T.);
#4281=ORIENTED_EDGE('',*,*,#3115,.T.);
#4282=ORIENTED_EDGE('',*,*,#3117,.T.);
#4283=ORIENTED_EDGE('',*,*,#3119,.T.);
#4284=ORIENTED_EDGE('',*,*,#3121,.T.);
#4285=ORIENTED_EDGE('',*,*,#3123,.T.);
#4286=ORIENTED_EDGE('',*,*,#3125,.T.);
#4287=ORIENTED_EDGE('',*,*,#3127,.T.);
#4288=ORIENTED_EDGE('',*,*,#3129,.T.);
#4289=ORIENTED_EDGE('',*,*,#3131,.T.);
#4290=ORIENTED_EDGE('',*,*,#3133,.T.);
#4291=ORIENTED_EDGE('',*,*,#3135,.T.);
#4292=ORIENTED_EDGE('',*,*,#3137,.T.);
#4293=ORIENTED_EDGE('',*,*,#3139,.T.);
#4294=ORIENTED_EDGE('',*,*,#3141,.T.);
#4295=ORIENTED_EDGE('',*,*,#3145,.F.);
#4296=ORIENTED_EDGE('',*,*,#2826,.T.);
#4297=ORIENTED_EDGE('',*,*,#3146,.T.);
#4298=ORIENTED_EDGE('',*,*,#3147,.F.);
#4299=ORIENTED_EDGE('',*,*,#3146,.F.);
#4300=ORIENTED_EDGE('',*,*,#2825,.T.);
#4301=ORIENTED_EDGE('',*,*,#3148,.T.);
#4302=ORIENTED_EDGE('',*,*,#3149,.F.);
#4303=ORIENTED_EDGE('',*,*,#3148,.F.);
#4304=ORIENTED_EDGE('',*,*,#2838,.T.);
#4305=ORIENTED_EDGE('',*,*,#3150,.T.);
#4306=ORIENTED_EDGE('',*,*,#3151,.F.);
#4307=ORIENTED_EDGE('',*,*,#3150,.F.);
#4308=ORIENTED_EDGE('',*,*,#2837,.T.);
#4309=ORIENTED_EDGE('',*,*,#3152,.T.);
#4310=ORIENTED_EDGE('',*,*,#3153,.F.);
#4311=ORIENTED_EDGE('',*,*,#3152,.F.);
#4312=ORIENTED_EDGE('',*,*,#2836,.T.);
#4313=ORIENTED_EDGE('',*,*,#3154,.T.);
#4314=ORIENTED_EDGE('',*,*,#3155,.F.);
#4315=ORIENTED_EDGE('',*,*,#3154,.F.);
#4316=ORIENTED_EDGE('',*,*,#2835,.T.);
#4317=ORIENTED_EDGE('',*,*,#3156,.T.);
#4318=ORIENTED_EDGE('',*,*,#3157,.F.);
#4319=ORIENTED_EDGE('',*,*,#3156,.F.);
#4320=ORIENTED_EDGE('',*,*,#2834,.T.);
#4321=ORIENTED_EDGE('',*,*,#3158,.T.);
#4322=ORIENTED_EDGE('',*,*,#3159,.F.);
#4323=ORIENTED_EDGE('',*,*,#3158,.F.);
#4324=ORIENTED_EDGE('',*,*,#2833,.T.);
#4325=ORIENTED_EDGE('',*,*,#3160,.T.);
#4326=ORIENTED_EDGE('',*,*,#3161,.F.);
#4327=ORIENTED_EDGE('',*,*,#3160,.F.);
#4328=ORIENTED_EDGE('',*,*,#2832,.T.);
#4329=ORIENTED_EDGE('',*,*,#3162,.T.);
#4330=ORIENTED_EDGE('',*,*,#3163,.F.);
#4331=ORIENTED_EDGE('',*,*,#3162,.F.);
#4332=ORIENTED_EDGE('',*,*,#2831,.T.);
#4333=ORIENTED_EDGE('',*,*,#3164,.T.);
#4334=ORIENTED_EDGE('',*,*,#3165,.F.);
#4335=ORIENTED_EDGE('',*,*,#3164,.F.);
#4336=ORIENTED_EDGE('',*,*,#2830,.T.);
#4337=ORIENTED_EDGE('',*,*,#3166,.T.);
#4338=ORIENTED_EDGE('',*,*,#3167,.F.);
#4339=ORIENTED_EDGE('',*,*,#3166,.F.);
#4340=ORIENTED_EDGE('',*,*,#2829,.T.);
#4341=ORIENTED_EDGE('',*,*,#3168,.T.);
#4342=ORIENTED_EDGE('',*,*,#3169,.F.);
#4343=ORIENTED_EDGE('',*,*,#3168,.F.);
#4344=ORIENTED_EDGE('',*,*,#2828,.T.);
#4345=ORIENTED_EDGE('',*,*,#3170,.T.);
#4346=ORIENTED_EDGE('',*,*,#3171,.F.);
#4347=ORIENTED_EDGE('',*,*,#2827,.T.);
#4348=ORIENTED_EDGE('',*,*,#3145,.T.);
#4349=ORIENTED_EDGE('',*,*,#3172,.F.);
#4350=ORIENTED_EDGE('',*,*,#3170,.F.);
#4351=ORIENTED_EDGE('',*,*,#3171,.T.);
#4352=ORIENTED_EDGE('',*,*,#3172,.T.);
#4353=ORIENTED_EDGE('',*,*,#3147,.T.);
#4354=ORIENTED_EDGE('',*,*,#3149,.T.);
#4355=ORIENTED_EDGE('',*,*,#3151,.T.);
#4356=ORIENTED_EDGE('',*,*,#3153,.T.);
#4357=ORIENTED_EDGE('',*,*,#3155,.T.);
#4358=ORIENTED_EDGE('',*,*,#3157,.T.);
#4359=ORIENTED_EDGE('',*,*,#3159,.T.);
#4360=ORIENTED_EDGE('',*,*,#3161,.T.);
#4361=ORIENTED_EDGE('',*,*,#3163,.T.);
#4362=ORIENTED_EDGE('',*,*,#3165,.T.);
#4363=ORIENTED_EDGE('',*,*,#3167,.T.);
#4364=ORIENTED_EDGE('',*,*,#3169,.T.);
#4365=ORIENTED_EDGE('',*,*,#3173,.F.);
#4366=ORIENTED_EDGE('',*,*,#2840,.T.);
#4367=ORIENTED_EDGE('',*,*,#3174,.T.);
#4368=ORIENTED_EDGE('',*,*,#3175,.F.);
#4369=ORIENTED_EDGE('',*,*,#3174,.F.);
#4370=ORIENTED_EDGE('',*,*,#2839,.T.);
#4371=ORIENTED_EDGE('',*,*,#3176,.T.);
#4372=ORIENTED_EDGE('',*,*,#3177,.F.);
#4373=ORIENTED_EDGE('',*,*,#3176,.F.);
#4374=ORIENTED_EDGE('',*,*,#2850,.T.);
#4375=ORIENTED_EDGE('',*,*,#3178,.T.);
#4376=ORIENTED_EDGE('',*,*,#3179,.F.);
#4377=ORIENTED_EDGE('',*,*,#3178,.F.);
#4378=ORIENTED_EDGE('',*,*,#2849,.T.);
#4379=ORIENTED_EDGE('',*,*,#3180,.T.);
#4380=ORIENTED_EDGE('',*,*,#3181,.F.);
#4381=ORIENTED_EDGE('',*,*,#3180,.F.);
#4382=ORIENTED_EDGE('',*,*,#2848,.T.);
#4383=ORIENTED_EDGE('',*,*,#3182,.T.);
#4384=ORIENTED_EDGE('',*,*,#3183,.F.);
#4385=ORIENTED_EDGE('',*,*,#3182,.F.);
#4386=ORIENTED_EDGE('',*,*,#2847,.T.);
#4387=ORIENTED_EDGE('',*,*,#3184,.T.);
#4388=ORIENTED_EDGE('',*,*,#3185,.F.);
#4389=ORIENTED_EDGE('',*,*,#3184,.F.);
#4390=ORIENTED_EDGE('',*,*,#2846,.T.);
#4391=ORIENTED_EDGE('',*,*,#3186,.T.);
#4392=ORIENTED_EDGE('',*,*,#3187,.F.);
#4393=ORIENTED_EDGE('',*,*,#3186,.F.);
#4394=ORIENTED_EDGE('',*,*,#2845,.T.);
#4395=ORIENTED_EDGE('',*,*,#3188,.T.);
#4396=ORIENTED_EDGE('',*,*,#3189,.F.);
#4397=ORIENTED_EDGE('',*,*,#3188,.F.);
#4398=ORIENTED_EDGE('',*,*,#2844,.T.);
#4399=ORIENTED_EDGE('',*,*,#3190,.T.);
#4400=ORIENTED_EDGE('',*,*,#3191,.F.);
#4401=ORIENTED_EDGE('',*,*,#3190,.F.);
#4402=ORIENTED_EDGE('',*,*,#2843,.T.);
#4403=ORIENTED_EDGE('',*,*,#3192,.T.);
#4404=ORIENTED_EDGE('',*,*,#3193,.F.);
#4405=ORIENTED_EDGE('',*,*,#3192,.F.);
#4406=ORIENTED_EDGE('',*,*,#2842,.T.);
#4407=ORIENTED_EDGE('',*,*,#3194,.T.);
#4408=ORIENTED_EDGE('',*,*,#3195,.F.);
#4409=ORIENTED_EDGE('',*,*,#2841,.T.);
#4410=ORIENTED_EDGE('',*,*,#3173,.T.);
#4411=ORIENTED_EDGE('',*,*,#3196,.F.);
#4412=ORIENTED_EDGE('',*,*,#3194,.F.);
#4413=ORIENTED_EDGE('',*,*,#3195,.T.);
#4414=ORIENTED_EDGE('',*,*,#3196,.T.);
#4415=ORIENTED_EDGE('',*,*,#3175,.T.);
#4416=ORIENTED_EDGE('',*,*,#3177,.T.);
#4417=ORIENTED_EDGE('',*,*,#3179,.T.);
#4418=ORIENTED_EDGE('',*,*,#3181,.T.);
#4419=ORIENTED_EDGE('',*,*,#3183,.T.);
#4420=ORIENTED_EDGE('',*,*,#3185,.T.);
#4421=ORIENTED_EDGE('',*,*,#3187,.T.);
#4422=ORIENTED_EDGE('',*,*,#3189,.T.);
#4423=ORIENTED_EDGE('',*,*,#3191,.T.);
#4424=ORIENTED_EDGE('',*,*,#3193,.T.);
#4425=ORIENTED_EDGE('',*,*,#3197,.F.);
#4426=ORIENTED_EDGE('',*,*,#2852,.T.);
#4427=ORIENTED_EDGE('',*,*,#3198,.T.);
#4428=ORIENTED_EDGE('',*,*,#3199,.F.);
#4429=ORIENTED_EDGE('',*,*,#3198,.F.);
#4430=ORIENTED_EDGE('',*,*,#2851,.T.);
#4431=ORIENTED_EDGE('',*,*,#3200,.T.);
#4432=ORIENTED_EDGE('',*,*,#3201,.F.);
#4433=ORIENTED_EDGE('',*,*,#3200,.F.);
#4434=ORIENTED_EDGE('',*,*,#2857,.T.);
#4435=ORIENTED_EDGE('',*,*,#3202,.T.);
#4436=ORIENTED_EDGE('',*,*,#3203,.F.);
#4437=ORIENTED_EDGE('',*,*,#3202,.F.);
#4438=ORIENTED_EDGE('',*,*,#2856,.T.);
#4439=ORIENTED_EDGE('',*,*,#3204,.T.);
#4440=ORIENTED_EDGE('',*,*,#3205,.F.);
#4441=ORIENTED_EDGE('',*,*,#3204,.F.);
#4442=ORIENTED_EDGE('',*,*,#2855,.T.);
#4443=ORIENTED_EDGE('',*,*,#3206,.T.);
#4444=ORIENTED_EDGE('',*,*,#3207,.F.);
#4445=ORIENTED_EDGE('',*,*,#3206,.F.);
#4446=ORIENTED_EDGE('',*,*,#2854,.T.);
#4447=ORIENTED_EDGE('',*,*,#3208,.T.);
#4448=ORIENTED_EDGE('',*,*,#3209,.F.);
#4449=ORIENTED_EDGE('',*,*,#2853,.T.);
#4450=ORIENTED_EDGE('',*,*,#3197,.T.);
#4451=ORIENTED_EDGE('',*,*,#3210,.F.);
#4452=ORIENTED_EDGE('',*,*,#3208,.F.);
#4453=ORIENTED_EDGE('',*,*,#3209,.T.);
#4454=ORIENTED_EDGE('',*,*,#3210,.T.);
#4455=ORIENTED_EDGE('',*,*,#3199,.T.);
#4456=ORIENTED_EDGE('',*,*,#3201,.T.);
#4457=ORIENTED_EDGE('',*,*,#3203,.T.);
#4458=ORIENTED_EDGE('',*,*,#3205,.T.);
#4459=ORIENTED_EDGE('',*,*,#3207,.T.);
#4460=ORIENTED_EDGE('',*,*,#3211,.F.);
#4461=ORIENTED_EDGE('',*,*,#3212,.F.);
#4462=ORIENTED_EDGE('',*,*,#3213,.F.);
#4463=ORIENTED_EDGE('',*,*,#3214,.F.);
#4464=ORIENTED_EDGE('',*,*,#3215,.F.);
#4465=ORIENTED_EDGE('',*,*,#3216,.F.);
#4466=ORIENTED_EDGE('',*,*,#3217,.F.);
#4467=ORIENTED_EDGE('',*,*,#3218,.T.);
#4468=ORIENTED_EDGE('',*,*,#3212,.T.);
#4469=ORIENTED_EDGE('',*,*,#3219,.F.);
#4470=ORIENTED_EDGE('',*,*,#3220,.F.);
#4471=ORIENTED_EDGE('',*,*,#3219,.T.);
#4472=ORIENTED_EDGE('',*,*,#3211,.T.);
#4473=ORIENTED_EDGE('',*,*,#3221,.F.);
#4474=ORIENTED_EDGE('',*,*,#3222,.F.);
#4475=ORIENTED_EDGE('',*,*,#3221,.T.);
#4476=ORIENTED_EDGE('',*,*,#3217,.T.);
#4477=ORIENTED_EDGE('',*,*,#3223,.F.);
#4478=ORIENTED_EDGE('',*,*,#3224,.F.);
#4479=ORIENTED_EDGE('',*,*,#3223,.T.);
#4480=ORIENTED_EDGE('',*,*,#3216,.T.);
#4481=ORIENTED_EDGE('',*,*,#3225,.F.);
#4482=ORIENTED_EDGE('',*,*,#3226,.F.);
#4483=ORIENTED_EDGE('',*,*,#3225,.T.);
#4484=ORIENTED_EDGE('',*,*,#3215,.T.);
#4485=ORIENTED_EDGE('',*,*,#3227,.F.);
#4486=ORIENTED_EDGE('',*,*,#3228,.F.);
#4487=ORIENTED_EDGE('',*,*,#3227,.T.);
#4488=ORIENTED_EDGE('',*,*,#3214,.T.);
#4489=ORIENTED_EDGE('',*,*,#3229,.F.);
#4490=ORIENTED_EDGE('',*,*,#3230,.F.);
#4491=ORIENTED_EDGE('',*,*,#3231,.F.);
#4492=ORIENTED_EDGE('',*,*,#3229,.T.);
#4493=ORIENTED_EDGE('',*,*,#3213,.T.);
#4494=ORIENTED_EDGE('',*,*,#3218,.F.);
#4495=ORIENTED_EDGE('',*,*,#3220,.T.);
#4496=ORIENTED_EDGE('',*,*,#3222,.T.);
#4497=ORIENTED_EDGE('',*,*,#3224,.T.);
#4498=ORIENTED_EDGE('',*,*,#3226,.T.);
#4499=ORIENTED_EDGE('',*,*,#3228,.T.);
#4500=ORIENTED_EDGE('',*,*,#3230,.T.);
#4501=ORIENTED_EDGE('',*,*,#3231,.T.);
#4502=ORIENTED_EDGE('',*,*,#3232,.F.);
#4503=ORIENTED_EDGE('',*,*,#2859,.T.);
#4504=ORIENTED_EDGE('',*,*,#3233,.T.);
#4505=ORIENTED_EDGE('',*,*,#3234,.F.);
#4506=ORIENTED_EDGE('',*,*,#3233,.F.);
#4507=ORIENTED_EDGE('',*,*,#2858,.T.);
#4508=ORIENTED_EDGE('',*,*,#3235,.T.);
#4509=ORIENTED_EDGE('',*,*,#3236,.F.);
#4510=ORIENTED_EDGE('',*,*,#3235,.F.);
#4511=ORIENTED_EDGE('',*,*,#2865,.T.);
#4512=ORIENTED_EDGE('',*,*,#3237,.T.);
#4513=ORIENTED_EDGE('',*,*,#3238,.F.);
#4514=ORIENTED_EDGE('',*,*,#3237,.F.);
#4515=ORIENTED_EDGE('',*,*,#2864,.T.);
#4516=ORIENTED_EDGE('',*,*,#3239,.T.);
#4517=ORIENTED_EDGE('',*,*,#3240,.F.);
#4518=ORIENTED_EDGE('',*,*,#3239,.F.);
#4519=ORIENTED_EDGE('',*,*,#2863,.T.);
#4520=ORIENTED_EDGE('',*,*,#3241,.T.);
#4521=ORIENTED_EDGE('',*,*,#3242,.F.);
#4522=ORIENTED_EDGE('',*,*,#3241,.F.);
#4523=ORIENTED_EDGE('',*,*,#2862,.T.);
#4524=ORIENTED_EDGE('',*,*,#3243,.T.);
#4525=ORIENTED_EDGE('',*,*,#3244,.F.);
#4526=ORIENTED_EDGE('',*,*,#3243,.F.);
#4527=ORIENTED_EDGE('',*,*,#2861,.T.);
#4528=ORIENTED_EDGE('',*,*,#3245,.T.);
#4529=ORIENTED_EDGE('',*,*,#3246,.F.);
#4530=ORIENTED_EDGE('',*,*,#2860,.T.);
#4531=ORIENTED_EDGE('',*,*,#3232,.T.);
#4532=ORIENTED_EDGE('',*,*,#3247,.F.);
#4533=ORIENTED_EDGE('',*,*,#3245,.F.);
#4534=ORIENTED_EDGE('',*,*,#3246,.T.);
#4535=ORIENTED_EDGE('',*,*,#3247,.T.);
#4536=ORIENTED_EDGE('',*,*,#3234,.T.);
#4537=ORIENTED_EDGE('',*,*,#3236,.T.);
#4538=ORIENTED_EDGE('',*,*,#3238,.T.);
#4539=ORIENTED_EDGE('',*,*,#3240,.T.);
#4540=ORIENTED_EDGE('',*,*,#3242,.T.);
#4541=ORIENTED_EDGE('',*,*,#3244,.T.);
#4542=ORIENTED_EDGE('',*,*,#3248,.F.);
#4543=ORIENTED_EDGE('',*,*,#3249,.F.);
#4544=ORIENTED_EDGE('',*,*,#3250,.F.);
#4545=ORIENTED_EDGE('',*,*,#3251,.F.);
#4546=ORIENTED_EDGE('',*,*,#3252,.F.);
#4547=ORIENTED_EDGE('',*,*,#3253,.T.);
#4548=ORIENTED_EDGE('',*,*,#3249,.T.);
#4549=ORIENTED_EDGE('',*,*,#3254,.F.);
#4550=ORIENTED_EDGE('',*,*,#3255,.F.);
#4551=ORIENTED_EDGE('',*,*,#3254,.T.);
#4552=ORIENTED_EDGE('',*,*,#3248,.T.);
#4553=ORIENTED_EDGE('',*,*,#3256,.F.);
#4554=ORIENTED_EDGE('',*,*,#3257,.F.);
#4555=ORIENTED_EDGE('',*,*,#3256,.T.);
#4556=ORIENTED_EDGE('',*,*,#3252,.T.);
#4557=ORIENTED_EDGE('',*,*,#3258,.F.);
#4558=ORIENTED_EDGE('',*,*,#3259,.F.);
#4559=ORIENTED_EDGE('',*,*,#3258,.T.);
#4560=ORIENTED_EDGE('',*,*,#3251,.T.);
#4561=ORIENTED_EDGE('',*,*,#3260,.F.);
#4562=ORIENTED_EDGE('',*,*,#3261,.F.);
#4563=ORIENTED_EDGE('',*,*,#3262,.F.);
#4564=ORIENTED_EDGE('',*,*,#3260,.T.);
#4565=ORIENTED_EDGE('',*,*,#3250,.T.);
#4566=ORIENTED_EDGE('',*,*,#3253,.F.);
#4567=ORIENTED_EDGE('',*,*,#3255,.T.);
#4568=ORIENTED_EDGE('',*,*,#3257,.T.);
#4569=ORIENTED_EDGE('',*,*,#3259,.T.);
#4570=ORIENTED_EDGE('',*,*,#3261,.T.);
#4571=ORIENTED_EDGE('',*,*,#3262,.T.);
#4572=ORIENTED_EDGE('',*,*,#3263,.F.);
#4573=ORIENTED_EDGE('',*,*,#2867,.T.);
#4574=ORIENTED_EDGE('',*,*,#3264,.T.);
#4575=ORIENTED_EDGE('',*,*,#3265,.F.);
#4576=ORIENTED_EDGE('',*,*,#3264,.F.);
#4577=ORIENTED_EDGE('',*,*,#2866,.T.);
#4578=ORIENTED_EDGE('',*,*,#3266,.T.);
#4579=ORIENTED_EDGE('',*,*,#3267,.F.);
#4580=ORIENTED_EDGE('',*,*,#3266,.F.);
#4581=ORIENTED_EDGE('',*,*,#2898,.T.);
#4582=ORIENTED_EDGE('',*,*,#3268,.T.);
#4583=ORIENTED_EDGE('',*,*,#3269,.F.);
#4584=ORIENTED_EDGE('',*,*,#3268,.F.);
#4585=ORIENTED_EDGE('',*,*,#2897,.T.);
#4586=ORIENTED_EDGE('',*,*,#3270,.T.);
#4587=ORIENTED_EDGE('',*,*,#3271,.F.);
#4588=ORIENTED_EDGE('',*,*,#3270,.F.);
#4589=ORIENTED_EDGE('',*,*,#2896,.T.);
#4590=ORIENTED_EDGE('',*,*,#3272,.T.);
#4591=ORIENTED_EDGE('',*,*,#3273,.F.);
#4592=ORIENTED_EDGE('',*,*,#3272,.F.);
#4593=ORIENTED_EDGE('',*,*,#2895,.T.);
#4594=ORIENTED_EDGE('',*,*,#3274,.T.);
#4595=ORIENTED_EDGE('',*,*,#3275,.F.);
#4596=ORIENTED_EDGE('',*,*,#3274,.F.);
#4597=ORIENTED_EDGE('',*,*,#2894,.T.);
#4598=ORIENTED_EDGE('',*,*,#3276,.T.);
#4599=ORIENTED_EDGE('',*,*,#3277,.F.);
#4600=ORIENTED_EDGE('',*,*,#3276,.F.);
#4601=ORIENTED_EDGE('',*,*,#2893,.T.);
#4602=ORIENTED_EDGE('',*,*,#3278,.T.);
#4603=ORIENTED_EDGE('',*,*,#3279,.F.);
#4604=ORIENTED_EDGE('',*,*,#3278,.F.);
#4605=ORIENTED_EDGE('',*,*,#2892,.T.);
#4606=ORIENTED_EDGE('',*,*,#3280,.T.);
#4607=ORIENTED_EDGE('',*,*,#3281,.F.);
#4608=ORIENTED_EDGE('',*,*,#3280,.F.);
#4609=ORIENTED_EDGE('',*,*,#2891,.T.);
#4610=ORIENTED_EDGE('',*,*,#3282,.T.);
#4611=ORIENTED_EDGE('',*,*,#3283,.F.);
#4612=ORIENTED_EDGE('',*,*,#3282,.F.);
#4613=ORIENTED_EDGE('',*,*,#2890,.T.);
#4614=ORIENTED_EDGE('',*,*,#3284,.T.);
#4615=ORIENTED_EDGE('',*,*,#3285,.F.);
#4616=ORIENTED_EDGE('',*,*,#3284,.F.);
#4617=ORIENTED_EDGE('',*,*,#2889,.T.);
#4618=ORIENTED_EDGE('',*,*,#3286,.T.);
#4619=ORIENTED_EDGE('',*,*,#3287,.F.);
#4620=ORIENTED_EDGE('',*,*,#3286,.F.);
#4621=ORIENTED_EDGE('',*,*,#2888,.T.);
#4622=ORIENTED_EDGE('',*,*,#3288,.T.);
#4623=ORIENTED_EDGE('',*,*,#3289,.F.);
#4624=ORIENTED_EDGE('',*,*,#3288,.F.);
#4625=ORIENTED_EDGE('',*,*,#2887,.T.);
#4626=ORIENTED_EDGE('',*,*,#3290,.T.);
#4627=ORIENTED_EDGE('',*,*,#3291,.F.);
#4628=ORIENTED_EDGE('',*,*,#3290,.F.);
#4629=ORIENTED_EDGE('',*,*,#2886,.T.);
#4630=ORIENTED_EDGE('',*,*,#3292,.T.);
#4631=ORIENTED_EDGE('',*,*,#3293,.F.);
#4632=ORIENTED_EDGE('',*,*,#3292,.F.);
#4633=ORIENTED_EDGE('',*,*,#2885,.T.);
#4634=ORIENTED_EDGE('',*,*,#3294,.T.);
#4635=ORIENTED_EDGE('',*,*,#3295,.F.);
#4636=ORIENTED_EDGE('',*,*,#3294,.F.);
#4637=ORIENTED_EDGE('',*,*,#2884,.T.);
#4638=ORIENTED_EDGE('',*,*,#3296,.T.);
#4639=ORIENTED_EDGE('',*,*,#3297,.F.);
#4640=ORIENTED_EDGE('',*,*,#3296,.F.);
#4641=ORIENTED_EDGE('',*,*,#2883,.T.);
#4642=ORIENTED_EDGE('',*,*,#3298,.T.);
#4643=ORIENTED_EDGE('',*,*,#3299,.F.);
#4644=ORIENTED_EDGE('',*,*,#3298,.F.);
#4645=ORIENTED_EDGE('',*,*,#2882,.T.);
#4646=ORIENTED_EDGE('',*,*,#3300,.T.);
#4647=ORIENTED_EDGE('',*,*,#3301,.F.);
#4648=ORIENTED_EDGE('',*,*,#3300,.F.);
#4649=ORIENTED_EDGE('',*,*,#2881,.T.);
#4650=ORIENTED_EDGE('',*,*,#3302,.T.);
#4651=ORIENTED_EDGE('',*,*,#3303,.F.);
#4652=ORIENTED_EDGE('',*,*,#3302,.F.);
#4653=ORIENTED_EDGE('',*,*,#2880,.T.);
#4654=ORIENTED_EDGE('',*,*,#3304,.T.);
#4655=ORIENTED_EDGE('',*,*,#3305,.F.);
#4656=ORIENTED_EDGE('',*,*,#3304,.F.);
#4657=ORIENTED_EDGE('',*,*,#2879,.T.);
#4658=ORIENTED_EDGE('',*,*,#3306,.T.);
#4659=ORIENTED_EDGE('',*,*,#3307,.F.);
#4660=ORIENTED_EDGE('',*,*,#3306,.F.);
#4661=ORIENTED_EDGE('',*,*,#2878,.T.);
#4662=ORIENTED_EDGE('',*,*,#3308,.T.);
#4663=ORIENTED_EDGE('',*,*,#3309,.F.);
#4664=ORIENTED_EDGE('',*,*,#3308,.F.);
#4665=ORIENTED_EDGE('',*,*,#2877,.T.);
#4666=ORIENTED_EDGE('',*,*,#3310,.T.);
#4667=ORIENTED_EDGE('',*,*,#3311,.F.);
#4668=ORIENTED_EDGE('',*,*,#3310,.F.);
#4669=ORIENTED_EDGE('',*,*,#2876,.T.);
#4670=ORIENTED_EDGE('',*,*,#3312,.T.);
#4671=ORIENTED_EDGE('',*,*,#3313,.F.);
#4672=ORIENTED_EDGE('',*,*,#3312,.F.);
#4673=ORIENTED_EDGE('',*,*,#2875,.T.);
#4674=ORIENTED_EDGE('',*,*,#3314,.T.);
#4675=ORIENTED_EDGE('',*,*,#3315,.F.);
#4676=ORIENTED_EDGE('',*,*,#3314,.F.);
#4677=ORIENTED_EDGE('',*,*,#2874,.T.);
#4678=ORIENTED_EDGE('',*,*,#3316,.T.);
#4679=ORIENTED_EDGE('',*,*,#3317,.F.);
#4680=ORIENTED_EDGE('',*,*,#3316,.F.);
#4681=ORIENTED_EDGE('',*,*,#2873,.T.);
#4682=ORIENTED_EDGE('',*,*,#3318,.T.);
#4683=ORIENTED_EDGE('',*,*,#3319,.F.);
#4684=ORIENTED_EDGE('',*,*,#3318,.F.);
#4685=ORIENTED_EDGE('',*,*,#2872,.T.);
#4686=ORIENTED_EDGE('',*,*,#3320,.T.);
#4687=ORIENTED_EDGE('',*,*,#3321,.F.);
#4688=ORIENTED_EDGE('',*,*,#3320,.F.);
#4689=ORIENTED_EDGE('',*,*,#3322,.T.);
#4690=ORIENTED_EDGE('',*,*,#3323,.F.);
#4691=ORIENTED_EDGE('',*,*,#3322,.F.);
#4692=ORIENTED_EDGE('',*,*,#3324,.T.);
#4693=ORIENTED_EDGE('',*,*,#3325,.F.);
#4694=ORIENTED_EDGE('',*,*,#3324,.F.);
#4695=ORIENTED_EDGE('',*,*,#2871,.T.);
#4696=ORIENTED_EDGE('',*,*,#3326,.T.);
#4697=ORIENTED_EDGE('',*,*,#3327,.F.);
#4698=ORIENTED_EDGE('',*,*,#3326,.F.);
#4699=ORIENTED_EDGE('',*,*,#2870,.T.);
#4700=ORIENTED_EDGE('',*,*,#3328,.T.);
#4701=ORIENTED_EDGE('',*,*,#3329,.F.);
#4702=ORIENTED_EDGE('',*,*,#3328,.F.);
#4703=ORIENTED_EDGE('',*,*,#2869,.T.);
#4704=ORIENTED_EDGE('',*,*,#3330,.T.);
#4705=ORIENTED_EDGE('',*,*,#3331,.F.);
#4706=ORIENTED_EDGE('',*,*,#2868,.T.);
#4707=ORIENTED_EDGE('',*,*,#3263,.T.);
#4708=ORIENTED_EDGE('',*,*,#3332,.F.);
#4709=ORIENTED_EDGE('',*,*,#3330,.F.);
#4710=ORIENTED_EDGE('',*,*,#3331,.T.);
#4711=ORIENTED_EDGE('',*,*,#3332,.T.);
#4712=ORIENTED_EDGE('',*,*,#3265,.T.);
#4713=ORIENTED_EDGE('',*,*,#3267,.T.);
#4714=ORIENTED_EDGE('',*,*,#3269,.T.);
#4715=ORIENTED_EDGE('',*,*,#3271,.T.);
#4716=ORIENTED_EDGE('',*,*,#3273,.T.);
#4717=ORIENTED_EDGE('',*,*,#3275,.T.);
#4718=ORIENTED_EDGE('',*,*,#3277,.T.);
#4719=ORIENTED_EDGE('',*,*,#3279,.T.);
#4720=ORIENTED_EDGE('',*,*,#3281,.T.);
#4721=ORIENTED_EDGE('',*,*,#3283,.T.);
#4722=ORIENTED_EDGE('',*,*,#3285,.T.);
#4723=ORIENTED_EDGE('',*,*,#3287,.T.);
#4724=ORIENTED_EDGE('',*,*,#3289,.T.);
#4725=ORIENTED_EDGE('',*,*,#3291,.T.);
#4726=ORIENTED_EDGE('',*,*,#3293,.T.);
#4727=ORIENTED_EDGE('',*,*,#3295,.T.);
#4728=ORIENTED_EDGE('',*,*,#3297,.T.);
#4729=ORIENTED_EDGE('',*,*,#3299,.T.);
#4730=ORIENTED_EDGE('',*,*,#3301,.T.);
#4731=ORIENTED_EDGE('',*,*,#3303,.T.);
#4732=ORIENTED_EDGE('',*,*,#3305,.T.);
#4733=ORIENTED_EDGE('',*,*,#3307,.T.);
#4734=ORIENTED_EDGE('',*,*,#3309,.T.);
#4735=ORIENTED_EDGE('',*,*,#3311,.T.);
#4736=ORIENTED_EDGE('',*,*,#3313,.T.);
#4737=ORIENTED_EDGE('',*,*,#3315,.T.);
#4738=ORIENTED_EDGE('',*,*,#3317,.T.);
#4739=ORIENTED_EDGE('',*,*,#3319,.T.);
#4740=ORIENTED_EDGE('',*,*,#3321,.T.);
#4741=ORIENTED_EDGE('',*,*,#3323,.T.);
#4742=ORIENTED_EDGE('',*,*,#3325,.T.);
#4743=ORIENTED_EDGE('',*,*,#3327,.T.);
#4744=ORIENTED_EDGE('',*,*,#3329,.T.);
#4745=ORIENTED_EDGE('',*,*,#3333,.F.);
#4746=ORIENTED_EDGE('',*,*,#3334,.F.);
#4747=ORIENTED_EDGE('',*,*,#3335,.T.);
#4748=ORIENTED_EDGE('',*,*,#3334,.T.);
#4749=ORIENTED_EDGE('',*,*,#3336,.F.);
#4750=ORIENTED_EDGE('',*,*,#3337,.F.);
#4751=ORIENTED_EDGE('',*,*,#3338,.F.);
#4752=ORIENTED_EDGE('',*,*,#3336,.T.);
#4753=ORIENTED_EDGE('',*,*,#3333,.T.);
#4754=ORIENTED_EDGE('',*,*,#3335,.F.);
#4755=ORIENTED_EDGE('',*,*,#3337,.T.);
#4756=ORIENTED_EDGE('',*,*,#3338,.T.);
#4757=CYLINDRICAL_SURFACE('',#5068,0.2);
#4758=CYLINDRICAL_SURFACE('',#5074,0.100999999999);
#4759=CYLINDRICAL_SURFACE('',#5078,0.100999999999);
#4760=CYLINDRICAL_SURFACE('',#5081,0.000999999999);
#4761=CYLINDRICAL_SURFACE('',#5094,0.000999999999);
#4762=CYLINDRICAL_SURFACE('',#5112,0.2);
#4763=CYLINDRICAL_SURFACE('',#5113,0.2);
#4764=CYLINDRICAL_SURFACE('',#5114,0.215348177318);
#4765=CYLINDRICAL_SURFACE('',#5127,2.);
#4766=CYLINDRICAL_SURFACE('',#5129,2.399999999999);
#4767=CYLINDRICAL_SURFACE('',#5217,2.409999999999);
#4768=CYLINDRICAL_SURFACE('',#5223,2.409999999999);
#4769=CYLINDRICAL_SURFACE('',#5242,2.409999999999);
#4770=CYLINDRICAL_SURFACE('',#5248,2.409999999999);
#4771=CYLINDRICAL_SURFACE('',#5256,2.399999999999);
#4772=CYLINDRICAL_SURFACE('',#5267,2.409999999999);
#4773=CYLINDRICAL_SURFACE('',#5281,2.399999999999);
#4774=CYLINDRICAL_SURFACE('',#5300,2.409999999999);
#4775=CYLINDRICAL_SURFACE('',#5310,2.409999999999);
#4776=CYLINDRICAL_SURFACE('',#5317,2.399999999999);
#4777=CYLINDRICAL_SURFACE('',#5330,2.409999999999);
#4778=CYLINDRICAL_SURFACE('',#5348,2.409999999999);
#4779=CYLINDRICAL_SURFACE('',#5367,2.409999999999);
#4780=CYLINDRICAL_SURFACE('',#5373,2.409999999999);
#4781=CYLINDRICAL_SURFACE('',#5381,2.399999999999);
#4782=CYLINDRICAL_SURFACE('',#5392,2.409999999999);
#4783=CYLINDRICAL_SURFACE('',#5406,2.399999999999);
#4784=CYLINDRICAL_SURFACE('',#5423,2.409999999999);
#4785=CYLINDRICAL_SURFACE('',#5424,2.399999999999);
#4786=ADVANCED_FACE('',(#878),#4757,.T.);
#4787=ADVANCED_FACE('',(#879),#490,.F.);
#4788=ADVANCED_FACE('',(#880),#491,.F.);
#4789=ADVANCED_FACE('',(#881),#4758,.T.);
#4790=ADVANCED_FACE('',(#882),#4759,.T.);
#4791=ADVANCED_FACE('',(#883),#4760,.F.);
#4792=ADVANCED_FACE('',(#884),#492,.F.);
#4793=ADVANCED_FACE('',(#885),#493,.T.);
#4794=ADVANCED_FACE('',(#886),#494,.T.);
#4795=ADVANCED_FACE('',(#887),#495,.F.);
#4796=ADVANCED_FACE('',(#888),#496,.T.);
#4797=ADVANCED_FACE('',(#889),#497,.F.);
#4798=ADVANCED_FACE('',(#890),#498,.F.);
#4799=ADVANCED_FACE('',(#891),#499,.F.);
#4800=ADVANCED_FACE('',(#892),#500,.F.);
#4801=ADVANCED_FACE('',(#893),#501,.F.);
#4802=ADVANCED_FACE('',(#894),#502,.T.);
#4803=ADVANCED_FACE('',(#895),#4761,.F.);
#4804=ADVANCED_FACE('',(#896),#503,.F.);
#4805=ADVANCED_FACE('',(#897),#504,.F.);
#4806=ADVANCED_FACE('',(#898),#505,.F.);
#4807=ADVANCED_FACE('',(#899),#506,.F.);
#4808=ADVANCED_FACE('',(#900),#507,.F.);
#4809=ADVANCED_FACE('',(#901),#508,.F.);
#4810=ADVANCED_FACE('',(#902),#509,.F.);
#4811=ADVANCED_FACE('',(#903),#510,.F.);
#4812=ADVANCED_FACE('',(#904),#511,.F.);
#4813=ADVANCED_FACE('',(#905),#512,.F.);
#4814=ADVANCED_FACE('',(#906),#513,.T.);
#4815=ADVANCED_FACE('',(#907),#514,.T.);
#4816=ADVANCED_FACE('',(#908),#515,.T.);
#4817=ADVANCED_FACE('',(#909),#4762,.T.);
#4818=ADVANCED_FACE('',(#910),#4763,.T.);
#4819=ADVANCED_FACE('',(#911),#4764,.F.);
#4820=ADVANCED_FACE('',(#912),#301,.T.);
#4821=ADVANCED_FACE('',(#913),#302,.T.);
#4822=ADVANCED_FACE('',(#914),#4765,.T.);
#4823=ADVANCED_FACE('',(#915,#280,#281,#282,#283,#284,#285,#286,#287,#288,
#289,#290,#291,#292),#4766,.T.);
#4824=ADVANCED_FACE('',(#916,#293),#516,.T.);
#4825=ADVANCED_FACE('',(#917,#294),#517,.F.);
#4826=ADVANCED_FACE('',(#918),#518,.T.);
#4827=ADVANCED_FACE('',(#919),#519,.T.);
#4828=ADVANCED_FACE('',(#920),#520,.T.);
#4829=ADVANCED_FACE('',(#921),#521,.T.);
#4830=ADVANCED_FACE('',(#922),#522,.T.);
#4831=ADVANCED_FACE('',(#923),#523,.T.);
#4832=ADVANCED_FACE('',(#924),#524,.T.);
#4833=ADVANCED_FACE('',(#925),#525,.T.);
#4834=ADVANCED_FACE('',(#926),#4767,.T.);
#4835=ADVANCED_FACE('',(#927),#21,.T.);
#4836=ADVANCED_FACE('',(#928),#22,.T.);
#4837=ADVANCED_FACE('',(#929),#23,.T.);
#4838=ADVANCED_FACE('',(#930),#24,.T.);
#4839=ADVANCED_FACE('',(#931),#25,.T.);
#4840=ADVANCED_FACE('',(#932),#26,.T.);
#4841=ADVANCED_FACE('',(#933),#526,.T.);
#4842=ADVANCED_FACE('',(#934),#27,.T.);
#4843=ADVANCED_FACE('',(#935),#28,.T.);
#4844=ADVANCED_FACE('',(#936),#29,.T.);
#4845=ADVANCED_FACE('',(#937),#30,.T.);
#4846=ADVANCED_FACE('',(#938),#31,.T.);
#4847=ADVANCED_FACE('',(#939),#32,.T.);
#4848=ADVANCED_FACE('',(#940),#527,.T.);
#4849=ADVANCED_FACE('',(#941),#4768,.T.);
#4850=ADVANCED_FACE('',(#942),#528,.T.);
#4851=ADVANCED_FACE('',(#943),#529,.T.);
#4852=ADVANCED_FACE('',(#944),#530,.T.);
#4853=ADVANCED_FACE('',(#945),#531,.T.);
#4854=ADVANCED_FACE('',(#946),#532,.T.);
#4855=ADVANCED_FACE('',(#947),#533,.T.);
#4856=ADVANCED_FACE('',(#948),#534,.T.);
#4857=ADVANCED_FACE('',(#949),#535,.T.);
#4858=ADVANCED_FACE('',(#950),#536,.T.);
#4859=ADVANCED_FACE('',(#951),#537,.T.);
#4860=ADVANCED_FACE('',(#952),#538,.T.);
#4861=ADVANCED_FACE('',(#953),#539,.T.);
#4862=ADVANCED_FACE('',(#954),#4769,.T.);
#4863=ADVANCED_FACE('',(#955),#33,.T.);
#4864=ADVANCED_FACE('',(#956),#34,.T.);
#4865=ADVANCED_FACE('',(#957),#35,.T.);
#4866=ADVANCED_FACE('',(#958),#540,.T.);
#4867=ADVANCED_FACE('',(#959),#541,.T.);
#4868=ADVANCED_FACE('',(#960),#542,.T.);
#4869=ADVANCED_FACE('',(#961),#36,.T.);
#4870=ADVANCED_FACE('',(#962,#295),#4770,.T.);
#4871=ADVANCED_FACE('',(#963),#543,.F.);
#4872=ADVANCED_FACE('',(#964),#37,.F.);
#4873=ADVANCED_FACE('',(#965),#38,.F.);
#4874=ADVANCED_FACE('',(#966),#39,.F.);
#4875=ADVANCED_FACE('',(#967),#40,.F.);
#4876=ADVANCED_FACE('',(#968),#544,.F.);
#4877=ADVANCED_FACE('',(#969),#545,.F.);
#4878=ADVANCED_FACE('',(#970),#4771,.T.);
#4879=ADVANCED_FACE('',(#971),#41,.T.);
#4880=ADVANCED_FACE('',(#972),#546,.T.);
#4881=ADVANCED_FACE('',(#973),#42,.T.);
#4882=ADVANCED_FACE('',(#974),#547,.T.);
#4883=ADVANCED_FACE('',(#975),#43,.T.);
#4884=ADVANCED_FACE('',(#976),#548,.T.);
#4885=ADVANCED_FACE('',(#977),#44,.T.);
#4886=ADVANCED_FACE('',(#978),#549,.T.);
#4887=ADVANCED_FACE('',(#979,#296),#4772,.T.);
#4888=ADVANCED_FACE('',(#980),#550,.F.);
#4889=ADVANCED_FACE('',(#981),#551,.F.);
#4890=ADVANCED_FACE('',(#982),#45,.F.);
#4891=ADVANCED_FACE('',(#983),#552,.F.);
#4892=ADVANCED_FACE('',(#984),#46,.F.);
#4893=ADVANCED_FACE('',(#985),#4773,.T.);
#4894=ADVANCED_FACE('',(#986),#553,.T.);
#4895=ADVANCED_FACE('',(#987),#554,.T.);
#4896=ADVANCED_FACE('',(#988),#555,.T.);
#4897=ADVANCED_FACE('',(#989),#556,.T.);
#4898=ADVANCED_FACE('',(#990),#557,.T.);
#4899=ADVANCED_FACE('',(#991),#558,.T.);
#4900=ADVANCED_FACE('',(#992),#559,.T.);
#4901=ADVANCED_FACE('',(#993),#560,.T.);
#4902=ADVANCED_FACE('',(#994),#561,.T.);
#4903=ADVANCED_FACE('',(#995),#562,.T.);
#4904=ADVANCED_FACE('',(#996),#563,.T.);
#4905=ADVANCED_FACE('',(#997),#564,.T.);
#4906=ADVANCED_FACE('',(#998),#4774,.T.);
#4907=ADVANCED_FACE('',(#999),#47,.T.);
#4908=ADVANCED_FACE('',(#1000),#48,.T.);
#4909=ADVANCED_FACE('',(#1001),#49,.T.);
#4910=ADVANCED_FACE('',(#1002),#50,.T.);
#4911=ADVANCED_FACE('',(#1003),#51,.T.);
#4912=ADVANCED_FACE('',(#1004),#52,.T.);
#4913=ADVANCED_FACE('',(#1005),#53,.T.);
#4914=ADVANCED_FACE('',(#1006),#565,.T.);
#4915=ADVANCED_FACE('',(#1007),#566,.T.);
#4916=ADVANCED_FACE('',(#1008),#567,.T.);
#4917=ADVANCED_FACE('',(#1009),#54,.T.);
#4918=ADVANCED_FACE('',(#1010),#55,.T.);
#4919=ADVANCED_FACE('',(#1011),#568,.T.);
#4920=ADVANCED_FACE('',(#1012,#297),#4775,.T.);
#4921=ADVANCED_FACE('',(#1013),#56,.F.);
#4922=ADVANCED_FACE('',(#1014),#57,.F.);
#4923=ADVANCED_FACE('',(#1015),#58,.F.);
#4924=ADVANCED_FACE('',(#1016),#59,.F.);
#4925=ADVANCED_FACE('',(#1017),#569,.F.);
#4926=ADVANCED_FACE('',(#1018),#570,.F.);
#4927=ADVANCED_FACE('',(#1019),#60,.F.);
#4928=ADVANCED_FACE('',(#1020),#61,.F.);
#4929=ADVANCED_FACE('',(#1021),#4776,.T.);
#4930=ADVANCED_FACE('',(#1022),#62,.T.);
#4931=ADVANCED_FACE('',(#1023),#63,.T.);
#4932=ADVANCED_FACE('',(#1024),#64,.T.);
#4933=ADVANCED_FACE('',(#1025),#65,.T.);
#4934=ADVANCED_FACE('',(#1026),#66,.T.);
#4935=ADVANCED_FACE('',(#1027),#67,.T.);
#4936=ADVANCED_FACE('',(#1028),#68,.T.);
#4937=ADVANCED_FACE('',(#1029),#69,.T.);
#4938=ADVANCED_FACE('',(#1030),#70,.T.);
#4939=ADVANCED_FACE('',(#1031),#71,.T.);
#4940=ADVANCED_FACE('',(#1032),#571,.T.);
#4941=ADVANCED_FACE('',(#1033),#72,.T.);
#4942=ADVANCED_FACE('',(#1034),#73,.T.);
#4943=ADVANCED_FACE('',(#1035),#74,.T.);
#4944=ADVANCED_FACE('',(#1036),#75,.T.);
#4945=ADVANCED_FACE('',(#1037),#76,.T.);
#4946=ADVANCED_FACE('',(#1038),#77,.T.);
#4947=ADVANCED_FACE('',(#1039),#78,.T.);
#4948=ADVANCED_FACE('',(#1040),#79,.T.);
#4949=ADVANCED_FACE('',(#1041),#80,.T.);
#4950=ADVANCED_FACE('',(#1042),#572,.T.);
#4951=ADVANCED_FACE('',(#1043),#4777,.T.);
#4952=ADVANCED_FACE('',(#1044),#573,.T.);
#4953=ADVANCED_FACE('',(#1045),#574,.T.);
#4954=ADVANCED_FACE('',(#1046),#81,.T.);
#4955=ADVANCED_FACE('',(#1047),#575,.T.);
#4956=ADVANCED_FACE('',(#1048),#82,.T.);
#4957=ADVANCED_FACE('',(#1049),#83,.T.);
#4958=ADVANCED_FACE('',(#1050),#84,.T.);
#4959=ADVANCED_FACE('',(#1051),#576,.T.);
#4960=ADVANCED_FACE('',(#1052),#577,.T.);
#4961=ADVANCED_FACE('',(#1053),#578,.T.);
#4962=ADVANCED_FACE('',(#1054),#85,.T.);
#4963=ADVANCED_FACE('',(#1055),#86,.T.);
#4964=ADVANCED_FACE('',(#1056),#579,.T.);
#4965=ADVANCED_FACE('',(#1057),#87,.T.);
#4966=ADVANCED_FACE('',(#1058),#4778,.T.);
#4967=ADVANCED_FACE('',(#1059),#580,.T.);
#4968=ADVANCED_FACE('',(#1060),#581,.T.);
#4969=ADVANCED_FACE('',(#1061),#582,.T.);
#4970=ADVANCED_FACE('',(#1062),#583,.T.);
#4971=ADVANCED_FACE('',(#1063),#584,.T.);
#4972=ADVANCED_FACE('',(#1064),#585,.T.);
#4973=ADVANCED_FACE('',(#1065),#586,.T.);
#4974=ADVANCED_FACE('',(#1066),#587,.T.);
#4975=ADVANCED_FACE('',(#1067),#588,.T.);
#4976=ADVANCED_FACE('',(#1068),#589,.T.);
#4977=ADVANCED_FACE('',(#1069),#590,.T.);
#4978=ADVANCED_FACE('',(#1070),#591,.T.);
#4979=ADVANCED_FACE('',(#1071),#4779,.T.);
#4980=ADVANCED_FACE('',(#1072),#88,.T.);
#4981=ADVANCED_FACE('',(#1073),#89,.T.);
#4982=ADVANCED_FACE('',(#1074),#90,.T.);
#4983=ADVANCED_FACE('',(#1075),#592,.T.);
#4984=ADVANCED_FACE('',(#1076),#593,.T.);
#4985=ADVANCED_FACE('',(#1077),#594,.T.);
#4986=ADVANCED_FACE('',(#1078),#91,.T.);
#4987=ADVANCED_FACE('',(#1079,#298),#4780,.T.);
#4988=ADVANCED_FACE('',(#1080),#595,.F.);
#4989=ADVANCED_FACE('',(#1081),#92,.F.);
#4990=ADVANCED_FACE('',(#1082),#93,.F.);
#4991=ADVANCED_FACE('',(#1083),#94,.F.);
#4992=ADVANCED_FACE('',(#1084),#95,.F.);
#4993=ADVANCED_FACE('',(#1085),#596,.F.);
#4994=ADVANCED_FACE('',(#1086),#597,.F.);
#4995=ADVANCED_FACE('',(#1087),#4781,.T.);
#4996=ADVANCED_FACE('',(#1088),#96,.T.);
#4997=ADVANCED_FACE('',(#1089),#598,.T.);
#4998=ADVANCED_FACE('',(#1090),#97,.T.);
#4999=ADVANCED_FACE('',(#1091),#599,.T.);
#5000=ADVANCED_FACE('',(#1092),#98,.T.);
#5001=ADVANCED_FACE('',(#1093),#600,.T.);
#5002=ADVANCED_FACE('',(#1094),#99,.T.);
#5003=ADVANCED_FACE('',(#1095),#601,.T.);
#5004=ADVANCED_FACE('',(#1096,#299),#4782,.T.);
#5005=ADVANCED_FACE('',(#1097),#602,.F.);
#5006=ADVANCED_FACE('',(#1098),#603,.F.);
#5007=ADVANCED_FACE('',(#1099),#100,.F.);
#5008=ADVANCED_FACE('',(#1100),#604,.F.);
#5009=ADVANCED_FACE('',(#1101),#101,.F.);
#5010=ADVANCED_FACE('',(#1102),#4783,.T.);
#5011=ADVANCED_FACE('',(#1103),#102,.T.);
#5012=ADVANCED_FACE('',(#1104),#103,.T.);
#5013=ADVANCED_FACE('',(#1105),#104,.T.);
#5014=ADVANCED_FACE('',(#1106),#605,.T.);
#5015=ADVANCED_FACE('',(#1107),#105,.T.);
#5016=ADVANCED_FACE('',(#1108),#106,.T.);
#5017=ADVANCED_FACE('',(#1109),#107,.T.);
#5018=ADVANCED_FACE('',(#1110),#108,.T.);
#5019=ADVANCED_FACE('',(#1111),#109,.T.);
#5020=ADVANCED_FACE('',(#1112),#110,.T.);
#5021=ADVANCED_FACE('',(#1113),#606,.T.);
#5022=ADVANCED_FACE('',(#1114),#111,.T.);
#5023=ADVANCED_FACE('',(#1115),#112,.T.);
#5024=ADVANCED_FACE('',(#1116),#113,.T.);
#5025=ADVANCED_FACE('',(#1117),#114,.T.);
#5026=ADVANCED_FACE('',(#1118),#115,.T.);
#5027=ADVANCED_FACE('',(#1119),#116,.T.);
#5028=ADVANCED_FACE('',(#1120),#117,.T.);
#5029=ADVANCED_FACE('',(#1121),#118,.T.);
#5030=ADVANCED_FACE('',(#1122),#119,.T.);
#5031=ADVANCED_FACE('',(#1123),#120,.T.);
#5032=ADVANCED_FACE('',(#1124),#607,.T.);
#5033=ADVANCED_FACE('',(#1125),#121,.T.);
#5034=ADVANCED_FACE('',(#1126),#122,.T.);
#5035=ADVANCED_FACE('',(#1127),#608,.T.);
#5036=ADVANCED_FACE('',(#1128),#609,.T.);
#5037=ADVANCED_FACE('',(#1129),#123,.T.);
#5038=ADVANCED_FACE('',(#1130),#124,.T.);
#5039=ADVANCED_FACE('',(#1131),#610,.T.);
#5040=ADVANCED_FACE('',(#1132),#611,.T.);
#5041=ADVANCED_FACE('',(#1133),#612,.T.);
#5042=ADVANCED_FACE('',(#1134),#125,.T.);
#5043=ADVANCED_FACE('',(#1135),#126,.T.);
#5044=ADVANCED_FACE('',(#1136),#127,.T.);
#5045=ADVANCED_FACE('',(#1137),#128,.T.);
#5046=ADVANCED_FACE('',(#1138,#300),#4784,.T.);
#5047=ADVANCED_FACE('',(#1139),#129,.F.);
#5048=ADVANCED_FACE('',(#1140),#130,.F.);
#5049=ADVANCED_FACE('',(#1141),#4785,.T.);
#5050=CLOSED_SHELL('',(#4786,#4787,#4788,#4789,#4790,#4791,#4792,#4793,
#4794,#4795,#4796,#4797,#4798,#4799,#4800,#4801,#4802,#4803));
#5051=CLOSED_SHELL('',(#4804,#4805,#4806,#4807,#4808,#4809,#4810,#4811,
#4812,#4813,#4814,#4815,#4816,#4817,#4818));
#5052=CLOSED_SHELL('',(#4819,#4820,#4821,#4822,#4823,#4824,#4825,#4826,
#4827,#4828,#4829,#4830,#4831,#4832,#4833,#4834,#4835,#4836,#4837,#4838,
#4839,#4840,#4841,#4842,#4843,#4844,#4845,#4846,#4847,#4848,#4849,#4850,
#4851,#4852,#4853,#4854,#4855,#4856,#4857,#4858,#4859,#4860,#4861,#4862,
#4863,#4864,#4865,#4866,#4867,#4868,#4869,#4870,#4871,#4872,#4873,#4874,
#4875,#4876,#4877,#4878,#4879,#4880,#4881,#4882,#4883,#4884,#4885,#4886,
#4887,#4888,#4889,#4890,#4891,#4892,#4893,#4894,#4895,#4896,#4897,#4898,
#4899,#4900,#4901,#4902,#4903,#4904,#4905,#4906,#4907,#4908,#4909,#4910,
#4911,#4912,#4913,#4914,#4915,#4916,#4917,#4918,#4919,#4920,#4921,#4922,
#4923,#4924,#4925,#4926,#4927,#4928,#4929,#4930,#4931,#4932,#4933,#4934,
#4935,#4936,#4937,#4938,#4939,#4940,#4941,#4942,#4943,#4944,#4945,#4946,
#4947,#4948,#4949,#4950,#4951,#4952,#4953,#4954,#4955,#4956,#4957,#4958,
#4959,#4960,#4961,#4962,#4963,#4964,#4965,#4966,#4967,#4968,#4969,#4970,
#4971,#4972,#4973,#4974,#4975,#4976,#4977,#4978,#4979,#4980,#4981,#4982,
#4983,#4984,#4985,#4986,#4987,#4988,#4989,#4990,#4991,#4992,#4993,#4994,
#4995,#4996,#4997,#4998,#4999,#5000,#5001,#5002,#5003,#5004,#5005,#5006,
#5007,#5008,#5009,#5010,#5011,#5012,#5013,#5014,#5015,#5016,#5017,#5018,
#5019,#5020,#5021,#5022,#5023,#5024,#5025,#5026,#5027,#5028,#5029,#5030,
#5031,#5032,#5033,#5034,#5035,#5036,#5037,#5038,#5039,#5040,#5041,#5042,
#5043,#5044,#5045,#5046,#5047,#5048,#5049));
#5053=DERIVED_UNIT_ELEMENT(#5055,1.);
#5054=DERIVED_UNIT_ELEMENT(#9626,-3.);
#5055=(
MASS_UNIT()
NAMED_UNIT(*)
SI_UNIT(.KILO.,.GRAM.)
);
#5056=DERIVED_UNIT((#5053,#5054));
#5057=MEASURE_REPRESENTATION_ITEM('density measure',
POSITIVE_RATIO_MEASURE(7850.),#5056);
#5058=PROPERTY_DEFINITION_REPRESENTATION(#5063,#5060);
#5059=PROPERTY_DEFINITION_REPRESENTATION(#5064,#5061);
#5060=REPRESENTATION('material name',(#5062),#9623);
#5061=REPRESENTATION('density',(#5057),#9623);
#5062=DESCRIPTIVE_REPRESENTATION_ITEM('Steel','Steel');
#5063=PROPERTY_DEFINITION('material property','material name',#9643);
#5064=PROPERTY_DEFINITION('material property','density of part',#9643);
#5065=AXIS2_PLACEMENT_3D('',#6506,#5427,#5428);
#5066=AXIS2_PLACEMENT_3D('',#6507,#5429,#5430);
#5067=AXIS2_PLACEMENT_3D('',#6508,#5431,#5432);
#5068=AXIS2_PLACEMENT_3D('',#6509,#5433,#5434);
#5069=AXIS2_PLACEMENT_3D('',#6514,#5436,#5437);
#5070=AXIS2_PLACEMENT_3D('',#6517,#5439,#5440);
#5071=AXIS2_PLACEMENT_3D('',#6518,#5441,#5442);
#5072=AXIS2_PLACEMENT_3D('',#6527,#5447,#5448);
#5073=AXIS2_PLACEMENT_3D('',#6530,#5449,#5450);
#5074=AXIS2_PLACEMENT_3D('',#6534,#5453,#5454);
#5075=AXIS2_PLACEMENT_3D('',#6538,#5456,#5457);
#5076=AXIS2_PLACEMENT_3D('',#6540,#5458,#5459);
#5077=AXIS2_PLACEMENT_3D('',#6542,#5460,#5461);
#5078=AXIS2_PLACEMENT_3D('',#6544,#5463,#5464);
#5079=AXIS2_PLACEMENT_3D('',#6549,#5466,#5467);
#5080=AXIS2_PLACEMENT_3D('',#6552,#5469,#5470);
#5081=AXIS2_PLACEMENT_3D('',#6553,#5471,#5472);
#5082=AXIS2_PLACEMENT_3D('',#6565,#5474,#5475);
#5083=AXIS2_PLACEMENT_3D('',#6568,#5478,#5479);
#5084=AXIS2_PLACEMENT_3D('',#6571,#5482,#5483);
#5085=AXIS2_PLACEMENT_3D('',#6576,#5487,#5488);
#5086=AXIS2_PLACEMENT_3D('',#6586,#5494,#5495);
#5087=AXIS2_PLACEMENT_3D('',#6600,#5503,#5504);
#5088=AXIS2_PLACEMENT_3D('',#6603,#5507,#5508);
#5089=AXIS2_PLACEMENT_3D('',#6605,#5510,#5511);
#5090=AXIS2_PLACEMENT_3D('',#6606,#5512,#5513);
#5091=AXIS2_PLACEMENT_3D('',#6609,#5516,#5517);
#5092=AXIS2_PLACEMENT_3D('',#6610,#5518,#5519);
#5093=AXIS2_PLACEMENT_3D('',#6611,#5520,#5521);
#5094=AXIS2_PLACEMENT_3D('',#6612,#5522,#5523);
#5095=AXIS2_PLACEMENT_3D('',#6613,#5524,#5525);
#5096=AXIS2_PLACEMENT_3D('',#6622,#5530,#5531);
#5097=AXIS2_PLACEMENT_3D('',#6628,#5535,#5536);
#5098=AXIS2_PLACEMENT_3D('',#6634,#5540,#5541);
#5099=AXIS2_PLACEMENT_3D('',#6640,#5545,#5546);
#5100=AXIS2_PLACEMENT_3D('',#6646,#5550,#5551);
#5101=AXIS2_PLACEMENT_3D('',#6655,#5556,#5557);
#5102=AXIS2_PLACEMENT_3D('',#6661,#5561,#5562);
#5103=AXIS2_PLACEMENT_3D('',#6665,#5564,#5565);
#5104=AXIS2_PLACEMENT_3D('',#6670,#5568,#5569);
#5105=AXIS2_PLACEMENT_3D('',#6672,#5571,#5572);
#5106=AXIS2_PLACEMENT_3D('',#6676,#5574,#5575);
#5107=AXIS2_PLACEMENT_3D('',#6681,#5578,#5579);
#5108=AXIS2_PLACEMENT_3D('',#6683,#5581,#5582);
#5109=AXIS2_PLACEMENT_3D('',#6685,#5584,#5585);
#5110=AXIS2_PLACEMENT_3D('',#6687,#5587,#5588);
#5111=AXIS2_PLACEMENT_3D('',#6689,#5590,#5591);
#5112=AXIS2_PLACEMENT_3D('',#6691,#5593,#5594);
#5113=AXIS2_PLACEMENT_3D('',#6692,#5595,#5596);
#5114=AXIS2_PLACEMENT_3D('',#6693,#5597,#5598);
#5115=AXIS2_PLACEMENT_3D('',#6695,#5599,#5600);
#5116=AXIS2_PLACEMENT_3D('',#6698,#5602,#5603);
#5117=AXIS2_PLACEMENT_3D('',#6699,#5604,#5605);
#5118=AXIS2_PLACEMENT_3D('',#6701,#5606,#5607);
#5119=AXIS2_PLACEMENT_3D('',#6703,#5608,#5609);
#5120=AXIS2_PLACEMENT_3D('',#6705,#5610,#5611);
#5121=AXIS2_PLACEMENT_3D('',#6706,#5612,#5613);
#5122=AXIS2_PLACEMENT_3D('',#6707,#5614,#5615);
#5123=AXIS2_PLACEMENT_3D('',#6709,#5616,#5617);
#5124=AXIS2_PLACEMENT_3D('',#6711,#5618,#5619);
#5125=AXIS2_PLACEMENT_3D('',#6713,#5620,#5621);
#5126=AXIS2_PLACEMENT_3D('',#6714,#5622,#5623);
#5127=AXIS2_PLACEMENT_3D('',#6715,#5624,#5625);
#5128=AXIS2_PLACEMENT_3D('',#6717,#5626,#5627);
#5129=AXIS2_PLACEMENT_3D('',#6719,#5629,#5630);
#5130=AXIS2_PLACEMENT_3D('',#6721,#5631,#5632);
#5131=AXIS2_PLACEMENT_3D('',#6725,#5634,#5635);
#5132=AXIS2_PLACEMENT_3D('',#6729,#5637,#5638);
#5133=AXIS2_PLACEMENT_3D('',#6733,#5640,#5641);
#5134=AXIS2_PLACEMENT_3D('',#6744,#5643,#5644);
#5135=AXIS2_PLACEMENT_3D('',#6783,#5646,#5647);
#5136=AXIS2_PLACEMENT_3D('',#6787,#5649,#5650);
#5137=AXIS2_PLACEMENT_3D('',#6808,#5651,#5652);
#5138=AXIS2_PLACEMENT_3D('',#6812,#5654,#5655);
#5139=AXIS2_PLACEMENT_3D('',#6816,#5657,#5658);
#5140=AXIS2_PLACEMENT_3D('',#6820,#5660,#5661);
#5141=AXIS2_PLACEMENT_3D('',#6824,#5663,#5664);
#5142=AXIS2_PLACEMENT_3D('',#6828,#5666,#5667);
#5143=AXIS2_PLACEMENT_3D('',#6857,#5669,#5670);
#5144=AXIS2_PLACEMENT_3D('',#6861,#5672,#5673);
#5145=AXIS2_PLACEMENT_3D('',#6870,#5674,#5675);
#5146=AXIS2_PLACEMENT_3D('',#6872,#5676,#5677);
#5147=AXIS2_PLACEMENT_3D('',#6874,#5678,#5679);
#5148=AXIS2_PLACEMENT_3D('',#6876,#5680,#5681);
#5149=AXIS2_PLACEMENT_3D('',#6878,#5682,#5683);
#5150=AXIS2_PLACEMENT_3D('',#6887,#5684,#5685);
#5151=AXIS2_PLACEMENT_3D('',#6896,#5686,#5687);
#5152=AXIS2_PLACEMENT_3D('',#6900,#5689,#5690);
#5153=AXIS2_PLACEMENT_3D('',#6904,#5692,#5693);
#5154=AXIS2_PLACEMENT_3D('',#6908,#5695,#5696);
#5155=AXIS2_PLACEMENT_3D('',#6912,#5698,#5699);
#5156=AXIS2_PLACEMENT_3D('',#6916,#5701,#5702);
#5157=AXIS2_PLACEMENT_3D('',#6933,#5704,#5705);
#5158=AXIS2_PLACEMENT_3D('',#6937,#5707,#5708);
#5159=AXIS2_PLACEMENT_3D('',#6946,#5710,#5711);
#5160=AXIS2_PLACEMENT_3D('',#6961,#5713,#5714);
#5161=AXIS2_PLACEMENT_3D('',#6978,#5715,#5716);
#5162=AXIS2_PLACEMENT_3D('',#6981,#5717,#5718);
#5163=AXIS2_PLACEMENT_3D('',#6983,#5719,#5720);
#5164=AXIS2_PLACEMENT_3D('',#6987,#5722,#5723);
#5165=AXIS2_PLACEMENT_3D('',#6999,#5724,#5725);
#5166=AXIS2_PLACEMENT_3D('',#7001,#5726,#5727);
#5167=AXIS2_PLACEMENT_3D('',#7013,#5728,#5729);
#5168=AXIS2_PLACEMENT_3D('',#7015,#5730,#5731);
#5169=AXIS2_PLACEMENT_3D('',#7019,#5733,#5734);
#5170=AXIS2_PLACEMENT_3D('',#7036,#5735,#5736);
#5171=AXIS2_PLACEMENT_3D('',#7038,#5737,#5738);
#5172=AXIS2_PLACEMENT_3D('',#7050,#5739,#5740);
#5173=AXIS2_PLACEMENT_3D('',#7052,#5741,#5742);
#5174=AXIS2_PLACEMENT_3D('',#7054,#5743,#5744);
#5175=AXIS2_PLACEMENT_3D('',#7056,#5745,#5746);
#5176=AXIS2_PLACEMENT_3D('',#7058,#5747,#5748);
#5177=AXIS2_PLACEMENT_3D('',#7069,#5749,#5750);
#5178=AXIS2_PLACEMENT_3D('',#7073,#5752,#5753);
#5179=AXIS2_PLACEMENT_3D('',#7088,#5755,#5756);
#5180=AXIS2_PLACEMENT_3D('',#7090,#5757,#5758);
#5181=AXIS2_PLACEMENT_3D('',#7091,#5759,#5760);
#5182=AXIS2_PLACEMENT_3D('',#7094,#5761,#5762);
#5183=AXIS2_PLACEMENT_3D('',#7098,#5764,#5765);
#5184=AXIS2_PLACEMENT_3D('',#7102,#5767,#5768);
#5185=AXIS2_PLACEMENT_3D('',#7106,#5770,#5771);
#5186=AXIS2_PLACEMENT_3D('',#7110,#5773,#5774);
#5187=AXIS2_PLACEMENT_3D('',#7114,#5776,#5777);
#5188=AXIS2_PLACEMENT_3D('',#7143,#5779,#5780);
#5189=AXIS2_PLACEMENT_3D('',#7147,#5782,#5783);
#5190=AXIS2_PLACEMENT_3D('',#7156,#5784,#5785);
#5191=AXIS2_PLACEMENT_3D('',#7158,#5786,#5787);
#5192=AXIS2_PLACEMENT_3D('',#7160,#5788,#5789);
#5193=AXIS2_PLACEMENT_3D('',#7162,#5790,#5791);
#5194=AXIS2_PLACEMENT_3D('',#7164,#5792,#5793);
#5195=AXIS2_PLACEMENT_3D('',#7173,#5794,#5795);
#5196=AXIS2_PLACEMENT_3D('',#7219,#5796,#5797);
#5197=AXIS2_PLACEMENT_3D('',#7245,#5799,#5800);
#5198=AXIS2_PLACEMENT_3D('',#7281,#5802,#5803);
#5199=AXIS2_PLACEMENT_3D('',#7303,#5804,#5805);
#5200=AXIS2_PLACEMENT_3D('',#7305,#5806,#5807);
#5201=AXIS2_PLACEMENT_3D('',#7307,#5808,#5809);
#5202=AXIS2_PLACEMENT_3D('',#7347,#5811,#5812);
#5203=AXIS2_PLACEMENT_3D('',#7348,#5813,#5814);
#5204=AXIS2_PLACEMENT_3D('',#7349,#5815,#5816);
#5205=AXIS2_PLACEMENT_3D('',#7350,#5817,#5818);
#5206=AXIS2_PLACEMENT_3D('',#7351,#5819,#5820);
#5207=AXIS2_PLACEMENT_3D('',#7352,#5821,#5822);
#5208=AXIS2_PLACEMENT_3D('',#7353,#5823,#5824);
#5209=AXIS2_PLACEMENT_3D('',#7359,#5828,#5829);
#5210=AXIS2_PLACEMENT_3D('',#7362,#5831,#5832);
#5211=AXIS2_PLACEMENT_3D('',#7363,#5833,#5834);
#5212=AXIS2_PLACEMENT_3D('',#7367,#5837,#5838);
#5213=AXIS2_PLACEMENT_3D('',#7370,#5840,#5841);
#5214=AXIS2_PLACEMENT_3D('',#7371,#5842,#5843);
#5215=AXIS2_PLACEMENT_3D('',#7375,#5846,#5847);
#5216=AXIS2_PLACEMENT_3D('',#7376,#5848,#5849);
#5217=AXIS2_PLACEMENT_3D('',#7377,#5850,#5851);
#5218=AXIS2_PLACEMENT_3D('',#7390,#5854,#5855);
#5219=AXIS2_PLACEMENT_3D('',#7463,#5861,#5862);
#5220=AXIS2_PLACEMENT_3D('',#7464,#5863,#5864);
#5221=AXIS2_PLACEMENT_3D('',#7478,#5868,#5869);
#5222=AXIS2_PLACEMENT_3D('',#7559,#5875,#5876);
#5223=AXIS2_PLACEMENT_3D('',#7561,#5878,#5879);
#5224=AXIS2_PLACEMENT_3D('',#7562,#5880,#5881);
#5225=AXIS2_PLACEMENT_3D('',#7568,#5885,#5886);
#5226=AXIS2_PLACEMENT_3D('',#7571,#5888,#5889);
#5227=AXIS2_PLACEMENT_3D('',#7572,#5890,#5891);
#5228=AXIS2_PLACEMENT_3D('',#7576,#5894,#5895);
#5229=AXIS2_PLACEMENT_3D('',#7579,#5897,#5898);
#5230=AXIS2_PLACEMENT_3D('',#7580,#5899,#5900);
#5231=AXIS2_PLACEMENT_3D('',#7584,#5903,#5904);
#5232=AXIS2_PLACEMENT_3D('',#7587,#5906,#5907);
#5233=AXIS2_PLACEMENT_3D('',#7588,#5908,#5909);
#5234=AXIS2_PLACEMENT_3D('',#7592,#5912,#5913);
#5235=AXIS2_PLACEMENT_3D('',#7595,#5915,#5916);
#5236=AXIS2_PLACEMENT_3D('',#7596,#5917,#5918);
#5237=AXIS2_PLACEMENT_3D('',#7600,#5921,#5922);
#5238=AXIS2_PLACEMENT_3D('',#7603,#5924,#5925);
#5239=AXIS2_PLACEMENT_3D('',#7604,#5926,#5927);
#5240=AXIS2_PLACEMENT_3D('',#7608,#5930,#5931);
#5241=AXIS2_PLACEMENT_3D('',#7609,#5932,#5933);
#5242=AXIS2_PLACEMENT_3D('',#7610,#5934,#5935);
#5243=AXIS2_PLACEMENT_3D('',#7663,#5940,#5941);
#5244=AXIS2_PLACEMENT_3D('',#7666,#5943,#5944);
#5245=AXIS2_PLACEMENT_3D('',#7667,#5945,#5946);
#5246=AXIS2_PLACEMENT_3D('',#7671,#5949,#5950);
#5247=AXIS2_PLACEMENT_3D('',#7674,#5952,#5953);
#5248=AXIS2_PLACEMENT_3D('',#7689,#5954,#5955);
#5249=AXIS2_PLACEMENT_3D('',#7699,#5956,#5957);
#5250=AXIS2_PLACEMENT_3D('',#7703,#5959,#5960);
#5251=AXIS2_PLACEMENT_3D('',#7724,#5961,#5962);
#5252=AXIS2_PLACEMENT_3D('',#7729,#5965,#5966);
#5253=AXIS2_PLACEMENT_3D('',#7790,#5971,#5972);
#5254=AXIS2_PLACEMENT_3D('',#7793,#5974,#5975);
#5255=AXIS2_PLACEMENT_3D('',#7794,#5976,#5977);
#5256=AXIS2_PLACEMENT_3D('',#7796,#5979,#5980);
#5257=AXIS2_PLACEMENT_3D('',#7809,#5983,#5984);
#5258=AXIS2_PLACEMENT_3D('',#7810,#5985,#5986);
#5259=AXIS2_PLACEMENT_3D('',#7813,#5988,#5989);
#5260=AXIS2_PLACEMENT_3D('',#7830,#5991,#5992);
#5261=AXIS2_PLACEMENT_3D('',#7833,#5994,#5995);
#5262=AXIS2_PLACEMENT_3D('',#7850,#5997,#5998);
#5263=AXIS2_PLACEMENT_3D('',#7853,#6000,#6001);
#5264=AXIS2_PLACEMENT_3D('',#7864,#6003,#6004);
#5265=AXIS2_PLACEMENT_3D('',#7865,#6005,#6006);
#5266=AXIS2_PLACEMENT_3D('',#7866,#6007,#6008);
#5267=AXIS2_PLACEMENT_3D('',#7867,#6009,#6010);
#5268=AXIS2_PLACEMENT_3D('',#7870,#6011,#6012);
#5269=AXIS2_PLACEMENT_3D('',#7872,#6013,#6014);
#5270=AXIS2_PLACEMENT_3D('',#7874,#6015,#6016);
#5271=AXIS2_PLACEMENT_3D('',#7876,#6017,#6018);
#5272=AXIS2_PLACEMENT_3D('',#7877,#6019,#6020);
#5273=AXIS2_PLACEMENT_3D('',#7878,#6021,#6022);
#5274=AXIS2_PLACEMENT_3D('',#7883,#6025,#6026);
#5275=AXIS2_PLACEMENT_3D('',#7884,#6027,#6028);
#5276=AXIS2_PLACEMENT_3D('',#7887,#6030,#6031);
#5277=AXIS2_PLACEMENT_3D('',#7898,#6033,#6034);
#5278=AXIS2_PLACEMENT_3D('',#7899,#6035,#6036);
#5279=AXIS2_PLACEMENT_3D('',#7902,#6038,#6039);
#5280=AXIS2_PLACEMENT_3D('',#7911,#6040,#6041);
#5281=AXIS2_PLACEMENT_3D('',#7912,#6042,#6043);
#5282=AXIS2_PLACEMENT_3D('',#7913,#6044,#6045);
#5283=AXIS2_PLACEMENT_3D('',#7919,#6049,#6050);
#5284=AXIS2_PLACEMENT_3D('',#7922,#6052,#6053);
#5285=AXIS2_PLACEMENT_3D('',#7923,#6054,#6055);
#5286=AXIS2_PLACEMENT_3D('',#7927,#6058,#6059);
#5287=AXIS2_PLACEMENT_3D('',#7930,#6061,#6062);
#5288=AXIS2_PLACEMENT_3D('',#7931,#6063,#6064);
#5289=AXIS2_PLACEMENT_3D('',#7935,#6067,#6068);
#5290=AXIS2_PLACEMENT_3D('',#7938,#6070,#6071);
#5291=AXIS2_PLACEMENT_3D('',#7939,#6072,#6073);
#5292=AXIS2_PLACEMENT_3D('',#7943,#6076,#6077);
#5293=AXIS2_PLACEMENT_3D('',#7946,#6079,#6080);
#5294=AXIS2_PLACEMENT_3D('',#7947,#6081,#6082);
#5295=AXIS2_PLACEMENT_3D('',#7951,#6085,#6086);
#5296=AXIS2_PLACEMENT_3D('',#7954,#6088,#6089);
#5297=AXIS2_PLACEMENT_3D('',#7955,#6090,#6091);
#5298=AXIS2_PLACEMENT_3D('',#7959,#6094,#6095);
#5299=AXIS2_PLACEMENT_3D('',#7960,#6096,#6097);
#5300=AXIS2_PLACEMENT_3D('',#7961,#6098,#6099);
#5301=AXIS2_PLACEMENT_3D('',#7974,#6102,#6103);
#5302=AXIS2_PLACEMENT_3D('',#8007,#6106,#6107);
#5303=AXIS2_PLACEMENT_3D('',#8052,#6111,#6112);
#5304=AXIS2_PLACEMENT_3D('',#8076,#6113,#6114);
#5305=AXIS2_PLACEMENT_3D('',#8080,#6117,#6118);
#5306=AXIS2_PLACEMENT_3D('',#8083,#6120,#6121);
#5307=AXIS2_PLACEMENT_3D('',#8084,#6122,#6123);
#5308=AXIS2_PLACEMENT_3D('',#8120,#6128,#6129);
#5309=AXIS2_PLACEMENT_3D('',#8121,#6130,#6131);
#5310=AXIS2_PLACEMENT_3D('',#8123,#6133,#6134);
#5311=AXIS2_PLACEMENT_3D('',#8141,#6135,#6136);
#5312=AXIS2_PLACEMENT_3D('',#8143,#6137,#6138);
#5313=AXIS2_PLACEMENT_3D('',#8213,#6145,#6146);
#5314=AXIS2_PLACEMENT_3D('',#8217,#6149,#6150);
#5315=AXIS2_PLACEMENT_3D('',#8220,#6152,#6153);
#5316=AXIS2_PLACEMENT_3D('',#8231,#6155,#6156);
#5317=AXIS2_PLACEMENT_3D('',#8244,#6157,#6158);
#5318=AXIS2_PLACEMENT_3D('',#8257,#6161,#6162);
#5319=AXIS2_PLACEMENT_3D('',#8268,#6164,#6165);
#5320=AXIS2_PLACEMENT_3D('',#8316,#6169,#6170);
#5321=AXIS2_PLACEMENT_3D('',#8327,#6172,#6173);
#5322=AXIS2_PLACEMENT_3D('',#8380,#6178,#6179);
#5323=AXIS2_PLACEMENT_3D('',#8381,#6180,#6181);
#5324=AXIS2_PLACEMENT_3D('',#8395,#6185,#6186);
#5325=AXIS2_PLACEMENT_3D('',#8406,#6188,#6189);
#5326=AXIS2_PLACEMENT_3D('',#8454,#6193,#6194);
#5327=AXIS2_PLACEMENT_3D('',#8465,#6196,#6197);
#5328=AXIS2_PLACEMENT_3D('',#8513,#6201,#6202);
#5329=AXIS2_PLACEMENT_3D('',#8514,#6203,#6204);
#5330=AXIS2_PLACEMENT_3D('',#8516,#6206,#6207);
#5331=AXIS2_PLACEMENT_3D('',#8517,#6208,#6209);
#5332=AXIS2_PLACEMENT_3D('',#8522,#6212,#6213);
#5333=AXIS2_PLACEMENT_3D('',#8523,#6214,#6215);
#5334=AXIS2_PLACEMENT_3D('',#8526,#6217,#6218);
#5335=AXIS2_PLACEMENT_3D('',#8537,#6220,#6221);
#5336=AXIS2_PLACEMENT_3D('',#8538,#6222,#6223);
#5337=AXIS2_PLACEMENT_3D('',#8541,#6225,#6226);
#5338=AXIS2_PLACEMENT_3D('',#8552,#6228,#6229);
#5339=AXIS2_PLACEMENT_3D('',#8584,#6233,#6234);
#5340=AXIS2_PLACEMENT_3D('',#8587,#6236,#6237);
#5341=AXIS2_PLACEMENT_3D('',#8588,#6238,#6239);
#5342=AXIS2_PLACEMENT_3D('',#8592,#6242,#6243);
#5343=AXIS2_PLACEMENT_3D('',#8595,#6245,#6246);
#5344=AXIS2_PLACEMENT_3D('',#8638,#6249,#6250);
#5345=AXIS2_PLACEMENT_3D('',#8639,#6251,#6252);
#5346=AXIS2_PLACEMENT_3D('',#8642,#6254,#6255);
#5347=AXIS2_PLACEMENT_3D('',#8651,#6256,#6257);
#5348=AXIS2_PLACEMENT_3D('',#8652,#6258,#6259);
#5349=AXIS2_PLACEMENT_3D('',#8653,#6260,#6261);
#5350=AXIS2_PLACEMENT_3D('',#8659,#6265,#6266);
#5351=AXIS2_PLACEMENT_3D('',#8662,#6268,#6269);
#5352=AXIS2_PLACEMENT_3D('',#8663,#6270,#6271);
#5353=AXIS2_PLACEMENT_3D('',#8667,#6274,#6275);
#5354=AXIS2_PLACEMENT_3D('',#8670,#6277,#6278);
#5355=AXIS2_PLACEMENT_3D('',#8671,#6279,#6280);
#5356=AXIS2_PLACEMENT_3D('',#8675,#6283,#6284);
#5357=AXIS2_PLACEMENT_3D('',#8678,#6286,#6287);
#5358=AXIS2_PLACEMENT_3D('',#8679,#6288,#6289);
#5359=AXIS2_PLACEMENT_3D('',#8683,#6292,#6293);
#5360=AXIS2_PLACEMENT_3D('',#8686,#6295,#6296);
#5361=AXIS2_PLACEMENT_3D('',#8687,#6297,#6298);
#5362=AXIS2_PLACEMENT_3D('',#8691,#6301,#6302);
#5363=AXIS2_PLACEMENT_3D('',#8694,#6304,#6305);
#5364=AXIS2_PLACEMENT_3D('',#8695,#6306,#6307);
#5365=AXIS2_PLACEMENT_3D('',#8699,#6310,#6311);
#5366=AXIS2_PLACEMENT_3D('',#8700,#6312,#6313);
#5367=AXIS2_PLACEMENT_3D('',#8701,#6314,#6315);
#5368=AXIS2_PLACEMENT_3D('',#8754,#6320,#6321);
#5369=AXIS2_PLACEMENT_3D('',#8757,#6323,#6324);
#5370=AXIS2_PLACEMENT_3D('',#8758,#6325,#6326);
#5371=AXIS2_PLACEMENT_3D('',#8762,#6329,#6330);
#5372=AXIS2_PLACEMENT_3D('',#8765,#6332,#6333);
#5373=AXIS2_PLACEMENT_3D('',#8780,#6334,#6335);
#5374=AXIS2_PLACEMENT_3D('',#8790,#6336,#6337);
#5375=AXIS2_PLACEMENT_3D('',#8794,#6339,#6340);
#5376=AXIS2_PLACEMENT_3D('',#8815,#6341,#6342);
#5377=AXIS2_PLACEMENT_3D('',#8820,#6345,#6346);
#5378=AXIS2_PLACEMENT_3D('',#8881,#6351,#6352);
#5379=AXIS2_PLACEMENT_3D('',#8884,#6354,#6355);
#5380=AXIS2_PLACEMENT_3D('',#8885,#6356,#6357);
#5381=AXIS2_PLACEMENT_3D('',#8887,#6359,#6360);
#5382=AXIS2_PLACEMENT_3D('',#8900,#6363,#6364);
#5383=AXIS2_PLACEMENT_3D('',#8901,#6365,#6366);
#5384=AXIS2_PLACEMENT_3D('',#8904,#6368,#6369);
#5385=AXIS2_PLACEMENT_3D('',#8921,#6371,#6372);
#5386=AXIS2_PLACEMENT_3D('',#8924,#6374,#6375);
#5387=AXIS2_PLACEMENT_3D('',#8941,#6377,#6378);
#5388=AXIS2_PLACEMENT_3D('',#8944,#6380,#6381);
#5389=AXIS2_PLACEMENT_3D('',#8955,#6383,#6384);
#5390=AXIS2_PLACEMENT_3D('',#8956,#6385,#6386);
#5391=AXIS2_PLACEMENT_3D('',#8957,#6387,#6388);
#5392=AXIS2_PLACEMENT_3D('',#8958,#6389,#6390);
#5393=AXIS2_PLACEMENT_3D('',#8961,#6391,#6392);
#5394=AXIS2_PLACEMENT_3D('',#8963,#6393,#6394);
#5395=AXIS2_PLACEMENT_3D('',#8965,#6395,#6396);
#5396=AXIS2_PLACEMENT_3D('',#8967,#6397,#6398);
#5397=AXIS2_PLACEMENT_3D('',#8968,#6399,#6400);
#5398=AXIS2_PLACEMENT_3D('',#8969,#6401,#6402);
#5399=AXIS2_PLACEMENT_3D('',#8974,#6405,#6406);
#5400=AXIS2_PLACEMENT_3D('',#8975,#6407,#6408);
#5401=AXIS2_PLACEMENT_3D('',#8978,#6410,#6411);
#5402=AXIS2_PLACEMENT_3D('',#8989,#6413,#6414);
#5403=AXIS2_PLACEMENT_3D('',#8990,#6415,#6416);
#5404=AXIS2_PLACEMENT_3D('',#8993,#6418,#6419);
#5405=AXIS2_PLACEMENT_3D('',#9002,#6420,#6421);
#5406=AXIS2_PLACEMENT_3D('',#9003,#6422,#6423);
#5407=AXIS2_PLACEMENT_3D('',#9044,#6428,#6429);
#5408=AXIS2_PLACEMENT_3D('',#9045,#6430,#6431);
#5409=AXIS2_PLACEMENT_3D('',#9048,#6433,#6434);
#5410=AXIS2_PLACEMENT_3D('',#9150,#6441,#6442);
#5411=AXIS2_PLACEMENT_3D('',#9164,#6446,#6447);
#5412=AXIS2_PLACEMENT_3D('',#9175,#6449,#6450);
#5413=AXIS2_PLACEMENT_3D('',#9186,#6452,#6453);
#5414=AXIS2_PLACEMENT_3D('',#9274,#6459,#6460);
#5415=AXIS2_PLACEMENT_3D('',#9319,#6463,#6464);
#5416=AXIS2_PLACEMENT_3D('',#9363,#6469,#6470);
#5417=AXIS2_PLACEMENT_3D('',#9366,#6472,#6473);
#5418=AXIS2_PLACEMENT_3D('',#9367,#6474,#6475);
#5419=AXIS2_PLACEMENT_3D('',#9405,#6480,#6481);
#5420=AXIS2_PLACEMENT_3D('',#9408,#6483,#6484);
#5421=AXIS2_PLACEMENT_3D('',#9409,#6485,#6486);
#5422=AXIS2_PLACEMENT_3D('',#9413,#6489,#6490);
#5423=AXIS2_PLACEMENT_3D('',#9482,#6496,#6497);
#5424=AXIS2_PLACEMENT_3D('',#9614,#6500,#6501);
#5425=AXIS2_PLACEMENT_3D('',#9615,#6502,#6503);
#5426=AXIS2_PLACEMENT_3D('',#9616,#6504,#6505);
#5427=DIRECTION('axis',(0.,0.,1.));
#5428=DIRECTION('refdir',(1.,0.,0.));
#5429=DIRECTION('axis',(0.,0.,1.));
#5430=DIRECTION('refdir',(1.,0.,0.));
#5431=DIRECTION('axis',(0.,0.,1.));
#5432=DIRECTION('refdir',(1.,0.,0.));
#5433=DIRECTION('center_axis',(0.,6.982962677686E-15,-1.));
#5434=DIRECTION('ref_axis',(1.,0.,0.));
#5435=DIRECTION('',(0.,6.982962677686E-15,-1.));
#5436=DIRECTION('center_axis',(-2.072018130653E-16,6.77576086462E-15,-1.));
#5437=DIRECTION('ref_axis',(-5.60580008361725E-32,-1.,-6.77576086462E-15));
#5438=DIRECTION('',(0.,-6.982962677686E-15,1.));
#5439=DIRECTION('center_axis',(-2.072018130653E-16,6.77576086462E-15,-1.));
#5440=DIRECTION('ref_axis',(-2.168404344971E-15,-1.,-6.77576086462E-15));
#5441=DIRECTION('center_axis',(0.707106781186548,0.707106781186548,1.296128397542E-15));
#5442=DIRECTION('ref_axis',(0.707106781186548,-0.707106781186548,-4.93770026216782E-15));
#5443=DIRECTION('',(2.072018130653E-16,-2.040204171445E-15,1.));
#5444=DIRECTION('',(-0.707106781186548,0.707106781186548,4.93770026216782E-15));
#5445=DIRECTION('',(4.94275850624E-15,-6.77576086462E-15,1.));
#5446=DIRECTION('',(0.707106781186548,-0.707106781186548,-2.64093559605705E-15));
#5447=DIRECTION('center_axis',(0.707106781186548,-0.707106781186548,-2.64093559605705E-15));
#5448=DIRECTION('ref_axis',(-0.707106781186548,-0.707106781186548,-4.93770026216782E-15));
#5449=DIRECTION('center_axis',(-0.707106781186548,0.707106781186548,2.64093559605705E-15));
#5450=DIRECTION('ref_axis',(0.707106781186548,0.707106781186548,4.87043944672377E-15));
#5451=DIRECTION('',(2.072018130653E-16,-3.527645124229E-15,1.));
#5452=DIRECTION('',(0.707106781186548,0.707106781186548,-6.36813819488193E-12));
#5453=DIRECTION('center_axis',(-0.707106781186548,0.707106781186548,2.64093559605705E-15));
#5454=DIRECTION('ref_axis',(-0.707106781186548,-0.707106781186548,-1.295708815355E-15));
#5455=DIRECTION('',(-0.707106781186548,-0.707106781186548,-4.93770026217082E-15));
#5456=DIRECTION('center_axis',(1.,-4.77130953998163E-15,6.68117133681651E-15));
#5457=DIRECTION('ref_axis',(4.77130953397408E-15,1.,8.99176199242628E-10));
#5458=DIRECTION('center_axis',(2.58038849837934E-12,-1.,-1.3515073510791E-11));
#5459=DIRECTION('ref_axis',(1.,2.58038849785062E-12,3.91210274408041E-11));
#5460=DIRECTION('center_axis',(0.707106781186548,-0.707106781186548,-2.64093559605705E-15));
#5461=DIRECTION('ref_axis',(0.707106781186548,0.707106781186548,-3.83196447368397E-13));
#5462=DIRECTION('',(0.707106781186548,-0.707106781186548,-2.64093559605705E-15));
#5463=DIRECTION('center_axis',(0.707106781186548,-0.707106781186548,-4.93770026216782E-15));
#5464=DIRECTION('ref_axis',(8.02388651196039E-16,7.78535132888696E-15,-1.));
#5465=DIRECTION('',(-0.707106781186548,0.707106781186548,4.93770026216782E-15));
#5466=DIRECTION('center_axis',(1.,9.3825210593121E-15,-1.32688885312669E-14));
#5467=DIRECTION('ref_axis',(-9.38252105914778E-15,1.,1.238366267706E-11));
#5468=DIRECTION('',(-0.707106781186548,0.707106781186548,4.93770026216782E-15));
#5469=DIRECTION('center_axis',(-4.69126052965611E-15,-1.,6.63444426563354E-15));
#5470=DIRECTION('ref_axis',(1.,-4.69126052957066E-15,1.28801071228916E-11));
#5471=DIRECTION('center_axis',(0.707106781186548,-0.707106781186548,-4.93770026216782E-15));
#5472=DIRECTION('ref_axis',(-3.49148133884546E-15,3.49148133884546E-15,
-1.));
#5473=DIRECTION('',(0.707106781186548,-0.707106781186548,-4.93770026216782E-15));
#5474=DIRECTION('center_axis',(2.072018130653E-16,-6.77576086462E-15,1.));
#5475=DIRECTION('ref_axis',(0.,-1.,-6.77576086462E-15));
#5476=DIRECTION('',(-1.,-1.892735826383E-30,2.710505431213E-16));
#5477=DIRECTION('',(1.998401444325E-15,-1.,-6.711912134564E-15));
#5478=DIRECTION('center_axis',(2.072018130653E-16,-6.77576086462E-15,1.));
#5479=DIRECTION('ref_axis',(0.,-1.,-6.77576086462E-15));
#5480=DIRECTION('',(1.998401444325E-15,-1.,-6.77576086462E-15));
#5481=DIRECTION('',(-1.,-1.460112100013E-30,2.072018130653E-16));
#5482=DIRECTION('center_axis',(0.707106781186548,0.707106781186548,1.296128397542E-15));
#5483=DIRECTION('ref_axis',(0.707106781186548,-0.707106781186548,-4.93770026216782E-15));
#5484=DIRECTION('',(2.574980159653E-15,-4.543507789593E-15,1.));
#5485=DIRECTION('',(-2.710505431213E-15,4.543507789593E-15,-1.));
#5486=DIRECTION('',(-0.707106781186548,0.707106781186548,2.64093559605705E-15));
#5487=DIRECTION('center_axis',(0.,6.982962677686E-15,-1.));
#5488=DIRECTION('ref_axis',(1.,0.,0.));
#5489=DIRECTION('',(1.,0.,0.));
#5490=DIRECTION('',(0.707106781186548,0.707106781186548,4.93770026216782E-15));
#5491=DIRECTION('',(-0.707106781186548,0.707106781186548,4.93770026216782E-15));
#5492=DIRECTION('',(-0.707106781186548,-0.707106781186548,-4.93770026216782E-15));
#5493=DIRECTION('',(5.012606483714E-15,-1.,-6.982962677686E-15));
#5494=DIRECTION('center_axis',(0.,6.982962677686E-15,-1.));
#5495=DIRECTION('ref_axis',(1.,0.,0.));
#5496=DIRECTION('',(0.707106781186548,-0.707106781186548,-2.64093559605705E-15));
#5497=DIRECTION('',(5.012606483714E-15,-1.,-6.982962677686E-15));
#5498=DIRECTION('',(-0.707106781186548,-0.707106781186548,-4.93770026216782E-15));
#5499=DIRECTION('',(-0.707106781186548,0.707106781186548,4.93770026216782E-15));
#5500=DIRECTION('',(0.707106781186548,0.707106781186548,4.93770026216782E-15));
#5501=DIRECTION('',(1.,0.,0.));
#5502=DIRECTION('',(-0.707106781186548,-0.707106781186548,2.03132950494757E-12));
#5503=DIRECTION('center_axis',(-0.707106781186548,-0.707106781186548,-4.93770026216782E-15));
#5504=DIRECTION('ref_axis',(-0.707106781186548,0.707106781186548,4.93770026216782E-15));
#5505=DIRECTION('',(0.,6.982962677686E-15,-1.));
#5506=DIRECTION('',(0.,6.982962677686E-15,-1.));
#5507=DIRECTION('center_axis',(0.707106781186548,-0.707106781186548,-4.93770026216782E-15));
#5508=DIRECTION('ref_axis',(-0.707106781186548,-0.707106781186548,-4.93770026216782E-15));
#5509=DIRECTION('',(0.,6.982962677686E-15,-1.));
#5510=DIRECTION('center_axis',(1.,5.012606483714E-15,3.50028439937E-29));
#5511=DIRECTION('ref_axis',(5.012606483714E-15,-1.,-6.982962677686E-15));
#5512=DIRECTION('center_axis',(0.,1.,6.982962677686E-15));
#5513=DIRECTION('ref_axis',(0.,-6.982962677686E-15,1.));
#5514=DIRECTION('',(-3.040913927326E-15,-6.77576086462E-15,1.));
#5515=DIRECTION('',(0.,6.982962677686E-15,-1.));
#5516=DIRECTION('center_axis',(-0.707106781186548,0.707106781186548,4.93770026216782E-15));
#5517=DIRECTION('ref_axis',(0.707106781186548,0.707106781186548,4.93770026216782E-15));
#5518=DIRECTION('center_axis',(0.707106781186548,-0.707106781186548,-2.64093559605705E-15));
#5519=DIRECTION('ref_axis',(-0.707106781186548,-0.707106781186548,-4.93770026216782E-15));
#5520=DIRECTION('center_axis',(0.707106781186548,-0.707106781186548,-2.64093559605705E-15));
#5521=DIRECTION('ref_axis',(0.707106781186548,0.707106781186548,3.11284608116641E-13));
#5522=DIRECTION('center_axis',(-0.707106781186548,0.707106781186548,2.64093559605705E-15));
#5523=DIRECTION('ref_axis',(-0.707106781186548,-0.707106781186548,-1.27054942088398E-15));
#5524=DIRECTION('center_axis',(0.,-1.,-6.982962677686E-15));
#5525=DIRECTION('ref_axis',(0.,6.982962677686E-15,-1.));
#5526=DIRECTION('',(-1.,0.,0.));
#5527=DIRECTION('',(0.,-6.982962677686E-15,1.));
#5528=DIRECTION('',(1.,0.,0.));
#5529=DIRECTION('',(0.,-6.982962677686E-15,1.));
#5530=DIRECTION('center_axis',(-1.,0.,0.));
#5531=DIRECTION('ref_axis',(0.,6.982962677686E-15,-1.));
#5532=DIRECTION('',(0.,1.,6.982962677686E-15));
#5533=DIRECTION('',(0.,-6.982962677686E-15,1.));
#5534=DIRECTION('',(0.,-1.,-6.982962677686E-15));
#5535=DIRECTION('center_axis',(0.,-1.,-6.982962677686E-15));
#5536=DIRECTION('ref_axis',(0.,6.982962677686E-15,-1.));
#5537=DIRECTION('',(-1.,0.,0.));
#5538=DIRECTION('',(0.,-6.982962677686E-15,1.));
#5539=DIRECTION('',(1.,0.,0.));
#5540=DIRECTION('center_axis',(1.,0.,0.));
#5541=DIRECTION('ref_axis',(0.,-6.982962677686E-15,1.));
#5542=DIRECTION('',(0.,-1.,-6.982962677686E-15));
#5543=DIRECTION('',(0.,-6.982962677686E-15,1.));
#5544=DIRECTION('',(0.,1.,6.982962677686E-15));
#5545=DIRECTION('center_axis',(0.,-1.,-6.982962677686E-15));
#5546=DIRECTION('ref_axis',(0.,6.982962677686E-15,-1.));
#5547=DIRECTION('',(-1.,0.,0.));
#5548=DIRECTION('',(0.,-6.982962677686E-15,1.));
#5549=DIRECTION('',(1.,0.,0.));
#5550=DIRECTION('center_axis',(0.,1.,6.982962677686E-15));
#5551=DIRECTION('ref_axis',(0.,-6.982962677686E-15,1.));
#5552=DIRECTION('',(-1.,1.239088197126E-16,8.652506634894E-31));
#5553=DIRECTION('',(0.,-6.982962677686E-15,1.));
#5554=DIRECTION('',(-1.,0.,0.));
#5555=DIRECTION('',(0.,-6.982962677686E-15,1.));
#5556=DIRECTION('center_axis',(0.707106781186548,0.707106781186548,4.93770026216782E-15));
#5557=DIRECTION('ref_axis',(0.707106781186548,-0.707106781186548,-4.93770026216782E-15));
#5558=DIRECTION('',(-0.707106781186548,0.707106781186548,4.93770026216782E-15));
#5559=DIRECTION('',(-0.707106781186548,0.707106781186548,4.93770026216782E-15));
#5560=DIRECTION('',(0.,-6.982962677686E-15,1.));
#5561=DIRECTION('center_axis',(1.,0.,0.));
#5562=DIRECTION('ref_axis',(0.,-6.982962677686E-15,1.));
#5563=DIRECTION('',(0.,1.,6.982962677686E-15));
#5564=DIRECTION('center_axis',(-1.,0.,0.));
#5565=DIRECTION('ref_axis',(0.,-9.757819552369E-15,1.));
#5566=DIRECTION('',(0.,1.,6.982962677686E-15));
#5567=DIRECTION('',(0.,1.,6.982962677686E-15));
#5568=DIRECTION('center_axis',(-1.,0.,0.));
#5569=DIRECTION('ref_axis',(0.,-6.505213034913E-15,1.));
#5570=DIRECTION('',(0.,-1.,-6.982962677686E-15));
#5571=DIRECTION('center_axis',(-1.,1.239088197126E-16,8.652506634894E-31));
#5572=DIRECTION('ref_axis',(1.239088197126E-16,1.,6.982962677686E-15));
#5573=DIRECTION('',(-8.673617379884E-17,-1.,-6.982962677686E-15));
#5574=DIRECTION('center_axis',(1.,-1.239088197126E-16,-8.652506634894E-31));
#5575=DIRECTION('ref_axis',(1.239088197126E-16,1.,3.252606517456E-15));
#5576=DIRECTION('',(-1.239088197126E-16,-1.,-6.982962677686E-15));
#5577=DIRECTION('',(0.,1.,6.982962677686E-15));
#5578=DIRECTION('center_axis',(1.,-1.239088197126E-16,-8.652506634894E-31));
#5579=DIRECTION('ref_axis',(1.239088197126E-16,1.,6.505213034913E-15));
#5580=DIRECTION('',(-1.239088197126E-16,-1.,-6.982962677686E-15));
#5581=DIRECTION('center_axis',(0.,-6.982962677686E-15,1.));
#5582=DIRECTION('ref_axis',(-1.,0.,0.));
#5583=DIRECTION('',(-1.,1.239088197126E-16,8.652506634894E-31));
#5584=DIRECTION('center_axis',(0.,-6.982962677686E-15,1.));
#5585=DIRECTION('ref_axis',(-1.,0.,0.));
#5586=DIRECTION('',(-1.,-1.239088197126E-16,-8.652506634894E-31));
#5587=DIRECTION('center_axis',(0.,6.982962677686E-15,-1.));
#5588=DIRECTION('ref_axis',(1.,0.,0.));
#5589=DIRECTION('',(1.,-1.239088197126E-16,-8.652506634894E-31));
#5590=DIRECTION('center_axis',(0.,-6.982962677686E-15,1.));
#5591=DIRECTION('ref_axis',(-1.,0.,0.));
#5592=DIRECTION('',(1.,1.239088197126E-16,8.652506634894E-31));
#5593=DIRECTION('center_axis',(-1.,1.239088197126E-16,8.652506634894E-31));
#5594=DIRECTION('ref_axis',(1.239088197126E-16,1.,6.505213034913E-15));
#5595=DIRECTION('center_axis',(-1.,-1.239088197126E-16,-8.652506634894E-31));
#5596=DIRECTION('ref_axis',(-1.239088197126E-16,1.,6.505213034913E-15));
#5597=DIRECTION('center_axis',(0.,0.,1.));
#5598=DIRECTION('ref_axis',(1.,0.,0.));
#5599=DIRECTION('center_axis',(0.,0.,1.));
#5600=DIRECTION('ref_axis',(1.,0.,0.));
#5601=DIRECTION('',(0.,0.,1.));
#5602=DIRECTION('center_axis',(0.,0.,1.));
#5603=DIRECTION('ref_axis',(1.,0.,0.));
#5604=DIRECTION('center_axis',(0.,6.982962677686E-15,-1.));
#5605=DIRECTION('ref_axis',(1.,0.,0.));
#5606=DIRECTION('center_axis',(0.,6.982962677686E-15,-1.));
#5607=DIRECTION('ref_axis',(1.,0.,0.));
#5608=DIRECTION('center_axis',(1.22464679914736E-16,1.,6.982962677686E-15));
#5609=DIRECTION('ref_axis',(-1.,1.22464679914736E-16,0.));
#5610=DIRECTION('center_axis',(0.,-6.982962677686E-15,1.));
#5611=DIRECTION('ref_axis',(1.,0.,0.));
#5612=DIRECTION('center_axis',(0.,-6.982962677686E-15,1.));
#5613=DIRECTION('ref_axis',(1.,0.,0.));
#5614=DIRECTION('center_axis',(0.,6.982962677686E-15,-1.));
#5615=DIRECTION('ref_axis',(1.,0.,0.));
#5616=DIRECTION('center_axis',(0.,6.982962677686E-15,-1.));
#5617=DIRECTION('ref_axis',(1.,0.,0.));
#5618=DIRECTION('center_axis',(1.22464679914736E-16,1.,6.982962677686E-15));
#5619=DIRECTION('ref_axis',(-1.,1.22464679914736E-16,0.));
#5620=DIRECTION('center_axis',(0.,-6.982962677686E-15,1.));
#5621=DIRECTION('ref_axis',(1.,1.7763568394E-15,1.24042335117825E-29));
#5622=DIRECTION('center_axis',(0.,-6.982962677686E-15,1.));
#5623=DIRECTION('ref_axis',(1.,1.7763568394E-15,1.24042335117825E-29));
#5624=DIRECTION('center_axis',(0.,-6.982962677686E-15,1.));
#5625=DIRECTION('ref_axis',(-1.,0.,0.));
#5626=DIRECTION('center_axis',(0.,6.982962677686E-15,-1.));
#5627=DIRECTION('ref_axis',(1.,0.,0.));
#5628=DIRECTION('',(0.,6.982962677686E-15,-1.));
#5629=DIRECTION('center_axis',(0.,-6.982962677686E-15,1.));
#5630=DIRECTION('ref_axis',(-1.,0.,0.));
#5631=DIRECTION('center_axis',(0.,6.982962677686E-15,-1.));
#5632=DIRECTION('ref_axis',(1.,0.,0.));
#5633=DIRECTION('',(0.,6.982962677686E-15,-1.));
#5634=DIRECTION('center_axis',(0.00707742213163667,1.32839377889653E-5,
-0.999974954646119));
#5635=DIRECTION('ref_axis',(-0.999973193232112,-0.00187689549040379,-0.00707743459824136));
#5636=DIRECTION('',(-0.00709216770855411,-1.23675088526979E-5,0.999974850185863));
#5637=DIRECTION('center_axis',(0.00709190465043261,7.12597187359943E-5,
-0.999974849588969));
#5638=DIRECTION('ref_axis',(0.999924369942889,0.0100475969663526,0.00709226265153349));
#5639=DIRECTION('',(-0.00709096914240682,-0.000130967791686851,0.999974850185773));
#5640=DIRECTION('center_axis',(-0.00709213814215418,-5.16251313256088E-5,
0.999974849139426));
#5641=DIRECTION('ref_axis',(0.999948357353551,0.00727884175909685,0.00709232603463649));
#5642=DIRECTION('',(0.0070921288118782,-2.65440306986461E-5,-0.999974850185909));
#5643=DIRECTION('center_axis',(0.0410306491192716,-0.998925830674182,-0.0215330129045517));
#5644=DIRECTION('ref_axis',(-0.399744150077294,0.00333942998727991,-0.916620675463052));
#5645=DIRECTION('',(-0.00708261526418537,-0.000368180823252957,0.999974850185694));
#5646=DIRECTION('center_axis',(-0.0420949621031835,0.998717790358194,-0.0281209777137482));
#5647=DIRECTION('ref_axis',(-0.687063270008938,-0.00850156705167961,0.726547855521087));
#5648=DIRECTION('',(-0.00708252602310954,-0.000369894594984818,0.999974850185304));
#5649=DIRECTION('center_axis',(0.0417342025370479,-0.998910038555108,0.0209043347760636));
#5650=DIRECTION('ref_axis',(0.429633108380785,-0.000947315279715411,-0.90300304250696));
#5651=DIRECTION('center_axis',(-0.00707306262791253,-0.000521290261656819,
0.999974849704494));
#5652=DIRECTION('ref_axis',(0.99727021131439,0.0734971133207067,0.00709224636310405));
#5653=DIRECTION('',(-0.00707676517632603,-0.000467322948865723,0.999974850185694));
#5654=DIRECTION('center_axis',(0.00707256843910653,0.000528231645327254,
-0.999974849557229));
#5655=DIRECTION('ref_axis',(0.997197432798254,0.0744780488974709,0.00709226712673535));
#5656=DIRECTION('',(-0.0070676511068099,-0.000589324139592865,0.999974850186189));
#5657=DIRECTION('center_axis',(-0.00707406863768359,-0.000508650536453765,
0.999974849097487));
#5658=DIRECTION('ref_axis',(0.997399822417148,0.0717167558509383,0.00709233194787805));
#5659=DIRECTION('',(0.00707918719820525,0.000429073645731049,-0.999974850185953));
#5660=DIRECTION('center_axis',(0.00707414816454599,0.000507365963790492,
-0.999974849187481));
#5661=DIRECTION('ref_axis',(0.997412868958581,0.0715350812073197,0.0070923192592515));
#5662=DIRECTION('',(-0.00706806063682529,-0.000584391928001931,0.999974850186198));
#5663=DIRECTION('center_axis',(-0.00707269088972065,-0.000526460706986365,
0.999974849625081));
#5664=DIRECTION('ref_axis',(0.997216098928016,0.0742277031942441,0.00709225756000922));
#5665=DIRECTION('',(-0.00707670295916488,-0.000468264473544104,0.999974850185549));
#5666=DIRECTION('center_axis',(0.00707304508548808,0.00052152822750325,
-0.999974849704495));
#5667=DIRECTION('ref_axis',(0.997267504140072,0.0735338372979192,0.00709224636299423));
#5668=DIRECTION('',(-0.00706883336113409,-0.000574970719391783,0.999974850185536));
#5669=DIRECTION('center_axis',(-0.00705887646376465,-0.000686897465069879,
0.999974849901207));
#5670=DIRECTION('ref_axis',(0.995273810925658,0.0968490666989636,0.00709221862735352));
#5671=DIRECTION('',(0.00706262196315053,0.000646812655313593,-0.999974850185941));
#5672=DIRECTION('center_axis',(0.0070585225212923,0.000690556378200722,
-0.999974849879588));
#5673=DIRECTION('ref_axis',(0.995223316356153,0.0973665803690631,0.00709222167554169));
#5674=DIRECTION('center_axis',(-0.00703138032146782,-0.000926736114826488,
0.999974850109216));
#5675=DIRECTION('ref_axis',(0.99140204071886,0.130658694733381,0.00709218929868542));
#5676=DIRECTION('center_axis',(-0.92332782431256,-0.126580184792173,-0.362550942169805));
#5677=DIRECTION('ref_axis',(0.359190957335805,0.0492447138578139,-0.931963955486075));
#5678=DIRECTION('center_axis',(0.00701529823159551,0.00104150371152725,
-0.999974850114112));
#5679=DIRECTION('ref_axis',(0.989134663548286,0.146841132616045,0.00709218860835878));
#5680=DIRECTION('center_axis',(0.92530737449745,0.147643726185061,-0.349295852850885));
#5681=DIRECTION('ref_axis',(0.344931980894546,0.0550410881369201,0.937012490403873));
#5682=DIRECTION('center_axis',(-0.00699803785833227,-0.00115178781450756,
0.999974850109223));
#5683=DIRECTION('ref_axis',(0.986698633103574,0.162405382553979,0.00709218929764583));
#5684=DIRECTION('center_axis',(-0.00701573588787318,-0.00103911037725717,
0.999974849533515));
#5685=DIRECTION('ref_axis',(0.989183854066712,0.146509394078674,0.00709227047034412));
#5686=DIRECTION('center_axis',(-0.00709197103542573,-6.24893277910747E-5,
0.99997484970469));
#5687=DIRECTION('ref_axis',(0.999936032068523,0.00881089172416592,0.00709224633549933));
#5688=DIRECTION('',(-0.0070921735151315,-8.40097936281649E-6,0.999974850185871));
#5689=DIRECTION('center_axis',(0.00709192704431693,6.94535437663339E-5,
-0.999974849557229));
#5690=DIRECTION('ref_axis',(0.999926894455544,0.00979313491661171,0.00709226712671213));
#5691=DIRECTION('',(-0.00709097345524078,-0.000130736192440281,0.999974850185496));
#5692=DIRECTION('center_axis',(-0.00709215700917728,-4.98164350955722E-5,
0.999974849097356));
#5693=DIRECTION('ref_axis',(0.999950182064754,0.00702368962484217,0.00709233196628777));
#5694=DIRECTION('',(0.00709211534917249,-2.99249006549424E-5,-0.999974850185931));
#5695=DIRECTION('center_axis',(0.00709215322438393,4.85267661858305E-5,
-0.999974849187616));
#5696=DIRECTION('ref_axis',(0.999951442159102,0.0068419537945445,0.00709231924021866));
#5697=DIRECTION('',(-0.00709106291360025,-0.000125787912465376,0.999974850185822));
#5698=DIRECTION('center_axis',(-0.0070919346389916,-6.76784513670908E-5,
0.999974849625081));
#5699=DIRECTION('ref_axis',(0.999929313974687,0.00954289981165113,0.00709225755993764));
#5700=DIRECTION('',(-0.00709217236857528,-9.34451970684958E-6,0.999974850185631));
#5701=DIRECTION('center_axis',(0.00709196886007263,6.27388230612309E-5,
-0.999974849704495));
#5702=DIRECTION('ref_axis',(0.999935740099908,0.00884396474311088,0.00709224636289322));
#5703=DIRECTION('',(-0.00709122430520313,-0.000116336403430419,0.999974850185591));
#5704=DIRECTION('center_axis',(0.0367776557451647,-0.999219678406822,0.0144027192730221));
#5705=DIRECTION('ref_axis',(-0.183686206985356,-0.0209263248746122,-0.982762161609092));
#5706=DIRECTION('',(0.00708966288525377,0.000188880100613559,-0.999974850185984));
#5707=DIRECTION('center_axis',(-0.0370473810783166,0.999118239453755,-0.0197543703030027));
#5708=DIRECTION('ref_axis',(0.49844702381388,0.0356085643257,0.866188544485407));
#5709=DIRECTION('',(-0.00708405036028736,-0.000339450217815094,0.999974850185765));
#5710=DIRECTION('center_axis',(-0.00707104218543061,-0.000300735005752183,
0.999974954646799));
#5711=DIRECTION('ref_axis',(-0.99907178039755,-0.042491028866556,-0.0070774345021218));
#5712=DIRECTION('',(0.00708576787471086,0.000301479007988733,-0.99997485018576));
#5713=DIRECTION('center_axis',(-0.0328877725451275,0.999414279321328,0.00946005843805899));
#5714=DIRECTION('ref_axis',(-0.540357284736101,-0.0257425300816976,0.841041810481275));
#5715=DIRECTION('center_axis',(-0.13161919245741,-0.00502410619728616,-0.991287620488513));
#5716=DIRECTION('ref_axis',(0.990566463013745,0.0378051436567022,-0.131715046465982));
#5717=DIRECTION('center_axis',(-0.0635089692838485,0.997863499912762,0.0153312218154842));
#5718=DIRECTION('ref_axis',(0.657342311517493,0.0302676342219739,0.752984034231434));
#5719=DIRECTION('center_axis',(-0.0633990815732377,0.997799520922421,0.0194080525210078));
#5720=DIRECTION('ref_axis',(-0.433849108180755,-0.0450692927047427,0.89985760550537));
#5721=DIRECTION('',(0.00708144245359469,0.000390087761375462,-0.999974850185901));
#5722=DIRECTION('center_axis',(0.0641727423601131,-0.997839855250924,-0.0140528435128781));
#5723=DIRECTION('ref_axis',(0.284080302092462,0.0317653063731626,-0.958274150373511));
#5724=DIRECTION('center_axis',(0.0552470539683881,-0.998242193965329,0.0214542586704849));
#5725=DIRECTION('ref_axis',(0.997787436639811,0.0559923354481959,0.0358481471601049));
#5726=DIRECTION('center_axis',(-0.0670946556106729,0.997679136451479,0.0116037872229941));
#5727=DIRECTION('ref_axis',(0.995663588924277,0.0677011642188579,-0.0638010192225789));
#5728=DIRECTION('center_axis',(-0.0667963301008941,0.997663043388503,-0.0143771395570096));
#5729=DIRECTION('ref_axis',(0.569138501241313,0.0499327190883383,0.820724125372977));
#5730=DIRECTION('center_axis',(-0.0662687467421533,0.997559014090421,-0.0220106022673593));
#5731=DIRECTION('ref_axis',(-0.638484808253983,-0.0254428354844037,0.769213762065779));
#5732=DIRECTION('',(-0.00707267396035452,-0.000525622431401283,0.999974850185798));
#5733=DIRECTION('center_axis',(0.066173222582139,-0.99770962115215,0.0140219996265933));
#5734=DIRECTION('ref_axis',(0.436409767662164,0.0163017823585751,-0.899600337139215));
#5735=DIRECTION('center_axis',(0.0743832767959753,-0.997035777096905,-0.0196669093114108));
#5736=DIRECTION('ref_axis',(0.993325193542676,0.0723341464966816,0.089848935018735));
#5737=DIRECTION('center_axis',(-0.0624493731566768,0.99795699142938,-0.0134877370065452));
#5738=DIRECTION('ref_axis',(0.989163933131209,0.0600886732590851,-0.133955458038707));
#5739=DIRECTION('center_axis',(0.965097067921658,0.0897501211739697,-0.246033666879712));
#5740=DIRECTION('ref_axis',(-0.244976638059633,-0.0227818358188418,-0.969261283020075));
#5741=DIRECTION('center_axis',(-0.96032093247568,-0.0900886584093846,-0.263946472367102));
#5742=DIRECTION('ref_axis',(-0.262792651722424,-0.0246528391008746,0.964537329357948));
#5743=DIRECTION('center_axis',(-0.933175866188171,-0.0915094892380702,-0.347575626509316));
#5744=DIRECTION('ref_axis',(0.345917194451313,0.0339132833086369,-0.937651952377939));
#5745=DIRECTION('center_axis',(0.00703660670007007,0.000759109701328476,
-0.99997495464567));
#5746=DIRECTION('ref_axis',(-0.994206347658256,-0.107255061394042,-0.00707743466166393));
#5747=DIRECTION('center_axis',(0.922998440018481,0.0930510350970206,0.373383696203818));
#5748=DIRECTION('ref_axis',(0.371500852128235,0.0374499861672551,-0.927676999501479));
#5749=DIRECTION('center_axis',(-0.131927360465816,-0.0104703121545498,0.991204088028247));
#5750=DIRECTION('ref_axis',(-0.988097119249287,-0.0784195578613512,-0.132342192350327));
#5751=DIRECTION('',(0.00706993838494453,0.000561219292157735,-0.999974850185813));
#5752=DIRECTION('center_axis',(0.203322992870104,0.0167587342422061,-0.978968286205913));
#5753=DIRECTION('ref_axis',(-0.975659702983722,-0.0804179667155156,-0.204012486390067));
#5754=DIRECTION('',(0.39471516109028,0.0351786501642495,-0.918129840587972));
#5755=DIRECTION('center_axis',(-0.929932578050098,-0.0785280602265145,0.359247469076902));
#5756=DIRECTION('ref_axis',(0.357973623999355,0.0302262893107547,0.933242335063766));
#5757=DIRECTION('center_axis',(0.00706871740438829,0.000576522372493079,
-0.999974850111847));
#5758=DIRECTION('ref_axis',(0.996666342132354,0.0812767083285913,0.00709218892747129));
#5759=DIRECTION('center_axis',(0.943180040152204,0.0834282313889546,-0.321638216115247));
#5760=DIRECTION('ref_axis',(0.320386793039904,0.0283451043178435,0.94686263940807));
#5761=DIRECTION('center_axis',(-0.00703588955030179,-0.000892309544782634,
0.999974849704687));
#5762=DIRECTION('ref_axis',(0.992028582694224,0.125813318689241,0.00709224633579596));
#5763=DIRECTION('',(-0.00704242271892744,-0.000838616822782532,0.99997485018578));
#5764=DIRECTION('center_axis',(0.00703503056920234,0.000899220711861933,
-0.999974849557228));
#5765=DIRECTION('ref_axis',(0.991904740097695,0.126785986286838,0.00709226712682545));
#5766=DIRECTION('',(-0.00702690921608356,-0.000959970350480134,0.999974850185641));
#5767=DIRECTION('center_axis',(-0.00703755782821301,-0.000879745572962768,
0.999974849097487));
#5768=DIRECTION('ref_axis',(0.992252059170348,0.124038501682924,0.00709233194785666));
#5769=DIRECTION('',(0.00704685171605079,0.000800547660001446,-0.999974850185911));
#5770=DIRECTION('center_axis',(0.00703770506973209,0.000878464316756023,
-0.999974849187616));
#5771=DIRECTION('ref_axis',(0.992274489549203,0.123858937496106,0.00709231924015847));
#5772=DIRECTION('',(-0.00702757736726404,-0.000955066501520012,0.999974850185906));
#5773=DIRECTION('center_axis',(-0.00703524589372091,-0.00089745871863011,
0.999974849625261));
#5774=DIRECTION('ref_axis',(0.991936510261895,0.12653718620436,0.00709225753457661));
#5775=DIRECTION('',(-0.0070423111062978,-0.000839553744229584,0.99997485018564));
#5776=DIRECTION('center_axis',(0.00703585883938989,0.000892551666287024,
-0.999974849704689));
#5777=DIRECTION('ref_axis',(0.99202456714664,0.125844976933675,0.00709224633559637));
#5778=DIRECTION('',(-0.00702884414201827,-0.000945698927606181,0.999974850185526));
#5779=DIRECTION('center_axis',(-0.00701301700140248,-0.00105695676183262,
0.999974849901207));
#5780=DIRECTION('ref_axis',(0.988808354424432,0.149022611221889,0.00709221862730341));
#5781=DIRECTION('',(0.00701886547447411,0.00101711509946402,-0.999974850185906));
#5782=DIRECTION('center_axis',(0.00701247393447362,0.00106057442226462,
-0.999974849879342));
#5783=DIRECTION('ref_axis',(0.988730674844108,0.149537129213876,0.00709222171021368));
#5784=DIRECTION('center_axis',(-0.00697294858709933,-0.00129504325985599,
0.99997485010922));
#5785=DIRECTION('ref_axis',(0.983160167437642,0.182608285723708,0.00709218929783323));
#5786=DIRECTION('center_axis',(-0.915398888260189,-0.174933386463746,-0.362550942175489));
#5787=DIRECTION('ref_axis',(0.356107014962149,0.0680513010010127,-0.931963955486915));
#5788=DIRECTION('center_axis',(0.00695086310250695,0.00140877336660703,
-0.999974850113608));
#5789=DIRECTION('ref_axis',(0.980042725771151,0.198660405020287,0.00709218867677447));
#5790=DIRECTION('center_axis',(0.916268648324278,0.196071852351756,-0.349295852843046));
#5791=DIRECTION('ref_axis',(0.341562505832369,0.0730934157683303,0.937012490408122));
#5792=DIRECTION('center_axis',(-0.00692782290540459,-0.00151803123771615,
0.999974850109218));
#5793=DIRECTION('ref_axis',(0.976801802521462,0.214027894074065,0.00709218929828197));
#5794=DIRECTION('center_axis',(-0.0069514258927654,-0.00140640634759001,
0.999974849533348));
#5795=DIRECTION('ref_axis',(0.980116411088218,0.19829654665373,0.00709227049379445));
#5796=DIRECTION('center_axis',(-0.00706517078069318,0.000619214231506224,
0.999974849651518));
#5797=DIRECTION('ref_axis',(0.996156268281267,-0.087306294730191,0.00709225383251759));
#5798=DIRECTION('',(0.980875851745492,-0.0922417302464348,0.17138852547268));
#5799=DIRECTION('center_axis',(0.00706597079012008,-0.000609773077221577,
-0.999974849800527));
#5800=DIRECTION('ref_axis',(0.996272013705309,-0.0859754321952264,0.00709223282278116));
#5801=DIRECTION('',(-0.996616040509908,0.081891200864557,-0.00709218015241157));
#5802=DIRECTION('center_axis',(-0.1812021125332,-0.982995426844576,0.0297621440114065));
#5803=DIRECTION('ref_axis',(0.269853340166073,-0.0787998401144737,-0.959671693861576));
#5804=DIRECTION('center_axis',(-0.45330407769754,0.0559589789907088,-0.889597665134694));
#5805=DIRECTION('ref_axis',(0.122516895258844,0.992466427833271,-2.51316513169184E-10));
#5806=DIRECTION('center_axis',(0.862592554487217,-0.0847665893442328,-0.498747140617532));
#5807=DIRECTION('ref_axis',(0.496355950726664,-0.048779918616148,0.866747535166978));
#5808=DIRECTION('center_axis',(0.458033109009518,-0.0526790337016175,0.887372858757433));
#5809=DIRECTION('ref_axis',(-0.114258209900311,-0.99345108660184,-1.82004209537958E-10));
#5810=DIRECTION('',(-0.00702699374229177,0.00095935083522803,0.999974850186204));
#5811=DIRECTION('center_axis',(0.0920741884236637,-0.0162652889974992,-0.995619296819799));
#5812=DIRECTION('ref_axis',(-0.980438695654762,0.173198580429347,-0.09349981711238));
#5813=DIRECTION('center_axis',(0.143615047892581,0.98933394425624,-0.0243529209993772));
#5814=DIRECTION('ref_axis',(0.117772648533784,0.0073472182726779,0.993013404562593));
#5815=DIRECTION('center_axis',(0.,6.982962677686E-15,-1.));
#5816=DIRECTION('ref_axis',(1.,0.,0.));
#5817=DIRECTION('center_axis',(0.,6.982962677686E-15,-1.));
#5818=DIRECTION('ref_axis',(1.,0.,0.));
#5819=DIRECTION('center_axis',(0.,6.982962677686E-15,-1.));
#5820=DIRECTION('ref_axis',(1.,0.,0.));
#5821=DIRECTION('center_axis',(0.,0.,1.));
#5822=DIRECTION('ref_axis',(1.,0.,0.));
#5823=DIRECTION('center_axis',(-0.999973448135517,-0.0016106648221203,-0.00710695313027901));
#5824=DIRECTION('ref_axis',(-0.00710696234887215,0.,0.999974745224184));
#5825=DIRECTION('',(-0.00161070550002108,0.999998702813055,0.));
#5826=DIRECTION('',(-0.00187694250007851,0.999998238541874,0.));
#5827=DIRECTION('',(-0.00712171690167808,-1.24190407179773E-5,0.99997464017551));
#5828=DIRECTION('center_axis',(-0.00707742213163667,-1.32839377889653E-5,
0.999974954646119));
#5829=DIRECTION('ref_axis',(0.999974954734348,0.,0.00707742213226113));
#5830=DIRECTION('',(0.00359247090019966,0.999993547055595,0.));
#5831=DIRECTION('center_axis',(0.00707742213163667,1.32839377889653E-5,
-0.999974954646119));
#5832=DIRECTION('ref_axis',(-0.999973193232111,-0.00187689549040276,-0.00707743459824136));
#5833=DIRECTION('center_axis',(0.999968292508188,-0.00359238017338755,0.00710695314106159));
#5834=DIRECTION('ref_axis',(0.00710699899981462,0.,-0.9999747449637));
#5835=DIRECTION('',(0.00389296529992963,0.999992422381877,0.));
#5836=DIRECTION('',(0.00712167784743949,-2.66546179429943E-5,-0.999974640175524));
#5837=DIRECTION('center_axis',(0.00707738095326785,-2.75522072455596E-5,
-0.999974954646224));
#5838=DIRECTION('ref_axis',(-0.999974955025777,0.,-0.00707738095595415));
#5839=DIRECTION('',(-0.0184493803999389,0.999829795696677,0.));
#5840=DIRECTION('center_axis',(-0.00706271165427573,-5.14109289930735E-5,
0.999975057419436));
#5841=DIRECTION('ref_axis',(0.999948566072778,0.00727878217834831,0.00706289876715375));
#5842=DIRECTION('center_axis',(-0.999804545284331,-0.0184489144661723,-0.00710695320180226));
#5843=DIRECTION('ref_axis',(-0.00710816298061753,0.,0.999974736690403));
#5844=DIRECTION('',(-0.0184836336990767,0.999829163050007,0.));
#5845=DIRECTION('',(-0.00712051341715512,-0.000131513424048135,0.999974640174887));
#5846=DIRECTION('center_axis',(-0.00707622554465689,-0.000130816709267107,
0.99997495464588));
#5847=DIRECTION('ref_axis',(0.999974963202171,0.,0.00707622560520466));
#5848=DIRECTION('center_axis',(0.007062479131473,7.09640179560151E-5,-0.999975057865258));
#5849=DIRECTION('ref_axis',(0.999924575523298,0.0100478662998021,0.00706283564684318));
#5850=DIRECTION('center_axis',(0.,-6.982962677686E-15,1.));
#5851=DIRECTION('ref_axis',(-1.,0.,0.));
#5852=DIRECTION('',(-0.0519318363993147,0.99865063178679,-2.00800001623601E-7));
#5853=DIRECTION('',(-0.0409851318990571,0.99915975647702,0.));
#5854=DIRECTION('center_axis',(0.0410320089104758,-0.998923961452807,-0.0216169720405433));
#5855=DIRECTION('ref_axis',(-0.401143437804082,0.00334522252759861,-0.916009143946153));
#5856=DIRECTION('',(-0.0301390055995247,0.999545716984207,0.));
#5857=DIRECTION('',(-0.0260674147002367,0.999660187209056,0.));
#5858=DIRECTION('',(-0.0306072719000452,0.999531487701531,0.));
#5859=DIRECTION('',(-0.0421782289018818,0.99911010254461,0.));
#5860=DIRECTION('',(-0.052114903389442,0.998641095055645,1.05248054718578E-5));
#5861=DIRECTION('center_axis',(0.0417346958039268,-0.998908227799067,0.0209897022723368));
#5862=DIRECTION('ref_axis',(0.431092179490358,-0.000948698340210168,-0.90230739371553));
#5863=DIRECTION('center_axis',(-0.998614823984206,-0.052133717842154,-0.00710695314094002));
#5864=DIRECTION('ref_axis',(-0.00711663095424813,0.,0.99997467646129));
#5865=DIRECTION('',(-0.0521755370971617,0.998637929045669,0.));
#5866=DIRECTION('',(-0.0071120350362356,-0.00037143574363097,0.999974640175006));
#5867=DIRECTION('',(-0.0421591205015987,0.999110909037896,0.));
#5868=DIRECTION('center_axis',(-0.0420971233428892,0.99871475639549,-0.0282253000719378));
#5869=DIRECTION('ref_axis',(-0.688575193234489,-0.00853141804497836,0.725114762067515));
#5870=DIRECTION('',(-0.0265607655009111,0.999647200634307,0.));
#5871=DIRECTION('',(-0.0203264776002351,0.999793395811538,0.));
#5872=DIRECTION('',(-0.025653378698116,0.999670897926598,0.));
#5873=DIRECTION('',(-0.0401606157016077,0.999193237039997,0.));
#5874=DIRECTION('',(-0.0518950853966024,0.998652542234625,0.));
#5875=DIRECTION('center_axis',(-0.998627321554224,-0.0518937748012674,-0.00710695309617355));
#5876=DIRECTION('ref_axis',(-0.00711654185108586,0.,0.999974677095416));
#5877=DIRECTION('',(-0.00711212469263044,-0.00036971487576331,0.999974640175073));
#5878=DIRECTION('center_axis',(0.,-6.982962677686E-15,1.));
#5879=DIRECTION('ref_axis',(-1.,0.,0.));
#5880=DIRECTION('center_axis',(-0.997804842143019,-0.0658406273688472,-0.00710695318829873));
#5881=DIRECTION('ref_axis',(-0.00712240773208692,0.,0.999974635332366));
#5882=DIRECTION('',(-0.0658422901968387,0.99783004205207,0.));
#5883=DIRECTION('',(-0.0659431578022922,0.997823381134689,0.));
#5884=DIRECTION('',(-0.00710625020619976,-0.000469270053626442,0.999974640175252));
#5885=DIRECTION('center_axis',(0.00706202969241891,0.00046670838468636,
-0.999974954646319));
#5886=DIRECTION('ref_axis',(-0.999975063551967,0.,-0.00706203046153309));
#5887=DIRECTION('',(-0.0810539541973728,0.996709715267675,0.));
#5888=DIRECTION('center_axis',(-0.00704371528819735,-0.000519127329759849,
0.999975057979825));
#5889=DIRECTION('ref_axis',(0.997270135143707,0.0735009804846615,0.00706281942609271));
#5890=DIRECTION('center_axis',(-0.996684543651686,-0.0810519072031696,-0.00710695325431871));
#5891=DIRECTION('ref_axis',(-0.00713041315691715,0.,0.999974578280974));
#5892=DIRECTION('',(-0.0810882535995073,0.99670692539391,0.));
#5893=DIRECTION('',(-0.00709828532662087,-0.000577366330939214,0.999974640175211));
#5894=DIRECTION('center_axis',(-0.00705412813174467,-0.00057389681590129,
0.999974954645738));
#5895=DIRECTION('ref_axis',(0.999975119320432,0.,0.00705412929341015));
#5896=DIRECTION('',(-0.0659774954977448,0.997821111265865,0.));
#5897=DIRECTION('center_axis',(0.00704369781626528,0.000519364338311644,
-0.999975057979826));
#5898=DIRECTION('ref_axis',(0.997267698750732,0.0735340302865019,0.00706281942589017));
#5899=DIRECTION('center_axis',(-0.997795911582364,-0.0659758292551829,-0.00710695318752117));
#5900=DIRECTION('ref_axis',(-0.00712247147567344,0.,0.999974634878344));
#5901=DIRECTION('',(-0.0660734568012943,0.997814761519556,0.));
#5902=DIRECTION('',(-0.00710618771717711,-0.000470215492501049,0.999974640175199));
#5903=DIRECTION('center_axis',(0.00706196871532833,0.000467630569158696,
-0.999974954646122));
#5904=DIRECTION('ref_axis',(-0.999975063982576,0.,-0.00706196948747829));
#5905=DIRECTION('',(-0.0823822703001353,0.996600803501681,0.));
#5906=DIRECTION('center_axis',(-0.00704334508986523,-0.000524276355342672,
0.99997505790107));
#5907=DIRECTION('ref_axis',(0.997216353592629,0.0742270877218676,0.00706283057644743));
#5908=DIRECTION('center_axis',(-0.996575634637799,-0.0823801897598225,-0.00710695303231344));
#5909=DIRECTION('ref_axis',(-0.00713119212919074,0.,0.999974572726135));
#5910=DIRECTION('',(-0.0824167191953898,0.996597955244274,0.));
#5911=DIRECTION('',(-0.00709750950575017,-0.000586826730501589,0.999974640175042));
#5912=DIRECTION('center_axis',(-0.00705335686792836,-0.000583298941473787,
0.999974954645984));
#5913=DIRECTION('ref_axis',(0.999975124760595,0.,0.00705335806783747));
#5914=DIRECTION('',(-0.0606495282030504,0.998159122950218,0.));
#5915=DIRECTION('center_axis',(0.0070447963200524,0.000505260814015647,
-0.999975057467094));
#5916=DIRECTION('ref_axis',(0.997412996777293,0.0715362105234764,0.00706289201964641));
#5917=DIRECTION('center_axis',(0.99813391473071,0.0606479965167844,0.00710695313393222));
#5918=DIRECTION('ref_axis',(0.00712005962565331,0.,-0.999974652054204));
#5919=DIRECTION('',(-0.060349582097454,0.998177302857896,0.));
#5920=DIRECTION('',(0.00710868231683393,0.000430861371115605,-0.999974640175538));
#5921=DIRECTION('center_axis',(0.00706453456769398,0.00042712021967709,
-0.999974954646195));
#5922=DIRECTION('ref_axis',(-0.999975045859764,0.,-0.00706453521209153));
#5923=DIRECTION('',(-0.0830778653022982,0.996543058927618,0.));
#5924=DIRECTION('center_axis',(-0.00704471712198661,-0.000506540076117183,
0.999975057377844));
#5925=DIRECTION('ref_axis',(0.997400084406079,0.0717160163740859,0.0070629046558415));
#5926=DIRECTION('center_axis',(-0.996517891521625,-0.0830757671948995,-0.007106953093596));
#5927=DIRECTION('ref_axis',(-0.0071316053857862,0.,0.999974569778963));
#5928=DIRECTION('',(-0.0831120059969704,0.996540212163643,0.));
#5929=DIRECTION('',(-0.00709709826141967,-0.00059177948515319,0.999974640175094));
#5930=DIRECTION('center_axis',(-0.00705294814752558,-0.000588219784388599,
0.999974954646322));
#5931=DIRECTION('ref_axis',(0.999975127643291,0.,0.00705294936769479));
#5932=DIRECTION('center_axis',(0.00704322315047931,0.000526039903473113,
-0.99997505783378));
#5933=DIRECTION('ref_axis',(0.997197703859031,0.0744772160324818,0.00706284010348926));
#5934=DIRECTION('center_axis',(0.,-6.982962677686E-15,1.));
#5935=DIRECTION('ref_axis',(-1.,0.,0.));
#5936=DIRECTION('',(-0.119041877007743,0.992889234264565,0.));
#5937=DIRECTION('',(-0.125495093910502,0.992094240183056,0.));
#5938=DIRECTION('',(-0.119258932396169,0.992863186468169,0.));
#5939=DIRECTION('',(-0.103379841800383,0.994641949803711,0.));
#5940=DIRECTION('center_axis',(-0.00703951340571955,-0.000731664075076044,
0.999974954645711));
#5941=DIRECTION('ref_axis',(0.999975222305274,0.,0.00703951528995982));
#5942=DIRECTION('',(-0.0913504634021311,0.995818805223227,0.));
#5943=DIRECTION('center_axis',(0.00702923551037586,0.000687691139290282,
-0.99997505815347));
#5944=DIRECTION('ref_axis',(0.9952239701544,0.0973620365396698,0.00706279484076313));
#5945=DIRECTION('center_axis',(0.995793656107761,0.0913481563726394,0.00710695313470572));
#5946=DIRECTION('ref_axis',(0.00713679194153245,0.,-0.999974532776102));
#5947=DIRECTION('',(-0.0910512191061389,0.995846210767147,0.));
#5948=DIRECTION('',(0.00709204807046666,0.000649507567742684,-0.999974640175483));
#5949=DIRECTION('center_axis',(0.00704803644221247,0.000644409049740303,
-0.999974954646008));
#5950=DIRECTION('ref_axis',(-0.999975162272384,0.,-0.00704803790560738));
#5951=DIRECTION('',(-0.102650027203366,0.994717533732641,0.));
#5952=DIRECTION('center_axis',(-0.00702958798493408,-0.00068404739965592,
0.999975058174911));
#5953=DIRECTION('ref_axis',(0.995273935640219,0.096849935504086,0.0070627918051508));
#5954=DIRECTION('center_axis',(0.,-6.982962677686E-15,1.));
#5955=DIRECTION('ref_axis',(-1.,0.,0.));
#5956=DIRECTION('center_axis',(-0.00702764646601049,-0.000703425145423954,
0.999975058378065));
#5957=DIRECTION('ref_axis',(0.995004221492796,0.0995827123035617,0.00706276304148882));
#5958=DIRECTION('',(0.00708838969661618,0.000688285975154371,-0.999974640175402));
#5959=DIRECTION('center_axis',(0.00702739954954882,0.000705895832495401,
-0.99997505837228));
#5960=DIRECTION('ref_axis',(0.994968950006436,0.0999345080026864,0.00706276386063876));
#5961=DIRECTION('center_axis',(0.00704438305875712,0.000683189238458031,
-0.999974954646258));
#5962=DIRECTION('ref_axis',(-0.999975188014263,0.,-0.00704438470273191));
#5963=DIRECTION('',(-0.0965306327982072,0.99533001408155,0.));
#5964=DIRECTION('',(-0.102651785300408,0.994717352303979,0.));
#5965=DIRECTION('center_axis',(-0.00705692682823851,-0.000706356216291502,
0.99997485010606));
#5966=DIRECTION('ref_axis',(0.995001646033708,0.099606351378096,0.00709218974333464));
#5967=DIRECTION('',(-0.115203819792568,0.993341874635919,0.));
#5968=DIRECTION('',(-0.119786432205748,0.992799683047601,0.));
#5969=DIRECTION('',(-0.115256394699795,0.993335775798297,0.));
#5970=DIRECTION('',(-0.103130007198231,0.994667885082902,0.));
#5971=DIRECTION('center_axis',(-0.00703969678617845,-0.000729895868882345,
0.999974954646955));
#5972=DIRECTION('ref_axis',(0.99997522101438,0.,0.00703969866137132));
#5973=DIRECTION('',(-0.0967612194907725,0.99530762400509,0.));
#5974=DIRECTION('center_axis',(0.00705667889953581,0.000708837029579702,
-0.999974850100228));
#5975=DIRECTION('ref_axis',(0.994966002528391,0.0999617659191046,0.00709219056490509));
#5976=DIRECTION('center_axis',(0.995282487799287,0.0967587758141962,0.00710695314470294));
#5977=DIRECTION('ref_axis',(0.00714045715814281,0.,-0.99997450661083));
#5978=DIRECTION('',(0.00705897877113934,0.000685430170276023,-0.999974850185839));
#5979=DIRECTION('center_axis',(0.,-6.982962677686E-15,1.));
#5980=DIRECTION('ref_axis',(-1.,0.,0.));
#5981=DIRECTION('',(-0.143959057801257,0.989583644608668,0.));
#5982=DIRECTION('',(-0.12767356540166,0.991816243412875,0.));
#5983=DIRECTION('center_axis',(-0.922821499727659,-0.126510770067744,-0.363861930816156));
#5984=DIRECTION('ref_axis',(0.360489919361689,0.0494218852212812,-0.931452894836759));
#5985=DIRECTION('center_axis',(0.00701951465799508,0.000903601317005627,
-0.999974954645678));
#5986=DIRECTION('ref_axis',(-0.999975362883374,0.,-0.00701951752369734));
#5987=DIRECTION('',(-0.133665180309353,0.99102654836935,0.));
#5988=DIRECTION('center_axis',(-0.00700220590462063,-0.000922891103237648,
0.999975058381198));
#5989=DIRECTION('ref_axis',(0.991402787077197,0.130654625482817,0.00706276259771664));
#5990=DIRECTION('',(-0.13778120868842,0.990462689116737,0.));
#5991=DIRECTION('center_axis',(0.00700993486107289,0.000975137487356555,
-0.999974954646427));
#5992=DIRECTION('ref_axis',(-0.999975430081418,0.,-0.00700993819392468));
#5993=DIRECTION('',(-0.155233541098808,0.987877799992451,0.));
#5994=DIRECTION('center_axis',(-0.00698662640821182,-0.00103479891373833,
0.999975057810264));
#5995=DIRECTION('ref_axis',(0.989183975790447,0.146509993795797,0.00706284343305018));
#5996=DIRECTION('',(-0.159419939499846,0.987210860399067,0.));
#5997=DIRECTION('center_axis',(0.00698692035962031,0.00112828420523114,
-0.999974954645685));
#5998=DIRECTION('ref_axis',(-0.999975591142975,0.,-0.00698692480688757));
#5999=DIRECTION('',(-0.165383142302825,0.98622939331681,0.));
#6000=DIRECTION('center_axis',(-0.00696900182960736,-0.00114700872496273,
0.9999750583812));
#6001=DIRECTION('ref_axis',(0.98669956539998,0.162401000686492,0.00706276259800773));
#6002=DIRECTION('',(-0.149744133999206,0.988724781894753,0.));
#6003=DIRECTION('center_axis',(0.924836360314116,0.147568571778408,-0.350572707529009));
#6004=DIRECTION('ref_axis',(0.346193470181004,0.05523861392732,0.936535518138753));
#6005=DIRECTION('center_axis',(-0.00699763489791482,-0.00105980430249034,
0.999974954646703));
#6006=DIRECTION('ref_axis',(0.999975516225691,0.,0.00699763882773796));
#6007=DIRECTION('center_axis',(0.00698619054186423,0.00103718249337324,
-0.999975058386052));
#6008=DIRECTION('ref_axis',(0.989135401646575,0.146837578990062,0.00706276191058516));
#6009=DIRECTION('center_axis',(0.,-6.982962677686E-15,1.));
#6010=DIRECTION('ref_axis',(-1.,0.,0.));
#6011=DIRECTION('center_axis',(-0.961533101363285,-0.142532241379335,-0.234816215688113));
#6012=DIRECTION('ref_axis',(-0.232278109866018,-0.0344315963492321,0.972039785631182));
#6013=DIRECTION('center_axis',(0.966854743589398,0.144081602684913,-0.210789934689554));
#6014=DIRECTION('ref_axis',(-0.208487678186254,-0.0310690297713242,-0.977531382326713));
#6015=DIRECTION('center_axis',(0.931075685950827,0.141737760561838,-0.336167330747818));
#6016=DIRECTION('ref_axis',(0.332336837730892,0.050603366168875,0.941802275225225));
#6017=DIRECTION('center_axis',(-0.0069865371028309,-0.00103518276462852,
0.999975058036927));
#6018=DIRECTION('ref_axis',(0.989176014513495,0.146563737012785,0.00706281134148379));
#6019=DIRECTION('center_axis',(-0.928458683051838,-0.133888774314923,-0.34646539506579));
#6020=DIRECTION('ref_axis',(0.342927811688714,0.0493841060247758,-0.938062751654986));
#6021=DIRECTION('center_axis',(-0.966854743589398,-0.144081602684913,0.210789934689554));
#6022=DIRECTION('ref_axis',(0.213012548148865,0.,0.977049463605158));
#6023=DIRECTION('',(-0.147393326996798,0.98907795807854,0.));
#6024=DIRECTION('',(-0.147034109962096,0.989129990067401,0.00168322812400267));
#6025=DIRECTION('center_axis',(0.966854743589398,0.144081602684913,-0.210789934689554));
#6026=DIRECTION('ref_axis',(-0.208487678186254,-0.0310690297713242,-0.977531382326713));
#6027=DIRECTION('center_axis',(0.961533101363285,0.142532241379335,0.234816215688113));
#6028=DIRECTION('ref_axis',(0.237238381686742,0.,-0.971451465722635));
#6029=DIRECTION('',(-0.145925587294907,0.989295569065503,0.));
#6030=DIRECTION('center_axis',(-0.961533101363285,-0.142532241379335,-0.234816215688113));
#6031=DIRECTION('ref_axis',(-0.232278109866018,-0.0344315963492321,0.972039785631182));
#6032=DIRECTION('',(-0.139530979996397,0.990217706174377,0.));
#6033=DIRECTION('center_axis',(-0.928920517155178,-0.133955382685803,-0.345199403617181));
#6034=DIRECTION('ref_axis',(0.341655235742465,0.0493389544456066,-0.938529364199104));
#6035=DIRECTION('center_axis',(0.00700820099251458,0.000987521376763866,
-0.999974954646555));
#6036=DIRECTION('ref_axis',(-0.999975442233934,0.,-0.00700820440971052));
#6037=DIRECTION('',(-0.153597786389696,0.988133452533708,0.));
#6038=DIRECTION('center_axis',(-0.00701564621415433,-0.00103949580067138,
0.999974849762072));
#6039=DIRECTION('ref_axis',(0.989175805744558,0.146563725001389,0.00709223824485387));
#6040=DIRECTION('center_axis',(0.931511682025892,0.141804128116345,-0.334929209682371));
#6041=DIRECTION('ref_axis',(0.331121937624796,0.0503571251877124,0.942243292555819));
#6042=DIRECTION('center_axis',(0.,-6.982962677686E-15,1.));
#6043=DIRECTION('ref_axis',(-1.,0.,0.));
#6044=DIRECTION('center_axis',(-0.99997410233007,-0.00113396926112547,-0.00710695313660677));
#6045=DIRECTION('ref_axis',(-0.00710695770597796,0.,0.999974745257182));
#6046=DIRECTION('',(-0.00113399789991396,0.999999357024175,0.));
#6047=DIRECTION('',(-0.00123508519997774,0.999999237281983,0.));
#6048=DIRECTION('',(-0.00712172276643138,-8.43599861971929E-6,0.999974640175276));
#6049=DIRECTION('center_axis',(0.00707742917142699,8.74123469061741E-6,
-0.999974954646322));
#6050=DIRECTION('ref_axis',(-0.999974954684526,0.,-0.00707742917169738));
#6051=DIRECTION('',(-0.016386276499309,0.999865735957828,0.));
#6052=DIRECTION('center_axis',(-0.00706254524093816,-6.22300235451653E-5,
0.99997505798002));
#6053=DIRECTION('ref_axis',(0.999936234723971,0.0088115304114487,0.00706281939851893));
#6054=DIRECTION('center_axis',(-0.999840484638844,-0.0163858626686516,-0.00710695305782713));
#6055=DIRECTION('ref_axis',(-0.00710790734599319,0.,0.999974738507509));
#6056=DIRECTION('',(-0.0164206844995226,0.999865171470917,0.));
#6057=DIRECTION('',(-0.00712076952256914,-0.000116821124312506,0.999974640175555));
#6058=DIRECTION('center_axis',(-0.00707648041165971,-0.000116216321482597,
0.99997495464574));
#6059=DIRECTION('ref_axis',(0.999974961398688,0.,0.00707648045944801));
#6060=DIRECTION('',(-0.00126949789998383,0.999999194187216,0.));
#6061=DIRECTION('center_axis',(0.0070625430749131,6.24784707761604E-5,-0.999975057979826));
#6062=DIRECTION('ref_axis',(0.999935944042872,0.00884445548610751,0.00706281942599491));
#6063=DIRECTION('center_axis',(-0.99997393949732,-0.00126946583918221,-0.0071069531230208));
#6064=DIRECTION('ref_axis',(-0.00710695884960983,0.,0.999974745249054));
#6065=DIRECTION('',(-0.00136566890010084,0.999999067473793,0.));
#6066=DIRECTION('',(-0.00712172155832992,-9.38347986127502E-6,0.999974640175438));
#6067=DIRECTION('center_axis',(0.00707742799768355,9.66543232240833E-6,
-0.999974954646124));
#6068=DIRECTION('ref_axis',(-0.999974954692833,0.,-0.00707742799801414));
#6069=DIRECTION('',(-0.0177188563007537,0.999843008742569,0.));
#6070=DIRECTION('center_axis',(-0.00706250899536368,-6.73976304044446E-5,
0.999975057901071));
#6071=DIRECTION('ref_axis',(0.999929528928595,0.00954220105049067,0.00706283057634657));
#6072=DIRECTION('center_axis',(-0.999817757997935,-0.0177184088161869,-0.00710695300433048));
#6073=DIRECTION('ref_axis',(-0.00710806885263015,0.,0.999974737359493));
#6074=DIRECTION('',(-0.0177534171994554,0.999842395669308,0.));
#6075=DIRECTION('',(-0.00712060752645708,-0.000126311939581047,0.999974640175314));
#6076=DIRECTION('center_axis',(-0.00707631912567602,-0.000125648648445753,
0.99997495464639));
#6077=DIRECTION('ref_axis',(0.999974962539983,0.,0.007076319181535));
#6078=DIRECTION('',(0.00406917539988399,0.999991720871511,0.));
#6079=DIRECTION('center_axis',(0.00706272667397236,4.83253897787201E-5,
-0.999975057467228));
#6080=DIRECTION('ref_axis',(0.999951649568208,0.00684208173034979,0.00706289200076975));
#6081=DIRECTION('center_axis',(0.999966466370238,-0.00406907263403786,0.00710695313891816));
#6082=DIRECTION('ref_axis',(0.00710701197581154,0.,-0.999974744871477));
#6083=DIRECTION('',(0.00436966929977936,0.999990452949532,0.));
#6084=DIRECTION('',(0.00712166433556642,-3.00495792564337E-5,-0.999974640175497));
#6085=DIRECTION('center_axis',(0.00707736707371789,-3.09260488778438E-5,
-0.999974954645807));
#6086=DIRECTION('ref_axis',(-0.999974955124005,0.,-0.00707736707710236));
#6087=DIRECTION('',(-0.0184167300989639,0.999830397643751,0.));
#6088=DIRECTION('center_axis',(-0.00706273044279844,-4.96097470865347E-5,
0.999975057377715));
#6089=DIRECTION('ref_axis',(0.999950390180286,0.00702371382246168,0.00706290467404434));
#6090=DIRECTION('center_axis',(-0.999805147216272,-0.0184162649897725,-0.00710695319216272));
#6091=DIRECTION('ref_axis',(-0.00710815869172887,0.,0.99997473672089));
#6092=DIRECTION('',(-0.0184509833003289,0.999829766117838,0.));
#6093=DIRECTION('',(-0.00712051764373677,-0.000131280962230624,0.999974640175337));
#6094=DIRECTION('center_axis',(-0.00707622975007993,-0.000130585627046262,
0.999974954646324));
#6095=DIRECTION('ref_axis',(0.999974963172414,0.,0.00707622981041401));
#6096=DIRECTION('center_axis',(0.00706250143185126,6.91654006640412E-5,
-0.99997505783378));
#6097=DIRECTION('ref_axis',(0.999927121811974,0.00979118759363153,0.00706284010348872));
#6098=DIRECTION('center_axis',(0.,-6.982962677686E-15,1.));
#6099=DIRECTION('ref_axis',(-1.,0.,0.));
#6100=DIRECTION('',(-0.0266142657997669,0.99964577769121,2.74099992700709E-7));
#6101=DIRECTION('',(-0.0365556214002214,0.999331619906047,0.));
#6102=DIRECTION('center_axis',(0.0367766797684292,-0.999218885789663,0.0144600866689815));
#6103=DIRECTION('ref_axis',(-0.184425488716937,-0.0210077652833548,-0.982621958287784));
#6104=DIRECTION('',(-0.0426283912037734,0.999090996988452,0.));
#6105=DIRECTION('',(-0.033658357002777,0.999433396982447,0.));
#6106=DIRECTION('center_axis',(-0.131082471666361,-0.00500362005252597,
-0.991358839879994));
#6107=DIRECTION('ref_axis',(0.990637533236601,0.0378104106213042,-0.131177934850151));
#6108=DIRECTION('',(-0.0235525731017597,0.999722599674673,0.));
#6109=DIRECTION('',(-0.0261054869999934,0.99965919369978,0.));
#6110=DIRECTION('',(-0.0330820450981542,0.999452639344218,0.));
#6111=DIRECTION('center_axis',(-0.0328867449877501,0.999413965166591,0.00949674860692345));
#6112=DIRECTION('ref_axis',(-0.541947509889667,-0.0258154367004379,0.840015749704942));
#6113=DIRECTION('center_axis',(0.999070160670209,0.0425241728386981,0.00710695312963835));
#6114=DIRECTION('ref_axis',(0.00711338762802655,0.,-0.99997469953817));
#6115=DIRECTION('',(-0.0424920930970147,0.999096803129824,0.));
#6116=DIRECTION('',(0.00711524520410991,0.00030379788365353,-0.999974640174705));
#6117=DIRECTION('center_axis',(0.00707104218543061,0.000300735005752183,
-0.999974954646799));
#6118=DIRECTION('ref_axis',(-0.999974999866441,0.,-0.00707104250518861));
#6119=DIRECTION('',(-0.0477936407994747,0.998857230989059,0.));
#6120=DIRECTION('center_axis',(-0.00707104218543061,-0.000300735005752183,
0.999974954646799));
#6121=DIRECTION('ref_axis',(-0.999071780397549,-0.0424910288665687,-0.0070774345021218));
#6122=DIRECTION('center_axis',(-0.998832005139039,-0.0477924337849211,-0.00710695313338692));
#6123=DIRECTION('ref_axis',(-0.00711508361954096,0.,0.999974687472182));
#6124=DIRECTION('',(-0.0479315942001052,0.998850620602218,0.));
#6125=DIRECTION('',(-0.00711356574817656,-0.000340864525257133,0.9999746401753));
#6126=DIRECTION('',(-0.0370840397011573,0.999312150431207,0.));
#6127=DIRECTION('',(-0.0266504386994667,0.999644813980008,0.));
#6128=DIRECTION('center_axis',(-0.0370240844079583,0.999119225499454,-0.0197481748808428));
#6129=DIRECTION('ref_axis',(0.500011254458224,0.035631653248751,0.865285577541816));
#6130=DIRECTION('center_axis',(0.999619568239884,0.0266497656503594,0.00710695312275593));
#6131=DIRECTION('ref_axis',(0.00710947818244897,0.,-0.999974727340633));
#6132=DIRECTION('',(0.00711920171812957,0.000189667008660429,-0.999974640175101));
#6133=DIRECTION('center_axis',(0.,-6.982962677686E-15,1.));
#6134=DIRECTION('ref_axis',(-1.,0.,0.));
#6135=DIRECTION('center_axis',(-0.0365844330541598,0.999277331709779,-0.0103147268063627));
#6136=DIRECTION('ref_axis',(0.856313684322177,0.0366679090987433,0.515152733162609));
#6137=DIRECTION('center_axis',(-0.125949691886772,-0.00537029272931643,
-0.992022094043086));
#6138=DIRECTION('ref_axis',(-0.991121557438424,-0.0422598325891284,0.126064130228909));
#6139=DIRECTION('',(-0.00711526596915675,-0.000303310205681523,0.999974640174993));
#6140=DIRECTION('',(-0.0289365619975151,0.999581250014107,0.));
#6141=DIRECTION('',(-0.0304487899999373,0.999536328097953,0.));
#6142=DIRECTION('',(-0.0344875997997361,0.999405125792365,0.));
#6143=DIRECTION('',(-0.0402629142002804,0.99918912010695,0.));
#6144=DIRECTION('',(-0.0425791213989294,0.999093097974806,0.));
#6145=DIRECTION('center_axis',(-0.999067866166913,-0.042578046075505,-0.00710695329125275));
#6146=DIRECTION('ref_axis',(-0.00711340412587236,0.,0.999974699420811));
#6147=DIRECTION('',(-0.0425996889009187,0.999092221221617,0.));
#6148=DIRECTION('',(-0.00708574351303692,-0.000302051652732658,0.999974850185577));
#6149=DIRECTION('center_axis',(0.125949691886772,0.00537029272931643,0.992022094043086));
#6150=DIRECTION('ref_axis',(0.99203639933293,0.,-0.125951508123385));
#6151=DIRECTION('',(-0.0355151813019347,0.999369136954454,0.));
#6152=DIRECTION('center_axis',(-0.125949691886772,-0.00537029272931643,
-0.992022094043086));
#6153=DIRECTION('ref_axis',(-0.991121557438424,-0.0422598325891287,0.126064130228909));
#6154=DIRECTION('',(-0.0303710929985546,0.999538691952479,0.));
#6155=DIRECTION('center_axis',(-0.0366455538048244,0.999273745185025,-0.0104444037758161));
#6156=DIRECTION('ref_axis',(0.8553481089731,0.0367685250697949,0.516747218705948));
#6157=DIRECTION('center_axis',(0.,-6.982962677686E-15,1.));
#6158=DIRECTION('ref_axis',(-1.,0.,0.));
#6159=DIRECTION('',(-0.0549831193022716,0.998487284141261,0.));
#6160=DIRECTION('',(-0.0631657319967445,0.9980030512485,0.));
#6161=DIRECTION('center_axis',(-0.0633968824729789,0.997798270307798,0.0194794010039708));
#6162=DIRECTION('ref_axis',(-0.435313583106411,-0.0452118336275383,0.899142911034221));
#6163=DIRECTION('',(-0.0719786255973914,0.997406174763877,0.));
#6164=DIRECTION('center_axis',(-0.0635525556403108,0.997862254787633,0.0152313210761854));
#6165=DIRECTION('ref_axis',(0.658891676594893,0.0304912728763684,0.751619611766716));
#6166=DIRECTION('',(-0.075427234395042,0.99715130863451,0.));
#6167=DIRECTION('',(-0.0736913593966383,0.997281095554446,0.));
#6168=DIRECTION('',(-0.0668911407049334,0.997760279473578,0.));
#6169=DIRECTION('center_axis',(-0.0624541313650803,0.997956045154006,-0.0135356350427081));
#6170=DIRECTION('ref_axis',(0.989237488063379,0.0600990661005992,-0.133406500830704));
#6171=DIRECTION('',(-0.0617648847028985,0.998090726846832,0.));
#6172=DIRECTION('center_axis',(0.0741397589980523,-0.997061647783837,-0.0192708758049661));
#6173=DIRECTION('ref_axis',(0.993362719462932,0.0721330435204044,0.089595377189294));
#6174=DIRECTION('',(-0.0606281232010522,0.998160423317373,0.));
#6175=DIRECTION('',(-0.0622596782003081,0.998059984404943,0.));
#6176=DIRECTION('',(-0.0664395707974661,0.997790450661986,0.));
#6177=DIRECTION('',(-0.074073116676894,0.997252813090424,1.30002467495111E-5));
#6178=DIRECTION('center_axis',(0.0661738240395691,-0.997708782894795,0.0140786912235333));
#6179=DIRECTION('ref_axis',(0.437879957854587,0.0163585534237004,-0.898884608967775));
#6180=DIRECTION('center_axis',(-0.997226020846228,-0.0740928779538574,-0.00710695319477575));
#6181=DIRECTION('ref_axis',(-0.00712654159778421,0.,0.999974605879997));
#6182=DIRECTION('',(-0.0741312121007442,0.997248496309959,0.));
#6183=DIRECTION('',(-0.00710214192290613,-0.000527812454740336,0.999974640175499));
#6184=DIRECTION('',(-0.0669887823037092,0.997753728655256,0.));
#6185=DIRECTION('center_axis',(-0.0662703677795672,0.997557079014463,-0.0220932673566651));
#6186=DIRECTION('ref_axis',(-0.640057738164652,-0.02551370157786,0.767903081675901));
#6187=DIRECTION('',(-0.0586054960010749,0.998281220818296,0.));
#6188=DIRECTION('center_axis',(-0.0667666378694156,0.997665700893746,-0.014330573184787));
#6189=DIRECTION('ref_axis',(0.57074415108807,0.0499687359279095,0.819606148969445));
#6190=DIRECTION('',(-0.0551645080990985,0.99847727918375,0.));
#6191=DIRECTION('',(-0.0566337003011982,0.998395024021151,0.));
#6192=DIRECTION('',(-0.0631244150019045,0.998005665430145,0.));
#6193=DIRECTION('center_axis',(-0.0670896427899976,0.997679004000313,0.011644088940506));
#6194=DIRECTION('ref_axis',(0.995680885394517,0.0676968080165106,-0.0635351606936368));
#6195=DIRECTION('',(-0.0686492398969504,0.997640858155665,0.));
#6196=DIRECTION('center_axis',(0.0554603041857035,-0.998237640435523,0.0211132157036274));
#6197=DIRECTION('ref_axis',(0.997776277388677,0.0561928122206834,0.0358450573318647));
#6198=DIRECTION('',(-0.0699902216993298,0.997547677490394,0.));
#6199=DIRECTION('',(-0.0637152143975694,0.997968121461939,0.));
#6200=DIRECTION('',(-0.055022301895862,0.998485125724973,-2.53800001829081E-7));
#6201=DIRECTION('center_axis',(0.0641638811482391,-0.9978399610532,-0.0140857545535461));
#6202=DIRECTION('ref_axis',(0.285171575290152,0.0318599376037207,-0.957946823692433));
#6203=DIRECTION('center_axis',(0.998459929852855,0.0550205388374637,0.00710695323370207));
#6204=DIRECTION('ref_axis',(0.00711773501586347,0.,-0.999974668603282));
#6205=DIRECTION('',(0.00711094699226389,0.000391713019416102,-0.999974640175332));
#6206=DIRECTION('center_axis',(0.,-6.982962677686E-15,1.));
#6207=DIRECTION('ref_axis',(-1.,0.,0.));
#6208=DIRECTION('center_axis',(0.96032093247568,0.0900886584093846,0.263946472367102));
#6209=DIRECTION('ref_axis',(0.265024126824329,0.,-0.964241780987011));
#6210=DIRECTION('',(-0.093400903902136,0.995628580922758,0.));
#6211=DIRECTION('',(-0.0929834486065504,0.995666476270666,-0.00153176890810808));
#6212=DIRECTION('center_axis',(-0.96032093247568,-0.0900886584093846,-0.263946472367102));
#6213=DIRECTION('ref_axis',(-0.262792651722424,-0.0246528391008746,0.964537329357948));
#6214=DIRECTION('center_axis',(-0.965097067921658,-0.0897501211739697,0.246033666879712));
#6215=DIRECTION('ref_axis',(0.247030604710214,0.,0.969007678161791));
#6216=DIRECTION('',(-0.0919669486014078,0.99576206011524,0.));
#6217=DIRECTION('center_axis',(0.965097067921658,0.0897501211739697,-0.246033666879712));
#6218=DIRECTION('ref_axis',(-0.244976638059633,-0.0227818358188418,-0.969261283020076));
#6219=DIRECTION('',(-0.0842521059934503,0.996444470422546,0.));
#6220=DIRECTION('center_axis',(0.942772899828671,0.0833922491092135,-0.322838956969486));
#6221=DIRECTION('ref_axis',(0.321583159186083,0.0284475635027391,0.946453912168287));
#6222=DIRECTION('center_axis',(-0.00705227050661165,-0.000596288764556613,
0.999974954646571));
#6223=DIRECTION('ref_axis',(0.999975132422311,0.,0.00705227176036566));
#6224=DIRECTION('',(-0.0783366239004389,0.996926964905595,0.));
#6225=DIRECTION('center_axis',(0.00703938810371198,0.000574130154286986,
-0.999975058383804));
#6226=DIRECTION('ref_axis',(0.996666985153823,0.0812713854569657,0.00706276222843061));
#6227=DIRECTION('',(-0.0899513329950395,0.995946162045126,0.));
#6228=DIRECTION('center_axis',(-0.929431875391005,-0.0784857684094396,0.360550097995188));
#6229=DIRECTION('ref_axis',(0.359270232164592,0.0303524894034096,0.932739849404654));
#6230=DIRECTION('',(-0.0875930935015004,0.996156338117083,0.));
#6231=DIRECTION('',(0.396100175115647,0.0353020883006023,-0.917528426717652));
#6232=DIRECTION('',(-0.0821456300971878,0.996620336665842,0.));
#6233=DIRECTION('center_axis',(-0.203322992870104,-0.0167587342422061,0.978968286205913));
#6234=DIRECTION('ref_axis',(0.979105789324326,0.,0.203351551042987));
#6235=DIRECTION('',(-0.0791532533038999,0.996862262841088,0.00062563148419996));
#6236=DIRECTION('center_axis',(0.203322992870104,0.0167587342422061,-0.978968286205913));
#6237=DIRECTION('ref_axis',(-0.975659702983722,-0.0804179667155156,-0.204012486390067));
#6238=DIRECTION('center_axis',(0.996837634393229,0.0791468374170652,0.00710695322814838));
#6239=DIRECTION('ref_axis',(0.00712931812310105,0.,-0.999974586088616));
#6240=DIRECTION('',(-0.0791154503987167,0.996865460083861,0.));
#6241=DIRECTION('',(0.00709939496836053,0.000563557579851031,-0.999974640175408));
#6242=DIRECTION('center_axis',(0.131927360465816,0.0104703121545498,-0.991204088028247));
#6243=DIRECTION('ref_axis',(-0.991258424077495,0.,-0.131934592489616));
#6244=DIRECTION('',(-0.0825236408960262,0.996589107251962,0.));
#6245=DIRECTION('center_axis',(-0.131927360465816,-0.0104703121545498,0.991204088028247));
#6246=DIRECTION('ref_axis',(-0.988097119249287,-0.0784195578613512,-0.132342192350328));
#6247=DIRECTION('',(-0.0933482095027988,0.995633522829872,0.));
#6248=DIRECTION('',(-0.107257747703461,0.994231248532041,0.));
#6249=DIRECTION('center_axis',(0.922461568469929,0.0929974682096747,0.374721397310842));
#6250=DIRECTION('ref_axis',(0.372831643987714,0.0375857798234039,-0.927137462513777));
#6251=DIRECTION('center_axis',(-0.00703660670007007,-0.000759109701328476,
0.99997495464567));
#6252=DIRECTION('ref_axis',(0.999975242762348,0.,0.00703660872748459));
#6253=DIRECTION('',(-0.10178597719677,0.994806320268472,0.));
#6254=DIRECTION('center_axis',(0.00703660670007007,0.000759109701328476,
-0.99997495464567));
#6255=DIRECTION('ref_axis',(-0.994206347658246,-0.107255061394141,-0.00707743466166393));
#6256=DIRECTION('center_axis',(-0.932705512225409,-0.0914633488047873,-0.348847937201513));
#6257=DIRECTION('ref_axis',(0.347183746933504,0.0340342367149483,-0.93717934067949));
#6258=DIRECTION('center_axis',(0.,-6.982962677686E-15,1.));
#6259=DIRECTION('ref_axis',(-1.,0.,0.));
#6260=DIRECTION('center_axis',(-0.992965312239787,-0.11819213131948,-0.00710695312359127));
#6261=DIRECTION('ref_axis',(-0.00715711919551776,0.,0.99997438749441));
#6262=DIRECTION('',(-0.118195116302896,0.992990389924366,0.));
#6263=DIRECTION('',(-0.118295494403245,0.992978436827251,0.));
#6264=DIRECTION('',(-0.00707176466101084,-0.000842110883421267,0.999974640175359));
#6265=DIRECTION('center_axis',(0.00702773991584988,0.000837228621539052,
-0.99997495464632));
#6266=DIRECTION('ref_axis',(-0.999975305113609,0.,-0.00702774237890452));
#6267=DIRECTION('',(-0.133326874098663,0.991072118790091,0.));
#6268=DIRECTION('center_axis',(-0.007006696448325,-0.000888607190052412,
0.999975057980019));
#6269=DIRECTION('ref_axis',(0.992028862120138,0.125812770825412,0.0070628193985915));
#6270=DIRECTION('center_axis',(-0.991047089550453,-0.13332350696703,-0.00710695318610163));
#6271=DIRECTION('ref_axis',(-0.00717097151977346,0.,0.999974288253184));
#6272=DIRECTION('',(-0.133360979396994,0.991067530077681,0.));
#6273=DIRECTION('',(-0.00705812943909413,-0.000949639119974142,0.999974640175621));
#6274=DIRECTION('center_axis',(-0.00701421559852269,-0.000943853605866129,
0.999974954646319));
#6275=DIRECTION('ref_axis',(0.999975400065276,0.,0.00701421872286553));
#6276=DIRECTION('',(-0.11832966549533,0.99297436536084,0.));
#6277=DIRECTION('center_axis',(0.00700666586537681,0.000888848305545929,
-0.999975057980018));
#6278=DIRECTION('ref_axis',(0.992024730444313,0.125845344645836,0.00706281939874566));
#6279=DIRECTION('center_axis',(-0.992949288081012,-0.11832667711392,-0.00710695311573593));
#6280=DIRECTION('ref_axis',(-0.00715723468287054,0.,0.999974386667826));
#6281=DIRECTION('',(-0.118425160396826,0.992962980873399,0.));
#6282=DIRECTION('',(-0.00707165255975715,-0.000843051708812229,0.999974640175385));
#6283=DIRECTION('center_axis',(0.00702763055511447,0.000838146327436127,
-0.999974954646123));
#6284=DIRECTION('ref_axis',(-0.999975305882143,0.,-0.00702763302353329));
#6285=DIRECTION('',(-0.134647630097933,0.990893544084838,0.));
#6286=DIRECTION('center_axis',(-0.00700605604831935,-0.000893730407736818,
0.999975057901249));
#6287=DIRECTION('ref_axis',(0.991936582930973,0.126538262465669,0.00706283055111759));
#6288=DIRECTION('center_axis',(-0.99086851935601,-0.134644229611119,-0.00710695305018568));
#6289=DIRECTION('ref_axis',(-0.00717226363874011,0.,0.999974278986363));
#6290=DIRECTION('',(-0.134681881601932,0.990888889214206,0.));
#6291=DIRECTION('',(-0.00705685748749992,-0.000959045773444678,0.999974640175242));
#6292=DIRECTION('center_axis',(-0.00701295126988619,-0.000953202203488171,
0.999974954646388));
#6293=DIRECTION('ref_axis',(0.99997540893254,0.,0.00701295445585263));
#6294=DIRECTION('',(-0.113026827203125,0.993591936527463,0.));
#6295=DIRECTION('center_axis',(0.00700850443419297,0.000874819415438633,
-0.999975057467228));
#6296=DIRECTION('ref_axis',(0.992274775953614,0.123858324559921,0.00706289200071265));
#6297=DIRECTION('center_axis',(0.993566843650952,0.113023972743348,0.00710695313022795));
#6298=DIRECTION('ref_axis',(0.007152786316388,0.,-0.999974418496749));
#6299=DIRECTION('',(-0.112728251192581,0.993625855834611,0.));
#6300=DIRECTION('',(0.00707621210626687,0.000803883115029161,-0.999974640175522));
#6301=DIRECTION('center_axis',(0.00703232199884155,0.000797826823947378,
-0.999974954646197));
#6302=DIRECTION('ref_axis',(-0.999975272902198,0.,-0.00703232423697628));
#6303=DIRECTION('',(-0.135339228802757,0.990799320320253,0.));
#6304=DIRECTION('center_axis',(-0.00700835780362612,-0.00087609535624623,
0.999975057377844));
#6305=DIRECTION('ref_axis',(0.992252282232238,0.124038396405056,0.00706290465579698));
#6306=DIRECTION('center_axis',(-0.99077429796959,-0.135335810849624,-0.00710695325306068));
#6307=DIRECTION('ref_axis',(-0.00717294588162479,0.,0.999974274092778));
#6308=DIRECTION('',(-0.135373172605485,0.990794683140117,0.));
#6309=DIRECTION('',(-0.00705618653982987,-0.000963970044293677,0.999974640175074));
#6310=DIRECTION('center_axis',(-0.00701228454169208,-0.000958094771575402,
0.999974954646323));
#6311=DIRECTION('ref_axis',(0.999975413607939,0.,0.00701228776014213));
#6312=DIRECTION('center_axis',(0.00700584102676269,0.000895489718184927,
-0.99997505783378));
#6313=DIRECTION('ref_axis',(0.991905015946166,0.126785470896743,0.00706284010350246));
#6314=DIRECTION('center_axis',(0.,-6.982962677686E-15,1.));
#6315=DIRECTION('ref_axis',(-1.,0.,0.));
#6316=DIRECTION('',(-0.17106149660043,0.985260353602448,0.));
#6317=DIRECTION('',(-0.177464011203074,0.984127290917041,0.));
#6318=DIRECTION('',(-0.171276883005506,0.985222933831688,0.));
#6319=DIRECTION('',(-0.155513227296543,0.987833809978082,0.));
#6320=DIRECTION('center_axis',(-0.00699132924051596,-0.00110063470424185,
0.999974954645714));
#6321=DIRECTION('ref_axis',(0.999975560329471,0.,0.00699133347515657));
#6322=DIRECTION('',(-0.143562327891104,0.989641277438692,0.));
#6323=DIRECTION('center_axis',(0.00698337798779891,0.001056173909871,-0.999975058153228));
#6324=DIRECTION('ref_axis',(0.988731059096137,0.149535981312803,0.00706279487514217));
#6325=DIRECTION('center_axis',(0.989616284334894,0.143558702266098,0.0071069531355933));
#6326=DIRECTION('ref_axis',(0.00718133885542926,0.,-0.999974213853659));
#6327=DIRECTION('',(-0.143264937606292,0.989684372743485,0.));
#6328=DIRECTION('',(0.00704810926920084,0.00102135285430316,-0.999974640175478));
#6329=DIRECTION('center_axis',(0.00700442633070283,0.00101394821305934,
-0.999974954646765));
#6330=DIRECTION('ref_axis',(-0.999975468679776,0.,-0.00700442993129937));
#6331=DIRECTION('',(-0.154788393892336,0.987947646951108,0.));
#6332=DIRECTION('center_axis',(-0.00698391880231726,-0.00105257125433791,
0.999975058174911));
#6333=DIRECTION('ref_axis',(0.988808065223941,0.149025927677046,0.00706279180514217));
#6334=DIRECTION('center_axis',(0.,-6.982962677686E-15,1.));
#6335=DIRECTION('ref_axis',(-1.,0.,0.));
#6336=DIRECTION('center_axis',(-0.00698096781689949,-0.00107177850656318,
0.999975058378544));
#6337=DIRECTION('ref_axis',(0.988396058696337,0.151734467187671,0.00706276297350651));
#6338=DIRECTION('',(0.00704241783654167,0.00105988540289541,-0.999974640175414));
#6339=DIRECTION('center_axis',(0.00698059113531878,0.00107423538865553,
-0.999975058371823));
#6340=DIRECTION('ref_axis',(0.988341004354391,0.15209265753969,0.00706276392558386));
#6341=DIRECTION('center_axis',(0.00699873989880376,0.00105248280356815,
-0.999974954646254));
#6342=DIRECTION('ref_axis',(-0.999975508492868,0.,-0.00699874377512924));
#6343=DIRECTION('',(-0.14870964779536,0.988880903169123,0.));
#6344=DIRECTION('',(-0.15479013999619,0.987947373375708,0.));
#6345=DIRECTION('center_axis',(-0.00701005373275733,-0.0010762439618037,
0.999974850106541));
#6346=DIRECTION('ref_axis',(0.98839296712878,0.151753231846864,0.00709218967592632));
#6347=DIRECTION('',(-0.167252533802905,0.985914088517102,0.));
#6348=DIRECTION('',(-0.17180031620008,0.985131793900467,0.));
#6349=DIRECTION('',(-0.167304715594548,0.985905234867848,0.));
#6350=DIRECTION('',(-0.155265101098107,0.987872840187944,0.));
#6351=DIRECTION('center_axis',(-0.00699160530126486,-0.00109887858009379,
0.999974954646954));
#6352=DIRECTION('ref_axis',(0.999975558399446,0.,0.00699160952256971));
#6353=DIRECTION('',(-0.148938738999071,0.988846424893859,0.));
#6354=DIRECTION('center_axis',(0.00700967545516615,0.00107871125389336,
-0.999974850099763));
#6355=DIRECTION('ref_axis',(0.988334830942455,0.152131399711114,0.00709219062676876));
#6356=DIRECTION('center_axis',(0.988821451863727,0.148934977594344,0.00710695315046924));
#6357=DIRECTION('ref_axis',(0.00718711106177543,0.,-0.99997417238376));
#6358=DIRECTION('',(0.00701319765944454,0.00105548775674971,-0.999974850185836));
#6359=DIRECTION('center_axis',(0.,-6.982962677686E-15,1.));
#6360=DIRECTION('ref_axis',(-1.,0.,0.));
#6361=DIRECTION('',(-0.195770504091012,0.98064973855498,0.));
#6362=DIRECTION('',(-0.179624860905234,0.9837351825287,0.));
#6363=DIRECTION('center_axis',(-0.914896911108297,-0.174837459790893,-0.363861930817672));
#6364=DIRECTION('ref_axis',(0.357394382634929,0.0682990480153336,-0.931452894837521));
#6365=DIRECTION('center_axis',(0.00696232127430799,0.00127128317934145,
-0.999974954647141));
#6366=DIRECTION('ref_axis',(-0.999975762708343,0.,-0.00696232690043059));
#6367=DIRECTION('',(-0.185566689899625,0.982631672398003,0.));
#6368=DIRECTION('center_axis',(-0.00694401660154555,-0.00128967009513302,
0.999975058381199));
#6369=DIRECTION('ref_axis',(0.983162519830031,0.182596760611863,0.00706276259807878));
#6370=DIRECTION('',(-0.189647394306264,0.981852262732456,0.));
#6371=DIRECTION('center_axis',(0.00694899520158427,0.00134221703513688,
-0.999974954645925));
#6372=DIRECTION('ref_axis',(-0.999975855397866,0.,-0.00694900146106196));
#6373=DIRECTION('',(-0.206939749009417,0.978353688744474,0.));
#6374=DIRECTION('center_axis',(-0.00692258323979746,-0.00140057094879181,
0.999975057810096));
#6375=DIRECTION('ref_axis',(0.980116669238962,0.198296321000235,0.00706284345674773));
#6376=DIRECTION('',(-0.211085308501058,0.977467642704869,0.));
#6377=DIRECTION('center_axis',(0.00691796317227867,0.00149394243514648,
-0.999974954647139));
#6378=DIRECTION('ref_axis',(-0.999976070553058,0.,-0.00691797089226807));
#6379=DIRECTION('',(-0.21698868570686,0.976174118830862,0.));
#6380=DIRECTION('center_axis',(-0.00689907823564136,-0.00151173245619747,
0.999975058381198));
#6381=DIRECTION('ref_axis',(0.976804856696242,0.214014927795097,0.00706276259649279));
#6382=DIRECTION('',(-0.201502444595176,0.979488011576542,0.));
#6383=DIRECTION('center_axis',(0.915802234684299,0.195972048214362,-0.350572707531422));
#6384=DIRECTION('ref_axis',(0.342811626302568,0.0733581088748931,0.93653551813804));
#6385=DIRECTION('center_axis',(-0.00693226246969523,-0.00142612039934072,
0.999974954645194));
#6386=DIRECTION('ref_axis',(0.999975971530973,0.,0.0069322695191909));
#6387=DIRECTION('center_axis',(0.00692202277006957,0.0014029282178907,-0.999975058385551));
#6388=DIRECTION('ref_axis',(0.980045570091561,0.198647421169027,0.00706276198113513));
#6389=DIRECTION('center_axis',(0.,-6.982962677686E-15,1.));
#6390=DIRECTION('ref_axis',(-1.,0.,0.));
#6391=DIRECTION('center_axis',(-0.952712954917183,-0.192871382769563,-0.234816215882819));
#6392=DIRECTION('ref_axis',(-0.230147422167242,-0.0465920520185555,0.972039785584146));
#6393=DIRECTION('center_axis',(0.957945810971693,0.194698296847515,-0.210789934404996));
#6394=DIRECTION('ref_axis',(-0.206566600618969,-0.0419837582308459,-0.977531382388073));
#6395=DIRECTION('center_axis',(0.922339393793032,0.190477212267619,-0.33616733075101));
#6396=DIRECTION('ref_axis',(0.329211625081991,0.0680307414686042,0.941802274432434));
#6397=DIRECTION('center_axis',(-0.00692247388534851,-0.00140094959368978,
0.999975058036721));
#6398=DIRECTION('ref_axis',(0.980105344815298,0.198352287004786,0.00706281137064305));
#6399=DIRECTION('center_axis',(-0.920138526610537,-0.182501566773694,-0.346465395057194));
#6400=DIRECTION('ref_axis',(0.339849140486177,0.0673856960885901,-0.938062753590325));
#6401=DIRECTION('center_axis',(-0.957945810971693,-0.194698296847515,0.210789934404996));
#6402=DIRECTION('ref_axis',(0.214902485091892,0.,0.976635511284189));
#6403=DIRECTION('',(-0.199173448909511,0.979964253046758,0.));
#6404=DIRECTION('',(-0.198817463076713,0.98003509279989,0.00168322798515165));
#6405=DIRECTION('center_axis',(0.957945810971693,0.194698296847515,-0.210789934404996));
#6406=DIRECTION('ref_axis',(-0.206566600618969,-0.0419837582308459,-0.977531382388073));
#6407=DIRECTION('center_axis',(0.952712954917183,0.192871382769563,0.234816215882819));
#6408=DIRECTION('ref_axis',(0.239309479508185,0.,-0.97094334181636));
#6409=DIRECTION('',(-0.197719174989446,0.980258704547678,0.));
#6410=DIRECTION('center_axis',(-0.952712954917183,-0.192871382769563,-0.234816215882819));
#6411=DIRECTION('ref_axis',(-0.230147422167242,-0.0465920520185555,0.972039785584146));
#6412=DIRECTION('',(-0.191381871309034,0.981515654146307,0.));
#6413=DIRECTION('center_axis',(-0.920596225378975,-0.182592337121497,-0.345199403595215));
#6414=DIRECTION('ref_axis',(0.338609081771215,0.0671306094598566,-0.938529366091228));
#6415=DIRECTION('center_axis',(0.00694661287482361,0.00135449268244172,
-0.999974954645935));
#6416=DIRECTION('ref_axis',(-0.999975871949436,0.,-0.00694661924713551));
#6417=DIRECTION('',(-0.205319691705953,0.978694959728399,0.));
#6418=DIRECTION('center_axis',(-0.00695131609022555,-0.00140678653319537,
0.999974849761865));
#6419=DIRECTION('ref_axis',(0.980105206098596,0.198351922437602,0.00709223827406714));
#6420=DIRECTION('center_axis',(0.922771301049339,0.190566393805505,-0.334929209702104));
#6421=DIRECTION('ref_axis',(0.328003457185367,0.0677591910975925,0.942243293473743));
#6422=DIRECTION('center_axis',(0.,-6.982962677686E-15,1.));
#6423=DIRECTION('ref_axis',(-1.,0.,0.));
#6424=DIRECTION('',(0.0843118669967276,0.996439415661347,0.));
#6425=DIRECTION('',(0.12494220529839,0.992164021387177,0.));
#6426=DIRECTION('',(0.160800519292839,0.986986926456047,0.));
#6427=DIRECTION('',(0.173960650403729,0.984752604521111,0.));
#6428=DIRECTION('center_axis',(0.143619496585513,0.989330918604711,-0.0244494108984548));
#6429=DIRECTION('ref_axis',(0.11836888920911,0.00735525142222785,0.992942448656475));
#6430=DIRECTION('center_axis',(-0.0920741884236637,0.0162652889974992,0.995619296819799));
#6431=DIRECTION('ref_axis',(0.995751023291993,0.,0.0920863703972956));
#6432=DIRECTION('',(0.180775088000866,0.983524462104669,0.));
#6433=DIRECTION('center_axis',(0.0920741884236637,-0.0162652889974992,-0.995619296819799));
#6434=DIRECTION('ref_axis',(-0.980438695654762,0.173198580429348,-0.09349981711238));
#6435=DIRECTION('',(0.21483178448334,0.976651065824281,0.));
#6436=DIRECTION('',(0.22887458899692,0.973455917086897,0.));
#6437=DIRECTION('',(0.216767715099494,0.976223210997641,0.));
#6438=DIRECTION('',(0.193281489406065,0.981143346230801,0.));
#6439=DIRECTION('',(0.165271322796214,0.986248138077426,0.));
#6440=DIRECTION('',(0.135279436299926,0.990807485899443,0.));
#6441=DIRECTION('center_axis',(-0.990782463343762,0.135276019856999,-0.00710695308249231));
#6442=DIRECTION('ref_axis',(-0.00717288659784559,0.,0.999974274518027));
#6443=DIRECTION('',(0.135258267603704,0.990810375927122,0.));
#6444=DIRECTION('',(-0.0070562714966111,0.000963347902184275,0.999974640175132));
#6445=DIRECTION('',(0.0932069678997489,0.995646755197311,0.));
#6446=DIRECTION('center_axis',(0.456534575701818,-0.0525066861335687,0.888154957819879));
#6447=DIRECTION('ref_axis',(0.882338507468446,-0.101478999494408,-0.4595440902677));
#6448=DIRECTION('',(0.102387905205037,0.994744548548885,0.));
#6449=DIRECTION('center_axis',(0.861698049834976,-0.0846786743312799,-0.500305899449623));
#6450=DIRECTION('ref_axis',(0.497907928879252,-0.0489253246727583,0.865848720600105));
#6451=DIRECTION('',(0.142595607600037,0.989781032700251,0.));
#6452=DIRECTION('center_axis',(-0.451813610518493,0.0557749557668281,-0.890367124089525));
#6453=DIRECTION('ref_axis',(0.883659487851504,-0.10908494483415,-0.455243214491493));
#6454=DIRECTION('',(0.164847771002177,0.986319021612994,0.));
#6455=DIRECTION('',(0.192848254946166,0.981228592409627,1.42849228976321E-6));
#6456=DIRECTION('',(0.21035594809967,0.977624864198476,0.));
#6457=DIRECTION('',(0.180604885415677,0.983555730685349,0.));
#6458=DIRECTION('',(0.164909974714863,0.986308623216922,2.73551740282386E-6));
#6459=DIRECTION('center_axis',(-0.181199743597774,-0.982992288919552,0.0298799739759223));
#6460=DIRECTION('ref_axis',(0.270890913530106,-0.0790961087555685,-0.95935494919584));
#6461=DIRECTION('',(0.124770514197751,0.992185627182146,0.));
#6462=DIRECTION('',(0.0830941113024425,0.996541704429301,0.));
#6463=DIRECTION('center_axis',(0.00705295831659106,-0.000588093103144067,
-0.999974954649108));
#6464=DIRECTION('ref_axis',(-0.999975127571571,0.,-0.00705295953623653));
#6465=DIRECTION('',(0.0806922908031112,0.996739060238409,0.));
#6466=DIRECTION('',(-0.996616248083065,0.0818912179050886,-0.00706275348971983));
#6467=DIRECTION('',(0.0574184677035286,0.998350198861391,0.));
#6468=DIRECTION('',(0.0792228706945663,0.996856928931586,0.));
#6469=DIRECTION('center_axis',(-0.00705518975173175,0.000560694688681268,
0.999974954645882));
#6470=DIRECTION('ref_axis',(0.999975111831249,0.,0.00705519086073212));
#6471=DIRECTION('',(0.0927283599997712,0.995691443797602,0.));
#6472=DIRECTION('center_axis',(0.00703665287724657,-0.000607242995952202,
-0.999975058075065));
#6473=DIRECTION('ref_axis',(0.99965510388548,-0.025297709543028,0.0070497636546195));
#6474=DIRECTION('center_axis',(-0.170305673680732,0.0158605016819654,0.985263630709339));
#6475=DIRECTION('ref_axis',(0.985387578343941,0.,0.17032709838855));
#6476=DIRECTION('',(0.0945257270993124,0.995522419092783,0.));
#6477=DIRECTION('',(0.980995216250463,-0.0922525502126473,0.170698133185367));
#6478=DIRECTION('',(0.103883957898123,0.994589424481993,0.));
#6479=DIRECTION('',(0.0952573439950812,0.995452680148586,0.));
#6480=DIRECTION('center_axis',(0.0070452512739782,-0.000674177625436653,
-0.999974954645873));
#6481=DIRECTION('ref_axis',(-0.999975181897994,0.,-0.00704525287506659));
#6482=DIRECTION('',(0.0793527754032786,0.996846596541211,0.));
#6483=DIRECTION('center_axis',(-0.00703585618443371,0.000616645010782176,
0.999975057927288));
#6484=DIRECTION('ref_axis',(0.99317826838851,-0.116391951229017,0.00705980806415311));
#6485=DIRECTION('center_axis',(0.00705511723738538,-0.000561614129520576,
-0.999974954641533));
#6486=DIRECTION('ref_axis',(-0.999975112342836,0.,-0.00705511835001442));
#6487=DIRECTION('',(0.0784518759841734,0.996917901912973,-1.17961196367799E-13));
#6488=DIRECTION('',(-0.996857487214034,0.0789003657499473,-0.00706275228552207));
#6489=DIRECTION('center_axis',(0.00705562051875843,-0.000555237963914327,
-0.999974954651315));
#6490=DIRECTION('ref_axis',(-0.999975108792088,0.,-0.00705562160634447));
#6491=DIRECTION('',(0.0775509124003808,0.996988393104889,0.));
#6492=DIRECTION('',(-0.996928307087937,0.0780004362911725,-0.00706275195414495));
#6493=DIRECTION('',(0.05009892110058,0.998744260611573,0.));
#6494=DIRECTION('',(0.0387613487977114,0.999248496540967,0.));
#6495=DIRECTION('',(0.0682607864975232,0.99766751226385,0.));
#6496=DIRECTION('center_axis',(0.,-6.982962677686E-15,1.));
#6497=DIRECTION('ref_axis',(-1.,0.,0.));
#6498=DIRECTION('',(0.165441991605492,0.986219522932703,0.));
#6499=DIRECTION('',(0.165277638710434,0.986247079662243,0.));
#6500=DIRECTION('center_axis',(0.,-6.982962677686E-15,1.));
#6501=DIRECTION('ref_axis',(-1.,0.,0.));
#6502=DIRECTION('',(0.,0.,1.));
#6503=DIRECTION('',(1.,0.,0.));
#6504=DIRECTION('',(0.,0.,1.));
#6505=DIRECTION('',(1.,0.,0.));
#6506=CARTESIAN_POINT('',(0.,0.,0.));
#6507=CARTESIAN_POINT('',(0.,0.,0.));
#6508=CARTESIAN_POINT('',(0.,0.,0.));
#6509=CARTESIAN_POINT('Origin',(-2.2,-2.2,0.099999999999));
#6510=CARTESIAN_POINT('',(-2.2,-2.399999999999,-1.5));
#6511=CARTESIAN_POINT('',(-2.2,-2.399999999999,-1.6));
#6512=CARTESIAN_POINT('',(-2.2,-2.4,0.099999999999));
#6513=CARTESIAN_POINT('',(-2.399999999999,-2.199999999999,-1.5));
#6514=CARTESIAN_POINT('Origin',(-2.2,-2.199999999999,-1.5));
#6515=CARTESIAN_POINT('',(-2.399999999999,-2.199999999999,-1.6));
#6516=CARTESIAN_POINT('',(-2.4,-2.2,0.099999999999));
#6517=CARTESIAN_POINT('Origin',(-2.2,-2.199999999999,-1.6));
#6518=CARTESIAN_POINT('Origin',(-1.803122292025,-1.803122292025,-3.320136466308E-15));
#6519=CARTESIAN_POINT('',(-2.399999999999,-1.206244584051,-1.499));
#6520=CARTESIAN_POINT('',(-2.399999999999,-1.206244584051,-0.001));
#6521=CARTESIAN_POINT('',(-2.399999999999,-1.206244584051,-1.978709933386E-15));
#6522=CARTESIAN_POINT('',(-1.206244584051,-2.399999999999,-1.499));
#6523=CARTESIAN_POINT('',(-1.135533905932,-2.470710678118,-1.499));
#6524=CARTESIAN_POINT('',(-1.206244584051,-2.399999999999,-0.001));
#6525=CARTESIAN_POINT('',(-1.206244584051,-2.399999999999,-1.031465944924E-14));
#6526=CARTESIAN_POINT('',(-1.803122292025,-1.803122292025,-0.001));
#6527=CARTESIAN_POINT('Origin',(-2.399292893218,-1.064116121032,-0.001));
#6528=CARTESIAN_POINT('',(-2.399999999999,-1.064823227814,-0.001));
#6529=CARTESIAN_POINT('',(-2.399292893218,-1.064116121032,-1.380375905303E-14));
#6530=CARTESIAN_POINT('Origin',(-2.399292893218,-1.064116121032,-0.001));
#6531=CARTESIAN_POINT('',(-2.399999999999,-1.064823227814,-7.435620858159E-15));
#6532=CARTESIAN_POINT('',(-2.399999999999,-1.064823227814,-0.001));
#6533=CARTESIAN_POINT('',(-2.4,-1.064823227814,-7.435620858159E-15));
#6534=CARTESIAN_POINT('Origin',(-2.399292893218,-1.064116121032,-0.001));
#6535=CARTESIAN_POINT('',(-2.399292893218,-1.064116121032,0.099999999999));
#6536=CARTESIAN_POINT('',(-2.39999998402297,-1.06482315561406,0.0999975247089063));
#6537=CARTESIAN_POINT('',(-0.667588386094,0.667588386093,0.1));
#6538=CARTESIAN_POINT('Origin',(-2.399999999999,-1.06340901404079,-0.000999999932487661));
#6539=CARTESIAN_POINT('',(-1.06482315561349,-2.39999998402304,0.0999975247088823));
#6540=CARTESIAN_POINT('Origin',(-1.06340901425546,-2.39999999999863,-0.000999999997212588));
#6541=CARTESIAN_POINT('',(-1.064116121032,-2.399292893218,0.099999999999));
#6542=CARTESIAN_POINT('Origin',(-1.064116121032,-2.399292893218,-0.001));
#6543=CARTESIAN_POINT('',(-2.399292893218,-1.064116121033,0.099999999999));
#6544=CARTESIAN_POINT('Origin',(-1.136241012713,-2.471417784899,-1.499));
#6545=CARTESIAN_POINT('',(-1.207658797613,-2.399999999999,-1.6));
#6546=CARTESIAN_POINT('',(-2.399999999999,-1.207658797613,-1.6));
#6547=CARTESIAN_POINT('',(-2.471417784899,-1.136241012713,-1.6));
#6548=CARTESIAN_POINT('',(-2.399999999999,-1.064823227814,-1.499));
#6549=CARTESIAN_POINT('Origin',(-2.399999999999,-1.20765879761172,-1.49900000000086));
#6550=CARTESIAN_POINT('',(-1.064823227814,-2.399999999999,-1.499));
#6551=CARTESIAN_POINT('',(-1.064823227814,-2.399999999999,-1.499));
#6552=CARTESIAN_POINT('Origin',(-1.20765879761166,-2.399999999999,-1.4990000000009));
#6553=CARTESIAN_POINT('Origin',(-1.136241012713,-2.471417784899,-1.499));
#6554=CARTESIAN_POINT('',(-2.399999999999,-1.207658797613,-1.5));
#6555=CARTESIAN_POINT('Ctrl Pts',(-2.399999999999,-1.207658797613,-1.5));
#6556=CARTESIAN_POINT('Ctrl Pts',(-2.399999999999,-1.206830370489,-1.5));
#6557=CARTESIAN_POINT('Ctrl Pts',(-2.399999999999,-1.206244584051,-1.499585786437));
#6558=CARTESIAN_POINT('Ctrl Pts',(-2.399999999999,-1.206244584051,-1.499));
#6559=CARTESIAN_POINT('',(-1.207658797613,-2.399999999999,-1.5));
#6560=CARTESIAN_POINT('',(-2.471417784899,-1.136241012713,-1.5));
#6561=CARTESIAN_POINT('Ctrl Pts',(-1.207658797613,-2.399999999999,-1.5));
#6562=CARTESIAN_POINT('Ctrl Pts',(-1.206830370489,-2.399999999999,-1.5));
#6563=CARTESIAN_POINT('Ctrl Pts',(-1.206244584051,-2.399999999999,-1.499585786437));
#6564=CARTESIAN_POINT('Ctrl Pts',(-1.206244584051,-2.399999999999,-1.499));
#6565=CARTESIAN_POINT('Origin',(-8.449827792541E-17,1.108824200637E-14,
-1.6));
#6566=CARTESIAN_POINT('',(-3.315229009045E-16,-2.399999999999,-1.6));
#6567=CARTESIAN_POINT('',(-2.4,5.778600391102E-15,-1.6));
#6568=CARTESIAN_POINT('Origin',(-7.40248849392E-17,1.040041913159E-14,-1.5));
#6569=CARTESIAN_POINT('',(-2.4,5.604255665209E-15,-1.5));
#6570=CARTESIAN_POINT('',(-7.40248849392E-17,-2.399999999999,-1.5));
#6571=CARTESIAN_POINT('Origin',(-1.732411613907,-1.732411613907,-3.175514573976E-15));
#6572=CARTESIAN_POINT('',(-1.064823227814,-2.399999999999,-0.001));
#6573=CARTESIAN_POINT('',(-1.064823227814,-2.399999999999,-1.675911042644E-14));
#6574=CARTESIAN_POINT('',(-2.4,-1.064823227814,-1.6));
#6575=CARTESIAN_POINT('',(-1.064823227814,-2.399999999999,-0.001));
#6576=CARTESIAN_POINT('Origin',(0.,-6.982962677686E-16,0.1));
#6577=CARTESIAN_POINT('',(-0.632233047033,-2.4,0.099999999999));
#6578=CARTESIAN_POINT('',(-0.632233047033,-2.4,0.099999999999));
#6579=CARTESIAN_POINT('',(1.842640687119,0.074873734152,0.1));
#6580=CARTESIAN_POINT('',(1.842640687119,0.074873734152,0.1));
#6581=CARTESIAN_POINT('',(0.074873734152,1.842640687119,0.1));
#6582=CARTESIAN_POINT('',(0.074873734152,1.842640687119,0.1));
#6583=CARTESIAN_POINT('',(-2.4,-0.632233047033,0.099999999999));
#6584=CARTESIAN_POINT('',(-2.4,-0.632233047033,0.099999999999));
#6585=CARTESIAN_POINT('',(-2.4,-1.064823227814,0.099999999999));
#6586=CARTESIAN_POINT('Origin',(0.,0.,0.));
#6587=CARTESIAN_POINT('',(-1.064116121032,-2.399292893218,-1.675417272618E-14));
#6588=CARTESIAN_POINT('',(-2.399292893218,-1.064116121032,-1.380375905303E-14));
#6589=CARTESIAN_POINT('',(-2.4,-0.632233047033,-4.414859771035E-15));
#6590=CARTESIAN_POINT('',(-2.4,-1.064823227814,-7.435620858159E-15));
#6591=CARTESIAN_POINT('',(0.074873734152,1.842640687119,1.286709114654E-14));
#6592=CARTESIAN_POINT('',(-2.4,-0.632233047033,-4.414859771035E-15));
#6593=CARTESIAN_POINT('',(1.842640687119,0.074873734152,5.228404911287E-16));
#6594=CARTESIAN_POINT('',(0.074873734152,1.842640687119,1.286709114654E-14));
#6595=CARTESIAN_POINT('',(-0.632233047033,-2.399999999999,-1.675911042644E-14));
#6596=CARTESIAN_POINT('',(1.842640687119,0.074873734152,5.228404911287E-16));
#6597=CARTESIAN_POINT('',(-1.064823227814,-2.399999999999,-1.675911042644E-14));
#6598=CARTESIAN_POINT('',(-0.632233047033,-2.399999999999,-1.675911042644E-14));
#6599=CARTESIAN_POINT('',(-1.064116121032,-2.399292893218,-1.879043993138E-14));
#6600=CARTESIAN_POINT('Origin',(0.074873734152,1.842640687119,0.1));
#6601=CARTESIAN_POINT('',(0.074873734152,1.842640687119,0.1));
#6602=CARTESIAN_POINT('',(1.842640687119,0.074873734152,0.1));
#6603=CARTESIAN_POINT('Origin',(-2.4,-0.632233047033,0.099999999999));
#6604=CARTESIAN_POINT('',(-2.4,-0.632233047033,0.099999999999));
#6605=CARTESIAN_POINT('Origin',(-2.4,-1.064823227814,0.099999999999));
#6606=CARTESIAN_POINT('Origin',(-0.632233047033,-2.4,0.099999999999));
#6607=CARTESIAN_POINT('',(-1.064823227814,-2.399999999999,-0.001));
#6608=CARTESIAN_POINT('',(-0.632233047033,-2.4,0.099999999999));
#6609=CARTESIAN_POINT('Origin',(1.842640687119,0.074873734152,0.1));
#6610=CARTESIAN_POINT('Origin',(-1.064116121032,-2.399292893218,-0.001));
#6611=CARTESIAN_POINT('Origin',(-1.064116121032,-2.399292893218,-0.001));
#6612=CARTESIAN_POINT('Origin',(-2.399292893218,-1.064116121032,-0.001));
#6613=CARTESIAN_POINT('Origin',(-1.399999999999,2.4,-1.749999999999));
#6614=CARTESIAN_POINT('',(-1.399999999999,2.4,-1.649999999999));
#6615=CARTESIAN_POINT('',(-2.399999999999,2.4,-1.649999999999));
#6616=CARTESIAN_POINT('',(-2.399999999999,2.4,-1.649999999999));
#6617=CARTESIAN_POINT('',(-1.399999999999,2.4,-1.749999999999));
#6618=CARTESIAN_POINT('',(-1.399999999999,2.4,-1.749999999999));
#6619=CARTESIAN_POINT('',(-2.399999999999,2.4,-1.749999999999));
#6620=CARTESIAN_POINT('',(-1.399999999999,2.4,-1.749999999999));
#6621=CARTESIAN_POINT('',(-2.399999999999,2.4,-1.749999999999));
#6622=CARTESIAN_POINT('Origin',(-1.399999999999,2.1,-1.749999999999));
#6623=CARTESIAN_POINT('',(-1.399999999999,2.1,-1.649999999999));
#6624=CARTESIAN_POINT('',(-1.399999999999,2.1,-1.649999999999));
#6625=CARTESIAN_POINT('',(-1.399999999999,2.1,-1.749999999999));
#6626=CARTESIAN_POINT('',(-1.399999999999,2.1,-1.749999999999));
#6627=CARTESIAN_POINT('',(-1.399999999999,2.1,-1.749999999999));
#6628=CARTESIAN_POINT('Origin',(0.1,2.1,-1.749999999999));
#6629=CARTESIAN_POINT('',(0.1,2.1,-1.649999999999));
#6630=CARTESIAN_POINT('',(0.1,2.1,-1.649999999999));
#6631=CARTESIAN_POINT('',(0.1,2.1,-1.749999999999));
#6632=CARTESIAN_POINT('',(0.1,2.1,-1.749999999999));
#6633=CARTESIAN_POINT('',(0.1,2.1,-1.749999999999));
#6634=CARTESIAN_POINT('Origin',(0.1,2.4,-1.749999999999));
#6635=CARTESIAN_POINT('',(0.1,2.4,-1.649999999999));
#6636=CARTESIAN_POINT('',(0.1,2.4,-1.649999999999));
#6637=CARTESIAN_POINT('',(0.1,2.4,-1.749999999999));
#6638=CARTESIAN_POINT('',(0.1,2.4,-1.749999999999));
#6639=CARTESIAN_POINT('',(0.1,2.4,-1.749999999999));
#6640=CARTESIAN_POINT('Origin',(1.1,2.4,-1.749999999999));
#6641=CARTESIAN_POINT('',(1.1,2.4,-1.649999999999));
#6642=CARTESIAN_POINT('',(-2.399999999999,2.4,-1.649999999999));
#6643=CARTESIAN_POINT('',(1.1,2.4,-1.749999999999));
#6644=CARTESIAN_POINT('',(1.1,2.4,-1.749999999999));
#6645=CARTESIAN_POINT('',(1.1,2.4,-1.749999999999));
#6646=CARTESIAN_POINT('Origin',(-1.399999999999,-1.099999999999,-1.75));
#6647=CARTESIAN_POINT('',(1.1,-1.099999999999,-1.65));
#6648=CARTESIAN_POINT('',(-1.399999999999,-1.099999999999,-1.65));
#6649=CARTESIAN_POINT('',(1.1,-1.099999999999,-1.65));
#6650=CARTESIAN_POINT('',(1.1,-1.099999999999,-1.55));
#6651=CARTESIAN_POINT('',(1.1,-1.099999999999,-1.75));
#6652=CARTESIAN_POINT('',(-1.399999999999,-1.099999999999,-1.55));
#6653=CARTESIAN_POINT('',(-1.399999999999,-1.099999999999,-1.55));
#6654=CARTESIAN_POINT('',(-1.399999999999,-1.099999999999,-1.75));
#6655=CARTESIAN_POINT('Origin',(-2.399999999999,-0.099999999999,-1.75));
#6656=CARTESIAN_POINT('',(-2.399999999999,-0.099999999999,-1.65));
#6657=CARTESIAN_POINT('',(-2.399999999999,-0.099999999999,-1.65));
#6658=CARTESIAN_POINT('',(-2.399999999999,-0.099999999999,-1.55));
#6659=CARTESIAN_POINT('',(-2.399999999999,-0.099999999999,-1.55));
#6660=CARTESIAN_POINT('',(-2.399999999999,-0.099999999999,-1.75));
#6661=CARTESIAN_POINT('Origin',(-2.399999999999,2.4,-1.749999999999));
#6662=CARTESIAN_POINT('',(-2.399999999999,1.573205080756,-1.749999999999));
#6663=CARTESIAN_POINT('',(-2.399999999999,2.4,-1.749999999999));
#6664=CARTESIAN_POINT('',(-2.399999999999,1.4,-1.649999999999));
#6665=CARTESIAN_POINT('Origin',(-2.399999999999,1.573205080756,-1.549999999999));
#6666=CARTESIAN_POINT('',(-2.399999999999,1.4,-1.649999999999));
#6667=CARTESIAN_POINT('',(-2.399999999999,1.426794919243,-1.549999999999));
#6668=CARTESIAN_POINT('',(-2.399999999999,2.4,-1.549999999999));
#6669=CARTESIAN_POINT('',(-2.399999999999,1.6,-1.649999999999));
#6670=CARTESIAN_POINT('Origin',(-2.399999999999,1.426794919243,-1.749999999999));
#6671=CARTESIAN_POINT('',(-2.399999999999,2.4,-1.649999999999));
#6672=CARTESIAN_POINT('Origin',(1.1,-1.099999999999,-1.75));
#6673=CARTESIAN_POINT('',(1.1,1.4,-1.649999999999));
#6674=CARTESIAN_POINT('',(1.1,1.4,-1.649999999999));
#6675=CARTESIAN_POINT('',(1.1,1.573205080756,-1.749999999999));
#6676=CARTESIAN_POINT('Origin',(1.1,1.573205080756,-1.549999999999));
#6677=CARTESIAN_POINT('',(1.1,-1.099999999999,-1.75));
#6678=CARTESIAN_POINT('',(1.1,1.6,-1.649999999999));
#6679=CARTESIAN_POINT('',(1.1,2.4,-1.649999999999));
#6680=CARTESIAN_POINT('',(1.1,1.426794919243,-1.549999999999));
#6681=CARTESIAN_POINT('Origin',(1.1,1.426794919243,-1.749999999999));
#6682=CARTESIAN_POINT('',(1.1,-1.099999999999,-1.55));
#6683=CARTESIAN_POINT('Origin',(0.,1.222018468595E-14,-1.75));
#6684=CARTESIAN_POINT('',(1.949339847224E-16,1.573205080756,-1.749999999999));
#6685=CARTESIAN_POINT('Origin',(0.,1.082359215041E-14,-1.55));
#6686=CARTESIAN_POINT('',(-2.399999999999,1.426794919243,-1.549999999999));
#6687=CARTESIAN_POINT('Origin',(0.,1.152188841818E-14,-1.649999999999));
#6688=CARTESIAN_POINT('',(1.1,1.4,-1.649999999999));
#6689=CARTESIAN_POINT('Origin',(0.,1.152188841818E-14,-1.649999999999));
#6690=CARTESIAN_POINT('',(-2.399999999999,1.6,-1.649999999999));
#6691=CARTESIAN_POINT('Origin',(1.1,1.573205080756,-1.549999999999));
#6692=CARTESIAN_POINT('Origin',(-2.399999999999,1.426794919243,-1.749999999999));
#6693=CARTESIAN_POINT('Origin',(0.925465319249,1.720357887794,-0.001));
#6694=CARTESIAN_POINT('',(0.710117141931,1.720357887794,-0.001));
#6695=CARTESIAN_POINT('Origin',(0.925465319249,1.720357887794,-0.001));
#6696=CARTESIAN_POINT('',(0.710117141931,1.720357887794,1.35525271560688E-19));
#6697=CARTESIAN_POINT('',(0.710117141931,1.720357887794,-0.001));
#6698=CARTESIAN_POINT('Origin',(0.925465319249,1.720357887794,0.));
#6699=CARTESIAN_POINT('Origin',(0.,8.728703347107E-15,-1.25));
#6700=CARTESIAN_POINT('',(-1.7,1.10317821062679E-14,-1.55));
#6701=CARTESIAN_POINT('Origin',(0.,1.082359215041E-14,-1.55));
#6702=CARTESIAN_POINT('',(-2.,8.97363270693647E-15,-1.25));
#6703=CARTESIAN_POINT('Origin',(-1.7,8.93689330296205E-15,-1.25));
#6704=CARTESIAN_POINT('',(2.,8.134625853394E-15,-1.25));
#6705=CARTESIAN_POINT('Origin',(0.,8.728703347107E-15,-1.25));
#6706=CARTESIAN_POINT('Origin',(0.,8.728703347107E-15,-1.25));
#6707=CARTESIAN_POINT('Origin',(0.,5.935518276033E-15,-0.85));
#6708=CARTESIAN_POINT('',(-2.1,8.28758290715276E-15,-1.149999999999));
#6709=CARTESIAN_POINT('Origin',(0.,8.030407079339E-15,-1.149999999999));
#6710=CARTESIAN_POINT('',(-2.399999999999,6.22943350782824E-15,-0.85));
#6711=CARTESIAN_POINT('Origin',(-2.1,6.19269410385395E-15,-0.85));
#6712=CARTESIAN_POINT('',(2.399999999999,2.673843906221E-15,-0.85));
#6713=CARTESIAN_POINT('Origin',(0.,5.935518276033E-15,-0.85));
#6714=CARTESIAN_POINT('Origin',(0.,5.935518276033E-15,-0.85));
#6715=CARTESIAN_POINT('Origin',(0.,1.082359215041E-14,-1.55));
#6716=CARTESIAN_POINT('',(2.,8.27533643915809E-15,-1.149999999999));
#6717=CARTESIAN_POINT('Origin',(0.,8.030407079339E-15,-1.149999999999));
#6718=CARTESIAN_POINT('',(2.,1.10685215102395E-14,-1.55));
#6719=CARTESIAN_POINT('Origin',(0.,8.030407079339E-15,-1.149999999999));
#6720=CARTESIAN_POINT('',(2.399999999999,2.93915231802323E-16,0.));
#6721=CARTESIAN_POINT('Origin',(0.,0.,0.));
#6722=CARTESIAN_POINT('',(2.399999999999,8.32432231113424E-15,-1.149999999999));
#6723=CARTESIAN_POINT('',(-0.00450466275303517,2.3999957724986,-0.290975361603304));
#6724=CARTESIAN_POINT('',(0.00862193090861242,2.39998451293008,-0.290882360366884));
#6725=CARTESIAN_POINT('Origin',(0.,2.03187009017193E-15,-0.290975361597975));
#6726=CARTESIAN_POINT('',(-0.00386569312307211,2.39999688675102,-0.38106812000982));
#6727=CARTESIAN_POINT('',(-0.003865693129,2.399996886751,-0.381068119174));
#6728=CARTESIAN_POINT('',(-0.0443607207870003,2.399589991321,-0.381355342267972));
#6729=CARTESIAN_POINT('Origin',(-0.00602585873919656,0.599685975578351,
-0.381211732123629));
#6730=CARTESIAN_POINT('',(-0.0442785130516599,2.39959150966995,-0.392948351090897));
#6731=CARTESIAN_POINT('',(-0.044278513049,2.39959150967,-0.392948351466));
#6732=CARTESIAN_POINT('',(0.00934311691099996,2.399981813715,-0.392568029744));
#6733=CARTESIAN_POINT('Origin',(-0.00436429173994029,0.599555050469513,
-0.392758196630679));
#6734=CARTESIAN_POINT('',(0.008621930217,2.399984512933,-0.290882262971));
#6735=CARTESIAN_POINT('',(-0.098364316492,2.397983415547,-0.383350197888));
#6736=CARTESIAN_POINT('',(-0.072333613543,2.398909720758,-0.372455685204));
#6737=CARTESIAN_POINT('Ctrl Pts',(-0.0983643164919814,2.39798341554655,
-0.383350197888));
#6738=CARTESIAN_POINT('Ctrl Pts',(-0.0923676523621003,2.39822939630043,
-0.383004755958632));
#6739=CARTESIAN_POINT('Ctrl Pts',(-0.0879501663140785,2.39839767252893,
-0.38233035163386));
#6740=CARTESIAN_POINT('Ctrl Pts',(-0.0800221779467571,2.39867528068445,
-0.379108704132808));
#6741=CARTESIAN_POINT('Ctrl Pts',(-0.0765089387238563,2.39878382341575,
-0.376558544676568));
#6742=CARTESIAN_POINT('Ctrl Pts',(-0.0723336135429987,2.39890972075796,
-0.372455685204));
#6743=CARTESIAN_POINT('',(-0.124637311899621,2.39676146924924,-0.376726151556072));
#6744=CARTESIAN_POINT('Origin',(30.0343512540606,2.14505147916013,68.7674523788703));
#6745=CARTESIAN_POINT('',(-0.124548205012,2.396766101359,-0.389306906448));
#6746=CARTESIAN_POINT('',(-0.124548205012,2.396766101359,-0.389306906448));
#6747=CARTESIAN_POINT('',(-0.096385477655,2.398063768897,-0.39503372244));
#6748=CARTESIAN_POINT('Ctrl Pts',(-0.0963854776549693,2.39806376889616,
-0.39503372244));
#6749=CARTESIAN_POINT('Ctrl Pts',(-0.101476237771708,2.39785915576124,-0.394976908157725));
#6750=CARTESIAN_POINT('Ctrl Pts',(-0.106604065685735,2.3976367078918,-0.39452543759654));
#6751=CARTESIAN_POINT('Ctrl Pts',(-0.116060854436055,2.39719651915937,-0.392602505023962));
#6752=CARTESIAN_POINT('Ctrl Pts',(-0.120419911163552,2.39698062858727,-0.391242054937606));
#6753=CARTESIAN_POINT('Ctrl Pts',(-0.124548205011999,2.39676610135898,-0.389306906448));
#6754=CARTESIAN_POINT('',(-0.061568108675,2.399210155028,-0.380905531958));
#6755=CARTESIAN_POINT('Ctrl Pts',(-0.0615681086749996,2.39921015502798,
-0.380905531958));
#6756=CARTESIAN_POINT('Ctrl Pts',(-0.066066831705573,2.39909470958946,-0.385342429512809));
#6757=CARTESIAN_POINT('Ctrl Pts',(-0.0712270896076903,2.39895073068328,
-0.388776181553451));
#6758=CARTESIAN_POINT('Ctrl Pts',(-0.0832309141613678,2.39856500642718,
-0.393646789174009));
#6759=CARTESIAN_POINT('Ctrl Pts',(-0.0897552578203176,2.39833025760009,
-0.394814423643382));
#6760=CARTESIAN_POINT('Ctrl Pts',(-0.0963854776549524,2.39806376889616,
-0.39503372244));
#6761=CARTESIAN_POINT('',(-0.04878354621,2.399504149948,-0.344058468442));
#6762=CARTESIAN_POINT('Ctrl Pts',(-0.0487835462099861,2.39950414994732,
-0.344058468442));
#6763=CARTESIAN_POINT('Ctrl Pts',(-0.0489609572402842,2.39950054306079,
-0.351967925258602));
#6764=CARTESIAN_POINT('Ctrl Pts',(-0.0496552095229919,2.39949157883979,
-0.358180442967541));
#6765=CARTESIAN_POINT('Ctrl Pts',(-0.0534616636988581,2.39940978341605,
-0.369655287380144));
#6766=CARTESIAN_POINT('Ctrl Pts',(-0.056565417313935,2.39933853321309,-0.374907573960007));
#6767=CARTESIAN_POINT('Ctrl Pts',(-0.0615681086749996,2.39921015502798,
-0.380905531958));
#6768=CARTESIAN_POINT('',(-0.063745837417,2.399153281516,-0.304652821163));
#6769=CARTESIAN_POINT('Ctrl Pts',(-0.0637458374169902,2.39915328151563,
-0.304652821163));
#6770=CARTESIAN_POINT('Ctrl Pts',(-0.0583198513086397,2.39929745072356,
-0.310604367105207));
#6771=CARTESIAN_POINT('Ctrl Pts',(-0.054718403348455,2.39938203473056,-0.316106623348494));
#6772=CARTESIAN_POINT('Ctrl Pts',(-0.0500877985915823,2.39948316637609,
-0.328480939631408));
#6773=CARTESIAN_POINT('Ctrl Pts',(-0.0490578264646068,2.39949857364378,
-0.335353024863187));
#6774=CARTESIAN_POINT('Ctrl Pts',(-0.0487835462099861,2.39950414994732,
-0.344058468442));
#6775=CARTESIAN_POINT('',(-0.101181889126,2.397866181694,-0.289945600017));
#6776=CARTESIAN_POINT('Ctrl Pts',(-0.101181889125965,2.39786618169324,-0.289945600017));
#6777=CARTESIAN_POINT('Ctrl Pts',(-0.094115626090185,2.39816435423034,-0.290138675660745));
#6778=CARTESIAN_POINT('Ctrl Pts',(-0.0871692569849234,2.3984262434218,-0.291343186467575));
#6779=CARTESIAN_POINT('Ctrl Pts',(-0.0742798008405047,2.39885928464633,
-0.296406626689607));
#6780=CARTESIAN_POINT('Ctrl Pts',(-0.0686791730477827,2.39902220209963,
-0.300005466401726));
#6781=CARTESIAN_POINT('Ctrl Pts',(-0.0637458374170026,2.39915328151563,
-0.304652821162988));
#6782=CARTESIAN_POINT('',(-0.125221289101897,2.39673102970422,-0.294275423412263));
#6783=CARTESIAN_POINT('Origin',(20.6727346680059,2.65338772705173,-22.3120574676215));
#6784=CARTESIAN_POINT('',(-0.12512408282,2.396736106436,-0.3079998823));
#6785=CARTESIAN_POINT('',(-0.12512408282,2.396736106436,-0.3079998823));
#6786=CARTESIAN_POINT('',(-0.101227749473,2.397864246102,-0.301799463925));
#6787=CARTESIAN_POINT('Origin',(32.1651051161615,2.32563844477651,-68.170821086821));
#6788=CARTESIAN_POINT('',(-0.073457452453,2.398875570486,-0.312884032528));
#6789=CARTESIAN_POINT('Ctrl Pts',(-0.0734574524530213,2.39887557048596,
-0.312884032527978));
#6790=CARTESIAN_POINT('Ctrl Pts',(-0.0770940124905936,2.39876421313198,
-0.309406930966718));
#6791=CARTESIAN_POINT('Ctrl Pts',(-0.0812351687484889,2.3986297687412,-0.306712740308277));
#6792=CARTESIAN_POINT('Ctrl Pts',(-0.0907969632365064,2.39828729016874,
-0.302896301637735));
#6793=CARTESIAN_POINT('Ctrl Pts',(-0.0959677375743277,2.39808630169432,
-0.301973783948326));
#6794=CARTESIAN_POINT('Ctrl Pts',(-0.101227749472954,2.39786424610149,-0.301799463925001));
#6795=CARTESIAN_POINT('',(-0.062561795239,2.399184449302,-0.343376377088));
#6796=CARTESIAN_POINT('Ctrl Pts',(-0.062561795239,2.399184449302,-0.343376377088));
#6797=CARTESIAN_POINT('Ctrl Pts',(-0.063004422901,2.399172907221,-0.331036298298));
#6798=CARTESIAN_POINT('Ctrl Pts',(-0.06663672758,2.399084432121,-0.320872191284));
#6799=CARTESIAN_POINT('Ctrl Pts',(-0.073457452453,2.398875570486,-0.312884032528));
#6800=CARTESIAN_POINT('Ctrl Pts',(-0.0723336135429987,2.39890972075796,
-0.372455685204));
#6801=CARTESIAN_POINT('Ctrl Pts',(-0.0683781762153214,2.39902898788693,
-0.367475932323404));
#6802=CARTESIAN_POINT('Ctrl Pts',(-0.0660189056914074,2.39909523118952,
-0.363410233922216));
#6803=CARTESIAN_POINT('Ctrl Pts',(-0.0631888630573109,2.39917143677606,
-0.354546266629308));
#6804=CARTESIAN_POINT('Ctrl Pts',(-0.062723752377769,2.39918022606281,-0.34976710305633));
#6805=CARTESIAN_POINT('Ctrl Pts',(-0.0625617952389953,2.39918444930182,
-0.343376377088));
#6806=CARTESIAN_POINT('',(-0.1582635786,2.394776114731,-0.34795508337397));
#6807=CARTESIAN_POINT('',(-0.194529490042277,2.39210331664457,-0.348212993480568));
#6808=CARTESIAN_POINT('Origin',(-0.044081593010811,0.59813586963628,-0.348084041345748));
#6809=CARTESIAN_POINT('',(-0.158021496359922,2.39479210093141,-0.382162259353837));
#6810=CARTESIAN_POINT('',(-0.158021496366,2.394792100931,-0.382162258495));
#6811=CARTESIAN_POINT('',(-0.199468814285,2.391696509201,-0.382457040090972));
#6812=CARTESIAN_POINT('Origin',(-0.0446661317350534,0.598041336277881,-0.382309649240306));
#6813=CARTESIAN_POINT('',(-0.199386876882708,2.39170334141278,-0.394050048905853));
#6814=CARTESIAN_POINT('',(-0.19938687688,2.391703341413,-0.394050049289));
#6815=CARTESIAN_POINT('',(-0.144838996941,2.395625526864,-0.393662169065));
#6816=CARTESIAN_POINT('Origin',(-0.0429992613817728,0.598011652000915,-0.393856109925184));
#6817=CARTESIAN_POINT('',(-0.145558867621411,2.39558189508416,-0.291976402656727));
#6818=CARTESIAN_POINT('',(-0.145558867624,2.395581895084,-0.291976402291));
#6819=CARTESIAN_POINT('',(-0.197800125866001,2.391835092602,-0.292347875034971));
#6820=CARTESIAN_POINT('Origin',(-0.0428924747211617,0.598049315421914,-0.292162136537178));
#6821=CARTESIAN_POINT('',(-0.197717448811718,2.39184192839553,-0.304044856600023));
#6822=CARTESIAN_POINT('',(-0.197717448806,2.391841928396,-0.304044857409));
#6823=CARTESIAN_POINT('',(-0.158576296417,2.39475542764,-0.303766483292971));
#6824=CARTESIAN_POINT('Origin',(-0.0445175494257007,0.598073430082446,-0.303905667007448));
#6825=CARTESIAN_POINT('',(-0.158345989198718,2.39477066703735,-0.336310088334428));
#6826=CARTESIAN_POINT('',(-0.158345989204,2.394770667037,-0.336310087588));
#6827=CARTESIAN_POINT('',(-0.194611808642,2.39209662094499,-0.336567998440972));
#6828=CARTESIAN_POINT('Origin',(-0.0441032577135725,0.598129341203972,-0.336439046006942));
#6829=CARTESIAN_POINT('',(-0.194529490037,2.392103316645,-0.348212994227));
#6830=CARTESIAN_POINT('',(-0.30118822541,2.381026176436,-0.342630905186));
#6831=CARTESIAN_POINT('',(-0.286221437783,2.382871647519,-0.306443444191));
#6832=CARTESIAN_POINT('Ctrl Pts',(-0.301188225409899,2.3810261764352,-0.342630905186));
#6833=CARTESIAN_POINT('Ctrl Pts',(-0.30096806418951,2.38105402575829,-0.334704027228348));
#6834=CARTESIAN_POINT('Ctrl Pts',(-0.300021854336395,2.38117996431015,-0.328355487599953));
#6835=CARTESIAN_POINT('Ctrl Pts',(-0.296554324817772,2.38161347884756,-0.319691291382009));
#6836=CARTESIAN_POINT('Ctrl Pts',(-0.295049380362102,2.38179538926935,-0.31699413123841));
#6837=CARTESIAN_POINT('Ctrl Pts',(-0.291161384365782,2.38227398351973,-0.311530176610738));
#6838=CARTESIAN_POINT('Ctrl Pts',(-0.28875333084328,2.38256752619823,-0.308883864099262));
#6839=CARTESIAN_POINT('Ctrl Pts',(-0.286221437782968,2.38287164751874,-0.306443444191));
#6840=CARTESIAN_POINT('',(-0.285700504741,2.382934162244,-0.380420359385));
#6841=CARTESIAN_POINT('Ctrl Pts',(-0.285700504740912,2.38293416224326,-0.380420359385));
#6842=CARTESIAN_POINT('Ctrl Pts',(-0.288283210298365,2.38262451026334,-0.377812924005295));
#6843=CARTESIAN_POINT('Ctrl Pts',(-0.290746450661367,2.38232470712447,-0.375001298789573));
#6844=CARTESIAN_POINT('Ctrl Pts',(-0.294733798599711,2.3818344978485,-0.369251068678018));
#6845=CARTESIAN_POINT('Ctrl Pts',(-0.296288568326371,2.38164669649875,-0.366425437079751));
#6846=CARTESIAN_POINT('Ctrl Pts',(-0.29989275466079,2.38119643250644,-0.357390953002494));
#6847=CARTESIAN_POINT('Ctrl Pts',(-0.300914137818402,2.38106084718184,-0.350825034853821));
#6848=CARTESIAN_POINT('Ctrl Pts',(-0.301188225409899,2.3810261764352,-0.342630905186));
#6849=CARTESIAN_POINT('',(-0.246360065960425,2.38732208088931,-0.394384651271536));
#6850=CARTESIAN_POINT('Ctrl Pts',(-0.246360065960286,2.38732208088797,-0.394384651271536));
#6851=CARTESIAN_POINT('Ctrl Pts',(-0.253770504480765,2.38655735955551,-0.39421044858716));
#6852=CARTESIAN_POINT('Ctrl Pts',(-0.261131478085774,2.3857627980865,-0.393093068586665));
#6853=CARTESIAN_POINT('Ctrl Pts',(-0.274607858898894,2.38424779842747,-0.388309298804539));
#6854=CARTESIAN_POINT('Ctrl Pts',(-0.28048265771504,2.38355975297614,-0.384932644385267));
#6855=CARTESIAN_POINT('Ctrl Pts',(-0.285700504740907,2.38293416224326,-0.380420359385004));
#6856=CARTESIAN_POINT('',(-0.218522925995,2.390030905828,-0.394186286687));
#6857=CARTESIAN_POINT('Origin',(-0.0580933450407092,0.59699888641764,-0.394285465737195));
#6858=CARTESIAN_POINT('',(-0.219241112182822,2.38996513253338,-0.292500520505529));
#6859=CARTESIAN_POINT('',(-0.219241112187,2.389965132533,-0.292500519914));
#6860=CARTESIAN_POINT('',(-0.248111620285,2.387140679532,-0.292706258664));
#6861=CARTESIAN_POINT('Origin',(-0.0584033368030955,0.596964196846307,-0.292603413674227));
#6862=CARTESIAN_POINT('Ctrl Pts',(-0.286221437782968,2.38287164751874,-0.306443444191));
#6863=CARTESIAN_POINT('Ctrl Pts',(-0.280998107070707,2.3834990540465,-0.302112574267186));
#6864=CARTESIAN_POINT('Ctrl Pts',(-0.275205715915626,2.38417821166696,-0.2987867678884));
#6865=CARTESIAN_POINT('Ctrl Pts',(-0.262165279835604,2.38564815909963,-0.29408601909498));
#6866=CARTESIAN_POINT('Ctrl Pts',(-0.255194563257395,2.38640450152908,-0.29292677311261));
#6867=CARTESIAN_POINT('Ctrl Pts',(-0.248111620284963,2.38714067953164,-0.292706258664));
#6868=CARTESIAN_POINT('',(-0.306416557027,2.380358984182,-0.394813458038));
#6869=CARTESIAN_POINT('',(-0.32079643285469,2.37846371607112,-0.394916326832679));
#6870=CARTESIAN_POINT('Origin',(-0.0783963084253204,0.594849511892247,-0.394864858353134));
#6871=CARTESIAN_POINT('',(-0.345501738808,2.375000747048,-0.293402378306));
#6872=CARTESIAN_POINT('Origin',(1.53413144588584,-11.1906178878984,-0.344096234422905));
#6873=CARTESIAN_POINT('',(-0.359385921661,2.372939476537,-0.293501929314));
#6874=CARTESIAN_POINT('Origin',(-0.0880889188963814,0.59337463798177,-0.29345212206188));
#6875=CARTESIAN_POINT('',(-0.396919541629001,2.366950543943,-0.395462383128001));
#6876=CARTESIAN_POINT('Origin',(1.94664968602927,-12.2000054150342,-0.344496327003608));
#6877=CARTESIAN_POINT('',(-0.382607854633,2.369306064984,-0.395359513753));
#6878=CARTESIAN_POINT('Origin',(-0.0974211524211233,0.591885045206926,-0.395410979580417));
#6879=CARTESIAN_POINT('',(-0.372560498500038,2.37090672000961,-0.367473131862));
#6880=CARTESIAN_POINT('Ctrl Pts',(-0.372560498499,2.370906720003,-0.367473131862));
#6881=CARTESIAN_POINT('Ctrl Pts',(-0.374235621956957,2.37064349377597,-0.372120865375035));
#6882=CARTESIAN_POINT('Ctrl Pts',(-0.375910465976817,2.37037849232405,-0.376768597583194));
#6883=CARTESIAN_POINT('Ctrl Pts',(-0.379259584559274,2.36984494067161,-0.386064050895727));
#6884=CARTESIAN_POINT('Ctrl Pts',(-0.380933861168308,2.36957639014699,-0.39071177767912));
#6885=CARTESIAN_POINT('Ctrl Pts',(-0.382607854633,2.369306064984,-0.395359513753));
#6886=CARTESIAN_POINT('',(-0.330674900969,2.377110453863,-0.367172819655));
#6887=CARTESIAN_POINT('Origin',(-0.0878636984636616,0.593227160664627,-0.367322975805881));
#6888=CARTESIAN_POINT('Ctrl Pts',(-0.32079643285469,2.37846371607112,-0.394916326832678));
#6889=CARTESIAN_POINT('Ctrl Pts',(-0.32244331136347,2.37824159254364,-0.390292406115243));
#6890=CARTESIAN_POINT('Ctrl Pts',(-0.324089958932408,2.378017758564,-0.38566848606445));
#6891=CARTESIAN_POINT('Ctrl Pts',(-0.327382781599177,2.3775666711669,-0.376420657096013));
#6892=CARTESIAN_POINT('Ctrl Pts',(-0.329028958930744,2.37733941744339,-0.371796741904974));
#6893=CARTESIAN_POINT('Ctrl Pts',(-0.330674900969,2.377110453863,-0.367172819655));
#6894=CARTESIAN_POINT('',(-0.00296420436200027,2.399998169476,-0.50817532764097));
#6895=CARTESIAN_POINT('',(-0.0393270634932933,2.39967776629991,-0.50843323774657));
#6896=CARTESIAN_POINT('Origin',(-0.00528449016640449,0.599729545804458,
-0.508304283860142));
#6897=CARTESIAN_POINT('',(-0.0027215950329089,2.39999845685701,-0.542382503620837));
#6898=CARTESIAN_POINT('',(-0.002721595039,2.399998456857,-0.542382502762));
#6899=CARTESIAN_POINT('',(-0.0442823600350002,2.39959143868,-0.542677284357972));
#6900=CARTESIAN_POINT('Origin',(-0.00587313265047566,0.599675515679136,
-0.542529895752005));
#6901=CARTESIAN_POINT('',(-0.0442001522497171,2.39959295434395,-0.554270293172854));
#6902=CARTESIAN_POINT('',(-0.044200152247,2.399592954344,-0.554270293556));
#6903=CARTESIAN_POINT('',(0.010487206315,2.399977087078,-0.553882413331));
#6904=CARTESIAN_POINT('Origin',(-0.00421120752281363,0.599542115588669,
-0.55407635291938));
#6905=CARTESIAN_POINT('',(0.00976602099259385,2.39998013009099,-0.452196646923728));
#6906=CARTESIAN_POINT('',(0.00976602099,2.399980130091,-0.452196646558));
#6907=CARTESIAN_POINT('',(-0.0426082012470003,2.399621749606,-0.452568119300971));
#6908=CARTESIAN_POINT('Origin',(-0.00410243793272553,0.599571244067133,
-0.452382376485976));
#6909=CARTESIAN_POINT('',(-0.0425252551287367,2.3996232209819,-0.464265100867023));
#6910=CARTESIAN_POINT('',(-0.042525255123,2.399623220982,-0.464265101676));
#6911=CARTESIAN_POINT('',(-0.00327760541900024,2.399997761937,-0.463986727559971));
#6912=CARTESIAN_POINT('Origin',(-0.00572325487671223,0.599697198181515,
-0.464125917000921));
#6913=CARTESIAN_POINT('',(-0.00304679475770602,2.39999806604901,-0.496530332601428));
#6914=CARTESIAN_POINT('',(-0.003046794763,2.399998066049,-0.496530331855));
#6915=CARTESIAN_POINT('',(-0.0394096428420002,2.399676411529,-0.496788242707972));
#6916=CARTESIAN_POINT('Origin',(-0.00530430107911527,0.599726542203308,
-0.496659292179482));
#6917=CARTESIAN_POINT('',(-0.039327063488,2.3996777663,-0.508433238493));
#6918=CARTESIAN_POINT('',(-0.08773349144,2.398395887771,-0.490632448376));
#6919=CARTESIAN_POINT('',(-0.102308138916,2.397818392771,-0.508516205789));
#6920=CARTESIAN_POINT('Ctrl Pts',(-0.0877334914399857,2.39839588777061,
-0.490632448376));
#6921=CARTESIAN_POINT('Ctrl Pts',(-0.0893199079946588,2.39833785654068,
-0.490769257271635));
#6922=CARTESIAN_POINT('Ctrl Pts',(-0.0909577727468901,2.39827626857223,
-0.491012261851031));
#6923=CARTESIAN_POINT('Ctrl Pts',(-0.0937589421814706,2.39816822851981,
-0.491783727380675));
#6924=CARTESIAN_POINT('Ctrl Pts',(-0.0949938208845304,2.39811956356401,
-0.492262553341018));
#6925=CARTESIAN_POINT('Ctrl Pts',(-0.0973290670941735,2.39802596322047,
-0.493660878713042));
#6926=CARTESIAN_POINT('Ctrl Pts',(-0.0983492742663153,2.39799034382538,
-0.494572513426629));
#6927=CARTESIAN_POINT('Ctrl Pts',(-0.100041506863779,2.39792034963588,-0.49688264700649));
#6928=CARTESIAN_POINT('Ctrl Pts',(-0.100637665950003,2.39788912288882,-0.498204681777115));
#6929=CARTESIAN_POINT('Ctrl Pts',(-0.101868475126498,2.39783724546411,-0.502153070271494));
#6930=CARTESIAN_POINT('Ctrl Pts',(-0.102184292973383,2.39782367692674,-0.505210077151332));
#6931=CARTESIAN_POINT('Ctrl Pts',(-0.102308138915963,2.39781839277014,-0.508516205789));
#6932=CARTESIAN_POINT('',(-0.0638733314497354,2.39914989059186,-0.499249314397517));
#6933=CARTESIAN_POINT('Origin',(-26.6082791004995,-0.62341232947533,-142.414299758121));
#6934=CARTESIAN_POINT('',(-0.063961052698,2.399147553556,-0.486876505774));
#6935=CARTESIAN_POINT('',(-0.063961052698,2.399147553556,-0.486876505774));
#6936=CARTESIAN_POINT('',(-0.08900169521,2.398349161037,-0.480295597569));
#6937=CARTESIAN_POINT('Origin',(-35.6590258498694,-0.143741796989585,-62.3437305715749));
#6938=CARTESIAN_POINT('',(-0.115035826041368,2.39724148945492,-0.508034686641698));
#6939=CARTESIAN_POINT('Ctrl Pts',(-0.115035826041,2.397241489447,-0.50803468664));
#6940=CARTESIAN_POINT('Ctrl Pts',(-0.114340385026,2.3972748614,-0.489336122801));
#6941=CARTESIAN_POINT('Ctrl Pts',(-0.107843953967,2.397649933002,-0.481181733448));
#6942=CARTESIAN_POINT('Ctrl Pts',(-0.08900169521,2.398349161037,-0.480295597569));
#6943=CARTESIAN_POINT('',(-0.11470473861121,2.39725735433975,-0.554770535057765));
#6944=CARTESIAN_POINT('',(-0.114704737941,2.397257354372,-0.554770629548));
#6945=CARTESIAN_POINT('',(-0.101981022704743,2.39783232754161,-0.554680296221272));
#6946=CARTESIAN_POINT('Origin',(0.,3.87331180660372E-15,-0.554680296226381));
#6947=CARTESIAN_POINT('',(-0.101976211944263,2.39784022753352,-0.543450232698268));
#6948=CARTESIAN_POINT('',(-0.102060592197996,2.397828942089,-0.543451193147583));
#6949=CARTESIAN_POINT('',(-0.079396908061,2.398686334431,-0.55623565026));
#6950=CARTESIAN_POINT('Ctrl Pts',(-0.0793969080609968,2.3986863344309,-0.55623565026));
#6951=CARTESIAN_POINT('Ctrl Pts',(-0.0821304001389813,2.39859585539824,
-0.556073604285019));
#6952=CARTESIAN_POINT('Ctrl Pts',(-0.0845655797463284,2.39851069024435,
-0.5557811938052));
#6953=CARTESIAN_POINT('Ctrl Pts',(-0.0887802068229292,2.39835821316542,
-0.554786170123525));
#6954=CARTESIAN_POINT('Ctrl Pts',(-0.0906839433468662,2.39829192657982,
-0.554100429896901));
#6955=CARTESIAN_POINT('Ctrl Pts',(-0.0942764485065661,2.3981533835229,-0.552038179322322));
#6956=CARTESIAN_POINT('Ctrl Pts',(-0.0958168692223656,2.39808697267805,
-0.550752462128551));
#6957=CARTESIAN_POINT('Ctrl Pts',(-0.0987738881905139,2.39796707769497,
-0.547638323619195));
#6958=CARTESIAN_POINT('Ctrl Pts',(-0.100231935866325,2.39790654243519,-0.545703870177297));
#6959=CARTESIAN_POINT('Ctrl Pts',(-0.101722984041968,2.39784328814725,-0.543448796549));
#6960=CARTESIAN_POINT('',(-0.062653168767,2.39918206488,-0.550398033041));
#6961=CARTESIAN_POINT('Origin',(-84.8146452121905,-1.6383420048192,131.3573464551));
#6962=CARTESIAN_POINT('',(-0.056526175405,2.39933423922,-0.534913771414));
#6963=CARTESIAN_POINT('Ctrl Pts',(-0.056526175405,2.39933423922,-0.534913771414));
#6964=CARTESIAN_POINT('Ctrl Pts',(-0.056787115383,2.399328091706,-0.540816309851));
#6965=CARTESIAN_POINT('Ctrl Pts',(-0.058829560967,2.399281916053,-0.545977729041));
#6966=CARTESIAN_POINT('Ctrl Pts',(-0.062653168767,2.39918206488,-0.550398033041));
#6967=CARTESIAN_POINT('',(-0.080780056861,2.398640152756,-0.511378783033));
#6968=CARTESIAN_POINT('Ctrl Pts',(-0.0807800568609679,2.39864015275505,
-0.511378783033));
#6969=CARTESIAN_POINT('Ctrl Pts',(-0.0765464037044276,2.39878273134997,
-0.512108548839193));
#6970=CARTESIAN_POINT('Ctrl Pts',(-0.0727476953317932,2.39889941054142,
-0.51303661899385));
#6971=CARTESIAN_POINT('Ctrl Pts',(-0.0672521461727842,2.39905860069139,
-0.515352056279662));
#6972=CARTESIAN_POINT('Ctrl Pts',(-0.0651409868182365,2.39912318990555,
-0.516562050010272));
#6973=CARTESIAN_POINT('Ctrl Pts',(-0.061534912210107,2.39921836481996,-0.51978452201052));
#6974=CARTESIAN_POINT('Ctrl Pts',(-0.0601678288294567,2.39924590249365,
-0.521656281647032));
#6975=CARTESIAN_POINT('Ctrl Pts',(-0.0577246062504594,2.39930612032856,
-0.526756842311818));
#6976=CARTESIAN_POINT('Ctrl Pts',(-0.0568617822151342,2.39932633262193,
-0.530379234312729));
#6977=CARTESIAN_POINT('Ctrl Pts',(-0.0565261754049798,2.39933423921914,
-0.534913771414));
#6978=CARTESIAN_POINT('Origin',(-0.0216680485128913,0.567749254219014,-0.50994800201923));
#6979=CARTESIAN_POINT('',(-0.151597756896,2.395207322989,-0.556748337951));
#6980=CARTESIAN_POINT('',(-0.172748701412,2.393774819434,-0.551127890574));
#6981=CARTESIAN_POINT('Origin',(43.5665612567233,4.40766275676979,49.5592440218616));
#6982=CARTESIAN_POINT('',(-0.131959486233308,2.39636948194339,-0.552345697118551));
#6983=CARTESIAN_POINT('Origin',(-33.4310101406816,-1.06286333428944,68.5164914045834));
#6984=CARTESIAN_POINT('',(-0.132052628001,2.396364351144,-0.539193090742));
#6985=CARTESIAN_POINT('',(-0.132052628001,2.396364351144,-0.539193090742));
#6986=CARTESIAN_POINT('',(-0.152916514651,2.395123491502,-0.546359869264));
#6987=CARTESIAN_POINT('Origin',(-40.7617972989014,-2.14614828509654,136.470659238038));
#6988=CARTESIAN_POINT('',(-0.167976532184,2.394114425969,-0.536640960519));
#6989=CARTESIAN_POINT('Ctrl Pts',(-0.167976532184,2.394114425969,-0.536640960519));
#6990=CARTESIAN_POINT('Ctrl Pts',(-0.16691525408,2.394188887663,-0.54518378939));
#6991=CARTESIAN_POINT('Ctrl Pts',(-0.161155935813,2.394597446156,-0.546120869023));
#6992=CARTESIAN_POINT('Ctrl Pts',(-0.152916514651,2.395123491502,-0.546359869264));
#6993=CARTESIAN_POINT('',(-0.164758175897,2.394338059563,-0.529703515703));
#6994=CARTESIAN_POINT('Ctrl Pts',(-0.164758175897,2.394338059563,-0.529703515703));
#6995=CARTESIAN_POINT('Ctrl Pts',(-0.166694853545,2.394204793722,-0.5317507935));
#6996=CARTESIAN_POINT('Ctrl Pts',(-0.167767558502,2.394129088039,-0.534063274933));
#6997=CARTESIAN_POINT('Ctrl Pts',(-0.167976532184,2.394114425969,-0.536640960519));
#6998=CARTESIAN_POINT('',(-0.151498596069,2.395213597028,-0.523110618704));
#6999=CARTESIAN_POINT('Origin',(12.3901868565578,3.0987045085603,-0.086687340199895));
#7000=CARTESIAN_POINT('',(-0.135920880638,2.396148057655,-0.51338193457));
#7001=CARTESIAN_POINT('Origin',(-35.627636391264,-0.0172314697223716,1.76811229462804));
#7002=CARTESIAN_POINT('',(-0.132394819318,2.396345470047,-0.501867273382));
#7003=CARTESIAN_POINT('Ctrl Pts',(-0.132394819318,2.396345470047,-0.501867273382));
#7004=CARTESIAN_POINT('Ctrl Pts',(-0.132664881971,2.396330549454,-0.506216696829));
#7005=CARTESIAN_POINT('Ctrl Pts',(-0.133840310651,2.396266077451,-0.510054916986));
#7006=CARTESIAN_POINT('Ctrl Pts',(-0.135920880638,2.396148057655,-0.51338193457));
#7007=CARTESIAN_POINT('',(-0.140653190207,2.395874929975,-0.486433157128));
#7008=CARTESIAN_POINT('Ctrl Pts',(-0.140653190207,2.395874929975,-0.486433157128));
#7009=CARTESIAN_POINT('Ctrl Pts',(-0.134342150403,2.396245428397,-0.491509384722));
#7010=CARTESIAN_POINT('Ctrl Pts',(-0.133316651813,2.396294540059,-0.493683020492));
#7011=CARTESIAN_POINT('Ctrl Pts',(-0.132394819318,2.396345470047,-0.501867273382));
#7012=CARTESIAN_POINT('',(-0.160773077532,2.394608948772,-0.480805335601));
#7013=CARTESIAN_POINT('Origin',(-50.0164521543723,-1.97995845623757,-72.4122093306964));
#7014=CARTESIAN_POINT('',(-0.177914909009266,2.39339639114572,-0.484150546620905));
#7015=CARTESIAN_POINT('Origin',(28.1639092697168,3.5223365654934,-34.6491730334677));
#7016=CARTESIAN_POINT('',(-0.177827397974,2.393402894735,-0.496523354262));
#7017=CARTESIAN_POINT('',(-0.177827397974,2.393402894735,-0.496523354262));
#7018=CARTESIAN_POINT('',(-0.159454969782,2.394697081597,-0.4911418177));
#7019=CARTESIAN_POINT('Origin',(50.3191564642637,4.27978833783394,-104.581766966265));
#7020=CARTESIAN_POINT('',(-0.149423227707,2.39534396257,-0.493773959759));
#7021=CARTESIAN_POINT('Ctrl Pts',(-0.149423227707,2.39534396257,-0.493773959759));
#7022=CARTESIAN_POINT('Ctrl Pts',(-0.152624226884,2.395144282008,-0.492109739096));
#7023=CARTESIAN_POINT('Ctrl Pts',(-0.155968189268,2.394929254796,-0.491232358321));
#7024=CARTESIAN_POINT('Ctrl Pts',(-0.159454969782,2.394697081597,-0.4911418177));
#7025=CARTESIAN_POINT('',(-0.145507495737,2.395585015958,-0.500816667067));
#7026=CARTESIAN_POINT('Ctrl Pts',(-0.145507495737,2.395585015958,-0.500816667067));
#7027=CARTESIAN_POINT('Ctrl Pts',(-0.145953601115,2.39555791958,-0.49786560172));
#7028=CARTESIAN_POINT('Ctrl Pts',(-0.147258931929,2.39547897285,-0.495518032845));
#7029=CARTESIAN_POINT('Ctrl Pts',(-0.149423227707,2.39534396257,-0.493773959759));
#7030=CARTESIAN_POINT('',(-0.14823572308,2.395417744445,-0.507594649398));
#7031=CARTESIAN_POINT('Ctrl Pts',(-0.14823572308,2.395417744445,-0.507594649398));
#7032=CARTESIAN_POINT('Ctrl Pts',(-0.146545165543,2.395522361278,-0.505580109988));
#7033=CARTESIAN_POINT('Ctrl Pts',(-0.145635701746,2.395577228743,-0.503320782662));
#7034=CARTESIAN_POINT('Ctrl Pts',(-0.145507495737,2.395585015958,-0.500816667067));
#7035=CARTESIAN_POINT('',(-0.160538737699,2.394624670736,-0.513920792368));
#7036=CARTESIAN_POINT('Origin',(-12.4520293024618,1.49933123191179,-1.61433545658047));
#7037=CARTESIAN_POINT('',(-0.176859262675,2.393474629321,-0.523446876405));
#7038=CARTESIAN_POINT('Origin',(32.4826244906221,4.37731352061236,-4.95550219831297));
#7039=CARTESIAN_POINT('',(-0.181025362599,2.393163140718,-0.53548601232));
#7040=CARTESIAN_POINT('Ctrl Pts',(-0.181025362599,2.393163140718,-0.53548601232));
#7041=CARTESIAN_POINT('Ctrl Pts',(-0.180691007611,2.393188432238,-0.530853488519));
#7042=CARTESIAN_POINT('Ctrl Pts',(-0.179302444344,2.393294097093,-0.526840443605));
#7043=CARTESIAN_POINT('Ctrl Pts',(-0.176859262675,2.393474629321,-0.523446876405));
#7044=CARTESIAN_POINT('Ctrl Pts',(-0.172748701412,2.393774819434,-0.551127890574));
#7045=CARTESIAN_POINT('Ctrl Pts',(-0.179151393977,2.393312763932,-0.546083712687));
#7046=CARTESIAN_POINT('Ctrl Pts',(-0.180138066035,2.393230258241,-0.543748027199));
#7047=CARTESIAN_POINT('Ctrl Pts',(-0.181025362599,2.393163140718,-0.53548601232));
#7048=CARTESIAN_POINT('',(-0.222392057211254,2.38967398882872,-0.544109356762022));
#7049=CARTESIAN_POINT('',(-0.220718987450491,2.38982910121238,-0.537483854899353));
#7050=CARTESIAN_POINT('Origin',(0.,3.79505658282584E-15,-0.543473702780315));
#7051=CARTESIAN_POINT('',(-0.224162169346,2.389508594216,-0.537612676207));
#7052=CARTESIAN_POINT('Origin',(0.,3.75412925252224E-15,-0.537612676136942));
#7053=CARTESIAN_POINT('',(-0.244286325787645,2.38753517063727,-0.483063543788991));
#7054=CARTESIAN_POINT('Origin',(1.21990202253198,-12.4399112423304,-0.510376066012887));
#7055=CARTESIAN_POINT('',(-0.257418594601,2.386154996464,-0.48315709886));
#7056=CARTESIAN_POINT('Origin',(0.,3.3738679887999E-15,-0.483157098859197));
#7057=CARTESIAN_POINT('',(-0.224035702843,2.389520454788,-0.566517772379));
#7058=CARTESIAN_POINT('Origin',(1.05441611622892,-10.4590002528483,-0.524847188400425));
#7059=CARTESIAN_POINT('',(-0.198057767100157,2.39181377235308,-0.589571251620405));
#7060=CARTESIAN_POINT('Ctrl Pts',(-0.198057810668564,2.39181376859245,-0.589571904649493));
#7061=CARTESIAN_POINT('Ctrl Pts',(-0.201247240400177,2.39154966296758,-0.589357593251925));
#7062=CARTESIAN_POINT('Ctrl Pts',(-0.204387744962003,2.39128299166492,-0.588725187131129));
#7063=CARTESIAN_POINT('Ctrl Pts',(-0.209945030810901,2.39080112022558,-0.586279228445164));
#7064=CARTESIAN_POINT('Ctrl Pts',(-0.212217076225711,2.39060753838291,-0.584686841842999));
#7065=CARTESIAN_POINT('Ctrl Pts',(-0.218252009740278,2.39006664182519,-0.57867165938952));
#7066=CARTESIAN_POINT('Ctrl Pts',(-0.221180138879799,2.38978818561095,-0.573145655478582));
#7067=CARTESIAN_POINT('Ctrl Pts',(-0.224035702842934,2.3895204547873,-0.566517772379));
#7068=CARTESIAN_POINT('',(-0.189877080096687,2.39247710426877,-0.588473988618464));
#7069=CARTESIAN_POINT('Origin',(0.,4.10929190319508E-15,-0.588473989173565));
#7070=CARTESIAN_POINT('',(-0.1899571836994,2.39247074556073,-0.577144042588518));
#7071=CARTESIAN_POINT('',(-0.189957207044,2.392470743706,-0.577140912907));
#7072=CARTESIAN_POINT('',(-0.197149512237,2.391888807997,-0.578647787715));
#7073=CARTESIAN_POINT('Origin',(0.,4.04067590514094E-15,-0.578647787714204));
#7074=CARTESIAN_POINT('',(-0.210223424241,2.390775211495,-0.56849897538));
#7075=CARTESIAN_POINT('Ctrl Pts',(-0.210223424240939,2.3907752114943,-0.56849897538));
#7076=CARTESIAN_POINT('Ctrl Pts',(-0.209358144038145,2.39085129650902,-0.570261263901404));
#7077=CARTESIAN_POINT('Ctrl Pts',(-0.208597187332233,2.39091777890558,-0.57171907398451));
#7078=CARTESIAN_POINT('Ctrl Pts',(-0.207055087521764,2.39105181391604,-0.574104666521828));
#7079=CARTESIAN_POINT('Ctrl Pts',(-0.206276452674154,2.39112254490382,-0.575042416373489));
#7080=CARTESIAN_POINT('Ctrl Pts',(-0.204423929757218,2.39128162975817,-0.576548938489765));
#7081=CARTESIAN_POINT('Ctrl Pts',(-0.203365283366616,2.39136871462036,-0.577112074454209));
#7082=CARTESIAN_POINT('Ctrl Pts',(-0.200623705705894,2.39160033244567,-0.578044474350681));
#7083=CARTESIAN_POINT('Ctrl Pts',(-0.198967908574809,2.39173892814032,-0.578374328958824));
#7084=CARTESIAN_POINT('Ctrl Pts',(-0.197149512236976,2.39188880799671,-0.578647787715));
#7085=CARTESIAN_POINT('',(-0.215883199194,2.390270788907,-0.555334017994));
#7086=CARTESIAN_POINT('',(-0.215883199194,2.390270788907,-0.555334017994));
#7087=CARTESIAN_POINT('',(-0.188007897318001,2.392624715776,-0.482662662186001));
#7088=CARTESIAN_POINT('Origin',(0.971691862040806,-11.5067612197246,-0.518986450084838));
#7089=CARTESIAN_POINT('',(-0.202205054481,2.391466729005,-0.482763688024));
#7090=CARTESIAN_POINT('Origin',(-0.0487566719203954,0.597885124494538,-0.482713043419705));
#7091=CARTESIAN_POINT('Origin',(1.32121074800359,-14.9367828505474,-0.510154207219576));
#7092=CARTESIAN_POINT('',(-0.283909186717001,2.383148248367,-0.51017261582997));
#7093=CARTESIAN_POINT('',(-0.319984497713247,2.3785730851123,-0.51043052593557));
#7094=CARTESIAN_POINT('Origin',(-0.0754591190609858,0.594989493592475,-0.510301578545142));
#7095=CARTESIAN_POINT('',(-0.283668279264952,2.38317693580172,-0.544379791809837));
#7096=CARTESIAN_POINT('',(-0.283668279271,2.383176935801,-0.544379790951));
#7097=CARTESIAN_POINT('',(-0.324895614281,2.377907239532,-0.544674572546972));
#7098=CARTESIAN_POINT('Origin',(-0.076035976071352,0.59486420601104,-0.544527182903723));
#7099=CARTESIAN_POINT('',(-0.324814149211692,2.37791836875663,-0.556267581360853));
#7100=CARTESIAN_POINT('',(-0.324814149209,2.377918368757,-0.556267581744));
#7101=CARTESIAN_POINT('',(-0.270547802742,2.384702054016,-0.55587970152));
#7102=CARTESIAN_POINT('Origin',(-0.0743699628671079,0.594926154335747,-0.556073640929357));
#7103=CARTESIAN_POINT('',(-0.271264385281423,2.38462064766629,-0.454193935112728));
#7104=CARTESIAN_POINT('',(-0.271264385284,2.384620647666,-0.454193934747));
#7105=CARTESIAN_POINT('',(-0.323236515839001,2.378133334114,-0.454565407489971));
#7106=CARTESIAN_POINT('Origin',(-0.0742660837848524,0.594969905523371,-0.454379667789576));
#7107=CARTESIAN_POINT('',(-0.323154312328685,2.37814450579023,-0.466262389055024));
#7108=CARTESIAN_POINT('',(-0.323154312323,2.378144505791,-0.466262389864));
#7109=CARTESIAN_POINT('',(-0.28422038505,2.383111154084,-0.465984015748971));
#7110=CARTESIAN_POINT('Origin',(-0.0758898712188095,0.594907602352238,-0.466123201725799));
#7111=CARTESIAN_POINT('',(-0.283991197094744,2.38313847687663,-0.49852762079043));
#7112=CARTESIAN_POINT('',(-0.2839911971,2.383138476876,-0.498527620044));
#7113=CARTESIAN_POINT('',(-0.320066350627,2.378562072176,-0.498785530895972));
#7114=CARTESIAN_POINT('Origin',(-0.0754780690526231,0.594986789843593,-0.498656572119917));
#7115=CARTESIAN_POINT('',(-0.319984497708,2.378573085113,-0.510430526682));
#7116=CARTESIAN_POINT('',(-0.425913626908,2.361905498197,-0.504848437642));
#7117=CARTESIAN_POINT('',(-0.411064519223,2.364535041194,-0.468660976647));
#7118=CARTESIAN_POINT('Ctrl Pts',(-0.425913626907855,2.36190549819619,-0.504848437642));
#7119=CARTESIAN_POINT('Ctrl Pts',(-0.425695233678399,2.36194488023435,-0.496921559684353));
#7120=CARTESIAN_POINT('Ctrl Pts',(-0.424756950663908,2.36212037550457,-0.490573020055955));
#7121=CARTESIAN_POINT('Ctrl Pts',(-0.421316998291489,2.3627355368612,-0.481908823837996));
#7122=CARTESIAN_POINT('Ctrl Pts',(-0.419823694675486,2.36299629254594,-0.479211663694396));
#7123=CARTESIAN_POINT('Ctrl Pts',(-0.415966226254705,2.36367857013515,-0.473747709066763));
#7124=CARTESIAN_POINT('Ctrl Pts',(-0.413576928931671,2.36409826928216,-0.471101396555315));
#7125=CARTESIAN_POINT('Ctrl Pts',(-0.411064519222888,2.36453504119336,-0.468660976647));
#7126=CARTESIAN_POINT('',(-0.410547591814,2.36462484865,-0.542637891841));
#7127=CARTESIAN_POINT('Ctrl Pts',(-0.410547591813925,2.36462484864957,-0.542637891841));
#7128=CARTESIAN_POINT('Ctrl Pts',(-0.413110453110991,2.36417988312607,-0.540030456461185));
#7129=CARTESIAN_POINT('Ctrl Pts',(-0.415554531963237,2.36375103166825,-0.537218831245258));
#7130=CARTESIAN_POINT('Ctrl Pts',(-0.419510604548511,2.36305193337971,-0.531468601133624));
#7131=CARTESIAN_POINT('Ctrl Pts',(-0.421053354956345,2.36278267619899,-0.528642969535369));
#7132=CARTESIAN_POINT('Ctrl Pts',(-0.424628894952499,2.36214360614519,-0.519608485458254));
#7133=CARTESIAN_POINT('Ctrl Pts',(-0.425641740359015,2.36195452648552,-0.513042567309839));
#7134=CARTESIAN_POINT('Ctrl Pts',(-0.425913626907855,2.36190549819619,-0.504848437642));
#7135=CARTESIAN_POINT('',(-0.371492145940736,2.37107435258887,-0.556602183727536));
#7136=CARTESIAN_POINT('Ctrl Pts',(-0.37149214594057,2.37107435258781,-0.556602183727536));
#7137=CARTESIAN_POINT('Ctrl Pts',(-0.378852150213786,2.36992121127927,-0.556427981043181));
#7138=CARTESIAN_POINT('Ctrl Pts',(-0.386161189603965,2.36874087084764,-0.555310601042692));
#7139=CARTESIAN_POINT('Ctrl Pts',(-0.399539319271982,2.36651967514123,-0.55052683126055));
#7140=CARTESIAN_POINT('Ctrl Pts',(-0.405369836201246,2.36552381370062,-0.547150176841289));
#7141=CARTESIAN_POINT('Ctrl Pts',(-0.410547591813925,2.36462484864957,-0.542637891841001));
#7142=CARTESIAN_POINT('',(-0.343835850339,2.375242494572,-0.556403819143));
#7143=CARTESIAN_POINT('Origin',(-0.0893876299843758,0.593112917646531,-0.556503005849025));
#7144=CARTESIAN_POINT('',(-0.344549587002848,2.3751390658426,-0.45471805296053));
#7145=CARTESIAN_POINT('',(-0.344549587007,2.375139065842,-0.454718052369));
#7146=CARTESIAN_POINT('',(-0.373231745336,2.370801143974,-0.45492379112));
#7147=CARTESIAN_POINT('Origin',(-0.0896962101951371,0.593066049062025,-0.454820923354417));
#7148=CARTESIAN_POINT('Ctrl Pts',(-0.411064519222888,2.36453504119336,-0.468660976647));
#7149=CARTESIAN_POINT('Ctrl Pts',(-0.405881382937393,2.36543610774054,-0.464330106723006));
#7150=CARTESIAN_POINT('Ctrl Pts',(-0.400132692646702,2.36641876246274,-0.461004300344266));
#7151=CARTESIAN_POINT('Ctrl Pts',(-0.387187537334092,2.36857205588097,-0.456303551550792));
#7152=CARTESIAN_POINT('Ctrl Pts',(-0.380266206876572,2.36969371901563,-0.45514430556861));
#7153=CARTESIAN_POINT('Ctrl Pts',(-0.373231745336008,2.37080114397405,-0.45492379112));
#7154=CARTESIAN_POINT('',(-0.431099666132,2.360964438076,-0.557030990494));
#7155=CARTESIAN_POINT('',(-0.445360055974942,2.3583160137143,-0.557133859288671));
#7156=CARTESIAN_POINT('Origin',(-0.109555648187004,0.589845898293814,-0.557082557012623));
#7157=CARTESIAN_POINT('',(-0.469849209924001,2.35355937251,-0.455619910761));
#7158=CARTESIAN_POINT('Origin',(2.12019083645745,-11.0946163589485,-0.506329630153906));
#7159=CARTESIAN_POINT('',(-0.483605867165,2.350771227755,-0.45571946177));
#7160=CARTESIAN_POINT('Origin',(-0.119193191144786,0.58801056653091,-0.455669808168618));
#7161=CARTESIAN_POINT('',(-0.520772845573001,2.342817885221,-0.557679915584));
#7162=CARTESIAN_POINT('Origin',(2.58516930799919,-12.0808453700753,-0.506711527273131));
#7163=CARTESIAN_POINT('',(-0.506604740236,2.345922342527,-0.557577046209));
#7164=CARTESIAN_POINT('Origin',(-0.128393305558701,0.585974149275107,-0.557628521997486));
#7165=CARTESIAN_POINT('',(-0.49665539778737,2.34804885295848,-0.529690664319));
#7166=CARTESIAN_POINT('Ctrl Pts',(-0.496655397786,2.348048852952,-0.529690664319));
#7167=CARTESIAN_POINT('Ctrl Pts',(-0.49831437271807,2.34769794932673,-0.534338401496441));
#7168=CARTESIAN_POINT('Ctrl Pts',(-0.499972971855346,2.3473452883461,-0.538986127727588));
#7169=CARTESIAN_POINT('Ctrl Pts',(-0.50328942005296,2.34663645138526,-0.548281583398975));
#7170=CARTESIAN_POINT('Ctrl Pts',(-0.504947268181666,2.34628027560275,-0.552929310228782));
#7171=CARTESIAN_POINT('Ctrl Pts',(-0.506604740236,2.345922342527,-0.557577046209));
#7172=CARTESIAN_POINT('',(-0.455153746269,2.35644543057,-0.529390352111));
#7173=CARTESIAN_POINT('Origin',(-0.118920791409623,0.58778743854896,-0.529540509245806));
#7174=CARTESIAN_POINT('Ctrl Pts',(-0.445360055974942,2.3583160137143,-0.55713385928867));
#7175=CARTESIAN_POINT('Ctrl Pts',(-0.446992983852687,2.35800764077087,-0.552509938870601));
#7176=CARTESIAN_POINT('Ctrl Pts',(-0.448625591212132,2.35769757187772,-0.547886019118729));
#7177=CARTESIAN_POINT('Ctrl Pts',(-0.451890154113546,2.35707404426448,-0.538638191544227));
#7178=CARTESIAN_POINT('Ctrl Pts',(-0.453522113634007,2.35676058478351,-0.53401427245085));
#7179=CARTESIAN_POINT('Ctrl Pts',(-0.455153746269,2.35644543057,-0.529390352111));
#7180=CARTESIAN_POINT('',(0.299861292552,2.381193651349,-0.261526468378));
#7181=CARTESIAN_POINT('',(0.385921246337,2.368768623488,-0.289107197803));
#7182=CARTESIAN_POINT('Ctrl Pts',(0.299861292552,2.381193651349,-0.261526468378));
#7183=CARTESIAN_POINT('Ctrl Pts',(0.330970726645,2.377276071982,-0.261762394195));
#7184=CARTESIAN_POINT('Ctrl Pts',(0.359651179836,2.373048558939,-0.270956104475));
#7185=CARTESIAN_POINT('Ctrl Pts',(0.385921246337,2.368768623488,-0.289107197803));
#7186=CARTESIAN_POINT('',(0.202348480707,2.391454597594,-0.299818544821));
#7187=CARTESIAN_POINT('Ctrl Pts',(0.202348480707,2.391454597594,-0.299818544821));
#7188=CARTESIAN_POINT('Ctrl Pts',(0.231050468657,2.389026032293,-0.275137034168));
#7189=CARTESIAN_POINT('Ctrl Pts',(0.263579841942,2.385762537492,-0.262372732613));
#7190=CARTESIAN_POINT('Ctrl Pts',(0.299861292552,2.381193651349,-0.261526468378));
#7191=CARTESIAN_POINT('',(0.163825887592,2.394402029433,-0.357210492733));
#7192=CARTESIAN_POINT('Ctrl Pts',(0.163825887591958,2.39440202943238,-0.357210492733));
#7193=CARTESIAN_POINT('Ctrl Pts',(0.167877068469977,2.39412484611272,-0.346476153792682));
#7194=CARTESIAN_POINT('Ctrl Pts',(0.17311617494213,2.39375955355625,-0.336356466491386));
#7195=CARTESIAN_POINT('Ctrl Pts',(0.186114883696005,2.39278458789949,-0.316993072001584));
#7196=CARTESIAN_POINT('Ctrl Pts',(0.193802618585647,2.39217768981452,-0.308015811963021));
#7197=CARTESIAN_POINT('Ctrl Pts',(0.202348480706953,2.39145459759344,-0.299818544821));
#7198=CARTESIAN_POINT('',(0.093027237174,2.398196391695,-0.452427877831));
#7199=CARTESIAN_POINT('Ctrl Pts',(0.093027237174,2.398196391695,-0.452427877831));
#7200=CARTESIAN_POINT('Ctrl Pts',(0.094524712656,2.398138303873,-0.407887263494));
#7201=CARTESIAN_POINT('Ctrl Pts',(0.121882163475,2.397271834816,-0.371895773962));
#7202=CARTESIAN_POINT('Ctrl Pts',(0.163825887592,2.394402029433,-0.357210492733));
#7203=CARTESIAN_POINT('',(0.120237410721,2.396986225463,-0.520920819811));
#7204=CARTESIAN_POINT('Ctrl Pts',(0.120237410720989,2.39698622546278,-0.520920819811));
#7205=CARTESIAN_POINT('Ctrl Pts',(0.111813369427089,2.39740879147598,-0.511533992792354));
#7206=CARTESIAN_POINT('Ctrl Pts',(0.105095786453328,2.39771039007349,-0.501042741603185));
#7207=CARTESIAN_POINT('Ctrl Pts',(0.0957422393176948,2.39810216314922,-0.477500987461097));
#7208=CARTESIAN_POINT('Ctrl Pts',(0.093416113372581,2.39818130699283,-0.465135453706656));
#7209=CARTESIAN_POINT('Ctrl Pts',(0.0930272371740005,2.39819639169501,-0.452427877831));
#7210=CARTESIAN_POINT('',(0.18828430794791,2.39260051187346,-0.5529727186645));
#7211=CARTESIAN_POINT('Ctrl Pts',(0.186122189849,2.392772143444,-0.552988101424));
#7212=CARTESIAN_POINT('Ctrl Pts',(0.173445513177803,2.39375820090416,-0.551730562752982));
#7213=CARTESIAN_POINT('Ctrl Pts',(0.161579307825298,2.39458149967621,-0.548440646793196));
#7214=CARTESIAN_POINT('Ctrl Pts',(0.15058278668911,2.39527281560934,-0.543094644147205));
#7215=CARTESIAN_POINT('Ctrl Pts',(0.139586265552923,2.39596413154248,-0.537748641501214));
#7216=CARTESIAN_POINT('Ctrl Pts',(0.1294594529295,2.3965236301985,-0.5303465307725));
#7217=CARTESIAN_POINT('Ctrl Pts',(0.120237410721,2.396986225463,-0.520920819811));
#7218=CARTESIAN_POINT('',(0.228617625649,2.38908643235,-0.552685573167));
#7219=CARTESIAN_POINT('Origin',(0.0523621167073914,0.597446621438056,-0.552821442987234));
#7220=CARTESIAN_POINT('',(0.249321498848,2.387014618767,-0.530124646267));
#7221=CARTESIAN_POINT('Ctrl Pts',(0.249321498848001,2.38701461876701,-0.530124646267));
#7222=CARTESIAN_POINT('Ctrl Pts',(0.249089232500613,2.38703887877506,-0.533041881661936));
#7223=CARTESIAN_POINT('Ctrl Pts',(0.248529528162469,2.38709744308577,-0.53595799097034));
#7224=CARTESIAN_POINT('Ctrl Pts',(0.246513867794599,2.38730639884643,-0.54116043299378));
#7225=CARTESIAN_POINT('Ctrl Pts',(0.245174617724583,2.38744891173946,-0.543408047341781));
#7226=CARTESIAN_POINT('Ctrl Pts',(0.2415827602193,2.38781504810153,-0.547322796820656));
#7227=CARTESIAN_POINT('Ctrl Pts',(0.239444967371739,2.38802676877962,-0.54885630142242));
#7228=CARTESIAN_POINT('Ctrl Pts',(0.234410706983871,2.38852647295774,-0.551341584609548));
#7229=CARTESIAN_POINT('Ctrl Pts',(0.231525787591509,2.38880814309692,-0.5521746547006));
#7230=CARTESIAN_POINT('Ctrl Pts',(0.22861762564898,2.38908643234979,-0.552685573167));
#7231=CARTESIAN_POINT('',(0.226861745623445,2.38925380576647,-0.50787137538729));
#7232=CARTESIAN_POINT('Ctrl Pts',(0.226861745623412,2.38925380576613,-0.50787137538729));
#7233=CARTESIAN_POINT('Ctrl Pts',(0.230080085475995,2.38894822157277,-0.508131614793055));
#7234=CARTESIAN_POINT('Ctrl Pts',(0.233311181328262,2.38863450386437,-0.508781988341457));
#7235=CARTESIAN_POINT('Ctrl Pts',(0.238632182815069,2.38810809387766,-0.511070448227438));
#7236=CARTESIAN_POINT('Ctrl Pts',(0.240753130604679,2.38789898394065,-0.512446182255973));
#7237=CARTESIAN_POINT('Ctrl Pts',(0.244407690450003,2.38752770662876,-0.516067815220507));
#7238=CARTESIAN_POINT('Ctrl Pts',(0.245815764443078,2.38737842434393,-0.518198287000101));
#7239=CARTESIAN_POINT('Ctrl Pts',(0.248221461941595,2.38712964496443,-0.52356120675975));
#7240=CARTESIAN_POINT('Ctrl Pts',(0.248961425569365,2.38705222809241,-0.526850623839361));
#7241=CARTESIAN_POINT('Ctrl Pts',(0.249321498848001,2.38701461876701,-0.530124646267));
#7242=CARTESIAN_POINT('',(0.222548063586674,2.38965946515313,-0.50862510528983));
#7243=CARTESIAN_POINT('',(0.222548063929,2.38965946512,-0.50862510523));
#7244=CARTESIAN_POINT('',(0.190134889702,2.392456629432,-0.508855847211));
#7245=CARTESIAN_POINT('Origin',(0.0515681380124814,0.597564808603422,-0.50874047622045));
#7246=CARTESIAN_POINT('',(0.137804322488,2.396040477267,-0.452832958569));
#7247=CARTESIAN_POINT('Ctrl Pts',(0.137804322488,2.396040477267,-0.452832958569));
#7248=CARTESIAN_POINT('Ctrl Pts',(0.139260571235,2.395956723518,-0.48366564795));
#7249=CARTESIAN_POINT('Ctrl Pts',(0.159499680713,2.394891290948,-0.505632696942));
#7250=CARTESIAN_POINT('Ctrl Pts',(0.190134889702,2.392456629432,-0.508855847211));
#7251=CARTESIAN_POINT('',(0.19366149777721,2.392173744584,-0.396040929990999));
#7252=CARTESIAN_POINT('Ctrl Pts',(0.193661497777,2.392173744584,-0.396040929991));
#7253=CARTESIAN_POINT('Ctrl Pts',(0.161486204024,2.394778536813,-0.397667009115));
#7254=CARTESIAN_POINT('Ctrl Pts',(0.138891227239,2.39597796573,-0.420536096114));
#7255=CARTESIAN_POINT('Ctrl Pts',(0.137804322488,2.396040477267,-0.452832958569));
#7256=CARTESIAN_POINT('',(0.199425866919,2.391700090647,-0.395999909234));
#7257=CARTESIAN_POINT('',(0.199425866919,2.391700090647,-0.395999909234));
#7258=CARTESIAN_POINT('',(0.299449234016,2.381245505244,-0.304910120027));
#7259=CARTESIAN_POINT('Ctrl Pts',(0.29944923401594,2.38124550524352,-0.304910120027));
#7260=CARTESIAN_POINT('Ctrl Pts',(0.286927000424623,2.38282021614537,-0.305288227571266));
#7261=CARTESIAN_POINT('Ctrl Pts',(0.274678551937559,2.38425879728686,-0.307489811339681));
#7262=CARTESIAN_POINT('Ctrl Pts',(0.251578760914076,2.38680537333982,-0.316596532162153));
#7263=CARTESIAN_POINT('Ctrl Pts',(0.241410367927942,2.38784513114145,-0.323107493970095));
#7264=CARTESIAN_POINT('Ctrl Pts',(0.22322810903361,2.38961351188459,-0.339681541962761));
#7265=CARTESIAN_POINT('Ctrl Pts',(0.215760038896511,2.39028851069509,-0.34925330368021));
#7266=CARTESIAN_POINT('Ctrl Pts',(0.204446529758569,2.39128303582091,-0.371466022069019));
#7267=CARTESIAN_POINT('Ctrl Pts',(0.201026362771438,2.39156663734525,-0.383495628518242));
#7268=CARTESIAN_POINT('Ctrl Pts',(0.199425866918964,2.39170009064657,-0.395999909234));
#7269=CARTESIAN_POINT('',(0.395786359738,2.367140291035,-0.373628621797));
#7270=CARTESIAN_POINT('Ctrl Pts',(0.395786359737975,2.36714029103485,-0.373628621797));
#7271=CARTESIAN_POINT('Ctrl Pts',(0.38817818623551,2.36841237926139,-0.352907436440507));
#7272=CARTESIAN_POINT('Ctrl Pts',(0.375822924955648,2.37044625001665,-0.336233445785567));
#7273=CARTESIAN_POINT('Ctrl Pts',(0.359933127501361,2.37285653669207,-0.324499757821936));
#7274=CARTESIAN_POINT('Ctrl Pts',(0.344564077169377,2.37518783243928,-0.313150611213136));
#7275=CARTESIAN_POINT('Ctrl Pts',(0.325887155860819,2.37786473563065,-0.306423261983103));
#7276=CARTESIAN_POINT('Ctrl Pts',(0.30500696879899,2.38054001205173,-0.305125856432355));
#7277=CARTESIAN_POINT('Ctrl Pts',(0.30317115914749,2.38077522537907,-0.305011787069618));
#7278=CARTESIAN_POINT('Ctrl Pts',(0.301318328476157,2.38101046064053,-0.304939691851287));
#7279=CARTESIAN_POINT('Ctrl Pts',(0.29944923401594,2.38124550524352,-0.304910120027));
#7280=CARTESIAN_POINT('',(0.433451724941,2.360533753655,-0.362512228026));
#7281=CARTESIAN_POINT('Origin',(17.7208378388901,-2.68975347956195,-61.9138026786412));
#7282=CARTESIAN_POINT('',(0.504854275332,2.346299674099,-0.434297008283));
#7283=CARTESIAN_POINT('Ctrl Pts',(0.504854275332,2.346299674099,-0.434297008283));
#7284=CARTESIAN_POINT('Ctrl Pts',(0.50340105511,2.346612364098,-0.393489249193));
#7285=CARTESIAN_POINT('Ctrl Pts',(0.47362238038,2.353157438927,-0.363621110877));
#7286=CARTESIAN_POINT('Ctrl Pts',(0.433451724941,2.360533753655,-0.362512228026));
#7287=CARTESIAN_POINT('',(0.462829092207,2.354949942441,-0.501118406768));
#7288=CARTESIAN_POINT('Ctrl Pts',(0.462829092207,2.354949942441,-0.501118406768));
#7289=CARTESIAN_POINT('Ctrl Pts',(0.490192117472,2.349572161829,-0.48709954398));
#7290=CARTESIAN_POINT('Ctrl Pts',(0.504151931582,2.346450797695,-0.464826051302));
#7291=CARTESIAN_POINT('Ctrl Pts',(0.504854275332,2.346299674099,-0.434297008283));
#7292=CARTESIAN_POINT('',(0.395634650296,2.367165651889,-0.45388402181));
#7293=CARTESIAN_POINT('Ctrl Pts',(0.395634650296,2.367165651889,-0.45388402181));
#7294=CARTESIAN_POINT('Ctrl Pts',(0.426847265034,2.36194895237,-0.454757856489));
#7295=CARTESIAN_POINT('Ctrl Pts',(0.451011108139,2.357272584948,-0.471936526672));
#7296=CARTESIAN_POINT('Ctrl Pts',(0.462829092207,2.354949942441,-0.501118406768));
#7297=CARTESIAN_POINT('',(0.342229458269,2.375474478476,-0.478849752692));
#7298=CARTESIAN_POINT('Ctrl Pts',(0.342229458269,2.375474478476,-0.478849752692));
#7299=CARTESIAN_POINT('Ctrl Pts',(0.35629965347,2.373447415956,-0.462955047841));
#7300=CARTESIAN_POINT('Ctrl Pts',(0.374115874929,2.370762178038,-0.454633051154));
#7301=CARTESIAN_POINT('Ctrl Pts',(0.395634650296,2.367165651889,-0.45388402181));
#7302=CARTESIAN_POINT('',(0.245730972384,2.387386916528,-0.428928572866));
#7303=CARTESIAN_POINT('Origin',(-0.11329395963321,-0.917754661382503,-0.45388916270496));
#7304=CARTESIAN_POINT('',(0.223696723013,2.389552212468,-0.467405232961));
#7305=CARTESIAN_POINT('Origin',(-0.472969769290064,-4.81302321266529,-0.448160162102242));
#7306=CARTESIAN_POINT('',(0.324619842392807,2.37794490220464,-0.520187545143508));
#7307=CARTESIAN_POINT('Origin',(-0.108450217318245,-0.942951811551165,-0.493796389545337));
#7308=CARTESIAN_POINT('',(0.324670647113,2.377937966159,-0.527417300043));
#7309=CARTESIAN_POINT('',(0.324670647113,2.377937966159,-0.527417300043));
#7310=CARTESIAN_POINT('',(0.396651174651,2.366995531395,-0.599202080299));
#7311=CARTESIAN_POINT('Ctrl Pts',(0.396651174651,2.366995531395,-0.599202080299));
#7312=CARTESIAN_POINT('Ctrl Pts',(0.356384957103,2.373743175097,-0.598294501381));
#7313=CARTESIAN_POINT('Ctrl Pts',(0.326343084733,2.377709620671,-0.568236742709));
#7314=CARTESIAN_POINT('Ctrl Pts',(0.324670647113,2.377937966159,-0.527417300043));
#7315=CARTESIAN_POINT('',(0.463875574505,2.354744030967,-0.549552636462));
#7316=CARTESIAN_POINT('Ctrl Pts',(0.463875574504926,2.35474403096662,-0.549552636462));
#7317=CARTESIAN_POINT('Ctrl Pts',(0.46131943682712,2.35524758031985,-0.556868095581865));
#7318=CARTESIAN_POINT('Ctrl Pts',(0.457858357408291,2.35592586473627,-0.563792919492822));
#7319=CARTESIAN_POINT('Ctrl Pts',(0.449129779200241,2.35760493406406,-0.575955628088467));
#7320=CARTESIAN_POINT('Ctrl Pts',(0.444090272746267,2.35856514034786,-0.581111967318114));
#7321=CARTESIAN_POINT('Ctrl Pts',(0.432440030438853,2.360729003775,-0.589675128748252));
#7322=CARTESIAN_POINT('Ctrl Pts',(0.42602053020225,2.36189645598346,-0.592936487567519));
#7323=CARTESIAN_POINT('Ctrl Pts',(0.411901508034933,2.36440091548966,-0.597638387105736));
#7324=CARTESIAN_POINT('Ctrl Pts',(0.404317754561154,2.36571079811734,-0.59889824221206));
#7325=CARTESIAN_POINT('Ctrl Pts',(0.396651174650976,2.36699553139486,-0.599202080299));
#7326=CARTESIAN_POINT('',(0.520242516169,2.342935706409,-0.51443961471));
#7327=CARTESIAN_POINT('Ctrl Pts',(0.520242516169,2.342935706409,-0.51443961471));
#7328=CARTESIAN_POINT('Ctrl Pts',(0.504667506568,2.346394095029,-0.531470934121));
#7329=CARTESIAN_POINT('Ctrl Pts',(0.485892848333,2.350406712171,-0.543175277444));
#7330=CARTESIAN_POINT('Ctrl Pts',(0.463875574505,2.354744030967,-0.549552636462));
#7331=CARTESIAN_POINT('',(0.549299013514,2.336294201026,-0.435419953252));
#7332=CARTESIAN_POINT('Ctrl Pts',(0.549299013514,2.336294201026,-0.435419953252));
#7333=CARTESIAN_POINT('Ctrl Pts',(0.548918746372,2.336383607731,-0.465296686654));
#7334=CARTESIAN_POINT('Ctrl Pts',(0.539259495751,2.338713037695,-0.491636402508));
#7335=CARTESIAN_POINT('Ctrl Pts',(0.520242516169,2.342935706409,-0.51443961471));
#7336=CARTESIAN_POINT('',(0.515596282829,2.343962557962,-0.353241764379));
#7337=CARTESIAN_POINT('Ctrl Pts',(0.515596282829,2.343962557962,-0.353241764379));
#7338=CARTESIAN_POINT('Ctrl Pts',(0.537251443436,2.339199119965,-0.37592319218));
#7339=CARTESIAN_POINT('Ctrl Pts',(0.548451899011,2.336493370789,-0.403315674792));
#7340=CARTESIAN_POINT('Ctrl Pts',(0.549299013514,2.336294201026,-0.435419953252));
#7341=CARTESIAN_POINT('',(0.433861372708926,2.36045849659789,-0.319130197263049));
#7342=CARTESIAN_POINT('Ctrl Pts',(0.43386138964307,2.36045849244885,-0.319128630958201));
#7343=CARTESIAN_POINT('Ctrl Pts',(0.465313805787089,2.35467741713449,-0.319484032080333));
#7344=CARTESIAN_POINT('Ctrl Pts',(0.492535074777508,2.34903528111994,-0.330855312116773));
#7345=CARTESIAN_POINT('Ctrl Pts',(0.515596282829,2.343962557962,-0.353241764379));
#7346=CARTESIAN_POINT('',(0.417505560972,2.36340625085,-0.320692501824));
#7347=CARTESIAN_POINT('Origin',(0.,2.23938377125987E-15,-0.320692501824293));
#7348=CARTESIAN_POINT('Origin',(-12.0080116190561,1.60471205435873,-104.418807338384));
#7349=CARTESIAN_POINT('Origin',(0.,8.030407079339E-15,-1.149999999999));
#7350=CARTESIAN_POINT('Origin',(0.,0.,0.));
#7351=CARTESIAN_POINT('Origin',(0.,1.082359215041E-14,-1.55));
#7352=CARTESIAN_POINT('Origin',(0.925465319249,1.720357887794,-0.001));
#7353=CARTESIAN_POINT('Origin',(-0.0038737466565,2.404996880265,-0.381068119174));
#7354=CARTESIAN_POINT('',(-0.00388180018968049,2.40999687377898,-0.381068118376397));
#7355=CARTESIAN_POINT('',(-0.003865693129,2.399996886751,-0.381068119174));
#7356=CARTESIAN_POINT('',(-0.00452343096196923,2.40999575488596,-0.290975361594885));
#7357=CARTESIAN_POINT('',(-0.004504662145,2.3999957725,-0.290975361599));
#7358=CARTESIAN_POINT('',(-0.003881800184,2.409996873779,-0.381068119174));
#7359=CARTESIAN_POINT('Origin',(-0.0045140468575,2.4049957636925,-0.290975361599));
#7360=CARTESIAN_POINT('',(0.00865785423673252,2.40998444840542,-0.290882166041154));
#7361=CARTESIAN_POINT('',(0.008621930217,2.399984512933,-0.290882262971));
#7362=CARTESIAN_POINT('Origin',(0.,2.03187009017193E-15,-0.290975361597975));
#7363=CARTESIAN_POINT('Origin',(0.0086398925715,2.404984480668,-0.290882262971));
#7364=CARTESIAN_POINT('',(0.00938204656399496,2.40998173793899,-0.392568029743299));
#7365=CARTESIAN_POINT('',(0.009343116911,2.399981813715,-0.392568029744));
#7366=CARTESIAN_POINT('',(0.008657854926,2.409984448403,-0.290882262971));
#7367=CARTESIAN_POINT('Origin',(0.0093625817375,2.404981775827,-0.392568029744));
#7368=CARTESIAN_POINT('',(-0.0444630068505345,2.40958980762704,-0.392948351812231));
#7369=CARTESIAN_POINT('',(-0.044278513049,2.39959150967,-0.392948351466));
#7370=CARTESIAN_POINT('Origin',(-0.00438486214820872,0.602386017890044,
-0.392758196369063));
#7371=CARTESIAN_POINT('Origin',(-0.044370759951,2.4045906586485,-0.392948351466));
#7372=CARTESIAN_POINT('',(-0.0445455571239964,2.40958828295199,-0.38135534226846));
#7373=CARTESIAN_POINT('',(-0.044360720787,2.399589991321,-0.381355342268));
#7374=CARTESIAN_POINT('',(-0.044463006853,2.409589807627,-0.392948351466));
#7375=CARTESIAN_POINT('Origin',(-0.0444531389555,2.4045891371365,-0.381355342268));
#7376=CARTESIAN_POINT('Origin',(-0.00605304929499181,0.602375916481226,
-0.381211733203647));
#7377=CARTESIAN_POINT('Origin',(0.,8.030407079339E-15,-1.149999999999));
#7378=CARTESIAN_POINT('Ctrl Pts',(-0.125156634029,2.406747975372,-0.376726152072));
#7379=CARTESIAN_POINT('Ctrl Pts',(-0.117242654626,2.407159521173,-0.380944114783));
#7380=CARTESIAN_POINT('Ctrl Pts',(-0.108448773944,2.407578164654,-0.383152134564));
#7381=CARTESIAN_POINT('Ctrl Pts',(-0.098774167811,2.407975013112,-0.383350197888));
#7382=CARTESIAN_POINT('Ctrl Pts',(-0.124637311896,2.39676146925,-0.376726152072));
#7383=CARTESIAN_POINT('Ctrl Pts',(-0.116756170552,2.397171307394,-0.380944114799));
#7384=CARTESIAN_POINT('Ctrl Pts',(-0.107998779053,2.397588213763,-0.383152134564));
#7385=CARTESIAN_POINT('Ctrl Pts',(-0.098364316492,2.397983415547,-0.383350197888));
#7386=CARTESIAN_POINT('',(-0.12515663150598,2.40674797550398,-0.37672615488693));
#7387=CARTESIAN_POINT('',(-0.124637311896,2.39676146925,-0.376726152072));
#7388=CARTESIAN_POINT('',(-0.0987741669686594,2.4079750131463,-0.383350197839674));
#7389=CARTESIAN_POINT('',(-0.098364316492,2.397983415547,-0.383350197888));
#7390=CARTESIAN_POINT('Origin',(30.0566192397599,2.15528324120636,68.5326956767394));
#7391=CARTESIAN_POINT('Ctrl Pts',(-0.098774167811,2.407975013112,-0.383350197888));
#7392=CARTESIAN_POINT('Ctrl Pts',(-0.086746204617,2.408468395331,-0.382660193877));
#7393=CARTESIAN_POINT('Ctrl Pts',(-0.081017960613,2.408652409111,-0.380658969744));
#7394=CARTESIAN_POINT('Ctrl Pts',(-0.072635003599,2.408905177928,-0.372455685204));
#7395=CARTESIAN_POINT('Ctrl Pts',(-0.0983643078444149,2.39798320473106,
-0.383350197888));
#7396=CARTESIAN_POINT('Ctrl Pts',(-0.0863868229884511,2.39847451634837,
-0.382660226638691));
#7397=CARTESIAN_POINT('Ctrl Pts',(-0.080680972018919,2.39865781424427,-0.380658176366261));
#7398=CARTESIAN_POINT('Ctrl Pts',(-0.072333607183874,2.39890950986063,-0.372455685204));
#7399=CARTESIAN_POINT('',(-0.072635003330066,2.4089051779359,-0.372455684866835));
#7400=CARTESIAN_POINT('',(-0.072333613543,2.398909720758,-0.372455685204));
#7401=CARTESIAN_POINT('Ctrl Pts',(-0.0987741669686428,2.40797501314587,
-0.383350197839678));
#7402=CARTESIAN_POINT('Ctrl Pts',(-0.0926806784074439,2.4082249655969,-0.38300063474606));
#7403=CARTESIAN_POINT('Ctrl Pts',(-0.0882064838797987,2.40838863239409,
-0.382314554009484));
#7404=CARTESIAN_POINT('Ctrl Pts',(-0.0802540023534543,2.40866659591641,
-0.379039047709361));
#7405=CARTESIAN_POINT('Ctrl Pts',(-0.0767706110421574,2.40878047818276,
-0.376502653898387));
#7406=CARTESIAN_POINT('Ctrl Pts',(-0.072635003598994,2.4089051779278,-0.372455685204));
#7407=CARTESIAN_POINT('Ctrl Pts',(-0.072635003599,2.408905177928,-0.372455685204));
#7408=CARTESIAN_POINT('Ctrl Pts',(-0.064691183242,2.409144705588,-0.362496199848));
#7409=CARTESIAN_POINT('Ctrl Pts',(-0.063147680472,2.40917257088,-0.356155752873));
#7410=CARTESIAN_POINT('Ctrl Pts',(-0.062822469386,2.409181051174,-0.343376377088));
#7411=CARTESIAN_POINT('Ctrl Pts',(-0.072333605831598,2.39890946501304,-0.372455685204));
#7412=CARTESIAN_POINT('Ctrl Pts',(-0.0644220815639085,2.39914801885912,
-0.362495360542526));
#7413=CARTESIAN_POINT('Ctrl Pts',(-0.062885665495225,2.39917574802364,-0.356156356513444));
#7414=CARTESIAN_POINT('Ctrl Pts',(-0.0625617885693601,2.39918419352775,
-0.343376377088));
#7415=CARTESIAN_POINT('',(-0.062822469386,2.409181051174,-0.343376377088));
#7416=CARTESIAN_POINT('',(-0.062561795239,2.399184449302,-0.343376377088));
#7417=CARTESIAN_POINT('Ctrl Pts',(-0.0726350033300674,2.40890517793591,
-0.372455684866836));
#7418=CARTESIAN_POINT('Ctrl Pts',(-0.0686845207211904,2.40902429566627,
-0.3675028067406));
#7419=CARTESIAN_POINT('Ctrl Pts',(-0.0663191673302759,2.40908775282204,
-0.363453468303709));
#7420=CARTESIAN_POINT('Ctrl Pts',(-0.0634571011187385,2.40916484747435,
-0.354595914717596));
#7421=CARTESIAN_POINT('Ctrl Pts',(-0.0629859397606221,2.40917678847535,
-0.349800049087398));
#7422=CARTESIAN_POINT('Ctrl Pts',(-0.0628224693859977,2.40918105117391,
-0.343376377088));
#7423=CARTESIAN_POINT('Ctrl Pts',(-0.062822469386,2.409181051174,-0.343376377088));
#7424=CARTESIAN_POINT('Ctrl Pts',(-0.06326694133,2.409169461001,-0.33103629829));
#7425=CARTESIAN_POINT('Ctrl Pts',(-0.066914380598,2.409080617255,-0.320872191299));
#7426=CARTESIAN_POINT('Ctrl Pts',(-0.073763525172,2.408870885363,-0.312884032528));
#7427=CARTESIAN_POINT('Ctrl Pts',(-0.062561795239,2.399184449302,-0.343376377088));
#7428=CARTESIAN_POINT('Ctrl Pts',(-0.063004422901,2.399172907221,-0.331036298298));
#7429=CARTESIAN_POINT('Ctrl Pts',(-0.06663672758,2.399084432121,-0.320872191284));
#7430=CARTESIAN_POINT('Ctrl Pts',(-0.073457452453,2.398875570486,-0.312884032528));
#7431=CARTESIAN_POINT('',(-0.0737635257479155,2.40887088534531,-0.312884031979621));
#7432=CARTESIAN_POINT('',(-0.073457452453,2.398875570486,-0.312884032528));
#7433=CARTESIAN_POINT('Ctrl Pts',(-0.062822469386,2.409181051174,-0.343376377088));
#7434=CARTESIAN_POINT('Ctrl Pts',(-0.0632669412185951,2.4091694610039,-0.331036301382985));
#7435=CARTESIAN_POINT('Ctrl Pts',(-0.0669143903747112,2.40908061160975,
-0.320872179705676));
#7436=CARTESIAN_POINT('Ctrl Pts',(-0.0737635251719969,2.4088708853629,-0.312884032528));
#7437=CARTESIAN_POINT('Ctrl Pts',(-0.073763525172,2.408870885363,-0.312884032528));
#7438=CARTESIAN_POINT('Ctrl Pts',(-0.081135506112,2.408645143376,-0.305864551299));
#7439=CARTESIAN_POINT('Ctrl Pts',(-0.090431842752,2.408328910806,-0.302169682448));
#7440=CARTESIAN_POINT('Ctrl Pts',(-0.101649531762,2.407855347127,-0.301799463925));
#7441=CARTESIAN_POINT('Ctrl Pts',(-0.0734574524522613,2.39887557046188,
-0.312884032528));
#7442=CARTESIAN_POINT('Ctrl Pts',(-0.0807988443461875,2.39865076516088,
-0.305864551218));
#7443=CARTESIAN_POINT('Ctrl Pts',(-0.0900566068260944,2.39833584476488,
-0.30216968245));
#7444=CARTESIAN_POINT('Ctrl Pts',(-0.101227749471982,2.39786424607789,-0.301799463925));
#7445=CARTESIAN_POINT('',(-0.101649532359939,2.40785534844607,-0.301799463969192));
#7446=CARTESIAN_POINT('',(-0.101227749473,2.397864246102,-0.301799463925));
#7447=CARTESIAN_POINT('Ctrl Pts',(-0.0737635257479165,2.40887088534534,
-0.312884031979621));
#7448=CARTESIAN_POINT('Ctrl Pts',(-0.0774182654857014,2.40875897129864,
-0.309404047940929));
#7449=CARTESIAN_POINT('Ctrl Pts',(-0.0815778028650885,2.40862348037551,
-0.306710865389916));
#7450=CARTESIAN_POINT('Ctrl Pts',(-0.0911775713293617,2.40827963579324,
-0.302895614301687));
#7451=CARTESIAN_POINT('Ctrl Pts',(-0.096369717265615,2.4080782387022,-0.301973714175904));
#7452=CARTESIAN_POINT('Ctrl Pts',(-0.101649531761997,2.40785534712693,-0.301799463925));
#7453=CARTESIAN_POINT('Ctrl Pts',(-0.101649531762,2.407855347127,-0.301799463925));
#7454=CARTESIAN_POINT('Ctrl Pts',(-0.110456895021,2.407483537271,-0.30217394469));
#7455=CARTESIAN_POINT('Ctrl Pts',(-0.11845527945,2.407097876278,-0.304240754022));
#7456=CARTESIAN_POINT('Ctrl Pts',(-0.125645433165,2.40672250688,-0.3079998823));
#7457=CARTESIAN_POINT('Ctrl Pts',(-0.101227749473,2.397864246102,-0.301799463925));
#7458=CARTESIAN_POINT('Ctrl Pts',(-0.109998567673,2.397493979024,-0.30217394469));
#7459=CARTESIAN_POINT('Ctrl Pts',(-0.117963763744,2.397109918286,-0.30424075401));
#7460=CARTESIAN_POINT('Ctrl Pts',(-0.12512408282,2.396736106436,-0.3079998823));
#7461=CARTESIAN_POINT('',(-0.125645330036509,2.40672251223516,-0.307999804082774));
#7462=CARTESIAN_POINT('',(-0.12512408282,2.396736106436,-0.3079998823));
#7463=CARTESIAN_POINT('Origin',(32.1633019380493,2.33575718485738,-67.886721195571));
#7464=CARTESIAN_POINT('Origin',(-0.1253847579925,2.401729306658,-0.3079998823));
#7465=CARTESIAN_POINT('',(-0.125743044480296,2.4067174089969,-0.294275422385065));
#7466=CARTESIAN_POINT('',(-0.125221289105,2.396731029705,-0.294275422981));
#7467=CARTESIAN_POINT('',(-0.125645436708,2.406722506695,-0.307999384152));
#7468=CARTESIAN_POINT('Ctrl Pts',(-0.125743044476,2.406717408996,-0.294275422981));
#7469=CARTESIAN_POINT('Ctrl Pts',(-0.118855759777,2.407077246899,-0.291610070504));
#7470=CARTESIAN_POINT('Ctrl Pts',(-0.110809648402,2.407468821451,-0.290166791219));
#7471=CARTESIAN_POINT('Ctrl Pts',(-0.101603480331,2.407857290784,-0.289945600017));
#7472=CARTESIAN_POINT('Ctrl Pts',(-0.125221289105,2.396731029705,-0.294275422981));
#7473=CARTESIAN_POINT('Ctrl Pts',(-0.118362582322,2.397089374507,-0.291610070493));
#7474=CARTESIAN_POINT('Ctrl Pts',(-0.110349857351,2.397479324265,-0.290166791219));
#7475=CARTESIAN_POINT('Ctrl Pts',(-0.101181889126,2.397866181694,-0.289945600017));
#7476=CARTESIAN_POINT('',(-0.101603479476381,2.4078572908195,-0.289945600040252));
#7477=CARTESIAN_POINT('',(-0.101181889126,2.397866181694,-0.289945600017));
#7478=CARTESIAN_POINT('Origin',(20.664569844565,2.66360630828252,-22.2126830210868));
#7479=CARTESIAN_POINT('Ctrl Pts',(-0.101603480331,2.407857290784,-0.289945600017));
#7480=CARTESIAN_POINT('Ctrl Pts',(-0.08655907853,2.408492113948,-0.290354961347));
#7481=CARTESIAN_POINT('Ctrl Pts',(-0.074026583221,2.408883649905,-0.295257398835));
#7482=CARTESIAN_POINT('Ctrl Pts',(-0.064011445072,2.409149753522,-0.304652821163));
#7483=CARTESIAN_POINT('Ctrl Pts',(-0.10118188912269,2.39786618161556,-0.289945600017));
#7484=CARTESIAN_POINT('Ctrl Pts',(-0.0861999120771803,2.39849837066354,
-0.290354961351));
#7485=CARTESIAN_POINT('Ctrl Pts',(-0.0737194191745885,2.39888828197853,
-0.295257398644));
#7486=CARTESIAN_POINT('Ctrl Pts',(-0.0637458374149148,2.39915328143752,
-0.304652821163));
#7487=CARTESIAN_POINT('',(-0.0640114445387604,2.40914975353605,-0.304652821745459));
#7488=CARTESIAN_POINT('',(-0.063745837417,2.399153281516,-0.304652821163));
#7489=CARTESIAN_POINT('Ctrl Pts',(-0.101603479476388,2.40785729081968,-0.289945600040254));
#7490=CARTESIAN_POINT('Ctrl Pts',(-0.0945082910215722,2.40815668390967,
-0.290138661688467));
#7491=CARTESIAN_POINT('Ctrl Pts',(-0.0875311914173484,2.40841899898184,
-0.291343049258332));
#7492=CARTESIAN_POINT('Ctrl Pts',(-0.0745912069712007,2.40885371595543,
-0.296406469015935));
#7493=CARTESIAN_POINT('Ctrl Pts',(-0.0689677912495004,2.40901806271254,
-0.30000316333016));
#7494=CARTESIAN_POINT('Ctrl Pts',(-0.0640114450720123,2.40914975352197,
-0.304652821162988));
#7495=CARTESIAN_POINT('Ctrl Pts',(-0.064011445072,2.409149753522,-0.304652821163));
#7496=CARTESIAN_POINT('Ctrl Pts',(-0.05312119783,2.409439108911,-0.31654833076));
#7497=CARTESIAN_POINT('Ctrl Pts',(-0.04953714661,2.40949089521,-0.326663718624));
#7498=CARTESIAN_POINT('Ctrl Pts',(-0.048986810986,2.409502083906,-0.344058468442));
#7499=CARTESIAN_POINT('Ctrl Pts',(-0.0637458298339701,2.39915299611931,
-0.304652821163));
#7500=CARTESIAN_POINT('Ctrl Pts',(-0.0529004968012225,2.39944115813124,
-0.316548632208606));
#7501=CARTESIAN_POINT('Ctrl Pts',(-0.0493315974827931,2.39949272213789,
-0.326663557799409));
#7502=CARTESIAN_POINT('Ctrl Pts',(-0.0487835404068432,2.39950386450957,
-0.344058468442));
#7503=CARTESIAN_POINT('',(-0.048986810986,2.409502083906,-0.344058468442));
#7504=CARTESIAN_POINT('',(-0.04878354621,2.399504149948,-0.344058468442));
#7505=CARTESIAN_POINT('Ctrl Pts',(-0.0640114445387625,2.40914975353614,
-0.304652821745459));
#7506=CARTESIAN_POINT('Ctrl Pts',(-0.0584014875971652,2.40929881087353,
-0.310780625484883));
#7507=CARTESIAN_POINT('Ctrl Pts',(-0.0547323426581335,2.40937953349021,
-0.31643358875351));
#7508=CARTESIAN_POINT('Ctrl Pts',(-0.0502352811974211,2.40947736582352,
-0.328893745553299));
#7509=CARTESIAN_POINT('Ctrl Pts',(-0.0492539937374474,2.40949665189895,
-0.33561348157454));
#7510=CARTESIAN_POINT('Ctrl Pts',(-0.0489868109859884,2.40950208390543,
-0.344058468442));
#7511=CARTESIAN_POINT('Ctrl Pts',(-0.048986810986,2.409502083906,-0.344058468442));
#7512=CARTESIAN_POINT('Ctrl Pts',(-0.049343391147,2.409494834389,-0.359889799021));
#7513=CARTESIAN_POINT('Ctrl Pts',(-0.05178875297,2.409464403237,-0.368922967338));
#7514=CARTESIAN_POINT('Ctrl Pts',(-0.061824642462,2.409206864008,-0.380905531958));
#7515=CARTESIAN_POINT('Ctrl Pts',(-0.0487835392167754,2.399503805974,-0.344058468442));
#7516=CARTESIAN_POINT('Ctrl Pts',(-0.0491386546443837,2.39949658623602,
-0.359890463428858));
#7517=CARTESIAN_POINT('Ctrl Pts',(-0.0515730937276051,2.39946630118405,
-0.368922055230621));
#7518=CARTESIAN_POINT('Ctrl Pts',(-0.0615680998490813,2.39920981109614,
-0.380905531958));
#7519=CARTESIAN_POINT('',(-0.0618246430442413,2.40920686399225,-0.380905532529877));
#7520=CARTESIAN_POINT('',(-0.061568108675,2.399210155028,-0.380905531958));
#7521=CARTESIAN_POINT('Ctrl Pts',(-0.0489868109859884,2.40950208390543,
-0.344058468442));
#7522=CARTESIAN_POINT('Ctrl Pts',(-0.0491665624514364,2.40949842943627,
-0.352039015827179));
#7523=CARTESIAN_POINT('Ctrl Pts',(-0.0498747818474868,2.40948465943591,
-0.35829276893364));
#7524=CARTESIAN_POINT('Ctrl Pts',(-0.0537419104397631,2.40940147562172,
-0.369752193258951));
#7525=CARTESIAN_POINT('Ctrl Pts',(-0.0568478878107436,2.40933457660907,
-0.374963429441429));
#7526=CARTESIAN_POINT('Ctrl Pts',(-0.0618246424619807,2.40920686400725,
-0.380905531958));
#7527=CARTESIAN_POINT('Ctrl Pts',(-0.061824642462,2.409206864008,-0.380905531958));
#7528=CARTESIAN_POINT('Ctrl Pts',(-0.070938465962,2.408972986673,-0.38985680816));
#7529=CARTESIAN_POINT('Ctrl Pts',(-0.08259419891,2.408626156485,-0.394566231498));
#7530=CARTESIAN_POINT('Ctrl Pts',(-0.096787083812,2.408055701267,-0.39503372244));
#7531=CARTESIAN_POINT('Ctrl Pts',(-0.0615681086734245,2.39921015496661,
-0.380905531958));
#7532=CARTESIAN_POINT('Ctrl Pts',(-0.0706441156561923,2.39897724807361,
-0.389856808335));
#7533=CARTESIAN_POINT('Ctrl Pts',(-0.0822514842588953,2.39863185702462,
-0.394566231494));
#7534=CARTESIAN_POINT('Ctrl Pts',(-0.0963854776525336,2.39806376883564,
-0.39503372244));
#7535=CARTESIAN_POINT('',(-0.096787083812,2.408055701267,-0.39503372244));
#7536=CARTESIAN_POINT('',(-0.096385477655,2.398063768897,-0.39503372244));
#7537=CARTESIAN_POINT('Ctrl Pts',(-0.0618246430442428,2.40920686399231,
-0.380905532529877));
#7538=CARTESIAN_POINT('Ctrl Pts',(-0.066345878406336,2.4090908408452,-0.385346130397798));
#7539=CARTESIAN_POINT('Ctrl Pts',(-0.0715289988927982,2.40894544218113,
-0.388778487777198));
#7540=CARTESIAN_POINT('Ctrl Pts',(-0.0835803443433327,2.40855818351249,
-0.393647628220521));
#7541=CARTESIAN_POINT('Ctrl Pts',(-0.0901317891345081,2.4083231978047,-0.394814507671505));
#7542=CARTESIAN_POINT('Ctrl Pts',(-0.0967870838119736,2.40805570126656,
-0.39503372244));
#7543=CARTESIAN_POINT('Ctrl Pts',(-0.096787083812,2.408055701267,-0.39503372244));
#7544=CARTESIAN_POINT('Ctrl Pts',(-0.107722747546,2.407616163676,-0.394912183838));
#7545=CARTESIAN_POINT('Ctrl Pts',(-0.11714884267,2.407164102768,-0.393003235005));
#7546=CARTESIAN_POINT('Ctrl Pts',(-0.125067155866,2.406752626782,-0.389306906448));
#7547=CARTESIAN_POINT('Ctrl Pts',(-0.0963854776547299,2.39806376889028,
-0.39503372244));
#7548=CARTESIAN_POINT('Ctrl Pts',(-0.107275765237699,2.39762605510428,-0.394912183837));
#7549=CARTESIAN_POINT('Ctrl Pts',(-0.116662747825673,2.39717586997328,-0.393003235034));
#7550=CARTESIAN_POINT('Ctrl Pts',(-0.124548205011651,2.39676610135228,-0.389306906448));
#7551=CARTESIAN_POINT('',(-0.125067155866,2.406752626782,-0.389306906448));
#7552=CARTESIAN_POINT('',(-0.124548205012,2.396766101359,-0.389306906448));
#7553=CARTESIAN_POINT('Ctrl Pts',(-0.0967870838119822,2.40805570126656,
-0.39503372244));
#7554=CARTESIAN_POINT('Ctrl Pts',(-0.101898707157496,2.40785024957501,-0.394976912028627));
#7555=CARTESIAN_POINT('Ctrl Pts',(-0.107047904080358,2.40762661148395,-0.394525506021662));
#7556=CARTESIAN_POINT('Ctrl Pts',(-0.116542982124295,2.40718464043927,-0.392602797080148));
#7557=CARTESIAN_POINT('Ctrl Pts',(-0.120920529917011,2.40696810663916,-0.391242582839037));
#7558=CARTESIAN_POINT('Ctrl Pts',(-0.125067155865959,2.40675262678132,-0.389306906448003));
#7559=CARTESIAN_POINT('Origin',(-0.124807680439,2.4017593640705,-0.389306906448));
#7560=CARTESIAN_POINT('',(-0.125067155866,2.406752626782,-0.389306906448));
#7561=CARTESIAN_POINT('Origin',(0.,8.030407079339E-15,-1.149999999999));
#7562=CARTESIAN_POINT('Origin',(-0.158350707817,2.3997812511415,-0.382162258495));
#7563=CARTESIAN_POINT('',(-0.158679919273817,2.40477040135161,-0.382162257676496));
#7564=CARTESIAN_POINT('',(-0.158021496366,2.394792100931,-0.382162258495));
#7565=CARTESIAN_POINT('',(-0.158923010177996,2.40475434854199,-0.34795508337458));
#7566=CARTESIAN_POINT('',(-0.1582635786,2.394776114731,-0.347955083374));
#7567=CARTESIAN_POINT('',(-0.158679919268,2.404770401352,-0.382162258495));
#7568=CARTESIAN_POINT('Origin',(-0.158593294389,2.3997652316365,-0.347955083374));
#7569=CARTESIAN_POINT('',(-0.195340029573893,2.40207041379841,-0.348212994946448));
#7570=CARTESIAN_POINT('',(-0.194529490037,2.392103316645,-0.348212994227));
#7571=CARTESIAN_POINT('Origin',(-0.0442784005606223,0.600774656896652,-0.348084057761675));
#7572=CARTESIAN_POINT('Origin',(-0.194934759808,2.3970868652215,-0.348212994227));
#7573=CARTESIAN_POINT('',(-0.195422691177995,2.40206369019898,-0.336567998441461));
#7574=CARTESIAN_POINT('',(-0.194611808642,2.392096620945,-0.336567998441));
#7575=CARTESIAN_POINT('',(-0.195340029579,2.402070413798,-0.348212994227));
#7576=CARTESIAN_POINT('Origin',(-0.19501724991,2.397080155572,-0.336567998441));
#7577=CARTESIAN_POINT('',(-0.159005764164112,2.40474887814966,-0.336310086868548));
#7578=CARTESIAN_POINT('',(-0.158345989204,2.394770667037,-0.336310087588));
#7579=CARTESIAN_POINT('Origin',(-0.0442981941256166,0.60077161363316,-0.336439046802265));
#7580=CARTESIAN_POINT('Origin',(-0.1586758766815,2.3997597725935,-0.336310087588));
#7581=CARTESIAN_POINT('',(-0.159237030984996,2.40473357525499,-0.303766483293552));
#7582=CARTESIAN_POINT('',(-0.158576296417,2.39475542764,-0.303766483293));
#7583=CARTESIAN_POINT('',(-0.159005764159,2.40474887815,-0.336310087588));
#7584=CARTESIAN_POINT('Origin',(-0.158906663701,2.3997445014475,-0.303766483293));
#7585=CARTESIAN_POINT('',(-0.198541271503505,2.40180793643145,-0.304044858183125));
#7586=CARTESIAN_POINT('',(-0.197717448806,2.391841928396,-0.304044857409));
#7587=CARTESIAN_POINT('Origin',(-0.0447160316145102,0.600745085019991,-0.303905664356606));
#7588=CARTESIAN_POINT('Origin',(-0.1981293601575,2.3968249324135,-0.304044857409));
#7589=CARTESIAN_POINT('',(-0.198624293057996,2.40180107215499,-0.292347875035464));
#7590=CARTESIAN_POINT('',(-0.197800125866,2.391835092602,-0.292347875035));
#7591=CARTESIAN_POINT('',(-0.198541271509,2.401807936431,-0.304044857409));
#7592=CARTESIAN_POINT('Origin',(-0.198212209462,2.3968180823785,-0.292347875035));
#7593=CARTESIAN_POINT('',(-0.146165362908409,2.40556348631285,-0.291976401952174));
#7594=CARTESIAN_POINT('',(-0.145558867624,2.395581895084,-0.291976402291));
#7595=CARTESIAN_POINT('Origin',(-0.0430945867966194,0.600857951152449,-0.292162141287314));
#7596=CARTESIAN_POINT('Origin',(-0.145862115265,2.4005726906985,-0.291976402291));
#7597=CARTESIAN_POINT('',(-0.145442492762004,2.40560729989299,-0.393662169064299));
#7598=CARTESIAN_POINT('',(-0.144838996941,2.395625526864,-0.393662169065));
#7599=CARTESIAN_POINT('',(-0.146165362906,2.405563486313,-0.291976402291));
#7600=CARTESIAN_POINT('Origin',(-0.1451407448515,2.4006164133785,-0.393662169065));
#7601=CARTESIAN_POINT('',(-0.200217655530498,2.40166877200221,-0.394050049641521));
#7602=CARTESIAN_POINT('',(-0.19938687688,2.391703341413,-0.394050049289));
#7603=CARTESIAN_POINT('Origin',(-0.0432029115200751,0.600850268194093,-0.393856106738004));
#7604=CARTESIAN_POINT('Origin',(-0.1998022662065,2.3966860567075,-0.394050049289));
#7605=CARTESIAN_POINT('',(-0.200299934344996,2.40166191132299,-0.38245704009146));
#7606=CARTESIAN_POINT('',(-0.199468814285,2.391696509201,-0.382457040091));
#7607=CARTESIAN_POINT('',(-0.200217655533,2.401668772002,-0.394050049289));
#7608=CARTESIAN_POINT('Origin',(-0.199884374315,2.396679210262,-0.382457040091));
#7609=CARTESIAN_POINT('Origin',(-0.0448666096052773,0.600732445862766,-0.382309645585672));
#7610=CARTESIAN_POINT('Origin',(0.,8.030407079339E-15,-1.149999999999));
#7611=CARTESIAN_POINT('Ctrl Pts',(-0.286890923511,2.392863054586,-0.380420359385));
#7612=CARTESIAN_POINT('Ctrl Pts',(-0.29834158684,2.39149018397,-0.368908022179));
#7613=CARTESIAN_POINT('Ctrl Pts',(-0.301893049648,2.391016707188,-0.359009263975));
#7614=CARTESIAN_POINT('Ctrl Pts',(-0.302443176349,2.390947118837,-0.342630905186));
#7615=CARTESIAN_POINT('Ctrl Pts',(-0.285699938801488,2.38292944192824,-0.380420359385));
#7616=CARTESIAN_POINT('Ctrl Pts',(-0.297103724437855,2.38156219168496,-0.368907357857324));
#7617=CARTESIAN_POINT('Ctrl Pts',(-0.300639770038811,2.38109076136541,-0.359009736942748));
#7618=CARTESIAN_POINT('Ctrl Pts',(-0.301187628791113,2.38102145989974,-0.342630905186));
#7619=CARTESIAN_POINT('',(-0.286890924081174,2.39286305451744,-0.380420358811731));
#7620=CARTESIAN_POINT('',(-0.285700504741,2.382934162244,-0.380420359385));
#7621=CARTESIAN_POINT('',(-0.302443176349,2.390947118837,-0.342630905186));
#7622=CARTESIAN_POINT('',(-0.30118822541,2.381026176436,-0.342630905186));
#7623=CARTESIAN_POINT('Ctrl Pts',(-0.286890924081187,2.39286305451754,-0.380420358811731));
#7624=CARTESIAN_POINT('Ctrl Pts',(-0.292588235319842,2.3921799787005,-0.374692361449435));
#7625=CARTESIAN_POINT('Ctrl Pts',(-0.296324751609207,2.39171432973026,-0.369368787665159));
#7626=CARTESIAN_POINT('Ctrl Pts',(-0.301129803064849,2.39111412798079,-0.35746549926251));
#7627=CARTESIAN_POINT('Ctrl Pts',(-0.302166397596428,2.39098213000245,-0.350871155489095));
#7628=CARTESIAN_POINT('Ctrl Pts',(-0.302443176349004,2.39094711883703,-0.342630905186));
#7629=CARTESIAN_POINT('Ctrl Pts',(-0.302443176349,2.390947118837,-0.342630905186));
#7630=CARTESIAN_POINT('Ctrl Pts',(-0.302001305513,2.391003013348,-0.326787414023));
#7631=CARTESIAN_POINT('Ctrl Pts',(-0.298643420684,2.391451447533,-0.317222226564));
#7632=CARTESIAN_POINT('Ctrl Pts',(-0.287414027107,2.392800279384,-0.306443444191));
#7633=CARTESIAN_POINT('Ctrl Pts',(-0.301187994569219,2.38102435153749,-0.342630905186));
#7634=CARTESIAN_POINT('Ctrl Pts',(-0.300747943662922,2.38108001583515,-0.326786913696985));
#7635=CARTESIAN_POINT('Ctrl Pts',(-0.297404722350693,2.38152650144379,-0.317222914697555));
#7636=CARTESIAN_POINT('Ctrl Pts',(-0.286221218413268,2.38286982120606,-0.306443444191));
#7637=CARTESIAN_POINT('',(-0.2874140264942,2.39280027945688,-0.306443443685083));
#7638=CARTESIAN_POINT('',(-0.286221437783,2.382871647519,-0.306443444191));
#7639=CARTESIAN_POINT('Ctrl Pts',(-0.302443176349004,2.39094711883703,-0.342630905186));
#7640=CARTESIAN_POINT('Ctrl Pts',(-0.302219915369301,2.39097536026459,-0.334625775472886));
#7641=CARTESIAN_POINT('Ctrl Pts',(-0.301252172686405,2.391098644329,-0.328229582457158));
#7642=CARTESIAN_POINT('Ctrl Pts',(-0.297716859678081,2.3915405293626,-0.319553345091289));
#7643=CARTESIAN_POINT('Ctrl Pts',(-0.296209147401698,2.39172814842413,-0.316885325780439));
#7644=CARTESIAN_POINT('Ctrl Pts',(-0.292329728529816,2.39220559291196,-0.311481025669014));
#7645=CARTESIAN_POINT('Ctrl Pts',(-0.289932174397598,2.39249780915224,-0.308860543693584));
#7646=CARTESIAN_POINT('Ctrl Pts',(-0.28741402710693,2.39280027938342,-0.306443444191));
#7647=CARTESIAN_POINT('Ctrl Pts',(-0.287414027107,2.392800279384,-0.306443444191));
#7648=CARTESIAN_POINT('Ctrl Pts',(-0.27688545799,2.394064930878,-0.297750014064));
#7649=CARTESIAN_POINT('Ctrl Pts',(-0.264132716269,2.395529368179,-0.293170924598));
#7650=CARTESIAN_POINT('Ctrl Pts',(-0.249145418703,2.39708709903,-0.292706258664));
#7651=CARTESIAN_POINT('Ctrl Pts',(-0.286221437774125,2.38287164744511,-0.306443444191));
#7652=CARTESIAN_POINT('Ctrl Pts',(-0.27573655547445,2.38413105144607,-0.297750013905));
#7653=CARTESIAN_POINT('Ctrl Pts',(-0.263036730027844,2.38558941220603,-0.293170924603));
#7654=CARTESIAN_POINT('Ctrl Pts',(-0.248111620277306,2.38714067945798,-0.292706258664));
#7655=CARTESIAN_POINT('',(-0.249145418703,2.39708709903,-0.292706258664));
#7656=CARTESIAN_POINT('',(-0.248111620285,2.387140679532,-0.292706258664));
#7657=CARTESIAN_POINT('Ctrl Pts',(-0.287414026494216,2.39280027945702,-0.306443443685083));
#7658=CARTESIAN_POINT('Ctrl Pts',(-0.282165087091114,2.39343076200151,-0.302109399217781));
#7659=CARTESIAN_POINT('Ctrl Pts',(-0.276347103058202,2.39411230670627,-0.29878460148241));
#7660=CARTESIAN_POINT('Ctrl Pts',(-0.263254592378293,2.39558811178865,-0.294085249569288));
#7661=CARTESIAN_POINT('Ctrl Pts',(-0.256255392317302,2.39634811155032,-0.292926696172209));
#7662=CARTESIAN_POINT('Ctrl Pts',(-0.249145418702978,2.39708709902968,-0.292706258664));
#7663=CARTESIAN_POINT('Origin',(-0.248628519494,2.392113889281,-0.292706258664));
#7664=CARTESIAN_POINT('',(-0.220154616825098,2.39992332058463,-0.292500519336162));
#7665=CARTESIAN_POINT('',(-0.219241112187,2.389965132533,-0.292500519914));
#7666=CARTESIAN_POINT('Origin',(-0.058652773196935,0.599542164317959,-0.29260339415419));
#7667=CARTESIAN_POINT('Origin',(-0.219697864504,2.394944226559,-0.292500519914));
#7668=CARTESIAN_POINT('',(-0.219433438186004,2.39998936793499,-0.394186286686301));
#7669=CARTESIAN_POINT('',(-0.218522925995,2.390030905828,-0.394186286687));
#7670=CARTESIAN_POINT('',(-0.220154616821,2.399923320585,-0.292500519914));
#7671=CARTESIAN_POINT('Origin',(-0.2189781820905,2.3950101368815,-0.394186286687));
#7672=CARTESIAN_POINT('',(-0.247386565531687,2.39726925629495,-0.394384651288));
#7673=CARTESIAN_POINT('',(-0.24636006526,2.387322080961,-0.394384651288));
#7674=CARTESIAN_POINT('Origin',(-0.0583445974381725,0.599575588441948,-0.394285469345536));
#7675=CARTESIAN_POINT('Ctrl Pts',(-0.247386565532,2.397269256298,-0.394384651288));
#7676=CARTESIAN_POINT('Ctrl Pts',(-0.263351327379,2.395621770271,-0.394010913139));
#7677=CARTESIAN_POINT('Ctrl Pts',(-0.276514884533,2.394107083742,-0.389356108637));
#7678=CARTESIAN_POINT('Ctrl Pts',(-0.286890923511,2.392863054586,-0.380420359385));
#7679=CARTESIAN_POINT('Ctrl Pts',(-0.246360065250994,2.38732208087372,-0.394384651288));
#7680=CARTESIAN_POINT('Ctrl Pts',(-0.262258583470412,2.38568143086778,-0.394010913135));
#7681=CARTESIAN_POINT('Ctrl Pts',(-0.275367519588933,2.38417302939684,-0.389356108868));
#7682=CARTESIAN_POINT('Ctrl Pts',(-0.285700504730555,2.38293416215688,-0.380420359385));
#7683=CARTESIAN_POINT('Ctrl Pts',(-0.247386565531959,2.39726925629757,-0.394384651288));
#7684=CARTESIAN_POINT('Ctrl Pts',(-0.254826194847871,2.39650152261873,-0.394210488133145));
#7685=CARTESIAN_POINT('Ctrl Pts',(-0.262218023835121,2.39570272521518,-0.393093563232824));
#7686=CARTESIAN_POINT('Ctrl Pts',(-0.275747553640645,2.39418175065032,-0.388310855176885));
#7687=CARTESIAN_POINT('Ctrl Pts',(-0.281647949972344,2.39349165784741,-0.384935559932647));
#7688=CARTESIAN_POINT('Ctrl Pts',(-0.286890923510986,2.39286305458591,-0.380420359385002));
#7689=CARTESIAN_POINT('Origin',(0.,8.030407079339E-15,-1.149999999999));
#7690=CARTESIAN_POINT('',(-0.247390802580909,2.39726881905012,-0.38279108903));
#7691=CARTESIAN_POINT('',(-0.277641204945006,2.39395391795908,-0.372400228932828));
#7692=CARTESIAN_POINT('Ctrl Pts',(-0.247390802580986,2.39726881905086,-0.38279108903));
#7693=CARTESIAN_POINT('Ctrl Pts',(-0.253119847502801,2.39667759915514,-0.382670369584651));
#7694=CARTESIAN_POINT('Ctrl Pts',(-0.25885516870609,2.39606421901113,-0.381859196036775));
#7695=CARTESIAN_POINT('Ctrl Pts',(-0.269204510902177,2.3949224455001,-0.378304307215323));
#7696=CARTESIAN_POINT('Ctrl Pts',(-0.273686627914711,2.39441255399364,-0.375807013295427));
#7697=CARTESIAN_POINT('Ctrl Pts',(-0.277641204945012,2.39395391795913,-0.372400228932828));
#7698=CARTESIAN_POINT('',(-0.232638824933003,2.39874533394699,-0.382686376116462));
#7699=CARTESIAN_POINT('Origin',(-0.0599858200549331,0.5993625189269,-0.382738764262397));
#7700=CARTESIAN_POINT('',(-0.233194538837535,2.39869137386536,-0.304290599994125));
#7701=CARTESIAN_POINT('',(-0.233194538831,2.398691373866,-0.304290600916));
#7702=CARTESIAN_POINT('',(-0.248543317447,2.397149603039,-0.304399553963));
#7703=CARTESIAN_POINT('Origin',(-0.0602086493282544,0.599449966755461,-0.30434503832272));
#7704=CARTESIAN_POINT('',(-0.27776791192005,2.39393921959244,-0.314173222199396));
#7705=CARTESIAN_POINT('Ctrl Pts',(-0.277767911280951,2.39393921966657,-0.314173221565));
#7706=CARTESIAN_POINT('Ctrl Pts',(-0.273871423144588,2.39439132779116,-0.311057350626867));
#7707=CARTESIAN_POINT('Ctrl Pts',(-0.269509904137909,2.39488768197836,-0.30876998044806));
#7708=CARTESIAN_POINT('Ctrl Pts',(-0.259558924007385,2.39598764819463,-0.305441923942262));
#7709=CARTESIAN_POINT('Ctrl Pts',(-0.254048896210111,2.39657876890761,-0.304613275556058));
#7710=CARTESIAN_POINT('Ctrl Pts',(-0.248543317446954,2.3971496030385,-0.304399553963));
#7711=CARTESIAN_POINT('',(-0.28868530165,2.39264723614,-0.34289691948));
#7712=CARTESIAN_POINT('Ctrl Pts',(-0.288685301649952,2.3926472361396,-0.34289691948));
#7713=CARTESIAN_POINT('Ctrl Pts',(-0.288558958631975,2.39266248008016,-0.337340124502751));
#7714=CARTESIAN_POINT('Ctrl Pts',(-0.287722355790091,2.39276404948757,-0.331761870256664));
#7715=CARTESIAN_POINT('Ctrl Pts',(-0.284857501565185,2.39310614254744,-0.324222975698915));
#7716=CARTESIAN_POINT('Ctrl Pts',(-0.283745896343488,2.39323841951509,-0.321986084026111));
#7717=CARTESIAN_POINT('Ctrl Pts',(-0.28105550593318,2.39355584977481,-0.317807484004665));
#7718=CARTESIAN_POINT('Ctrl Pts',(-0.279514004296804,2.3937366211181,-0.315906473526661));
#7719=CARTESIAN_POINT('Ctrl Pts',(-0.277767911920047,2.39393921959242,-0.314173222199396));
#7720=CARTESIAN_POINT('Ctrl Pts',(-0.277641205580931,2.3939539178854,-0.372400228385));
#7721=CARTESIAN_POINT('Ctrl Pts',(-0.284494704455703,2.39315907045023,-0.365167148928999));
#7722=CARTESIAN_POINT('Ctrl Pts',(-0.288174333153,2.39270888714,-0.355332736187));
#7723=CARTESIAN_POINT('Ctrl Pts',(-0.28868530165,2.39264723614,-0.34289691948));
#7724=CARTESIAN_POINT('Origin',(-0.232156171769,2.3937686838765,-0.382686376117));
#7725=CARTESIAN_POINT('',(-0.231673518605,2.388792033806,-0.382686376117));
#7726=CARTESIAN_POINT('',(-0.231673518605,2.388792033806,-0.382686376117));
#7727=CARTESIAN_POINT('',(-0.246364285065839,2.38732164549332,-0.382791089022852));
#7728=CARTESIAN_POINT('',(-0.246364284728,2.387321645528,-0.38279108903));
#7729=CARTESIAN_POINT('Origin',(-0.0597629186356949,0.596992064399689,-0.382738865958873));
#7730=CARTESIAN_POINT('Ctrl Pts',(-0.247390802581,2.397268819051,-0.38279108903));
#7731=CARTESIAN_POINT('Ctrl Pts',(-0.25982375385,2.395985776545,-0.382529108368));
#7732=CARTESIAN_POINT('Ctrl Pts',(-0.269904232466,2.394851221099,-0.379065467158));
#7733=CARTESIAN_POINT('Ctrl Pts',(-0.277641205581,2.393953917886,-0.372400228385));
#7734=CARTESIAN_POINT('Ctrl Pts',(-0.246364284725118,2.38732164550008,-0.38279108903));
#7735=CARTESIAN_POINT('Ctrl Pts',(-0.258745647085974,2.38604392681209,-0.382529108365));
#7736=CARTESIAN_POINT('Ctrl Pts',(-0.268784297751856,2.3849140790911,-0.379065467276));
#7737=CARTESIAN_POINT('Ctrl Pts',(-0.276489167379766,2.38402049911112,-0.372400228385));
#7738=CARTESIAN_POINT('',(-0.276489167383,2.384020499139,-0.372400228385));
#7739=CARTESIAN_POINT('',(-0.276489167383,2.384020499139,-0.372400228385));
#7740=CARTESIAN_POINT('Ctrl Pts',(-0.246364285065802,2.38732164549296,-0.382791089022852));
#7741=CARTESIAN_POINT('Ctrl Pts',(-0.252071107265037,2.38673271891335,-0.382670336768883));
#7742=CARTESIAN_POINT('Ctrl Pts',(-0.257782706985395,2.38612251453531,-0.381858768651458));
#7743=CARTESIAN_POINT('Ctrl Pts',(-0.268091435960039,2.38498521825747,-0.378302867767587));
#7744=CARTESIAN_POINT('Ctrl Pts',(-0.272553746985242,2.38447691346493,-0.375804636032857));
#7745=CARTESIAN_POINT('Ctrl Pts',(-0.276489167383002,2.38402049913902,-0.372400228385));
#7746=CARTESIAN_POINT('Ctrl Pts',(-0.277641205581,2.393953917886,-0.372400228385));
#7747=CARTESIAN_POINT('Ctrl Pts',(-0.284494690324,2.393159078122,-0.365167164572));
#7748=CARTESIAN_POINT('Ctrl Pts',(-0.288174333153,2.39270888714,-0.355332736187));
#7749=CARTESIAN_POINT('Ctrl Pts',(-0.28868530165,2.39264723614,-0.34289691948));
#7750=CARTESIAN_POINT('Ctrl Pts',(-0.276489167383,2.384020499139,-0.372400228385));
#7751=CARTESIAN_POINT('Ctrl Pts',(-0.283314214417,2.383228957467,-0.365167164585));
#7752=CARTESIAN_POINT('Ctrl Pts',(-0.286978589033,2.382780634496,-0.355332736181));
#7753=CARTESIAN_POINT('Ctrl Pts',(-0.287487437328,2.38271923931,-0.34289691948));
#7754=CARTESIAN_POINT('',(-0.287487437328,2.38271923931,-0.34289691948));
#7755=CARTESIAN_POINT('',(-0.287487437328,2.38271923931,-0.34289691948));
#7756=CARTESIAN_POINT('Ctrl Pts',(-0.276489167383,2.384020499139,-0.372400228385));
#7757=CARTESIAN_POINT('Ctrl Pts',(-0.283314209861,2.383228957996,-0.365167169414));
#7758=CARTESIAN_POINT('Ctrl Pts',(-0.286978589158,2.382780634481,-0.355332733113));
#7759=CARTESIAN_POINT('Ctrl Pts',(-0.287487437328,2.38271923931,-0.34289691948));
#7760=CARTESIAN_POINT('Ctrl Pts',(-0.28868530165,2.39264723614,-0.34289691948));
#7761=CARTESIAN_POINT('Ctrl Pts',(-0.288407961738,2.392680698639,-0.330699007363));
#7762=CARTESIAN_POINT('Ctrl Pts',(-0.284770638562,2.393126695726,-0.321124449279));
#7763=CARTESIAN_POINT('Ctrl Pts',(-0.277767911281,2.393939219667,-0.314173221565));
#7764=CARTESIAN_POINT('Ctrl Pts',(-0.287487437328,2.38271923931,-0.34289691948));
#7765=CARTESIAN_POINT('Ctrl Pts',(-0.287211248204,2.38275256296,-0.330699007369));
#7766=CARTESIAN_POINT('Ctrl Pts',(-0.283589017643,2.383196709438,-0.321124449267));
#7767=CARTESIAN_POINT('Ctrl Pts',(-0.276615347334,2.384005861909,-0.314173221565));
#7768=CARTESIAN_POINT('',(-0.276615347334,2.384005861909,-0.314173221565));
#7769=CARTESIAN_POINT('',(-0.276615347334,2.384005861909,-0.314173221565));
#7770=CARTESIAN_POINT('Ctrl Pts',(-0.287487437328,2.38271923931,-0.34289691948));
#7771=CARTESIAN_POINT('Ctrl Pts',(-0.287211248276,2.382752562951,-0.330699010559));
#7772=CARTESIAN_POINT('Ctrl Pts',(-0.283589012948,2.383196709983,-0.321124444587));
#7773=CARTESIAN_POINT('Ctrl Pts',(-0.276615347334,2.384005861909,-0.314173221565));
#7774=CARTESIAN_POINT('Ctrl Pts',(-0.277767911281,2.393939219667,-0.314173221565));
#7775=CARTESIAN_POINT('Ctrl Pts',(-0.270198218204,2.394817528447,-0.308120030629));
#7776=CARTESIAN_POINT('Ctrl Pts',(-0.260459361462,2.395914113562,-0.304862124025));
#7777=CARTESIAN_POINT('Ctrl Pts',(-0.248543317447,2.397149603039,-0.304399553963));
#7778=CARTESIAN_POINT('Ctrl Pts',(-0.276615347331615,2.38400586188844,-0.314173221565));
#7779=CARTESIAN_POINT('Ctrl Pts',(-0.26907706364668,2.38488052624743,-0.308120030531));
#7780=CARTESIAN_POINT('Ctrl Pts',(-0.259378617310763,2.38597256119342,-0.304862124028));
#7781=CARTESIAN_POINT('Ctrl Pts',(-0.247512017372866,2.38720292416741,-0.304399553963));
#7782=CARTESIAN_POINT('',(-0.247512017375,2.387202924188,-0.304399553963));
#7783=CARTESIAN_POINT('',(-0.247512017375,2.387202924188,-0.304399553963));
#7784=CARTESIAN_POINT('Ctrl Pts',(-0.276615347333953,2.38400586190859,-0.314173221565));
#7785=CARTESIAN_POINT('Ctrl Pts',(-0.272737260941064,2.38445583488546,-0.311059144307688));
#7786=CARTESIAN_POINT('Ctrl Pts',(-0.268394661880161,2.3849506062694,-0.308770986512258));
#7787=CARTESIAN_POINT('Ctrl Pts',(-0.258482901935705,2.38604623716291,-0.305442234528536));
#7788=CARTESIAN_POINT('Ctrl Pts',(-0.252995897799586,2.3866343398025,-0.304613320242957));
#7789=CARTESIAN_POINT('Ctrl Pts',(-0.247512017374982,2.38720292418767,-0.304399553963001));
#7790=CARTESIAN_POINT('Origin',(-0.248027667411,2.3921762636135,-0.304399553963));
#7791=CARTESIAN_POINT('',(-0.232226926629449,2.38873829762563,-0.30429060184396));
#7792=CARTESIAN_POINT('',(-0.232226926636,2.388738297625,-0.304290600916));
#7793=CARTESIAN_POINT('Origin',(-0.0599679203921448,0.596888618174863,-0.304345155197653));
#7794=CARTESIAN_POINT('Origin',(-0.2327107327335,2.3937148357455,-0.304290600916));
#7795=CARTESIAN_POINT('',(-0.232226926636,2.388738297625,-0.304290600916));
#7796=CARTESIAN_POINT('Origin',(0.,8.030407079339E-15,-1.149999999999));
#7797=CARTESIAN_POINT('Ctrl Pts',(-0.346941329386,2.384896583494,-0.293402378306));
#7798=CARTESIAN_POINT('Ctrl Pts',(-0.333873686018,2.386797590688,-0.32720607156));
#7799=CARTESIAN_POINT('Ctrl Pts',(-0.320790417948,2.388591192499,-0.361009764784));
#7800=CARTESIAN_POINT('Ctrl Pts',(-0.307693292681,2.390277146616,-0.394813458038));
#7801=CARTESIAN_POINT('Ctrl Pts',(-0.345501738808,2.375000747048,-0.293402378306));
#7802=CARTESIAN_POINT('Ctrl Pts',(-0.332488318027,2.376893866245,-0.32720607156));
#7803=CARTESIAN_POINT('Ctrl Pts',(-0.319459337376,2.378680025725,-0.361009764784));
#7804=CARTESIAN_POINT('Ctrl Pts',(-0.306416557027,2.380358984182,-0.394813458038));
#7805=CARTESIAN_POINT('',(-0.346941329385996,2.38489658349397,-0.293402378306));
#7806=CARTESIAN_POINT('',(-0.345501738808,2.375000747048,-0.293402378306));
#7807=CARTESIAN_POINT('',(-0.307693292681,2.390277146616,-0.394813458038));
#7808=CARTESIAN_POINT('',(-0.306416557027,2.380358984182,-0.394813458038));
#7809=CARTESIAN_POINT('Origin',(1.52690266708049,-11.1378774951972,-0.344100083576083));
#7810=CARTESIAN_POINT('Origin',(-0.307054924854,2.385318065399,-0.394813458038));
#7811=CARTESIAN_POINT('',(-0.322133084450892,2.3883739815812,-0.394916327413));
#7812=CARTESIAN_POINT('',(-0.320796432648,2.378463716099,-0.394916327413));
#7813=CARTESIAN_POINT('Origin',(-0.0787172016695313,0.59730341679449,-0.39486484108667));
#7814=CARTESIAN_POINT('Ctrl Pts',(-0.322133084451,2.388373981582,-0.394916327413));
#7815=CARTESIAN_POINT('Ctrl Pts',(-0.325440563483,2.387927883764,-0.385668491494));
#7816=CARTESIAN_POINT('Ctrl Pts',(-0.328747115863,2.387474915518,-0.376420655574));
#7817=CARTESIAN_POINT('Ctrl Pts',(-0.332052713056,2.387015080755,-0.367172819655));
#7818=CARTESIAN_POINT('Ctrl Pts',(-0.320796432648,2.378463716099,-0.394916327413));
#7819=CARTESIAN_POINT('Ctrl Pts',(-0.324090187701,2.378019469309,-0.385668491494));
#7820=CARTESIAN_POINT('Ctrl Pts',(-0.327383019947,2.377568380599,-0.376420655574));
#7821=CARTESIAN_POINT('Ctrl Pts',(-0.330674900969,2.377110453863,-0.367172819655));
#7822=CARTESIAN_POINT('',(-0.332052713056,2.387015080755,-0.367172819655));
#7823=CARTESIAN_POINT('',(-0.330674900969,2.377110453863,-0.367172819655));
#7824=CARTESIAN_POINT('Ctrl Pts',(-0.322133084451,2.388373981582,-0.394916327413));
#7825=CARTESIAN_POINT('Ctrl Pts',(-0.323786825766212,2.38815093243021,-0.390292404422789));
#7826=CARTESIAN_POINT('Ctrl Pts',(-0.325440332496455,2.38792616606439,-0.385668489601841));
#7827=CARTESIAN_POINT('Ctrl Pts',(-0.328746874797381,2.38747319919951,-0.376420661919865));
#7828=CARTESIAN_POINT('Ctrl Pts',(-0.330399913102564,2.38724499832574,-0.371796741410886));
#7829=CARTESIAN_POINT('Ctrl Pts',(-0.332052713056,2.387015080755,-0.367172819655));
#7830=CARTESIAN_POINT('Origin',(-0.3313638070125,2.382062767309,-0.367172819655));
#7831=CARTESIAN_POINT('',(-0.374112834209679,2.38078549795591,-0.367473132690027));
#7832=CARTESIAN_POINT('',(-0.372560498499,2.370906720003,-0.367473131862));
#7833=CARTESIAN_POINT('Origin',(-0.0882604242685933,0.595903358490144,-0.367322978221907));
#7834=CARTESIAN_POINT('Ctrl Pts',(-0.37411283391,2.380785498003,-0.367473131862));
#7835=CARTESIAN_POINT('Ctrl Pts',(-0.377477037873,2.380256852361,-0.376768592493));
#7836=CARTESIAN_POINT('Ctrl Pts',(-0.380840121318,2.379721075951,-0.386064053123));
#7837=CARTESIAN_POINT('Ctrl Pts',(-0.384202054028,2.379178173588,-0.395359513753));
#7838=CARTESIAN_POINT('Ctrl Pts',(-0.372560498499,2.370906720003,-0.367473131862));
#7839=CARTESIAN_POINT('Ctrl Pts',(-0.37591074311,2.370380267911,-0.376768592493));
#7840=CARTESIAN_POINT('Ctrl Pts',(-0.379259871852,2.36984671464,-0.386064053123));
#7841=CARTESIAN_POINT('Ctrl Pts',(-0.382607854633,2.369306064984,-0.395359513753));
#7842=CARTESIAN_POINT('',(-0.384202054028,2.379178173588,-0.395359513753));
#7843=CARTESIAN_POINT('',(-0.382607854633,2.369306064984,-0.395359513753));
#7844=CARTESIAN_POINT('Ctrl Pts',(-0.374112834209679,2.38078549795591,-0.367473132690027));
#7845=CARTESIAN_POINT('Ctrl Pts',(-0.375794937984182,2.38052117485308,-0.372120867959717));
#7846=CARTESIAN_POINT('Ctrl Pts',(-0.377476758553365,2.38025506953991,-0.376768594731227));
#7847=CARTESIAN_POINT('Ctrl Pts',(-0.380839831991987,2.37971929472445,-0.386064048583794));
#7848=CARTESIAN_POINT('Ctrl Pts',(-0.382521086616189,2.37944962494021,-0.390711780515984));
#7849=CARTESIAN_POINT('Ctrl Pts',(-0.384202054028,2.379178173588,-0.395359513753));
#7850=CARTESIAN_POINT('Origin',(-0.3834049543305,2.374242119286,-0.395359513753));
#7851=CARTESIAN_POINT('',(-0.398573373051995,2.37681283787597,-0.395462383128));
#7852=CARTESIAN_POINT('',(-0.396919541629,2.366950543943,-0.395462383128));
#7853=CARTESIAN_POINT('Origin',(-0.0978282064889889,0.594374715172497,-0.395410960307855));
#7854=CARTESIAN_POINT('Ctrl Pts',(-0.398573373052,2.376812837876,-0.395462383128));
#7855=CARTESIAN_POINT('Ctrl Pts',(-0.386026172612,2.378916907629,-0.361475565182));
#7856=CARTESIAN_POINT('Ctrl Pts',(-0.373462310762,2.380921620253,-0.32748874726));
#7857=CARTESIAN_POINT('Ctrl Pts',(-0.360883363001,2.382826724356,-0.293501929314));
#7858=CARTESIAN_POINT('Ctrl Pts',(-0.396919541629,2.366950543943,-0.395462383128));
#7859=CARTESIAN_POINT('Ctrl Pts',(-0.384424404261,2.369045883116,-0.361475565182));
#7860=CARTESIAN_POINT('Ctrl Pts',(-0.371912674618,2.37104227743,-0.32748874726));
#7861=CARTESIAN_POINT('Ctrl Pts',(-0.359385921661,2.372939476537,-0.293501929314));
#7862=CARTESIAN_POINT('',(-0.360883363001,2.382826724356,-0.293501929314));
#7863=CARTESIAN_POINT('',(-0.359385921661,2.372939476537,-0.293501929314));
#7864=CARTESIAN_POINT('Origin',(1.93759000428373,-12.1431863116455,-0.344479240710258));
#7865=CARTESIAN_POINT('Origin',(-0.360134642331,2.3778831004465,-0.293501929314));
#7866=CARTESIAN_POINT('Origin',(-0.0884720034866548,0.595969998685925,-0.293452106922045));
#7867=CARTESIAN_POINT('Origin',(0.,8.030407079339E-15,-1.149999999999));
#7868=CARTESIAN_POINT('',(-0.353548536067898,2.38392605435644,-0.305754502764525));
#7869=CARTESIAN_POINT('',(-0.351682334109765,2.3842020746914,-0.313556438305826));
#7870=CARTESIAN_POINT('Origin',(0.,2.13989865503809E-15,-0.306445666947216));
#7871=CARTESIAN_POINT('',(-0.355217918056,2.38367787897,-0.313581287302));
#7872=CARTESIAN_POINT('Origin',(0.,2.18972642586235E-15,-0.31358128733131));
#7873=CARTESIAN_POINT('',(-0.370170665198991,2.38140162060595,-0.355955336660999));
#7874=CARTESIAN_POINT('Origin',(2.04348590321154,-13.4238015429789,-0.334826443989097));
#7875=CARTESIAN_POINT('',(-0.336269661735,2.386424671888,-0.355713280229));
#7876=CARTESIAN_POINT('Origin',(-0.0882741118104792,0.595772432895014,-0.355834305471972));
#7877=CARTESIAN_POINT('Origin',(1.80583682973816,-12.5218508808471,-0.334951123380636));
#7878=CARTESIAN_POINT('Origin',(-0.3544662120883,2.37863358138369,-0.313581287302));
#7879=CARTESIAN_POINT('',(-0.353743984786,2.373787099389,-0.313581287302));
#7880=CARTESIAN_POINT('',(-0.353743984786,2.373787099389,-0.313581287302));
#7881=CARTESIAN_POINT('',(-0.352078192801336,2.37403473987829,-0.305771335070572));
#7882=CARTESIAN_POINT('',(-0.352804954702126,2.37892382304338,-0.305763015191116));
#7883=CARTESIAN_POINT('Origin',(0.,2.18972642586235E-15,-0.31358128733131));
#7884=CARTESIAN_POINT('Origin',(-0.3526502161745,2.379004587013,-0.306445666879));
#7885=CARTESIAN_POINT('',(-0.350219388429882,2.37430966504669,-0.313556776501952));
#7886=CARTESIAN_POINT('',(-0.350221409653,2.374309365735,-0.313556030842));
#7887=CARTESIAN_POINT('Origin',(0.,2.13989865503809E-15,-0.306445666947216));
#7888=CARTESIAN_POINT('Ctrl Pts',(-0.351680665526,2.384202321426,-0.313556030842));
#7889=CARTESIAN_POINT('Ctrl Pts',(-0.346546075145,2.384959696816,-0.327608447304));
#7890=CARTESIAN_POINT('Ctrl Pts',(-0.341409038144,2.385700485456,-0.341660863766));
#7891=CARTESIAN_POINT('Ctrl Pts',(-0.336269661735,2.386424671888,-0.355713280229));
#7892=CARTESIAN_POINT('Ctrl Pts',(-0.350221409653,2.374309365735,-0.313556030842));
#7893=CARTESIAN_POINT('Ctrl Pts',(-0.345108124626,2.375063598489,-0.327608447304));
#7894=CARTESIAN_POINT('Ctrl Pts',(-0.339992403131,2.375801313318,-0.341660863766));
#7895=CARTESIAN_POINT('Ctrl Pts',(-0.334874351935,2.376522494826,-0.355713280229));
#7896=CARTESIAN_POINT('',(-0.334874351935,2.376522494826,-0.355713280229));
#7897=CARTESIAN_POINT('',(-0.334874351935,2.376522494826,-0.355713280229));
#7898=CARTESIAN_POINT('Origin',(1.81360608745155,-12.57739340413,-0.334305462122162));
#7899=CARTESIAN_POINT('Origin',(-0.335572006835,2.381473583357,-0.355713280229));
#7900=CARTESIAN_POINT('',(-0.368634687335001,2.37152028608,-0.355955336661002));
#7901=CARTESIAN_POINT('',(-0.368634687335,2.37152028608,-0.355955336661));
#7902=CARTESIAN_POINT('Origin',(-0.0879270464087872,0.593429970981105,-0.35583430553445));
#7903=CARTESIAN_POINT('Ctrl Pts',(-0.370170665199,2.381401620606,-0.355955336661));
#7904=CARTESIAN_POINT('Ctrl Pts',(-0.365188813458,2.38217601135,-0.341830653541));
#7905=CARTESIAN_POINT('Ctrl Pts',(-0.360204531691,2.382934769119,-0.327705970422));
#7906=CARTESIAN_POINT('Ctrl Pts',(-0.355217918056,2.38367787897,-0.313581287302));
#7907=CARTESIAN_POINT('Ctrl Pts',(-0.368634687335,2.37152028608,-0.355955336661));
#7908=CARTESIAN_POINT('Ctrl Pts',(-0.363673507178,2.372291463585,-0.341830653541));
#7909=CARTESIAN_POINT('Ctrl Pts',(-0.358709907078,2.373047072981,-0.327705970422));
#7910=CARTESIAN_POINT('Ctrl Pts',(-0.353743984786,2.373787099389,-0.313581287302));
#7911=CARTESIAN_POINT('Origin',(2.05426489244923,-13.4938879883452,-0.334521328600784));
#7912=CARTESIAN_POINT('Origin',(0.,8.030407079339E-15,-1.149999999999));
#7913=CARTESIAN_POINT('Origin',(-0.0027272650285,2.4049984536425,-0.542382502762));
#7914=CARTESIAN_POINT('',(-0.0027329350238293,2.40999845042799,-0.542382501943496));
#7915=CARTESIAN_POINT('',(-0.002721595039,2.399998456857,-0.542382502762));
#7916=CARTESIAN_POINT('',(-0.00297655521399583,2.40999816184899,-0.50817532764158));
#7917=CARTESIAN_POINT('',(-0.002964204362,2.399998169476,-0.508175327641));
#7918=CARTESIAN_POINT('',(-0.002732935018,2.409998450428,-0.542382502762));
#7919=CARTESIAN_POINT('Origin',(-0.002970379788,2.4049981656625,-0.508175327641));
#7920=CARTESIAN_POINT('',(-0.0394909262478768,2.40967642366008,-0.508433239212449));
#7921=CARTESIAN_POINT('',(-0.039327063488,2.3996777663,-0.508433238493));
#7922=CARTESIAN_POINT('Origin',(-0.00530826163627114,0.602383785262852,
-0.508304286524807));
#7923=CARTESIAN_POINT('Origin',(-0.0394089948705,2.40467709498,-0.508433238493));
#7924=CARTESIAN_POINT('',(-0.0395738496869963,2.40967506324399,-0.496788242708461));
#7925=CARTESIAN_POINT('',(-0.039409642842,2.399676411529,-0.496788242708));
#7926=CARTESIAN_POINT('',(-0.039490926253,2.40967642366,-0.508433238493));
#7927=CARTESIAN_POINT('Origin',(-0.0394917462645,2.4046757373865,-0.496788242708));
#7928=CARTESIAN_POINT('',(-0.00305948974712387,2.40999805799099,-0.496530331135548));
#7929=CARTESIAN_POINT('',(-0.003046794763,2.399998066049,-0.496530331855));
#7930=CARTESIAN_POINT('Origin',(-0.00532808736172707,0.602382609964356,
-0.496659294188934));
#7931=CARTESIAN_POINT('Origin',(-0.0030531422525,2.40499806202,-0.496530331855));
#7932=CARTESIAN_POINT('',(-0.00329126210799604,2.40999775261099,-0.463986727560552));
#7933=CARTESIAN_POINT('',(-0.003277605419,2.399997761937,-0.46398672756));
#7934=CARTESIAN_POINT('',(-0.003059489742,2.409998057991,-0.496530331855));
#7935=CARTESIAN_POINT('Origin',(-0.0032844337635,2.404997757274,-0.46398672756));
#7936=CARTESIAN_POINT('',(-0.0427024436804877,2.4096216510691,-0.464265102450125));
#7937=CARTESIAN_POINT('',(-0.042525255123,2.399623220982,-0.464265101676));
#7938=CARTESIAN_POINT('Origin',(-0.00574841912787007,0.602378214558743,
-0.464125913998695));
#7939=CARTESIAN_POINT('Origin',(-0.0426138494045,2.4046224360255,-0.464265101676));
#7940=CARTESIAN_POINT('',(-0.0427857354189965,2.40962017356299,-0.452568119301464));
#7941=CARTESIAN_POINT('',(-0.042608201247,2.399621749606,-0.452568119301));
#7942=CARTESIAN_POINT('',(-0.042702443686,2.409621651069,-0.464265101676));
#7943=CARTESIAN_POINT('Origin',(-0.042696968333,2.4046209615845,-0.452568119301));
#7944=CARTESIAN_POINT('',(0.00980671274158678,2.40998004730001,-0.452196646219175));
#7945=CARTESIAN_POINT('',(0.00976602099,2.399980130091,-0.452196646558));
#7946=CARTESIAN_POINT('Origin',(-0.00412178953543086,0.602388339689388,
-0.452382376968995));
#7947=CARTESIAN_POINT('Origin',(0.009786366867,2.4049800886955,-0.452196646558));
#7948=CARTESIAN_POINT('',(0.010530903007995,2.40997699160799,-0.553882413330299));
#7949=CARTESIAN_POINT('',(0.010487206315,2.399977087078,-0.553882413331));
#7950=CARTESIAN_POINT('',(0.009806712744,2.4099800473,-0.452196646558));
#7951=CARTESIAN_POINT('Origin',(0.0105090546615,2.404977039343,-0.553882413331));
#7952=CARTESIAN_POINT('',(-0.0443843195454899,2.40959125832105,-0.554270293908521));
#7953=CARTESIAN_POINT('',(-0.044200152247,2.399592954344,-0.554270293556));
#7954=CARTESIAN_POINT('Origin',(-0.00423119511145714,0.602385762408158,
-0.554076353031869));
#7955=CARTESIAN_POINT('Origin',(-0.0442922358975,2.4045921063325,-0.554270293556));
#7956=CARTESIAN_POINT('',(-0.0444668698679966,2.40958973634099,-0.54267728435846));
#7957=CARTESIAN_POINT('',(-0.044282360035,2.39959143868,-0.542677284358));
#7958=CARTESIAN_POINT('',(-0.044384319548,2.409591258321,-0.554270293556));
#7959=CARTESIAN_POINT('Origin',(-0.0443746149515,2.4045905875105,-0.542677284358));
#7960=CARTESIAN_POINT('Origin',(-0.00589841768012503,0.602377181268359,
-0.542529887513259));
#7961=CARTESIAN_POINT('Origin',(0.,8.030407079339E-15,-1.149999999999));
#7962=CARTESIAN_POINT('Ctrl Pts',(-0.064139470335,2.409146348469,-0.499249313797));
#7963=CARTESIAN_POINT('Ctrl Pts',(-0.071642725755,2.408946586911,-0.493803817097));
#7964=CARTESIAN_POINT('Ctrl Pts',(-0.079629531479,2.408699019472,-0.490931526913));
#7965=CARTESIAN_POINT('Ctrl Pts',(-0.088099047654,2.40838920397,-0.490632448376));
#7966=CARTESIAN_POINT('Ctrl Pts',(-0.063873331454,2.399149890592,-0.499249313797));
#7967=CARTESIAN_POINT('Ctrl Pts',(-0.071345453047,2.398950957919,-0.493803817087));
#7968=CARTESIAN_POINT('Ctrl Pts',(-0.079299118476,2.398704417731,-0.490931526913));
#7969=CARTESIAN_POINT('Ctrl Pts',(-0.08773349144,2.398395887771,-0.490632448376));
#7970=CARTESIAN_POINT('',(-0.0641394728640753,2.40914634840193,-0.49924931041076));
#7971=CARTESIAN_POINT('',(-0.063873331454,2.399149890592,-0.499249313797));
#7972=CARTESIAN_POINT('',(-0.0880990484621492,2.40838920394023,-0.490632448445402));
#7973=CARTESIAN_POINT('',(-0.08773349144,2.398395887771,-0.490632448376));
#7974=CARTESIAN_POINT('Origin',(-26.677055694923,-0.620818283816449,-142.190183335131));
#7975=CARTESIAN_POINT('Ctrl Pts',(-0.088099047654,2.40838920397,-0.490632448376));
#7976=CARTESIAN_POINT('Ctrl Pts',(-0.099672683487,2.407965839552,-0.491626390545));
#7977=CARTESIAN_POINT('Ctrl Pts',(-0.102309661032,2.407827426127,-0.497224030474));
#7978=CARTESIAN_POINT('Ctrl Pts',(-0.102734422828,2.40780930274,-0.508516205789));
#7979=CARTESIAN_POINT('Ctrl Pts',(-0.087733276732561,2.3983900182515,-0.490632448376));
#7980=CARTESIAN_POINT('Ctrl Pts',(-0.0992589812879131,2.3979684071627,-0.49162640092009));
#7981=CARTESIAN_POINT('Ctrl Pts',(-0.101884890422759,2.39783057279961,-0.497224034370287));
#7982=CARTESIAN_POINT('Ctrl Pts',(-0.10230788854048,2.39781252466478,-0.508516205789));
#7983=CARTESIAN_POINT('',(-0.102734422828,2.40780930274,-0.508516205789));
#7984=CARTESIAN_POINT('',(-0.102308138916,2.397818392771,-0.508516205789));
#7985=CARTESIAN_POINT('Ctrl Pts',(-0.0880990484621453,2.40838920394011,
-0.490632448445404));
#7986=CARTESIAN_POINT('Ctrl Pts',(-0.0896570303162138,2.40833221285302,
-0.490766247735032));
#7987=CARTESIAN_POINT('Ctrl Pts',(-0.0912631821287623,2.40827185570733,
-0.491001516788431));
#7988=CARTESIAN_POINT('Ctrl Pts',(-0.0940216576562155,2.40816558313068,
-0.491741485497926));
#7989=CARTESIAN_POINT('Ctrl Pts',(-0.0952433386470618,2.40811751361318,
-0.492200339049288));
#7990=CARTESIAN_POINT('Ctrl Pts',(-0.097576117770456,2.40802416478619,-0.493542711055316));
#7991=CARTESIAN_POINT('Ctrl Pts',(-0.0986118208993973,2.40798181900867,
-0.494425623054494));
#7992=CARTESIAN_POINT('Ctrl Pts',(-0.1003356442476,2.40791061192207,-0.49667013754738));
#7993=CARTESIAN_POINT('Ctrl Pts',(-0.100949645298626,2.40788483328932,-0.497951818332862));
#7994=CARTESIAN_POINT('Ctrl Pts',(-0.102274124631982,2.40782905800699,-0.501942130468044));
#7995=CARTESIAN_POINT('Ctrl Pts',(-0.102606725332218,2.40781475123153,-0.505121403047472));
#7996=CARTESIAN_POINT('Ctrl Pts',(-0.102734422828001,2.40780930274002,-0.508516205789));
#7997=CARTESIAN_POINT('Ctrl Pts',(-0.102734422828,2.40780930274,-0.508516205789));
#7998=CARTESIAN_POINT('Ctrl Pts',(-0.095529778306,2.408116704575,-0.509470398204));
#7999=CARTESIAN_POINT('Ctrl Pts',(-0.088323754068,2.408391769597,-0.510424590618));
#8000=CARTESIAN_POINT('Ctrl Pts',(-0.081116640431,2.408634486725,-0.511378783033));
#8001=CARTESIAN_POINT('Ctrl Pts',(-0.102308138916,2.397818392771,-0.508516205789));
#8002=CARTESIAN_POINT('Ctrl Pts',(-0.095133389184,2.398124519079,-0.509470398204));
#8003=CARTESIAN_POINT('Ctrl Pts',(-0.087957265462,2.398398442752,-0.510424590618));
#8004=CARTESIAN_POINT('Ctrl Pts',(-0.080780056861,2.398640152756,-0.511378783033));
#8005=CARTESIAN_POINT('',(-0.081116640431,2.408634486725,-0.511378783033));
#8006=CARTESIAN_POINT('',(-0.080780056861,2.398640152756,-0.511378783033));
#8007=CARTESIAN_POINT('Origin',(-0.0217711830124521,0.570410882484159,-0.509947794384345));
#8008=CARTESIAN_POINT('Ctrl Pts',(-0.081116640431,2.408634486725,-0.511378783033));
#8009=CARTESIAN_POINT('Ctrl Pts',(-0.06565922753,2.409155052802,-0.514032161754));
#8010=CARTESIAN_POINT('Ctrl Pts',(-0.057941513962,2.409303669878,-0.519038925926));
#8011=CARTESIAN_POINT('Ctrl Pts',(-0.056761701136,2.409331465216,-0.534913771414));
#8012=CARTESIAN_POINT('Ctrl Pts',(-0.0807798620168854,2.39863436715823,
-0.511378783033));
#8013=CARTESIAN_POINT('Ctrl Pts',(-0.0653865035007329,2.39915277604618,
-0.514032182678106));
#8014=CARTESIAN_POINT('Ctrl Pts',(-0.0577009471073582,2.39930077216192,
-0.519039013180481));
#8015=CARTESIAN_POINT('Ctrl Pts',(-0.0565260390620331,2.39932845194807,
-0.534913771414));
#8016=CARTESIAN_POINT('',(-0.056761701136,2.409331465216,-0.534913771414));
#8017=CARTESIAN_POINT('',(-0.056526175405,2.39933423922,-0.534913771414));
#8018=CARTESIAN_POINT('Ctrl Pts',(-0.0811166404309957,2.40863448672487,
-0.511378783033));
#8019=CARTESIAN_POINT('Ctrl Pts',(-0.0765838652822774,2.40878713898237,
-0.512156867257294));
#8020=CARTESIAN_POINT('Ctrl Pts',(-0.0727222094912637,2.40890471409685,
-0.513135976484881));
#8021=CARTESIAN_POINT('Ctrl Pts',(-0.0672757176726209,2.4090618287802,-0.515489190590756));
#8022=CARTESIAN_POINT('Ctrl Pts',(-0.0651970584421523,2.40911862417003,
-0.516712269164889));
#8023=CARTESIAN_POINT('Ctrl Pts',(-0.0616450697217662,2.40921211117313,
-0.519959407524609));
#8024=CARTESIAN_POINT('Ctrl Pts',(-0.0603021808666064,2.40924566427983,
-0.521843658963863));
#8025=CARTESIAN_POINT('Ctrl Pts',(-0.0579281878125081,2.40930408674374,
-0.526912991373756));
#8026=CARTESIAN_POINT('Ctrl Pts',(-0.0570914612203623,2.40932369636232,
-0.530476719813894));
#8027=CARTESIAN_POINT('Ctrl Pts',(-0.0567617011359974,2.40933146521589,
-0.534913771414));
#8028=CARTESIAN_POINT('Ctrl Pts',(-0.056761701136,2.409331465216,-0.534913771414));
#8029=CARTESIAN_POINT('Ctrl Pts',(-0.057023728364,2.409325292089,-0.540816309852));
#8030=CARTESIAN_POINT('Ctrl Pts',(-0.059074684136,2.409278924037,-0.545977729039));
#8031=CARTESIAN_POINT('Ctrl Pts',(-0.062914223637,2.409178656817,-0.550398033041));
#8032=CARTESIAN_POINT('Ctrl Pts',(-0.056526175405,2.39933423922,-0.534913771414));
#8033=CARTESIAN_POINT('Ctrl Pts',(-0.056787115383,2.399328091706,-0.540816309851));
#8034=CARTESIAN_POINT('Ctrl Pts',(-0.058829560967,2.399281916053,-0.545977729041));
#8035=CARTESIAN_POINT('Ctrl Pts',(-0.062653168767,2.39918206488,-0.550398033041));
#8036=CARTESIAN_POINT('',(-0.0629142239300599,2.40917865623104,-0.550398033294425));
#8037=CARTESIAN_POINT('',(-0.062653168767,2.39918206488,-0.550398033041));
#8038=CARTESIAN_POINT('Ctrl Pts',(-0.056761701136,2.409331465216,-0.534913771414));
#8039=CARTESIAN_POINT('Ctrl Pts',(-0.0570237283408591,2.409325292089,-0.540816309331006));
#8040=CARTESIAN_POINT('Ctrl Pts',(-0.0590747229364275,2.40927892114553,
-0.545977773764767));
#8041=CARTESIAN_POINT('Ctrl Pts',(-0.062914223637,2.409178656817,-0.550398033041));
#8042=CARTESIAN_POINT('Ctrl Pts',(-0.062914223637,2.409178656817,-0.550398033041));
#8043=CARTESIAN_POINT('Ctrl Pts',(-0.067433013041,2.409060651402,-0.554026512794));
#8044=CARTESIAN_POINT('Ctrl Pts',(-0.073037781964,2.408902299144,-0.555972387844));
#8045=CARTESIAN_POINT('Ctrl Pts',(-0.079727728512,2.408680860825,-0.55623565026));
#8046=CARTESIAN_POINT('Ctrl Pts',(-0.062653168767,2.39918206488,-0.550398033041));
#8047=CARTESIAN_POINT('Ctrl Pts',(-0.067153208027,2.399064549113,-0.55402651281));
#8048=CARTESIAN_POINT('Ctrl Pts',(-0.072734720614,2.39890685392,-0.555972387843));
#8049=CARTESIAN_POINT('Ctrl Pts',(-0.079396908061,2.398686334431,-0.55623565026));
#8050=CARTESIAN_POINT('',(-0.0797277293474909,2.40868086079664,-0.556235650210673));
#8051=CARTESIAN_POINT('',(-0.079396908061,2.398686334431,-0.55623565026));
#8052=CARTESIAN_POINT('Origin',(-84.6520249545995,-1.62014218286259,130.557526825866));
#8053=CARTESIAN_POINT('Ctrl Pts',(-0.079727728512,2.408680860825,-0.55623565026));
#8054=CARTESIAN_POINT('Ctrl Pts',(-0.091004204643,2.40830760763,-0.555569935735));
#8055=CARTESIAN_POINT('Ctrl Pts',(-0.095977676725,2.408096013973,-0.552740359995));
#8056=CARTESIAN_POINT('Ctrl Pts',(-0.102146829809,2.407834301848,-0.543448796549));
#8057=CARTESIAN_POINT('Ctrl Pts',(-0.0793967649364102,2.39868201044654,
-0.55623565026));
#8058=CARTESIAN_POINT('Ctrl Pts',(-0.0906261653315948,2.39831031546638,
-0.555569951452797));
#8059=CARTESIAN_POINT('Ctrl Pts',(-0.0955796587898757,2.39809957434206,
-0.552739752034088));
#8060=CARTESIAN_POINT('Ctrl Pts',(-0.101722800671379,2.39783896568325,-0.543448796549));
#8061=CARTESIAN_POINT('',(-0.102316337038361,2.40782709495446,-0.543449999016714));
#8062=CARTESIAN_POINT('Ctrl Pts',(-0.101976178852001,2.39783637799969,-0.543450414157957));
#8063=CARTESIAN_POINT('Ctrl Pts',(-0.10196643969359,2.40117183179953,-0.543294644739035));
#8064=CARTESIAN_POINT('Ctrl Pts',(-0.102108034407987,2.4045008734352,-0.54329440311431));
#8065=CARTESIAN_POINT('Ctrl Pts',(-0.102316337237,2.407827098931,-0.543449994848));
#8066=CARTESIAN_POINT('Ctrl Pts',(-0.0797277293474925,2.40868086079669,
-0.556235650210675));
#8067=CARTESIAN_POINT('Ctrl Pts',(-0.0824824280643913,2.40858967981987,
-0.556073024646481));
#8068=CARTESIAN_POINT('Ctrl Pts',(-0.0849355434687653,2.40850386988552,
-0.555779157161552));
#8069=CARTESIAN_POINT('Ctrl Pts',(-0.0891799166844624,2.40835027419625,
-0.554777404897149));
#8070=CARTESIAN_POINT('Ctrl Pts',(-0.0910955507137902,2.40827840914164,
-0.554086845787905));
#8071=CARTESIAN_POINT('Ctrl Pts',(-0.0946975921311204,2.40813944116184,
-0.552016394239724));
#8072=CARTESIAN_POINT('Ctrl Pts',(-0.096237958353329,2.40807812549609,-0.550732327586743));
#8073=CARTESIAN_POINT('Ctrl Pts',(-0.0991956698699022,2.40795818185378,
-0.547624769416443));
#8074=CARTESIAN_POINT('Ctrl Pts',(-0.10065465129927,2.40789760408762,-0.545696215458372));
#8075=CARTESIAN_POINT('Ctrl Pts',(-0.102146829808994,2.40783430184786,-0.543448796549));
#8076=CARTESIAN_POINT('Origin',(-0.102273218432,2.4028244190515,-0.543451193147));
#8077=CARTESIAN_POINT('',(-0.102405944984239,2.40782329551591,-0.554680296230628));
#8078=CARTESIAN_POINT('',(-0.101981023379,2.397832327513,-0.554680296226));
#8079=CARTESIAN_POINT('',(-0.102485844086877,2.40781988408378,-0.543451203153284));
#8080=CARTESIAN_POINT('Origin',(-0.1021934838445,2.402827811529,-0.554680296226));
#8081=CARTESIAN_POINT('',(-0.115182673680866,2.40724592671378,-0.554770723611497));
#8082=CARTESIAN_POINT('',(-0.114704737941,2.397257354372,-0.554770629548));
#8083=CARTESIAN_POINT('Origin',(0.,3.87331180660372E-15,-0.554680296226381));
#8084=CARTESIAN_POINT('Origin',(-0.114943706145,2.402251640527,-0.554770629548));
#8085=CARTESIAN_POINT('',(-0.11551514196206,2.4072299956536,-0.508034685255338));
#8086=CARTESIAN_POINT('',(-0.115035826041,2.397241489447,-0.50803468664));
#8087=CARTESIAN_POINT('',(-0.115182674349,2.407245926682,-0.554770629548));
#8088=CARTESIAN_POINT('Ctrl Pts',(-0.115515141983,2.407229995653,-0.50803468664));
#8089=CARTESIAN_POINT('Ctrl Pts',(-0.114816802492,2.407263506695,-0.489336101244));
#8090=CARTESIAN_POINT('Ctrl Pts',(-0.108293248505,2.407640143107,-0.481181730859));
#8091=CARTESIAN_POINT('Ctrl Pts',(-0.089372535607,2.408342282541,-0.480295597569));
#8092=CARTESIAN_POINT('Ctrl Pts',(-0.115035826041,2.397241489447,-0.50803468664));
#8093=CARTESIAN_POINT('Ctrl Pts',(-0.114340385026,2.3972748614,-0.489336122801));
#8094=CARTESIAN_POINT('Ctrl Pts',(-0.107843953967,2.397649933002,-0.481181733448));
#8095=CARTESIAN_POINT('Ctrl Pts',(-0.08900169521,2.398349161037,-0.480295597569));
#8096=CARTESIAN_POINT('',(-0.089372535178576,2.40834228439645,-0.4802955976103));
#8097=CARTESIAN_POINT('',(-0.08900169521,2.398349161037,-0.480295597569));
#8098=CARTESIAN_POINT('Ctrl Pts',(-0.115515141931293,2.40722999565471,-0.508034685256498));
#8099=CARTESIAN_POINT('Ctrl Pts',(-0.115292823342161,2.40724066400108,-0.502081933979196));
#8100=CARTESIAN_POINT('Ctrl Pts',(-0.114482573208272,2.40727986382248,-0.497212446385213));
#8101=CARTESIAN_POINT('Ctrl Pts',(-0.111978039365768,2.4073972912931,-0.491120259025847));
#8102=CARTESIAN_POINT('Ctrl Pts',(-0.110790987946181,2.40745257602705,-0.489126084270917));
#8103=CARTESIAN_POINT('Ctrl Pts',(-0.107609387291721,2.40759688126236,-0.485678059856694));
#8104=CARTESIAN_POINT('Ctrl Pts',(-0.1057417592032,2.4076800266984,-0.484354259949694));
#8105=CARTESIAN_POINT('Ctrl Pts',(-0.101644460539074,2.40785638866172,-0.482370864900489));
#8106=CARTESIAN_POINT('Ctrl Pts',(-0.09949566148383,2.40794628239783,-0.481709184274077));
#8107=CARTESIAN_POINT('Ctrl Pts',(-0.0947382958617852,2.40813857528796,
-0.480699936386891));
#8108=CARTESIAN_POINT('Ctrl Pts',(-0.0920145773947861,2.40824423751822,
-0.480419335040963));
#8109=CARTESIAN_POINT('Ctrl Pts',(-0.0893725356069967,2.40834228254091,
-0.480295597569));
#8110=CARTESIAN_POINT('Ctrl Pts',(-0.089372535607,2.408342282541,-0.480295597569));
#8111=CARTESIAN_POINT('Ctrl Pts',(-0.079884014968,2.408694397419,-0.480573286608));
#8112=CARTESIAN_POINT('Ctrl Pts',(-0.071501837102,2.408950070061,-0.48276692821));
#8113=CARTESIAN_POINT('Ctrl Pts',(-0.064227557085,2.409144001696,-0.486876505774));
#8114=CARTESIAN_POINT('Ctrl Pts',(-0.08900169521,2.398349161037,-0.480295597569));
#8115=CARTESIAN_POINT('Ctrl Pts',(-0.079552545998,2.398699814858,-0.480573286609));
#8116=CARTESIAN_POINT('Ctrl Pts',(-0.07120514902,2.398954426616,-0.482766928188));
#8117=CARTESIAN_POINT('Ctrl Pts',(-0.063961052698,2.399147553556,-0.486876505774));
#8118=CARTESIAN_POINT('',(-0.064227557085,2.409144001696,-0.486876505774));
#8119=CARTESIAN_POINT('',(-0.063961052698,2.399147553556,-0.486876505774));
#8120=CARTESIAN_POINT('Origin',(-35.8426442772654,-0.140506601702874,-62.4035762974508));
#8121=CARTESIAN_POINT('Origin',(-0.0640943048915,2.404145777626,-0.486876505774));
#8122=CARTESIAN_POINT('',(-0.064227557085,2.409144001696,-0.486876505774));
#8123=CARTESIAN_POINT('Origin',(0.,8.030407079339E-15,-1.149999999999));
#8124=CARTESIAN_POINT('',(-0.073381583792,2.408882550719,-0.542465655572));
#8125=CARTESIAN_POINT('',(-0.0831151147583124,2.40856635318507,-0.545809758888318));
#8126=CARTESIAN_POINT('Ctrl Pts',(-0.073381583792,2.408882550719,-0.542465655572));
#8127=CARTESIAN_POINT('Ctrl Pts',(-0.076388863898107,2.40879094020145,-0.544508772765462));
#8128=CARTESIAN_POINT('Ctrl Pts',(-0.0796334139799852,2.40868650015943,
-0.54562347400738));
#8129=CARTESIAN_POINT('Ctrl Pts',(-0.0831151148786559,2.40856635318144,
-0.545809758894756));
#8130=CARTESIAN_POINT('',(-0.069737114375,2.408990812535,-0.533965663446));
#8131=CARTESIAN_POINT('Ctrl Pts',(-0.0697371143749746,2.40899081253413,
-0.533965663446));
#8132=CARTESIAN_POINT('Ctrl Pts',(-0.0700526538869835,2.40898167808043,
-0.537359939675));
#8133=CARTESIAN_POINT('Ctrl Pts',(-0.071267517751998,2.40894695133192,-0.540193270146));
#8134=CARTESIAN_POINT('Ctrl Pts',(-0.0733815837919804,2.40888255071836,
-0.542465655572));
#8135=CARTESIAN_POINT('',(-0.073194334103,2.408888247606,-0.524788003296));
#8136=CARTESIAN_POINT('Ctrl Pts',(-0.0731943341029754,2.40888824760519,
-0.524788003296));
#8137=CARTESIAN_POINT('Ctrl Pts',(-0.0710753980109758,2.40895263171119,
-0.52755622897));
#8138=CARTESIAN_POINT('Ctrl Pts',(-0.0699229500039762,2.40898543283719,
-0.530615448786));
#8139=CARTESIAN_POINT('Ctrl Pts',(-0.0697371143749746,2.40899081253413,
-0.533965663446));
#8140=CARTESIAN_POINT('',(-0.085591699536311,2.40847961406937,-0.520406772391405));
#8141=CARTESIAN_POINT('Origin',(-50.106419211263,0.26635656015237,-30.6318560400143));
#8142=CARTESIAN_POINT('',(-0.102665249658641,2.40781225316857,-0.518237698151024));
#8143=CARTESIAN_POINT('Origin',(0.,3.61883450186985E-15,-0.518237697793621));
#8144=CARTESIAN_POINT('',(-0.102615682503,2.407814366122,-0.525203900643));
#8145=CARTESIAN_POINT('',(-0.102615682503,2.407814366122,-0.525203900643));
#8146=CARTESIAN_POINT('',(-0.0970330908975785,2.4080458009075,-0.539981834069908));
#8147=CARTESIAN_POINT('Ctrl Pts',(-0.0970336231359951,2.40804577946088,
-0.539981364036));
#8148=CARTESIAN_POINT('Ctrl Pts',(-0.100273060502921,2.40791524260207,-0.536106239948163));
#8149=CARTESIAN_POINT('Ctrl Pts',(-0.102133582873,2.407834912134,-0.531180458989));
#8150=CARTESIAN_POINT('Ctrl Pts',(-0.102615682503,2.407814366122,-0.525203900643));
#8151=CARTESIAN_POINT('Ctrl Pts',(-0.0831151154999853,2.40856635315957,
-0.545809758928));
#8152=CARTESIAN_POINT('Ctrl Pts',(-0.0882865341484014,2.40838788689628,
-0.545551901219643));
#8153=CARTESIAN_POINT('Ctrl Pts',(-0.0929258371379304,2.40821130243559,
-0.543608780075939));
#8154=CARTESIAN_POINT('Ctrl Pts',(-0.0970320264207555,2.40804584380101,
-0.539982774137723));
#8155=CARTESIAN_POINT('Ctrl Pts',(-0.069737114375,2.408990812535,-0.533965663446));
#8156=CARTESIAN_POINT('Ctrl Pts',(-0.070052653887,2.408981678081,-0.537359939675));
#8157=CARTESIAN_POINT('Ctrl Pts',(-0.071267517752,2.408946951332,-0.540193270146));
#8158=CARTESIAN_POINT('Ctrl Pts',(-0.073381583792,2.408882550719,-0.542465655572));
#8159=CARTESIAN_POINT('Ctrl Pts',(-0.069447748755,2.398995000034,-0.533965663446));
#8160=CARTESIAN_POINT('Ctrl Pts',(-0.069761978975,2.398985903483,-0.537359939675));
#8161=CARTESIAN_POINT('Ctrl Pts',(-0.070971801911,2.398951320829,-0.540193270146));
#8162=CARTESIAN_POINT('Ctrl Pts',(-0.073077095892,2.398887187438,-0.542465655572));
#8163=CARTESIAN_POINT('',(-0.069447748755,2.398995000034,-0.533965663446));
#8164=CARTESIAN_POINT('',(-0.069447748755,2.398995000034,-0.533965663446));
#8165=CARTESIAN_POINT('',(-0.073077095892,2.398887187438,-0.542465655572));
#8166=CARTESIAN_POINT('',(-0.073077095892,2.398887187438,-0.542465655572));
#8167=CARTESIAN_POINT('Ctrl Pts',(-0.069447748755,2.398995000034,-0.533965663446));
#8168=CARTESIAN_POINT('Ctrl Pts',(-0.069761978967,2.398985903483,-0.537359939594));
#8169=CARTESIAN_POINT('Ctrl Pts',(-0.070971802056,2.398951320825,-0.540193270303));
#8170=CARTESIAN_POINT('Ctrl Pts',(-0.073077095892,2.398887187438,-0.542465655572));
#8171=CARTESIAN_POINT('Ctrl Pts',(-0.073381583792,2.408882550719,-0.542465655572));
#8172=CARTESIAN_POINT('Ctrl Pts',(-0.076388864077,2.408790940196,-0.544508772887));
#8173=CARTESIAN_POINT('Ctrl Pts',(-0.079633414366,2.408686500147,-0.54562347414));
#8174=CARTESIAN_POINT('Ctrl Pts',(-0.0831151155,2.40856635316,-0.545809758928));
#8175=CARTESIAN_POINT('Ctrl Pts',(-0.073077095892,2.398887187438,-0.542465655572));
#8176=CARTESIAN_POINT('Ctrl Pts',(-0.076071897837,2.398795957042,-0.544508772887));
#8177=CARTESIAN_POINT('Ctrl Pts',(-0.07930298526,2.398691950354,-0.54562347414));
#8178=CARTESIAN_POINT('Ctrl Pts',(-0.082770239502,2.398572301902,-0.545809758928));
#8179=CARTESIAN_POINT('',(-0.082770239502,2.398572301902,-0.545809758928));
#8180=CARTESIAN_POINT('',(-0.082770239502,2.398572301902,-0.545809758928));
#8181=CARTESIAN_POINT('Ctrl Pts',(-0.073077095892,2.398887187438,-0.542465655572));
#8182=CARTESIAN_POINT('Ctrl Pts',(-0.076071898074,2.398795957034,-0.544508773049));
#8183=CARTESIAN_POINT('Ctrl Pts',(-0.079302985775,2.398691950336,-0.545623474167));
#8184=CARTESIAN_POINT('Ctrl Pts',(-0.082770239502,2.398572301902,-0.545809758928));
#8185=CARTESIAN_POINT('Ctrl Pts',(-0.0831151155,2.40856635316,-0.545809758928));
#8186=CARTESIAN_POINT('Ctrl Pts',(-0.088286702038,2.408387891391,-0.545551892866));
#8187=CARTESIAN_POINT('Ctrl Pts',(-0.092926113933,2.408211293964,-0.543609093913));
#8188=CARTESIAN_POINT('Ctrl Pts',(-0.097033623136,2.408045779461,-0.539981364036));
#8189=CARTESIAN_POINT('Ctrl Pts',(-0.082770239502,2.398572301902,-0.545809758928));
#8190=CARTESIAN_POINT('Ctrl Pts',(-0.087920367178,2.398394580638,-0.545551892866));
#8191=CARTESIAN_POINT('Ctrl Pts',(-0.092540528393,2.398218715981,-0.543609093918));
#8192=CARTESIAN_POINT('Ctrl Pts',(-0.096630993994,2.39805388826,-0.539981364036));
#8193=CARTESIAN_POINT('',(-0.096630993994,2.39805388826,-0.539981364036));
#8194=CARTESIAN_POINT('',(-0.096630993994,2.39805388826,-0.539981364036));
#8195=CARTESIAN_POINT('Ctrl Pts',(-0.082770239502,2.398572301902,-0.545809758928));
#8196=CARTESIAN_POINT('Ctrl Pts',(-0.087920364721,2.398394580723,-0.545551892989));
#8197=CARTESIAN_POINT('Ctrl Pts',(-0.09254052752,2.398218716016,-0.543609094692));
#8198=CARTESIAN_POINT('Ctrl Pts',(-0.096630993994,2.39805388826,-0.539981364036));
#8199=CARTESIAN_POINT('Ctrl Pts',(-0.097033623136,2.408045779461,-0.539981364036));
#8200=CARTESIAN_POINT('Ctrl Pts',(-0.10027302775,2.407915245744,-0.536106279216));
#8201=CARTESIAN_POINT('Ctrl Pts',(-0.102133582873,2.407834912134,-0.531180458989));
#8202=CARTESIAN_POINT('Ctrl Pts',(-0.102615682503,2.407814366122,-0.525203900643));
#8203=CARTESIAN_POINT('Ctrl Pts',(-0.096630993994,2.39805388826,-0.539981364036));
#8204=CARTESIAN_POINT('Ctrl Pts',(-0.099856957094,2.397923896176,-0.536106279218));
#8205=CARTESIAN_POINT('Ctrl Pts',(-0.101709792073,2.397843895901,-0.531180458988));
#8206=CARTESIAN_POINT('Ctrl Pts',(-0.102189891289,2.397823435142,-0.525203900643));
#8207=CARTESIAN_POINT('',(-0.102189891289,2.397823435142,-0.525203900643));
#8208=CARTESIAN_POINT('',(-0.102189891289,2.397823435142,-0.525203900643));
#8209=CARTESIAN_POINT('Ctrl Pts',(-0.096630993994,2.39805388826,-0.539981364036));
#8210=CARTESIAN_POINT('Ctrl Pts',(-0.09985695661,2.397923896196,-0.536106279799));
#8211=CARTESIAN_POINT('Ctrl Pts',(-0.101709792098,2.3978438959,-0.531180458668));
#8212=CARTESIAN_POINT('Ctrl Pts',(-0.102189891289,2.397823435142,-0.525203900643));
#8213=CARTESIAN_POINT('Origin',(-0.102402786896,2.402818900632,-0.525203900643));
#8214=CARTESIAN_POINT('',(-0.102239253744303,2.39782133091491,-0.518237697463042));
#8215=CARTESIAN_POINT('',(-0.102239253257,2.397821330936,-0.518237697807));
#8216=CARTESIAN_POINT('',(-0.102189891289,2.397823435142,-0.525203900643));
#8217=CARTESIAN_POINT('Origin',(-0.1024522517015,2.402816792042,-0.518237697807));
#8218=CARTESIAN_POINT('',(-0.0852361526074526,2.39848593973549,-0.520402315146255));
#8219=CARTESIAN_POINT('',(-0.085236435162,2.398485928689,-0.520404540361));
#8220=CARTESIAN_POINT('Origin',(0.,3.61883450186985E-15,-0.518237697793621));
#8221=CARTESIAN_POINT('Ctrl Pts',(-0.085591586975,2.408479620058,-0.520404540361));
#8222=CARTESIAN_POINT('Ctrl Pts',(-0.080397506395,2.40866420522,-0.521226771149));
#8223=CARTESIAN_POINT('Ctrl Pts',(-0.076264890117,2.408794948424,-0.522687926878));
#8224=CARTESIAN_POINT('Ctrl Pts',(-0.073194334103,2.408888247606,-0.524788003296));
#8225=CARTESIAN_POINT('Ctrl Pts',(-0.085236435162,2.398485928689,-0.520404540361));
#8226=CARTESIAN_POINT('Ctrl Pts',(-0.080063906776,2.398669747937,-0.52122677115));
#8227=CARTESIAN_POINT('Ctrl Pts',(-0.075948438303,2.398799948637,-0.52268792687));
#8228=CARTESIAN_POINT('Ctrl Pts',(-0.072890623173,2.398892860686,-0.524788003296));
#8229=CARTESIAN_POINT('',(-0.072890623173,2.398892860686,-0.524788003296));
#8230=CARTESIAN_POINT('',(-0.072890623173,2.398892860686,-0.524788003296));
#8231=CARTESIAN_POINT('Origin',(-56.3009199748102,-0.0182369169450408,-34.501552801363));
#8232=CARTESIAN_POINT('Ctrl Pts',(-0.073194334103,2.408888247606,-0.524788003296));
#8233=CARTESIAN_POINT('Ctrl Pts',(-0.071075398011,2.408952631712,-0.52755622897));
#8234=CARTESIAN_POINT('Ctrl Pts',(-0.069922950004,2.408985432838,-0.530615448786));
#8235=CARTESIAN_POINT('Ctrl Pts',(-0.069737114375,2.408990812535,-0.533965663446));
#8236=CARTESIAN_POINT('Ctrl Pts',(-0.072890623173,2.398892860686,-0.524788003296));
#8237=CARTESIAN_POINT('Ctrl Pts',(-0.070780479348,2.398956977638,-0.527556228969));
#8238=CARTESIAN_POINT('Ctrl Pts',(-0.069632813282,2.39898964266,-0.530615448786));
#8239=CARTESIAN_POINT('Ctrl Pts',(-0.069447748755,2.398995000034,-0.533965663446));
#8240=CARTESIAN_POINT('Ctrl Pts',(-0.072890623173,2.398892860686,-0.524788003296));
#8241=CARTESIAN_POINT('Ctrl Pts',(-0.070780479459,2.398956977635,-0.527556228823));
#8242=CARTESIAN_POINT('Ctrl Pts',(-0.069632813277,2.39898964266,-0.530615448873));
#8243=CARTESIAN_POINT('Ctrl Pts',(-0.069447748755,2.398995000034,-0.533965663446));
#8244=CARTESIAN_POINT('Origin',(0.,8.030407079339E-15,-1.149999999999));
#8245=CARTESIAN_POINT('Ctrl Pts',(-0.132509317423,2.406354354785,-0.552345697589));
#8246=CARTESIAN_POINT('Ctrl Pts',(-0.138477735254,2.406025695387,-0.555062378583));
#8247=CARTESIAN_POINT('Ctrl Pts',(-0.145051467955,2.405641660961,-0.556529926963));
#8248=CARTESIAN_POINT('Ctrl Pts',(-0.152229414216,2.405187353502,-0.556748337951));
#8249=CARTESIAN_POINT('Ctrl Pts',(-0.13195948623,2.396369481944,-0.552345697589));
#8250=CARTESIAN_POINT('Ctrl Pts',(-0.137903138853,2.396042186277,-0.555062378588));
#8251=CARTESIAN_POINT('Ctrl Pts',(-0.144449594636,2.395659745355,-0.556529926963));
#8252=CARTESIAN_POINT('Ctrl Pts',(-0.151597756896,2.395207322989,-0.556748337951));
#8253=CARTESIAN_POINT('',(-0.132509317418044,2.40635435478583,-0.552345698289704));
#8254=CARTESIAN_POINT('',(-0.13195948623,2.396369481944,-0.552345697589));
#8255=CARTESIAN_POINT('',(-0.152229414475955,2.40518735686268,-0.556748337915351));
#8256=CARTESIAN_POINT('',(-0.151597756896,2.395207322989,-0.556748337951));
#8257=CARTESIAN_POINT('Origin',(-33.471774008022,-1.0563283167491,68.3128794026402));
#8258=CARTESIAN_POINT('Ctrl Pts',(-0.152229414216,2.405187353502,-0.556748337951));
#8259=CARTESIAN_POINT('Ctrl Pts',(-0.160758022967,2.404647559746,-0.556527520539));
#8260=CARTESIAN_POINT('Ctrl Pts',(-0.167836940008,2.404155286387,-0.554654031862));
#8261=CARTESIAN_POINT('Ctrl Pts',(-0.173468487668,2.403748881182,-0.551127890574));
#8262=CARTESIAN_POINT('Ctrl Pts',(-0.151597756896,2.395207322989,-0.556748337951));
#8263=CARTESIAN_POINT('Ctrl Pts',(-0.160090977259,2.39466976904,-0.556527520538));
#8264=CARTESIAN_POINT('Ctrl Pts',(-0.167140521128,2.394179538313,-0.554654031888));
#8265=CARTESIAN_POINT('Ctrl Pts',(-0.172748701412,2.393774819434,-0.551127890574));
#8266=CARTESIAN_POINT('',(-0.173468487668,2.403748881182,-0.551127890574));
#8267=CARTESIAN_POINT('',(-0.172748701412,2.393774819434,-0.551127890574));
#8268=CARTESIAN_POINT('Origin',(42.3094743215395,4.36960428787643,47.9178574484274));
#8269=CARTESIAN_POINT('Ctrl Pts',(-0.173468487668,2.403748881182,-0.551127890574));
#8270=CARTESIAN_POINT('Ctrl Pts',(-0.179897131216,2.403284952906,-0.54608428298));
#8271=CARTESIAN_POINT('Ctrl Pts',(-0.180888678445,2.403202048175,-0.54374768286));
#8272=CARTESIAN_POINT('Ctrl Pts',(-0.181779634943,2.403134653805,-0.53548601232));
#8273=CARTESIAN_POINT('Ctrl Pts',(-0.172748701412,2.393774819434,-0.551127890574));
#8274=CARTESIAN_POINT('Ctrl Pts',(-0.179151393977,2.393312763932,-0.546083712687));
#8275=CARTESIAN_POINT('Ctrl Pts',(-0.180138066035,2.393230258241,-0.543748027199));
#8276=CARTESIAN_POINT('Ctrl Pts',(-0.181025362599,2.393163140718,-0.53548601232));
#8277=CARTESIAN_POINT('',(-0.181779634943,2.403134653805,-0.53548601232));
#8278=CARTESIAN_POINT('',(-0.181025362599,2.393163140718,-0.53548601232));
#8279=CARTESIAN_POINT('Ctrl Pts',(-0.173468487668,2.403748881182,-0.551127890574));
#8280=CARTESIAN_POINT('Ctrl Pts',(-0.174981755623949,2.4036396749725,-0.549940652597994));
#8281=CARTESIAN_POINT('Ctrl Pts',(-0.176229037092291,2.40354902598076,-0.548876301236573));
#8282=CARTESIAN_POINT('Ctrl Pts',(-0.177238737233791,2.40347510018126,-0.547837339435159));
#8283=CARTESIAN_POINT('Ctrl Pts',(-0.178480019557648,2.40338421895384,-0.54656008407364));
#8284=CARTESIAN_POINT('Ctrl Pts',(-0.179362035674318,2.40331862877497,-0.545319465061388));
#8285=CARTESIAN_POINT('Ctrl Pts',(-0.180002945166566,2.4032703623412,-0.54388607046591));
#8286=CARTESIAN_POINT('Ctrl Pts',(-0.180608128152518,2.40322478644498,-0.542532578230527));
#8287=CARTESIAN_POINT('Ctrl Pts',(-0.181001018067454,2.40319447235032,-0.54100333710642));
#8288=CARTESIAN_POINT('Ctrl Pts',(-0.181309022106242,2.40317072237907,-0.539114469829093));
#8289=CARTESIAN_POINT('Ctrl Pts',(-0.181485619443631,2.40315710508463,-0.538031468017923));
#8290=CARTESIAN_POINT('Ctrl Pts',(-0.181634617352415,2.40314562332953,-0.536830732919273));
#8291=CARTESIAN_POINT('Ctrl Pts',(-0.181779634943,2.403134653805,-0.53548601232));
#8292=CARTESIAN_POINT('Ctrl Pts',(-0.181779634943,2.403134653805,-0.53548601232));
#8293=CARTESIAN_POINT('Ctrl Pts',(-0.181443886809,2.403160050706,-0.530853488519));
#8294=CARTESIAN_POINT('Ctrl Pts',(-0.180049537863,2.40326615583,-0.526840443606));
#8295=CARTESIAN_POINT('Ctrl Pts',(-0.177596176269,2.403447440277,-0.523446876405));
#8296=CARTESIAN_POINT('Ctrl Pts',(-0.181025362599,2.393163140718,-0.53548601232));
#8297=CARTESIAN_POINT('Ctrl Pts',(-0.180691007611,2.393188432238,-0.530853488519));
#8298=CARTESIAN_POINT('Ctrl Pts',(-0.179302444344,2.393294097093,-0.526840443605));
#8299=CARTESIAN_POINT('Ctrl Pts',(-0.176859262675,2.393474629321,-0.523446876405));
#8300=CARTESIAN_POINT('',(-0.177596176269,2.403447440277,-0.523446876405));
#8301=CARTESIAN_POINT('',(-0.176859262675,2.393474629321,-0.523446876405));
#8302=CARTESIAN_POINT('Ctrl Pts',(-0.181779634942949,2.40313465380432,-0.53548601232));
#8303=CARTESIAN_POINT('Ctrl Pts',(-0.181443886819972,2.40316005070463,-0.53085348866));
#8304=CARTESIAN_POINT('Ctrl Pts',(-0.180049537681949,2.40326615584333,-0.526840443355));
#8305=CARTESIAN_POINT('Ctrl Pts',(-0.177596176268935,2.40344744027612,-0.523446876405));
#8306=CARTESIAN_POINT('Ctrl Pts',(-0.177596176269,2.403447440277,-0.523446876405));
#8307=CARTESIAN_POINT('Ctrl Pts',(-0.174057464062,2.403708923738,-0.520011388407));
#8308=CARTESIAN_POINT('Ctrl Pts',(-0.168595502773,2.404106982257,-0.516836023051));
#8309=CARTESIAN_POINT('Ctrl Pts',(-0.161207649106,2.40460227353,-0.513920792368));
#8310=CARTESIAN_POINT('Ctrl Pts',(-0.176859262675,2.393474629321,-0.523446876405));
#8311=CARTESIAN_POINT('Ctrl Pts',(-0.173335233876,2.393735027793,-0.520011388363));
#8312=CARTESIAN_POINT('Ctrl Pts',(-0.167895936391,2.394131434612,-0.516836023058));
#8313=CARTESIAN_POINT('Ctrl Pts',(-0.160538737699,2.394624670736,-0.513920792368));
#8314=CARTESIAN_POINT('',(-0.161207649814562,2.40460227605196,-0.513920792550211));
#8315=CARTESIAN_POINT('',(-0.160538737699,2.394624670736,-0.513920792368));
#8316=CARTESIAN_POINT('Origin',(32.3750464471131,4.38099040294961,-4.92265417938276));
#8317=CARTESIAN_POINT('Ctrl Pts',(-0.161207649106,2.40460227353,-0.513920792368));
#8318=CARTESIAN_POINT('Ctrl Pts',(-0.155820630637,2.404963426222,-0.511698411133));
#8319=CARTESIAN_POINT('Ctrl Pts',(-0.151702097211,2.405222363943,-0.509589694694));
#8320=CARTESIAN_POINT('Ctrl Pts',(-0.148853371927,2.405398651713,-0.507594649398));
#8321=CARTESIAN_POINT('Ctrl Pts',(-0.160538737699,2.394624670736,-0.513920792368));
#8322=CARTESIAN_POINT('Ctrl Pts',(-0.155174071998,2.394984324869,-0.51169841113));
#8323=CARTESIAN_POINT('Ctrl Pts',(-0.151072627943,2.395242188158,-0.509589694705));
#8324=CARTESIAN_POINT('Ctrl Pts',(-0.14823572308,2.395417744445,-0.507594649398));
#8325=CARTESIAN_POINT('',(-0.148853371927,2.405398651713,-0.507594649398));
#8326=CARTESIAN_POINT('',(-0.14823572308,2.395417744445,-0.507594649398));
#8327=CARTESIAN_POINT('Origin',(-10.7644683812351,1.63442648302737,-1.45889326638337));
#8328=CARTESIAN_POINT('Ctrl Pts',(-0.148853371927,2.405398651713,-0.507594649398));
#8329=CARTESIAN_POINT('Ctrl Pts',(-0.147155770399,2.40550370445,-0.505580109988));
#8330=CARTESIAN_POINT('Ctrl Pts',(-0.14624251717,2.405558800529,-0.503320782662));
#8331=CARTESIAN_POINT('Ctrl Pts',(-0.146113776969,2.405566620191,-0.500816667067));
#8332=CARTESIAN_POINT('Ctrl Pts',(-0.14823572308,2.395417744445,-0.507594649398));
#8333=CARTESIAN_POINT('Ctrl Pts',(-0.146545165543,2.395522361278,-0.505580109988));
#8334=CARTESIAN_POINT('Ctrl Pts',(-0.145635701746,2.395577228743,-0.503320782662));
#8335=CARTESIAN_POINT('Ctrl Pts',(-0.145507495737,2.395585015958,-0.500816667067));
#8336=CARTESIAN_POINT('',(-0.146113776969,2.405566620191,-0.500816667067));
#8337=CARTESIAN_POINT('',(-0.145507495737,2.395585015958,-0.500816667067));
#8338=CARTESIAN_POINT('Ctrl Pts',(-0.14885337192698,2.40539865171268,-0.507594649398));
#8339=CARTESIAN_POINT('Ctrl Pts',(-0.147155770460982,2.40550370444571,-0.505580110061));
#8340=CARTESIAN_POINT('Ctrl Pts',(-0.146242517167942,2.40555880052905,-0.503320782618));
#8341=CARTESIAN_POINT('Ctrl Pts',(-0.146113776968973,2.40556662019057,-0.500816667067));
#8342=CARTESIAN_POINT('Ctrl Pts',(-0.146113776969,2.405566620191,-0.500816667067));
#8343=CARTESIAN_POINT('Ctrl Pts',(-0.14656174112,2.405539410912,-0.49786560172));
#8344=CARTESIAN_POINT('Ctrl Pts',(-0.147872510812,2.405460135237,-0.495518032845));
#8345=CARTESIAN_POINT('Ctrl Pts',(-0.150045824489,2.405324562414,-0.493773959759));
#8346=CARTESIAN_POINT('Ctrl Pts',(-0.145507495737,2.395585015958,-0.500816667067));
#8347=CARTESIAN_POINT('Ctrl Pts',(-0.145953601115,2.39555791958,-0.49786560172));
#8348=CARTESIAN_POINT('Ctrl Pts',(-0.147258931929,2.39547897285,-0.495518032845));
#8349=CARTESIAN_POINT('Ctrl Pts',(-0.149423227707,2.39534396257,-0.493773959759));
#8350=CARTESIAN_POINT('',(-0.150045824489,2.405324562414,-0.493773959759));
#8351=CARTESIAN_POINT('',(-0.149423227707,2.39534396257,-0.493773959759));
#8352=CARTESIAN_POINT('Ctrl Pts',(-0.146113776968973,2.40556662019057,-0.500816667067));
#8353=CARTESIAN_POINT('Ctrl Pts',(-0.146561741109992,2.40553941091187,-0.497865601783));
#8354=CARTESIAN_POINT('Ctrl Pts',(-0.147872511016943,2.40546013522406,-0.49551803268));
#8355=CARTESIAN_POINT('Ctrl Pts',(-0.150045824488955,2.40532456241328,-0.493773959759));
#8356=CARTESIAN_POINT('Ctrl Pts',(-0.150045824489,2.405324562414,-0.493773959759));
#8357=CARTESIAN_POINT('Ctrl Pts',(-0.153260161162,2.405124049849,-0.492109739096));
#8358=CARTESIAN_POINT('Ctrl Pts',(-0.156618056724,2.404908126691,-0.491232358321));
#8359=CARTESIAN_POINT('Ctrl Pts',(-0.16011936549,2.404674986104,-0.4911418177));
#8360=CARTESIAN_POINT('Ctrl Pts',(-0.149423227707,2.39534396257,-0.493773959759));
#8361=CARTESIAN_POINT('Ctrl Pts',(-0.152624226884,2.395144282008,-0.492109739096));
#8362=CARTESIAN_POINT('Ctrl Pts',(-0.155968189268,2.394929254796,-0.491232358321));
#8363=CARTESIAN_POINT('Ctrl Pts',(-0.159454969782,2.394697081597,-0.4911418177));
#8364=CARTESIAN_POINT('',(-0.160119366037092,2.40467498729023,-0.491141817734797));
#8365=CARTESIAN_POINT('',(-0.159454969782,2.394697081597,-0.4911418177));
#8366=CARTESIAN_POINT('Ctrl Pts',(-0.150045824489,2.405324562414,-0.493773959759));
#8367=CARTESIAN_POINT('Ctrl Pts',(-0.153260161349827,2.40512404983728,-0.492109738998753));
#8368=CARTESIAN_POINT('Ctrl Pts',(-0.156618143078405,2.40490811091818,-0.491232356070773));
#8369=CARTESIAN_POINT('Ctrl Pts',(-0.160119365489982,2.40467498610374,-0.4911418177));
#8370=CARTESIAN_POINT('Ctrl Pts',(-0.16011936549,2.404674986104,-0.4911418177));
#8371=CARTESIAN_POINT('Ctrl Pts',(-0.166985930079,2.404217764246,-0.491464420414));
#8372=CARTESIAN_POINT('Ctrl Pts',(-0.173135262272,2.403779079346,-0.493258267698));
#8373=CARTESIAN_POINT('Ctrl Pts',(-0.178568345466,2.403375406797,-0.496523354262));
#8374=CARTESIAN_POINT('Ctrl Pts',(-0.159454969782,2.394697081597,-0.4911418177));
#8375=CARTESIAN_POINT('Ctrl Pts',(-0.166293042412,2.394241756924,-0.491464420415));
#8376=CARTESIAN_POINT('Ctrl Pts',(-0.172416858681,2.393804892295,-0.49325826769));
#8377=CARTESIAN_POINT('Ctrl Pts',(-0.177827397974,2.393402894735,-0.496523354262));
#8378=CARTESIAN_POINT('',(-0.178568233675542,2.40337541507505,-0.49652325678317));
#8379=CARTESIAN_POINT('',(-0.177827397974,2.393402894735,-0.496523354262));
#8380=CARTESIAN_POINT('Origin',(50.3017504462129,4.28934854821332,-104.115797505182));
#8381=CARTESIAN_POINT('Origin',(-0.17819787172,2.398389150766,-0.496523354262));
#8382=CARTESIAN_POINT('',(-0.178656221136628,2.40336887610928,-0.48415054573454));
#8383=CARTESIAN_POINT('',(-0.177914909012,2.393396391146,-0.48415054624));
#8384=CARTESIAN_POINT('',(-0.178568349002,2.403375406534,-0.496522856387));
#8385=CARTESIAN_POINT('Ctrl Pts',(-0.178656221133,2.403368876109,-0.48415054624));
#8386=CARTESIAN_POINT('Ctrl Pts',(-0.173586467195,2.403745740056,-0.482233547965));
#8387=CARTESIAN_POINT('Ctrl Pts',(-0.167849003345,2.404156387255,-0.481118476485));
#8388=CARTESIAN_POINT('Ctrl Pts',(-0.161442965355,2.404586486058,-0.480805335601));
#8389=CARTESIAN_POINT('Ctrl Pts',(-0.177914909012,2.393396391146,-0.48415054624));
#8390=CARTESIAN_POINT('Ctrl Pts',(-0.17286619139,2.393771691342,-0.482233547962));
#8391=CARTESIAN_POINT('Ctrl Pts',(-0.167152534457,2.394180634611,-0.481118476485));
#8392=CARTESIAN_POINT('Ctrl Pts',(-0.160773077532,2.394608948772,-0.480805335601));
#8393=CARTESIAN_POINT('',(-0.161442964995008,2.40458648804567,-0.480805335634409));
#8394=CARTESIAN_POINT('',(-0.160773077532,2.394608948772,-0.480805335601));
#8395=CARTESIAN_POINT('Origin',(28.1583647647603,3.53247307889623,-34.5017043984704));
#8396=CARTESIAN_POINT('Ctrl Pts',(-0.161442965355,2.404586486058,-0.480805335601));
#8397=CARTESIAN_POINT('Ctrl Pts',(-0.153564292603,2.405115456964,-0.48103771722));
#8398=CARTESIAN_POINT('Ctrl Pts',(-0.146829035995,2.405529585691,-0.482913661821));
#8399=CARTESIAN_POINT('Ctrl Pts',(-0.141239245167,2.405857742183,-0.486433157128));
#8400=CARTESIAN_POINT('Ctrl Pts',(-0.160773077532,2.394608948772,-0.480805335601));
#8401=CARTESIAN_POINT('Ctrl Pts',(-0.152927096347,2.395135724779,-0.48103771722));
#8402=CARTESIAN_POINT('Ctrl Pts',(-0.146219786911,2.395548135126,-0.482913661803));
#8403=CARTESIAN_POINT('Ctrl Pts',(-0.140653190207,2.395874929975,-0.486433157128));
#8404=CARTESIAN_POINT('',(-0.141239245167,2.405857742183,-0.486433157128));
#8405=CARTESIAN_POINT('',(-0.140653190207,2.395874929975,-0.486433157128));
#8406=CARTESIAN_POINT('Origin',(-49.8449528403069,-1.94574979910211,-71.865276705712));
#8407=CARTESIAN_POINT('Ctrl Pts',(-0.141239245167,2.405857742183,-0.486433157128));
#8408=CARTESIAN_POINT('Ctrl Pts',(-0.134902630445,2.406229742017,-0.491508807133));
#8409=CARTESIAN_POINT('Ctrl Pts',(-0.133872098958,2.406279102792,-0.493683364461));
#8410=CARTESIAN_POINT('Ctrl Pts',(-0.132946464399,2.406330242839,-0.501867273382));
#8411=CARTESIAN_POINT('Ctrl Pts',(-0.140653190207,2.395874929975,-0.486433157128));
#8412=CARTESIAN_POINT('Ctrl Pts',(-0.134342150403,2.396245428397,-0.491509384722));
#8413=CARTESIAN_POINT('Ctrl Pts',(-0.133316651813,2.396294540059,-0.493683020492));
#8414=CARTESIAN_POINT('Ctrl Pts',(-0.132394819318,2.396345470047,-0.501867273382));
#8415=CARTESIAN_POINT('',(-0.132946464399,2.406330242839,-0.501867273382));
#8416=CARTESIAN_POINT('',(-0.132394819318,2.396345470047,-0.501867273382));
#8417=CARTESIAN_POINT('Ctrl Pts',(-0.141239245167,2.405857742183,-0.486433157128));
#8418=CARTESIAN_POINT('Ctrl Pts',(-0.139756263170522,2.40594480271622,-0.487621030765276));
#8419=CARTESIAN_POINT('Ctrl Pts',(-0.138529388103135,2.4060162092751,-0.488676984392746));
#8420=CARTESIAN_POINT('Ctrl Pts',(-0.137532120469282,2.40607372379652,-0.489698985129699));
#8421=CARTESIAN_POINT('Ctrl Pts',(-0.136289678853741,2.406145378017,-0.490972240375933));
#8422=CARTESIAN_POINT('Ctrl Pts',(-0.135403881954708,2.40619545669932,-0.492194712385258));
#8423=CARTESIAN_POINT('Ctrl Pts',(-0.1347569305375,2.4062314335643,-0.493606822315572));
#8424=CARTESIAN_POINT('Ctrl Pts',(-0.134168120458357,2.40626417719877,-0.494892026331995));
#8425=CARTESIAN_POINT('Ctrl Pts',(-0.133774498433433,2.40628540436512,-0.49633804212908));
#8426=CARTESIAN_POINT('Ctrl Pts',(-0.133462857061039,2.40630220058372,-0.498115305094467));
#8427=CARTESIAN_POINT('Ctrl Pts',(-0.133267978294642,2.40631270376672,-0.499226681326689));
#8428=CARTESIAN_POINT('Ctrl Pts',(-0.133104824972527,2.4063214936332,-0.500467143603073));
#8429=CARTESIAN_POINT('Ctrl Pts',(-0.132946464399,2.406330242839,-0.501867273382));
#8430=CARTESIAN_POINT('Ctrl Pts',(-0.132946464399,2.406330242839,-0.501867273382));
#8431=CARTESIAN_POINT('Ctrl Pts',(-0.133217652312,2.406315260077,-0.506216696829));
#8432=CARTESIAN_POINT('Ctrl Pts',(-0.134397978611,2.40625051944,-0.510054916986));
#8433=CARTESIAN_POINT('Ctrl Pts',(-0.136487217641,2.406132007895,-0.51338193457));
#8434=CARTESIAN_POINT('Ctrl Pts',(-0.132394819318,2.396345470047,-0.501867273382));
#8435=CARTESIAN_POINT('Ctrl Pts',(-0.132664881971,2.396330549454,-0.506216696829));
#8436=CARTESIAN_POINT('Ctrl Pts',(-0.133840310651,2.396266077451,-0.510054916986));
#8437=CARTESIAN_POINT('Ctrl Pts',(-0.135920880638,2.396148057655,-0.51338193457));
#8438=CARTESIAN_POINT('',(-0.136487217641,2.406132007895,-0.51338193457));
#8439=CARTESIAN_POINT('',(-0.135920880638,2.396148057655,-0.51338193457));
#8440=CARTESIAN_POINT('Ctrl Pts',(-0.13294646439897,2.40633024283846,-0.501867273382));
#8441=CARTESIAN_POINT('Ctrl Pts',(-0.133217652306965,2.40631526007637,-0.506216696741));
#8442=CARTESIAN_POINT('Ctrl Pts',(-0.134397978706974,2.40625051943454,-0.510054917137));
#8443=CARTESIAN_POINT('Ctrl Pts',(-0.136487217640988,2.40613200789479,-0.51338193457));
#8444=CARTESIAN_POINT('Ctrl Pts',(-0.136487217641,2.406132007895,-0.51338193457));
#8445=CARTESIAN_POINT('Ctrl Pts',(-0.139577437706,2.405956715959,-0.516760838412));
#8446=CARTESIAN_POINT('Ctrl Pts',(-0.144792510769,2.405657743863,-0.520003737193));
#8447=CARTESIAN_POINT('Ctrl Pts',(-0.152129840219,2.405193653682,-0.523110618704));
#8448=CARTESIAN_POINT('Ctrl Pts',(-0.135920880638,2.396148057655,-0.51338193457));
#8449=CARTESIAN_POINT('Ctrl Pts',(-0.138998278258,2.395973493069,-0.516760838461));
#8450=CARTESIAN_POINT('Ctrl Pts',(-0.144191711949,2.395675761524,-0.520003737185));
#8451=CARTESIAN_POINT('Ctrl Pts',(-0.151498596069,2.395213597028,-0.523110618704));
#8452=CARTESIAN_POINT('',(-0.152129839928863,2.40519365638872,-0.523110618567158));
#8453=CARTESIAN_POINT('',(-0.151498596069,2.395213597028,-0.523110618704));
#8454=CARTESIAN_POINT('Origin',(-35.519554969245,0.000336347301750362,1.75166794217925));
#8455=CARTESIAN_POINT('Ctrl Pts',(-0.152129840219,2.405193653682,-0.523110618704));
#8456=CARTESIAN_POINT('Ctrl Pts',(-0.157811378913,2.40483429319,-0.525351937865));
#8457=CARTESIAN_POINT('Ctrl Pts',(-0.162249225894,2.404534351573,-0.527549572362));
#8458=CARTESIAN_POINT('Ctrl Pts',(-0.165444668296,2.404314468145,-0.529703515703));
#8459=CARTESIAN_POINT('Ctrl Pts',(-0.151498596069,2.395213597028,-0.523110618704));
#8460=CARTESIAN_POINT('Ctrl Pts',(-0.157156559919,2.394855727658,-0.525351937867));
#8461=CARTESIAN_POINT('Ctrl Pts',(-0.161575992575,2.394557030613,-0.527549572351));
#8462=CARTESIAN_POINT('Ctrl Pts',(-0.164758175897,2.394338059563,-0.529703515703));
#8463=CARTESIAN_POINT('',(-0.165444668296,2.404314468145,-0.529703515703));
#8464=CARTESIAN_POINT('',(-0.164758175897,2.394338059563,-0.529703515703));
#8465=CARTESIAN_POINT('Origin',(10.6652391851082,3.01410718096653,-0.148661713901578));
#8466=CARTESIAN_POINT('Ctrl Pts',(-0.165444668296,2.404314468145,-0.529703515703));
#8467=CARTESIAN_POINT('Ctrl Pts',(-0.167389415435,2.404180647029,-0.5317507935));
#8468=CARTESIAN_POINT('Ctrl Pts',(-0.168466589995,2.404104625906,-0.534063274933));
#8469=CARTESIAN_POINT('Ctrl Pts',(-0.168676434401,2.404089902744,-0.536640960519));
#8470=CARTESIAN_POINT('Ctrl Pts',(-0.164758175897,2.394338059563,-0.529703515703));
#8471=CARTESIAN_POINT('Ctrl Pts',(-0.166694853545,2.394204793722,-0.5317507935));
#8472=CARTESIAN_POINT('Ctrl Pts',(-0.167767558502,2.394129088039,-0.534063274933));
#8473=CARTESIAN_POINT('Ctrl Pts',(-0.167976532184,2.394114425969,-0.536640960519));
#8474=CARTESIAN_POINT('',(-0.168676434401,2.404089902744,-0.536640960519));
#8475=CARTESIAN_POINT('',(-0.167976532184,2.394114425969,-0.536640960519));
#8476=CARTESIAN_POINT('Ctrl Pts',(-0.165444668295947,2.40431446814422,-0.529703515703));
#8477=CARTESIAN_POINT('Ctrl Pts',(-0.167389415327971,2.40418064703559,-0.531750793387));
#8478=CARTESIAN_POINT('Ctrl Pts',(-0.168466589999968,2.40410462590554,-0.534063274993));
#8479=CARTESIAN_POINT('Ctrl Pts',(-0.168676434400961,2.40408990274344,-0.536640960519));
#8480=CARTESIAN_POINT('Ctrl Pts',(-0.168676434401,2.404089902744,-0.536640960519));
#8481=CARTESIAN_POINT('Ctrl Pts',(-0.167610706588,2.40416467664,-0.545184011579));
#8482=CARTESIAN_POINT('Ctrl Pts',(-0.161827433903,2.404574934555,-0.546120868589));
#8483=CARTESIAN_POINT('Ctrl Pts',(-0.153553666795,2.405103172717,-0.546359869264));
#8484=CARTESIAN_POINT('Ctrl Pts',(-0.167976532184,2.394114425969,-0.536640960519));
#8485=CARTESIAN_POINT('Ctrl Pts',(-0.16691525408,2.394188887663,-0.54518378939));
#8486=CARTESIAN_POINT('Ctrl Pts',(-0.161155935813,2.394597446156,-0.546120869023));
#8487=CARTESIAN_POINT('Ctrl Pts',(-0.152916514651,2.395123491502,-0.546359869264));
#8488=CARTESIAN_POINT('',(-0.153553666608136,2.40510317369552,-0.546359869240657));
#8489=CARTESIAN_POINT('',(-0.152916514651,2.395123491502,-0.546359869264));
#8490=CARTESIAN_POINT('Ctrl Pts',(-0.168676434401,2.404089902744,-0.536640960519));
#8491=CARTESIAN_POINT('Ctrl Pts',(-0.168368637659658,2.40411149846595,-0.539108310291908));
#8492=CARTESIAN_POINT('Ctrl Pts',(-0.167668953749401,2.40416098004189,-0.540956362711946));
#8493=CARTESIAN_POINT('Ctrl Pts',(-0.166596782473815,2.40423543904266,-0.542344356936754));
#8494=CARTESIAN_POINT('Ctrl Pts',(-0.165390479978697,2.40431921304449,-0.543905992595834));
#8495=CARTESIAN_POINT('Ctrl Pts',(-0.163712046374085,2.4044347125962,-0.544880680537381));
#8496=CARTESIAN_POINT('Ctrl Pts',(-0.161547052267758,2.40457997087366,-0.545473159680218));
#8497=CARTESIAN_POINT('Ctrl Pts',(-0.159844457243993,2.40469420491229,-0.545939097225882));
#8498=CARTESIAN_POINT('Ctrl Pts',(-0.157839669707939,2.40482693342806,-0.546166639598258));
#8499=CARTESIAN_POINT('Ctrl Pts',(-0.15551687526756,2.40497705799087,-0.546284238704809));
#8500=CARTESIAN_POINT('Ctrl Pts',(-0.154886039394542,2.40501782955377,-0.546316176845248));
#8501=CARTESIAN_POINT('Ctrl Pts',(-0.154231738404027,2.40505987969565,-0.546340282104468));
#8502=CARTESIAN_POINT('Ctrl Pts',(-0.15355366679494,2.40510317271607,-0.546359869264));
#8503=CARTESIAN_POINT('Ctrl Pts',(-0.153553666795,2.405103172717,-0.546359869264));
#8504=CARTESIAN_POINT('Ctrl Pts',(-0.145987148166,2.405586256641,-0.545929351799));
#8505=CARTESIAN_POINT('Ctrl Pts',(-0.139003153422,2.405996511146,-0.543540424042));
#8506=CARTESIAN_POINT('Ctrl Pts',(-0.132602847285,2.406349202607,-0.539193090742));
#8507=CARTESIAN_POINT('Ctrl Pts',(-0.152916514651,2.395123491502,-0.546359869264));
#8508=CARTESIAN_POINT('Ctrl Pts',(-0.145381392355,2.39560457093,-0.545929351798));
#8509=CARTESIAN_POINT('Ctrl Pts',(-0.138426376865,2.396013123132,-0.543540424051));
#8510=CARTESIAN_POINT('Ctrl Pts',(-0.132052628001,2.396364351144,-0.539193090742));
#8511=CARTESIAN_POINT('',(-0.132602849352281,2.40634920249315,-0.539193093267718));
#8512=CARTESIAN_POINT('',(-0.132052628001,2.396364351144,-0.539193090742));
#8513=CARTESIAN_POINT('Origin',(-42.8278703145209,-2.36302802871484,142.838367245935));
#8514=CARTESIAN_POINT('Origin',(-0.132327737643,2.4013567768755,-0.539193090742));
#8515=CARTESIAN_POINT('',(-0.132602847267142,2.40634920260798,-0.539193093253232));
#8516=CARTESIAN_POINT('Origin',(0.,8.030407079339E-15,-1.149999999999));
#8517=CARTESIAN_POINT('Origin',(-0.22461983377511,2.39438717426242,-0.537612676207));
#8518=CARTESIAN_POINT('',(-0.225096178385,2.399464880025,-0.537612676207));
#8519=CARTESIAN_POINT('',(-0.224162169346,2.389508594216,-0.537612676207));
#8520=CARTESIAN_POINT('',(-0.223321892836046,2.39963066578491,-0.544124674469862));
#8521=CARTESIAN_POINT('',(-0.222851810080841,2.3945970211154,-0.544116930530919));
#8522=CARTESIAN_POINT('Origin',(0.,3.75412925252224E-15,-0.537612676136942));
#8523=CARTESIAN_POINT('Origin',(-0.222694380995,2.394667453462,-0.543473702867));
#8524=CARTESIAN_POINT('',(-0.221641824233813,2.39978642788893,-0.537483807173041));
#8525=CARTESIAN_POINT('',(-0.22072067661,2.389828944279,-0.537484183986));
#8526=CARTESIAN_POINT('Origin',(0.,3.79505658282584E-15,-0.543473702780315));
#8527=CARTESIAN_POINT('Ctrl Pts',(-0.221640346096,2.39978656488,-0.537484183986));
#8528=CARTESIAN_POINT('Ctrl Pts',(-0.215444909803,2.400358765202,-0.519244018665));
#8529=CARTESIAN_POINT('Ctrl Pts',(-0.209247257658,2.400906973626,-0.501003853345));
#8530=CARTESIAN_POINT('Ctrl Pts',(-0.203047575541,2.40143117371,-0.482763688024));
#8531=CARTESIAN_POINT('Ctrl Pts',(-0.22072067661,2.389828944279,-0.537484183986));
#8532=CARTESIAN_POINT('Ctrl Pts',(-0.214550947521,2.390398770326,-0.519244018665));
#8533=CARTESIAN_POINT('Ctrl Pts',(-0.208379011775,2.390944704026,-0.501003853345));
#8534=CARTESIAN_POINT('Ctrl Pts',(-0.202205054481,2.391466729005,-0.482763688024));
#8535=CARTESIAN_POINT('',(-0.203047575541,2.40143117371,-0.482763688024));
#8536=CARTESIAN_POINT('',(-0.202205054481,2.391466729005,-0.482763688024));
#8537=CARTESIAN_POINT('Origin',(1.31544759854926,-14.8715520440585,-0.510135913437726));
#8538=CARTESIAN_POINT('Origin',(-0.202626315011,2.3964489513575,-0.482763688024));
#8539=CARTESIAN_POINT('',(-0.188791263556998,2.40259398542497,-0.482662662186));
#8540=CARTESIAN_POINT('',(-0.188007897318,2.392624715776,-0.482662662186));
#8541=CARTESIAN_POINT('Origin',(-0.048963258566981,0.600458136436733,-0.482713020380148));
#8542=CARTESIAN_POINT('Ctrl Pts',(-0.188791263557,2.402593985425,-0.482662662186));
#8543=CARTESIAN_POINT('Ctrl Pts',(-0.1981262329,2.401860461298,-0.506886447457));
#8544=CARTESIAN_POINT('Ctrl Pts',(-0.207456927169,2.401072531824,-0.531110232723));
#8545=CARTESIAN_POINT('Ctrl Pts',(-0.216782712524,2.400230250528,-0.555334017994));
#8546=CARTESIAN_POINT('Ctrl Pts',(-0.188007897318,2.392624715776,-0.482662662186));
#8547=CARTESIAN_POINT('Ctrl Pts',(-0.197304132348,2.391894235317,-0.506886447457));
#8548=CARTESIAN_POINT('Ctrl Pts',(-0.206596110044,2.39110957526,-0.531110232723));
#8549=CARTESIAN_POINT('Ctrl Pts',(-0.215883199194,2.390270788907,-0.555334017994));
#8550=CARTESIAN_POINT('',(-0.216782712524,2.400230250528,-0.555334017994));
#8551=CARTESIAN_POINT('',(-0.215883199194,2.390270788907,-0.555334017994));
#8552=CARTESIAN_POINT('Origin',(0.967167947441303,-11.4535209625785,-0.519058412964838));
#8553=CARTESIAN_POINT('Ctrl Pts',(-0.216782712524,2.400230250528,-0.555334017994));
#8554=CARTESIAN_POINT('Ctrl Pts',(-0.214888460833,2.400401334539,-0.559722337123));
#8555=CARTESIAN_POINT('Ctrl Pts',(-0.212994006613,2.400570176146,-0.564110656252));
#8556=CARTESIAN_POINT('Ctrl Pts',(-0.211099355176,2.400736774876,-0.56849897538));
#8557=CARTESIAN_POINT('Ctrl Pts',(-0.215883199194,2.390270788907,-0.555334017994));
#8558=CARTESIAN_POINT('Ctrl Pts',(-0.213996807468,2.390441163027,-0.559722337123));
#8559=CARTESIAN_POINT('Ctrl Pts',(-0.212110214055,2.390609304046,-0.564110656252));
#8560=CARTESIAN_POINT('Ctrl Pts',(-0.210223424241,2.390775211495,-0.56849897538));
#8561=CARTESIAN_POINT('',(-0.211099355176,2.400736774876,-0.56849897538));
#8562=CARTESIAN_POINT('',(-0.210223424241,2.390775211495,-0.56849897538));
#8563=CARTESIAN_POINT('',(-0.216782712524,2.400230250528,-0.555334017994));
#8564=CARTESIAN_POINT('Ctrl Pts',(-0.211099355176,2.400736774876,-0.56849897538));
#8565=CARTESIAN_POINT('Ctrl Pts',(-0.20758313014,2.401045960308,-0.575630643194));
#8566=CARTESIAN_POINT('Ctrl Pts',(-0.205925013721,2.401199405584,-0.577456585373));
#8567=CARTESIAN_POINT('Ctrl Pts',(-0.197970968538,2.401855011364,-0.578647787715));
#8568=CARTESIAN_POINT('Ctrl Pts',(-0.21022320323421,2.39077269808548,-0.56849897538));
#8569=CARTESIAN_POINT('Ctrl Pts',(-0.206721830801736,2.39108057751205,-0.575630116153055));
#8570=CARTESIAN_POINT('Ctrl Pts',(-0.205070264578004,2.39123341468866,-0.577456596337766));
#8571=CARTESIAN_POINT('Ctrl Pts',(-0.197149304974746,2.39188629341677,-0.578647787715));
#8572=CARTESIAN_POINT('',(-0.197970968066094,2.40185501140237,-0.578647787616333));
#8573=CARTESIAN_POINT('',(-0.197149512237,2.391888807997,-0.578647787715));
#8574=CARTESIAN_POINT('Ctrl Pts',(-0.211099355175954,2.40073677487547,-0.56849897538));
#8575=CARTESIAN_POINT('Ctrl Pts',(-0.210228370293481,2.40081336150879,-0.570265521829467));
#8576=CARTESIAN_POINT('Ctrl Pts',(-0.209462592399219,2.40088026415932,-0.571726280097085));
#8577=CARTESIAN_POINT('Ctrl Pts',(-0.207911555543719,2.40101507215857,-0.574113041195785));
#8578=CARTESIAN_POINT('Ctrl Pts',(-0.207128629755904,2.40108280080474,-0.575049995690319));
#8579=CARTESIAN_POINT('Ctrl Pts',(-0.205265633383114,2.40124277873078,-0.576555240824097));
#8580=CARTESIAN_POINT('Ctrl Pts',(-0.204201005933365,2.40133374108629,-0.577117459275322));
#8581=CARTESIAN_POINT('Ctrl Pts',(-0.201449821870717,2.40156615517794,-0.578046384188575));
#8582=CARTESIAN_POINT('Ctrl Pts',(-0.19979223463719,2.4017048949692,-0.578375033865492));
#8583=CARTESIAN_POINT('Ctrl Pts',(-0.197970968537948,2.40185501136337,-0.578647787715));
#8584=CARTESIAN_POINT('Origin',(-0.1975602403875,2.3968719096805,-0.578647787715));
#8585=CARTESIAN_POINT('',(-0.190748718748434,2.40243936994995,-0.577137787756963));
#8586=CARTESIAN_POINT('',(-0.190352484970249,2.39744918590388,-0.577140918858359));
#8587=CARTESIAN_POINT('Origin',(0.,4.04067590514094E-15,-0.578647787714204));
#8588=CARTESIAN_POINT('Origin',(-0.1903529512255,2.3974550577555,-0.577140912907));
#8589=CARTESIAN_POINT('',(-0.190668236163196,2.40244575874568,-0.588473989707411));
#8590=CARTESIAN_POINT('',(-0.189877080878,2.392477104207,-0.588473989163));
#8591=CARTESIAN_POINT('',(-0.190748695407,2.402439371805,-0.577140912907));
#8592=CARTESIAN_POINT('Origin',(-0.19027265813,2.3974614315075,-0.588473989163));
#8593=CARTESIAN_POINT('',(-0.198883097981774,2.40177965542863,-0.589572720492379));
#8594=CARTESIAN_POINT('',(-0.198056738086,2.391813857409,-0.589571976705));
#8595=CARTESIAN_POINT('Origin',(0.,4.10929190319508E-15,-0.588473989173565));
#8596=CARTESIAN_POINT('Ctrl Pts',(-0.198881974495,2.401779748482,-0.589571976705));
#8597=CARTESIAN_POINT('Ctrl Pts',(-0.213197396045,2.400594344489,-0.588614476244));
#8598=CARTESIAN_POINT('Ctrl Pts',(-0.219227483664,2.400015118147,-0.579789202967));
#8599=CARTESIAN_POINT('Ctrl Pts',(-0.224969184938,2.399476790016,-0.566517772379));
#8600=CARTESIAN_POINT('Ctrl Pts',(-0.198056196523484,2.39180731727943,-0.589571976705));
#8601=CARTESIAN_POINT('Ctrl Pts',(-0.212312199725685,2.3906268334882,-0.588614474852087));
#8602=CARTESIAN_POINT('Ctrl Pts',(-0.218317360751302,2.39005000152348,-0.579788897378589));
#8603=CARTESIAN_POINT('Ctrl Pts',(-0.224035090244105,2.38951392092946,-0.566517772379));
#8604=CARTESIAN_POINT('',(-0.224969185239474,2.39947678998591,-0.566517771590876));
#8605=CARTESIAN_POINT('',(-0.224035702843,2.389520454788,-0.566517772379));
#8606=CARTESIAN_POINT('Ctrl Pts',(-0.198884467190504,2.40177954206996,-0.589571809893584));
#8607=CARTESIAN_POINT('Ctrl Pts',(-0.200432493858483,2.40165135442688,-0.589468162937637));
#8608=CARTESIAN_POINT('Ctrl Pts',(-0.202011719489881,2.40151918826129,-0.589260945692302));
#8609=CARTESIAN_POINT('Ctrl Pts',(-0.203532925870314,2.40139047749167,-0.588928413970045));
#8610=CARTESIAN_POINT('Ctrl Pts',(-0.205096566841478,2.40125817628955,-0.588586606157627));
#8611=CARTESIAN_POINT('Ctrl Pts',(-0.206599009893915,2.40112952034617,-0.588112080036703));
#8612=CARTESIAN_POINT('Ctrl Pts',(-0.20798559017535,2.40100949803341,-0.587520372828916));
#8613=CARTESIAN_POINT('Ctrl Pts',(-0.209465296770451,2.40088141471207,-0.586888925036491));
#8614=CARTESIAN_POINT('Ctrl Pts',(-0.210813849288973,2.40076310866653,-0.586124123686451));
#8615=CARTESIAN_POINT('Ctrl Pts',(-0.212005686596815,2.40065761553687,-0.585291321676792));
#8616=CARTESIAN_POINT('Ctrl Pts',(-0.213361184252337,2.40053763633419,-0.584344161217744));
#8617=CARTESIAN_POINT('Ctrl Pts',(-0.214515781725446,2.40043410227243,-0.583309888407773));
#8618=CARTESIAN_POINT('Ctrl Pts',(-0.215462245149663,2.40034914487499,-0.582337146994752));
#8619=CARTESIAN_POINT('Ctrl Pts',(-0.216735816605309,2.40023482527894,-0.581028215592177));
#8620=CARTESIAN_POINT('Ctrl Pts',(-0.217998484753996,2.40012081258455,-0.579455094749644));
#8621=CARTESIAN_POINT('Ctrl Pts',(-0.219227693797509,2.40000865842043,-0.577597641041878));
#8622=CARTESIAN_POINT('Ctrl Pts',(-0.220495408672188,2.39989299094885,-0.57568200130038));
#8623=CARTESIAN_POINT('Ctrl Pts',(-0.221727740396874,2.3997792880402,-0.573463546189636));
#8624=CARTESIAN_POINT('Ctrl Pts',(-0.222944413883411,2.39966602670074,-0.570956465780974));
#8625=CARTESIAN_POINT('Ctrl Pts',(-0.223620692737703,2.39960307123262,-0.569562923893896));
#8626=CARTESIAN_POINT('Ctrl Pts',(-0.224292921374925,2.39954019486173,-0.568080895311511));
#8627=CARTESIAN_POINT('Ctrl Pts',(-0.224969184937658,2.39947679001236,-0.566517772379));
#8628=CARTESIAN_POINT('Ctrl Pts',(-0.224969184938,2.399476790016,-0.566517772379));
#8629=CARTESIAN_POINT('Ctrl Pts',(-0.236150872941,2.398428421786,-0.538730881201));
#8630=CARTESIAN_POINT('Ctrl Pts',(-0.247325232635,2.397301891402,-0.510943990038));
#8631=CARTESIAN_POINT('Ctrl Pts',(-0.258491172078,2.396097308949,-0.48315709886));
#8632=CARTESIAN_POINT('Ctrl Pts',(-0.224035702843,2.389520454788,-0.566517772379));
#8633=CARTESIAN_POINT('Ctrl Pts',(-0.2351709938,2.388476436633,-0.538730881201));
#8634=CARTESIAN_POINT('Ctrl Pts',(-0.246298986856,2.38735458065,-0.510943990038));
#8635=CARTESIAN_POINT('Ctrl Pts',(-0.257418594601,2.386154996464,-0.48315709886));
#8636=CARTESIAN_POINT('',(-0.258491172078,2.396097308949,-0.48315709886));
#8637=CARTESIAN_POINT('',(-0.257418594601,2.386154996464,-0.48315709886));
#8638=CARTESIAN_POINT('Origin',(1.04941435459576,-10.4093464480882,-0.524838024881843));
#8639=CARTESIAN_POINT('Origin',(-0.2579548833395,2.3911261527065,-0.48315709886));
#8640=CARTESIAN_POINT('',(-0.245304205714666,2.39748323177592,-0.483063350460705));
#8641=CARTESIAN_POINT('',(-0.244286345262,2.387535168645,-0.483063447171));
#8642=CARTESIAN_POINT('Origin',(0.,3.3738679887999E-15,-0.483157098859197));
#8643=CARTESIAN_POINT('Ctrl Pts',(-0.245304205034,2.397483231848,-0.483063447171));
#8644=CARTESIAN_POINT('Ctrl Pts',(-0.238571018667,2.398172153842,-0.501246523517));
#8645=CARTESIAN_POINT('Ctrl Pts',(-0.23183493009,2.398832711049,-0.519429599861));
#8646=CARTESIAN_POINT('Ctrl Pts',(-0.225096178385,2.399464880025,-0.537612676207));
#8647=CARTESIAN_POINT('Ctrl Pts',(-0.244286345262,2.387535168645,-0.483063447171));
#8648=CARTESIAN_POINT('Ctrl Pts',(-0.237581097428,2.388221232042,-0.501246523517));
#8649=CARTESIAN_POINT('Ctrl Pts',(-0.230872959426,2.388879048348,-0.519429599861));
#8650=CARTESIAN_POINT('Ctrl Pts',(-0.224162169346,2.389508594216,-0.537612676207));
#8651=CARTESIAN_POINT('Origin',(1.21433749648948,-12.3831115543174,-0.510391011416426));
#8652=CARTESIAN_POINT('Origin',(0.,8.030407079339E-15,-1.149999999999));
#8653=CARTESIAN_POINT('Origin',(-0.2842592548525,2.3881418877505,-0.544379790951));
#8654=CARTESIAN_POINT('',(-0.284850230439788,2.39310683969931,-0.544379790132496));
#8655=CARTESIAN_POINT('',(-0.283668279271,2.383176935801,-0.544379790951));
#8656=CARTESIAN_POINT('',(-0.285092141660995,2.39307803273499,-0.51017261583058));
#8657=CARTESIAN_POINT('',(-0.283909186717,2.383148248367,-0.51017261583));
#8658=CARTESIAN_POINT('',(-0.284850230434,2.3931068397,-0.544379790951));
#8659=CARTESIAN_POINT('Origin',(-0.284500664189,2.388113140551,-0.51017261583));
#8660=CARTESIAN_POINT('',(-0.321317766443922,2.38848380630168,-0.510430527401449));
#8661=CARTESIAN_POINT('',(-0.319984497708,2.378573085113,-0.510430526682));
#8662=CARTESIAN_POINT('Origin',(-0.0757918653805483,0.597615944286051,-0.510301576065343));
#8663=CARTESIAN_POINT('Origin',(-0.3206511320785,2.383528445707,-0.510430526682));
#8664=CARTESIAN_POINT('',(-0.321399960420995,2.38847274747699,-0.498785530896461));
#8665=CARTESIAN_POINT('',(-0.320066350627,2.378562072176,-0.498785530896));
#8666=CARTESIAN_POINT('',(-0.321317766449,2.388483806301,-0.510430526682));
#8667=CARTESIAN_POINT('Origin',(-0.320733155524,2.3835174098265,-0.498785530896));
#8668=CARTESIAN_POINT('',(-0.285174493760087,2.39306822052939,-0.498527619324551));
#8669=CARTESIAN_POINT('',(-0.2839911971,2.383138476876,-0.498527620044));
#8670=CARTESIAN_POINT('Origin',(-0.0758124573263538,0.597621094348169,-0.498656573562015));
#8671=CARTESIAN_POINT('Origin',(-0.2845828454275,2.388103348703,-0.498527620044));
#8672=CARTESIAN_POINT('',(-0.285404636653995,2.39304078389299,-0.465984015749552));
#8673=CARTESIAN_POINT('',(-0.28422038505,2.383111154084,-0.465984015749));
#8674=CARTESIAN_POINT('',(-0.285174493755,2.39306822053,-0.498527620044));
#8675=CARTESIAN_POINT('Origin',(-0.284812510852,2.3880759689885,-0.465984015749));
#8676=CARTESIAN_POINT('',(-0.324500788618537,2.38805344123274,-0.466262390638126));
#8677=CARTESIAN_POINT('',(-0.323154312323,2.378144505791,-0.466262389864));
#8678=CARTESIAN_POINT('Origin',(-0.0762290439690119,0.597561368441457,-0.466123197844257));
#8679=CARTESIAN_POINT('Origin',(-0.3238275504735,2.3830989735115,-0.466262389864));
#8680=CARTESIAN_POINT('',(-0.324583334654996,2.388042223006,-0.454565407490464));
#8681=CARTESIAN_POINT('',(-0.323236515839,2.378133334114,-0.45456540749));
#8682=CARTESIAN_POINT('',(-0.324500788624,2.388053441232,-0.466262389864));
#8683=CARTESIAN_POINT('Origin',(-0.323909925247,2.38308777856,-0.45456540749));
#8684=CARTESIAN_POINT('',(-0.272394653558398,2.39455656703073,-0.454193934408175));
#8685=CARTESIAN_POINT('',(-0.271264385284,2.384620647666,-0.454193934747));
#8686=CARTESIAN_POINT('Origin',(-0.0746143104999154,0.59776279480082,-0.454379665045765));
#8687=CARTESIAN_POINT('Origin',(-0.27182951942,2.3895886073485,-0.454193934747));
#8688=CARTESIAN_POINT('',(-0.271675085254004,2.39463831257499,-0.555879701519299));
#8689=CARTESIAN_POINT('',(-0.270547802742,2.384702054016,-0.55587970152));
#8690=CARTESIAN_POINT('',(-0.272394653556,2.394556567031,-0.454193934747));
#8691=CARTESIAN_POINT('Origin',(-0.271111443998,2.3896701832955,-0.55587970152));
#8692=CARTESIAN_POINT('',(-0.326167541494512,2.38782636196034,-0.55626758209652));
#8693=CARTESIAN_POINT('',(-0.324814149209,2.377918368757,-0.556267581744));
#8694=CARTESIAN_POINT('Origin',(-0.0747228197782238,0.597749492566549,-0.556073640361554));
#8695=CARTESIAN_POINT('Origin',(-0.325490845353,2.3828723653585,-0.556267581744));
#8696=CARTESIAN_POINT('',(-0.326249346006996,2.38781518636299,-0.54467457254746));
#8697=CARTESIAN_POINT('',(-0.324895614281,2.377907239532,-0.544674572547));
#8698=CARTESIAN_POINT('',(-0.326167541497,2.38782636196,-0.556267581744));
#8699=CARTESIAN_POINT('Origin',(-0.325572480144,2.3828612129475,-0.544674572547));
#8700=CARTESIAN_POINT('Origin',(-0.0763783351234955,0.597545233096509,-0.544527180627206));
#8701=CARTESIAN_POINT('Origin',(0.,8.030407079339E-15,-1.149999999999));
#8702=CARTESIAN_POINT('Ctrl Pts',(-0.41225820678,2.374477452186,-0.542637891841));
#8703=CARTESIAN_POINT('Ctrl Pts',(-0.423620888751,2.372504656492,-0.531125554634));
#8704=CARTESIAN_POINT('Ctrl Pts',(-0.427142558076,2.371845176768,-0.521226796431));
#8705=CARTESIAN_POINT('Ctrl Pts',(-0.42768826702,2.371746771106,-0.504848437642));
#8706=CARTESIAN_POINT('Ctrl Pts',(-0.410546778566875,2.36462016460265,-0.542637891841));
#8707=CARTESIAN_POINT('Ctrl Pts',(-0.421862943030396,2.36265544530644,-0.531124890312323));
#8708=CARTESIAN_POINT('Ctrl Pts',(-0.425369324014587,2.36199881951259,-0.521227269398748));
#8709=CARTESIAN_POINT('Ctrl Pts',(-0.425912783222543,2.36190081953637,-0.504848437642));
#8710=CARTESIAN_POINT('',(-0.41225820734573,2.37447745208726,-0.54263789126773));
#8711=CARTESIAN_POINT('',(-0.410547591814,2.36462484865,-0.542637891841));
#8712=CARTESIAN_POINT('',(-0.42768826702,2.371746771106,-0.504848437642));
#8713=CARTESIAN_POINT('',(-0.425913626908,2.361905498197,-0.504848437642));
#8714=CARTESIAN_POINT('Ctrl Pts',(-0.412258207345747,2.37447745208736,-0.54263789126773));
#8715=CARTESIAN_POINT('Ctrl Pts',(-0.417911743200835,2.37349588178239,-0.536909893904851));
#8716=CARTESIAN_POINT('Ctrl Pts',(-0.421618621654304,2.3728344930331,-0.531586320120505));
#8717=CARTESIAN_POINT('Ctrl Pts',(-0.426385486621504,2.37198257753335,-0.519683031718052));
#8718=CARTESIAN_POINT('Ctrl Pts',(-0.427413710921307,2.37179628078466,-0.513088687944947));
#8719=CARTESIAN_POINT('Ctrl Pts',(-0.427688267019886,2.37174677110537,-0.504848437642));
#8720=CARTESIAN_POINT('Ctrl Pts',(-0.42768826702,2.371746771106,-0.504848437642));
#8721=CARTESIAN_POINT('Ctrl Pts',(-0.427249944599,2.371825812156,-0.489004946479));
#8722=CARTESIAN_POINT('Ctrl Pts',(-0.423920269519,2.372450109848,-0.47943975902));
#8723=CARTESIAN_POINT('Ctrl Pts',(-0.412777288053,2.374387270532,-0.468660976647));
#8724=CARTESIAN_POINT('Ctrl Pts',(-0.425913300473469,2.36190368795318,-0.504848437642));
#8725=CARTESIAN_POINT('Ctrl Pts',(-0.425476783368486,2.36198240345731,-0.489004446152985));
#8726=CARTESIAN_POINT('Ctrl Pts',(-0.422161649124694,2.3626039845817,-0.479440447153555));
#8727=CARTESIAN_POINT('Ctrl Pts',(-0.411064204169325,2.36453322893481,-0.468660976647));
#8728=CARTESIAN_POINT('',(-0.412777287444916,2.37438727063721,-0.468660976141083));
#8729=CARTESIAN_POINT('',(-0.411064519223,2.364535041194,-0.468660976647));
#8730=CARTESIAN_POINT('Ctrl Pts',(-0.427688267019886,2.37174677110537,-0.504848437642));
#8731=CARTESIAN_POINT('Ctrl Pts',(-0.427466798923036,2.37178670762291,-0.496843307929033));
#8732=CARTESIAN_POINT('Ctrl Pts',(-0.426506873325436,2.37196068379441,-0.490447114913368));
#8733=CARTESIAN_POINT('Ctrl Pts',(-0.422999671083969,2.37258776663444,-0.481770877547512));
#8734=CARTESIAN_POINT('Ctrl Pts',(-0.421503903506774,2.37285436853956,-0.479102858236615));
#8735=CARTESIAN_POINT('Ctrl Pts',(-0.417654939926895,2.37353504715988,-0.473698558125096));
#8736=CARTESIAN_POINT('Ctrl Pts',(-0.415276057767955,2.3739528698763,-0.471078076149566));
#8737=CARTESIAN_POINT('Ctrl Pts',(-0.412777288052943,2.37438727053167,-0.468660976647));
#8738=CARTESIAN_POINT('Ctrl Pts',(-0.412777288053,2.374387270532,-0.468660976647));
#8739=CARTESIAN_POINT('Ctrl Pts',(-0.402329738082,2.376203533362,-0.459967546519));
#8740=CARTESIAN_POINT('Ctrl Pts',(-0.3896715899,2.378336203659,-0.455388457054));
#8741=CARTESIAN_POINT('Ctrl Pts',(-0.374786877609,2.380679482074,-0.45492379112));
#8742=CARTESIAN_POINT('Ctrl Pts',(-0.411064519210295,2.36453504112092,-0.468660976647));
#8743=CARTESIAN_POINT('Ctrl Pts',(-0.400660319879616,2.36634376762386,-0.45996754636));
#8744=CARTESIAN_POINT('Ctrl Pts',(-0.388054695465006,2.3684675886108,-0.455388457059));
#8745=CARTESIAN_POINT('Ctrl Pts',(-0.373231745324464,2.37080114390072,-0.45492379112));
#8746=CARTESIAN_POINT('',(-0.374786877609,2.380679482074,-0.45492379112));
#8747=CARTESIAN_POINT('',(-0.373231745336,2.370801143974,-0.45492379112));
#8748=CARTESIAN_POINT('Ctrl Pts',(-0.412777287444944,2.37438727063737,-0.468660976141082));
#8749=CARTESIAN_POINT('Ctrl Pts',(-0.407568739531764,2.37529275488828,-0.464326931673799));
#8750=CARTESIAN_POINT('Ctrl Pts',(-0.401794617195783,2.37627913850279,-0.461002133938457));
#8751=CARTESIAN_POINT('Ctrl Pts',(-0.388797767122493,2.37844101840511,-0.456302782025204));
#8752=CARTESIAN_POINT('Ctrl Pts',(-0.381848184771678,2.37956783084851,-0.455144228628222));
#8753=CARTESIAN_POINT('Ctrl Pts',(-0.374786877608973,2.38067948207383,-0.45492379112));
#8754=CARTESIAN_POINT('Origin',(-0.3740093114725,2.375740313024,-0.45492379112));
#8755=CARTESIAN_POINT('',(-0.345985210290073,2.38503547861641,-0.454718051791163));
#8756=CARTESIAN_POINT('',(-0.344549587007,2.375139065842,-0.454718052369));
#8757=CARTESIAN_POINT('Origin',(-0.0900841142864024,0.595635652759961,-0.454820918264206));
#8758=CARTESIAN_POINT('Origin',(-0.3452673986465,2.3800872722295,-0.454718052369));
#8759=CARTESIAN_POINT('',(-0.345268499715004,2.38513933829899,-0.556403819142301));
#8760=CARTESIAN_POINT('',(-0.343835850339,2.375242494572,-0.556403819143));
#8761=CARTESIAN_POINT('',(-0.345985210286,2.385035478617,-0.454718052369));
#8762=CARTESIAN_POINT('Origin',(-0.344552175027,2.3801909164355,-0.556403819143));
#8763=CARTESIAN_POINT('',(-0.373040029183505,2.38095382916384,-0.556602183744));
#8764=CARTESIAN_POINT('',(-0.371492145245,2.371074352697,-0.556602183744));
#8765=CARTESIAN_POINT('Origin',(-0.0897764524285839,0.595679434157266,-0.556503019960253));
#8766=CARTESIAN_POINT('Ctrl Pts',(-0.373040029184,2.380953829167,-0.556602183744));
#8767=CARTESIAN_POINT('Ctrl Pts',(-0.388896137443,2.378469546181,-0.556228445595));
#8768=CARTESIAN_POINT('Ctrl Pts',(-0.401961892268,2.376265104519,-0.551573641092));
#8769=CARTESIAN_POINT('Ctrl Pts',(-0.41225820678,2.374477452186,-0.542637891841));
#8770=CARTESIAN_POINT('Ctrl Pts',(-0.371492145231423,2.37107435261034,-0.556602183744));
#8771=CARTESIAN_POINT('Ctrl Pts',(-0.387282460706846,2.36860037782243,-0.556228445591));
#8772=CARTESIAN_POINT('Ctrl Pts',(-0.40029400031937,2.36640508329751,-0.551573641323));
#8773=CARTESIAN_POINT('Ctrl Pts',(-0.410547591798996,2.36462484856358,-0.542637891841));
#8774=CARTESIAN_POINT('Ctrl Pts',(-0.373040029183891,2.3809538291663,-0.556602183744));
#8775=CARTESIAN_POINT('Ctrl Pts',(-0.380429025584708,2.3797961454686,-0.556428020589164));
#8776=CARTESIAN_POINT('Ctrl Pts',(-0.387768655079059,2.3786099532638,-0.555311095688854));
#8777=CARTESIAN_POINT('Ctrl Pts',(-0.401199546252608,2.37637999751145,-0.550528387632909));
#8778=CARTESIAN_POINT('Ctrl Pts',(-0.407055517714154,2.37538074619781,-0.547153092388589));
#8779=CARTESIAN_POINT('Ctrl Pts',(-0.412258206779929,2.3744774521856,-0.542637891841));
#8780=CARTESIAN_POINT('Origin',(0.,8.030407079339E-15,-1.149999999999));
#8781=CARTESIAN_POINT('',(-0.373044237395846,2.38095316983302,-0.545008621485));
#8782=CARTESIAN_POINT('',(-0.403078605900806,2.37605295342088,-0.534617761388828));
#8783=CARTESIAN_POINT('Ctrl Pts',(-0.373044237395945,2.38095316983364,-0.545008621485));
#8784=CARTESIAN_POINT('Ctrl Pts',(-0.378734290826068,2.38006166063914,-0.544887902039653));
#8785=CARTESIAN_POINT('Ctrl Pts',(-0.384429447167713,2.37914769195643,-0.544076728492008));
#8786=CARTESIAN_POINT('Ctrl Pts',(-0.394704476136101,2.3774635570642,-0.540521839670886));
#8787=CARTESIAN_POINT('Ctrl Pts',(-0.399153599508306,2.37671879973657,-0.538024545751287));
#8788=CARTESIAN_POINT('Ctrl Pts',(-0.403078605900812,2.37605295342092,-0.534617761388828));
#8789=CARTESIAN_POINT('',(-0.358390251243003,2.38320297662899,-0.544903908572462));
#8790=CARTESIAN_POINT('Origin',(-0.0913967439978891,0.595357036722202,-0.544956211647563));
#8791=CARTESIAN_POINT('',(-0.358942361056492,2.38311988398302,-0.466508132449129));
#8792=CARTESIAN_POINT('',(-0.35894236105,2.383119883984,-0.466508133371));
#8793=CARTESIAN_POINT('',(-0.374188893607,2.380773544859,-0.466617086419));
#8794=CARTESIAN_POINT('Origin',(-0.0916234422113264,0.595394981181646,-0.466562528008314));
#8795=CARTESIAN_POINT('',(-0.403204365237157,2.37603161591943,-0.476390754655396));
#8796=CARTESIAN_POINT('Ctrl Pts',(-0.403204364602848,2.37603161602711,-0.476390754020999));
#8797=CARTESIAN_POINT('Ctrl Pts',(-0.399337023724221,2.37668789042647,-0.473274883082667));
#8798=CARTESIAN_POINT('Ctrl Pts',(-0.395007620183345,2.37741279077009,-0.470987512903425));
#8799=CARTESIAN_POINT('Ctrl Pts',(-0.385128205393143,2.37903423908605,-0.467659456397574));
#8800=CARTESIAN_POINT('Ctrl Pts',(-0.379656861167571,2.37991413815976,-0.466830808011579));
#8801=CARTESIAN_POINT('Ctrl Pts',(-0.374188893606871,2.38077354485815,-0.466617086419));
#8802=CARTESIAN_POINT('',(-0.414038761913,2.374167623322,-0.505114451936));
#8803=CARTESIAN_POINT('Ctrl Pts',(-0.41403876191294,2.37416762332166,-0.505114451936));
#8804=CARTESIAN_POINT('Ctrl Pts',(-0.413913394705328,2.37418948651401,-0.499557656958788));
#8805=CARTESIAN_POINT('Ctrl Pts',(-0.413083286421602,2.37433488560917,-0.49397940271276));
#8806=CARTESIAN_POINT('Ctrl Pts',(-0.410240371454993,2.37482707650993,-0.486440508155013));
#8807=CARTESIAN_POINT('Ctrl Pts',(-0.40913725480211,2.3750175942649,-0.48420361648219));
#8808=CARTESIAN_POINT('Ctrl Pts',(-0.406467266295799,2.37547598700484,-0.480025016460736));
#8809=CARTESIAN_POINT('Ctrl Pts',(-0.404937396158324,2.37573752655306,-0.478124005982712));
#8810=CARTESIAN_POINT('Ctrl Pts',(-0.403204365237164,2.37603161591947,-0.476390754655396));
#8811=CARTESIAN_POINT('Ctrl Pts',(-0.403078606531981,2.37605295331389,-0.534617760841));
#8812=CARTESIAN_POINT('Ctrl Pts',(-0.409880857552991,2.37489899910609,-0.527384681384967));
#8813=CARTESIAN_POINT('Ctrl Pts',(-0.413531739882,2.374256044532,-0.517550268643));
#8814=CARTESIAN_POINT('Ctrl Pts',(-0.414038761913,2.374167623322,-0.505114451936));
#8815=CARTESIAN_POINT('Origin',(-0.357646703004,2.378258572113,-0.544903908573));
#8816=CARTESIAN_POINT('',(-0.356903154765,2.373314167597,-0.544903908573));
#8817=CARTESIAN_POINT('',(-0.356903154765,2.373314167597,-0.544903908573));
#8818=CARTESIAN_POINT('',(-0.371496336331553,2.37107369604764,-0.545008621477852));
#8819=CARTESIAN_POINT('',(-0.371496335996,2.3710736961,-0.545008621485));
#8820=CARTESIAN_POINT('Origin',(-0.0910376015022983,0.592942393732287,-0.544956292447776));
#8821=CARTESIAN_POINT('Ctrl Pts',(-0.373044237396,2.380953169834,-0.545008621485));
#8822=CARTESIAN_POINT('Ctrl Pts',(-0.385392570841,2.379018451129,-0.544746640823));
#8823=CARTESIAN_POINT('Ctrl Pts',(-0.395399487197,2.377355655225,-0.541282999614));
#8824=CARTESIAN_POINT('Ctrl Pts',(-0.403078606532,2.376052953314,-0.534617760841));
#8825=CARTESIAN_POINT('Ctrl Pts',(-0.371496335991664,2.37107369607233,-0.545008621485));
#8826=CARTESIAN_POINT('Ctrl Pts',(-0.383793431638521,2.36914700523035,-0.544746640821));
#8827=CARTESIAN_POINT('Ctrl Pts',(-0.393758825284405,2.36749110893237,-0.541282999732));
#8828=CARTESIAN_POINT('Ctrl Pts',(-0.401406081189315,2.36619381240138,-0.534617760841));
#8829=CARTESIAN_POINT('',(-0.401406081194,2.366193812429,-0.534617760841));
#8830=CARTESIAN_POINT('',(-0.401406081194,2.366193812429,-0.534617760841));
#8831=CARTESIAN_POINT('Ctrl Pts',(-0.371496336331501,2.37107369604732,-0.545008621477852));
#8832=CARTESIAN_POINT('Ctrl Pts',(-0.377164318285499,2.37018564497838,-0.544887869224337));
#8833=CARTESIAN_POINT('Ctrl Pts',(-0.382835952841426,2.36927609442285,-0.54407630110713));
#8834=CARTESIAN_POINT('Ctrl Pts',(-0.393070660034767,2.36759856512039,-0.540520400223411));
#8835=CARTESIAN_POINT('Ctrl Pts',(-0.397500088188621,2.36685643327452,-0.538022168488726));
#8836=CARTESIAN_POINT('Ctrl Pts',(-0.401406081193945,2.36619381242867,-0.534617760841));
#8837=CARTESIAN_POINT('Ctrl Pts',(-0.403078606532,2.376052953314,-0.534617760841));
#8838=CARTESIAN_POINT('Ctrl Pts',(-0.409880843844,2.37489900751,-0.527384697028));
#8839=CARTESIAN_POINT('Ctrl Pts',(-0.413531739882,2.374256044532,-0.517550268643));
#8840=CARTESIAN_POINT('Ctrl Pts',(-0.414038761913,2.374167623322,-0.505114451936));
#8841=CARTESIAN_POINT('Ctrl Pts',(-0.401406081194,2.366193812429,-0.534617760841));
#8842=CARTESIAN_POINT('Ctrl Pts',(-0.408180093442,2.365044654784,-0.527384697041));
#8843=CARTESIAN_POINT('Ctrl Pts',(-0.411815840547,2.3644043597,-0.517550268637));
#8844=CARTESIAN_POINT('Ctrl Pts',(-0.412320758751,2.364316305383,-0.505114451936));
#8845=CARTESIAN_POINT('',(-0.412320758751,2.364316305383,-0.505114451936));
#8846=CARTESIAN_POINT('',(-0.412320758751,2.364316305383,-0.505114451936));
#8847=CARTESIAN_POINT('Ctrl Pts',(-0.401406081194,2.366193812429,-0.534617760841));
#8848=CARTESIAN_POINT('Ctrl Pts',(-0.408180088919,2.365044655551,-0.52738470187));
#8849=CARTESIAN_POINT('Ctrl Pts',(-0.411815840671,2.364404359678,-0.517550265569));
#8850=CARTESIAN_POINT('Ctrl Pts',(-0.412320758751,2.364316305383,-0.505114451936));
#8851=CARTESIAN_POINT('Ctrl Pts',(-0.414038761913,2.374167623322,-0.505114451936));
#8852=CARTESIAN_POINT('Ctrl Pts',(-0.413763564036,2.374215615969,-0.492916539819));
#8853=CARTESIAN_POINT('Ctrl Pts',(-0.410154708738,2.374852166616,-0.483341981735));
#8854=CARTESIAN_POINT('Ctrl Pts',(-0.403204364603,2.376031616028,-0.476390754021));
#8855=CARTESIAN_POINT('Ctrl Pts',(-0.412320758751,2.364316305383,-0.505114451936));
#8856=CARTESIAN_POINT('Ctrl Pts',(-0.412046702775,2.36436409889,-0.492916539825));
#8857=CARTESIAN_POINT('Ctrl Pts',(-0.408452821968,2.36499800825,-0.483341981723));
#8858=CARTESIAN_POINT('Ctrl Pts',(-0.401531317447,2.366172563679,-0.476390754021));
#8859=CARTESIAN_POINT('',(-0.401531317447,2.366172563679,-0.476390754021));
#8860=CARTESIAN_POINT('',(-0.401531317447,2.366172563679,-0.476390754021));
#8861=CARTESIAN_POINT('Ctrl Pts',(-0.412320758751,2.364316305383,-0.505114451936));
#8862=CARTESIAN_POINT('Ctrl Pts',(-0.412046702846,2.364364098878,-0.492916543015));
#8863=CARTESIAN_POINT('Ctrl Pts',(-0.408452817308,2.364998009041,-0.483341977043));
#8864=CARTESIAN_POINT('Ctrl Pts',(-0.401531317447,2.366172563679,-0.476390754021));
#8865=CARTESIAN_POINT('Ctrl Pts',(-0.403204364603,2.376031616028,-0.476390754021));
#8866=CARTESIAN_POINT('Ctrl Pts',(-0.395691295796,2.377306557873,-0.470337563085));
#8867=CARTESIAN_POINT('Ctrl Pts',(-0.386023533512,2.378913481006,-0.46707965648));
#8868=CARTESIAN_POINT('Ctrl Pts',(-0.374188893607,2.380773544859,-0.466617086419));
#8869=CARTESIAN_POINT('Ctrl Pts',(-0.401531317443549,2.36617256365866,-0.476390754021));
#8870=CARTESIAN_POINT('Ctrl Pts',(-0.394049423075613,2.36744221530965,-0.470337562987));
#8871=CARTESIAN_POINT('Ctrl Pts',(-0.384421776196696,2.36904247067664,-0.467079656484));
#8872=CARTESIAN_POINT('Ctrl Pts',(-0.372636242592797,2.37089481643662,-0.466617086419));
#8873=CARTESIAN_POINT('',(-0.372636242596,2.370894816457,-0.466617086419));
#8874=CARTESIAN_POINT('',(-0.372636242596,2.370894816457,-0.466617086419));
#8875=CARTESIAN_POINT('Ctrl Pts',(-0.401531317446901,2.36617256367843,-0.476390754020998));
#8876=CARTESIAN_POINT('Ctrl Pts',(-0.397682240660131,2.36682573872444,-0.473276676763422));
#8877=CARTESIAN_POINT('Ctrl Pts',(-0.393371647726633,2.36754806406022,-0.470988518967955));
#8878=CARTESIAN_POINT('Ctrl Pts',(-0.383531171060143,2.36916312171566,-0.467659766984456));
#8879=CARTESIAN_POINT('Ctrl Pts',(-0.378082660049963,2.37003879681272,-0.466830852698948));
#8880=CARTESIAN_POINT('Ctrl Pts',(-0.372636242595886,2.37089481645628,-0.466617086419));
#8881=CARTESIAN_POINT('Origin',(-0.3734125681015,2.375834180658,-0.466617086419));
#8882=CARTESIAN_POINT('',(-0.357452973653492,2.37323141973598,-0.466508134298964));
#8883=CARTESIAN_POINT('',(-0.35745297366,2.373231419735,-0.466508133371));
#8884=CARTESIAN_POINT('Origin',(-0.0912816733143378,0.593019283792741,-0.46656269517768));
#8885=CARTESIAN_POINT('Origin',(-0.358197667355,2.3781756518595,-0.466508133371));
#8886=CARTESIAN_POINT('',(-0.35745297366,2.373231419735,-0.466508133371));
#8887=CARTESIAN_POINT('Origin',(0.,8.030407079339E-15,-1.149999999999));
#8888=CARTESIAN_POINT('Ctrl Pts',(-0.471806914965,2.363365869896,-0.455619910761));
#8889=CARTESIAN_POINT('Ctrl Pts',(-0.458857245554,2.365951057256,-0.489423604016));
#8890=CARTESIAN_POINT('Ctrl Pts',(-0.445886328037,2.368429808882,-0.52322729724));
#8891=CARTESIAN_POINT('Ctrl Pts',(-0.432895914741,2.370801789901,-0.557030990494));
#8892=CARTESIAN_POINT('Ctrl Pts',(-0.469849209924,2.35355937251,-0.455619910761));
#8893=CARTESIAN_POINT('Ctrl Pts',(-0.456953273581,2.356133832952,-0.489423604016));
#8894=CARTESIAN_POINT('Ctrl Pts',(-0.444036177298,2.358602299301,-0.52322729724));
#8895=CARTESIAN_POINT('Ctrl Pts',(-0.431099666132,2.360964438076,-0.557030990494));
#8896=CARTESIAN_POINT('',(-0.471806914964994,2.36336586989597,-0.455619910761));
#8897=CARTESIAN_POINT('',(-0.469849209924,2.35355937251,-0.455619910761));
#8898=CARTESIAN_POINT('',(-0.432895914741,2.370801789901,-0.557030990494));
#8899=CARTESIAN_POINT('',(-0.431099666132,2.360964438076,-0.557030990494));
#8900=CARTESIAN_POINT('Origin',(2.11018676611107,-11.0422815154209,-0.506322405454368));
#8901=CARTESIAN_POINT('Origin',(-0.4319977904365,2.3658831139885,-0.557030990494));
#8902=CARTESIAN_POINT('',(-0.447215722668827,2.36814233047608,-0.557133859869));
#8903=CARTESIAN_POINT('',(-0.44536005577,2.358316013753,-0.557133859869));
#8904=CARTESIAN_POINT('Origin',(-0.109984834535689,0.592195429061203,-0.557082507311733));
#8905=CARTESIAN_POINT('Ctrl Pts',(-0.447215722669,2.368142330477,-0.557133859869));
#8906=CARTESIAN_POINT('Ctrl Pts',(-0.450495184413,2.367523015144,-0.54788602395));
#8907=CARTESIAN_POINT('Ctrl Pts',(-0.453773359691,2.366896887584,-0.53863818803));
#8908=CARTESIAN_POINT('Ctrl Pts',(-0.457050220212,2.366263953197,-0.529390352111));
#8909=CARTESIAN_POINT('Ctrl Pts',(-0.44536005577,2.358316013753,-0.557133859869));
#8910=CARTESIAN_POINT('Ctrl Pts',(-0.448625909789,2.357699268194,-0.54788602395));
#8911=CARTESIAN_POINT('Ctrl Pts',(-0.451890482679,2.357075738673,-0.53863818803));
#8912=CARTESIAN_POINT('Ctrl Pts',(-0.455153746269,2.35644543057,-0.529390352111));
#8913=CARTESIAN_POINT('',(-0.457050220212,2.366263953197,-0.529390352111));
#8914=CARTESIAN_POINT('',(-0.455153746269,2.35644543057,-0.529390352111));
#8915=CARTESIAN_POINT('Ctrl Pts',(-0.447215722669,2.368142330477,-0.557133859869));
#8916=CARTESIAN_POINT('Ctrl Pts',(-0.448855454787849,2.3678326725755,-0.552509938393716));
#8917=CARTESIAN_POINT('Ctrl Pts',(-0.450494864846955,2.36752131169562,-0.547886018165343));
#8918=CARTESIAN_POINT('Ctrl Pts',(-0.453773029748031,2.3668951861167,-0.538638191567037));
#8919=CARTESIAN_POINT('Ctrl Pts',(-0.455411789103856,2.36658042055381,-0.534014272462472));
#8920=CARTESIAN_POINT('Ctrl Pts',(-0.457050220212,2.366263953197,-0.529390352111));
#8921=CARTESIAN_POINT('Origin',(-0.4561019832405,2.3613546918835,-0.529390352111));
#8922=CARTESIAN_POINT('',(-0.49872479557279,2.35783238977622,-0.52969066514703));
#8923=CARTESIAN_POINT('',(-0.496655397786,2.348048852952,-0.529690664319));
#8924=CARTESIAN_POINT('Origin',(-0.119457849218748,0.590442771114756,-0.529540508124772));
#8925=CARTESIAN_POINT('Ctrl Pts',(-0.498724795276,2.357832389839,-0.529690664319));
#8926=CARTESIAN_POINT('Ctrl Pts',(-0.502056565012,2.357127659432,-0.538986124949));
#8927=CARTESIAN_POINT('Ctrl Pts',(-0.505386841002,2.356415867005,-0.548281585579));
#8928=CARTESIAN_POINT('Ctrl Pts',(-0.508715593321,2.355697018954,-0.557577046209));
#8929=CARTESIAN_POINT('Ctrl Pts',(-0.496655397786,2.348048852952,-0.529690664319));
#8930=CARTESIAN_POINT('Ctrl Pts',(-0.499973342751,2.347347046737,-0.538986124949));
#8931=CARTESIAN_POINT('Ctrl Pts',(-0.503289800168,2.346638207806,-0.548281585579));
#8932=CARTESIAN_POINT('Ctrl Pts',(-0.506604740236,2.345922342527,-0.557577046209));
#8933=CARTESIAN_POINT('',(-0.508715593321,2.355697018954,-0.557577046209));
#8934=CARTESIAN_POINT('',(-0.506604740236,2.345922342527,-0.557577046209));
#8935=CARTESIAN_POINT('Ctrl Pts',(-0.498724795572791,2.35783238977622,-0.52969066514703));
#8936=CARTESIAN_POINT('Ctrl Pts',(-0.500390682254568,2.35748002418913,-0.534338400522343));
#8937=CARTESIAN_POINT('Ctrl Pts',(-0.502056192396494,2.35712589375152,-0.538986127240569));
#8938=CARTESIAN_POINT('Ctrl Pts',(-0.505386459290047,2.35641410326876,-0.548281583362212));
#8939=CARTESIAN_POINT('Ctrl Pts',(-0.507051215106396,2.35605644342334,-0.552929310155153));
#8940=CARTESIAN_POINT('Ctrl Pts',(-0.508715593321,2.355697018954,-0.557577046209));
#8941=CARTESIAN_POINT('Origin',(-0.5076601667785,2.3508096807405,-0.557577046209));
#8942=CARTESIAN_POINT('',(-0.522942732429993,2.35257962640897,-0.557679915584));
#8943=CARTESIAN_POINT('',(-0.520772845573,2.342817885221,-0.557679915584));
#8944=CARTESIAN_POINT('Origin',(-0.128929507146379,0.588458815173673,-0.557628464920626));
#8945=CARTESIAN_POINT('Ctrl Pts',(-0.52294273243,2.352579626409,-0.557679915584));
#8946=CARTESIAN_POINT('Ctrl Pts',(-0.510523459169,2.355340242297,-0.523693097638));
#8947=CARTESIAN_POINT('Ctrl Pts',(-0.498082325526,2.358002514066,-0.489706279716));
#8948=CARTESIAN_POINT('Ctrl Pts',(-0.485620891611,2.360566107871,-0.45571946177));
#8949=CARTESIAN_POINT('Ctrl Pts',(-0.520772845573,2.342817885221,-0.557679915584));
#8950=CARTESIAN_POINT('Ctrl Pts',(-0.508405104566,2.345567046271,-0.523693097638));
#8951=CARTESIAN_POINT('Ctrl Pts',(-0.496015593885,2.34821827127,-0.489706279716));
#8952=CARTESIAN_POINT('Ctrl Pts',(-0.483605867165,2.350771227755,-0.45571946177));
#8953=CARTESIAN_POINT('',(-0.485620891611,2.360566107871,-0.45571946177));
#8954=CARTESIAN_POINT('',(-0.483605867165,2.350771227755,-0.45571946177));
#8955=CARTESIAN_POINT('Origin',(2.57311310429702,-12.0244840670435,-0.506699807082116));
#8956=CARTESIAN_POINT('Origin',(-0.484613379388,2.355668667813,-0.45571946177));
#8957=CARTESIAN_POINT('Origin',(-0.119649141755805,0.590300187435497,-0.455669751757401));
#8958=CARTESIAN_POINT('Origin',(0.,8.030407079339E-15,-1.149999999999));
#8959=CARTESIAN_POINT('',(-0.478353980742999,2.3620494213929,-0.467972035217345));
#8960=CARTESIAN_POINT('',(-0.476504865141309,2.36242314384718,-0.475773970761726));
#8961=CARTESIAN_POINT('Origin',(0.,3.27265762560064E-15,-0.46866319879545));
#8962=CARTESIAN_POINT('',(-0.480008011871,2.361713849842,-0.475798819757));
#8963=CARTESIAN_POINT('Origin',(0.,3.32248540048208E-15,-0.475798819760554));
#8964=CARTESIAN_POINT('',(-0.494820457212989,2.35865485290195,-0.518172869118));
#8965=CARTESIAN_POINT('Origin',(2.74777387095781,-13.3058014254624,-0.497199613462288));
#8966=CARTESIAN_POINT('',(-0.461230309924,2.365452726478,-0.517930812685));
#8967=CARTESIAN_POINT('Origin',(-0.119464003314091,0.590299763110815,-0.518051847194206));
#8968=CARTESIAN_POINT('Origin',(2.46067248324499,-12.4060678300242,-0.496946569267113));
#8969=CARTESIAN_POINT('Origin',(-0.47899222728161,2.3567160321517,-0.475798819757));
#8970=CARTESIAN_POINT('',(-0.478016277382,2.351914207312,-0.475798819757));
#8971=CARTESIAN_POINT('',(-0.478016277382,2.351914207312,-0.475798819757));
#8972=CARTESIAN_POINT('',(-0.476365803182125,2.35224905602146,-0.467988867522003));
#8973=CARTESIAN_POINT('',(-0.477348520440246,2.35709318482361,-0.467980547643232));
#8974=CARTESIAN_POINT('Origin',(0.,3.32248540048208E-15,-0.475798819760554));
#8975=CARTESIAN_POINT('Origin',(-0.4771982405615,2.357181969896,-0.468663199335));
#8976=CARTESIAN_POINT('',(-0.474524017382893,2.35262129602134,-0.475774308958227));
#8977=CARTESIAN_POINT('',(-0.474526020082,2.352620890892,-0.475773563298));
#8978=CARTESIAN_POINT('Origin',(0.,3.27265762560064E-15,-0.46866319879545));
#8979=CARTESIAN_POINT('Ctrl Pts',(-0.476503211832,2.362423477938,-0.475773563298));
#8980=CARTESIAN_POINT('Ctrl Pts',(-0.471415524116,2.363449669711,-0.48982597976));
#8981=CARTESIAN_POINT('Ctrl Pts',(-0.466324521395,2.364459426249,-0.503878396223));
#8982=CARTESIAN_POINT('Ctrl Pts',(-0.461230309924,2.365452726478,-0.517930812685));
#8983=CARTESIAN_POINT('Ctrl Pts',(-0.474526020082,2.352620890892,-0.475773563298));
#8984=CARTESIAN_POINT('Ctrl Pts',(-0.469459443103,2.353642824608,-0.48982597976));
#8985=CARTESIAN_POINT('Ctrl Pts',(-0.464389564875,2.354648391285,-0.503878396223));
#8986=CARTESIAN_POINT('Ctrl Pts',(-0.459316491211,2.355637569937,-0.517930812685));
#8987=CARTESIAN_POINT('',(-0.459316491211,2.355637569937,-0.517930812685));
#8988=CARTESIAN_POINT('',(-0.459316491211,2.355637569937,-0.517930812685));
#8989=CARTESIAN_POINT('Origin',(2.47244007782287,-12.4653187648459,-0.496989222734991));
#8990=CARTESIAN_POINT('Origin',(-0.4602734005675,2.3605451482075,-0.517930812685));
#8991=CARTESIAN_POINT('',(-0.492767260296001,2.348867903305,-0.518172869118));
#8992=CARTESIAN_POINT('',(-0.492767260296,2.348867903305,-0.518172869118));
#8993=CARTESIAN_POINT('Origin',(-0.118995032674449,0.58798346646919,-0.518051845686541));
#8994=CARTESIAN_POINT('Ctrl Pts',(-0.494820457213,2.358654852902,-0.518172869118));
#8995=CARTESIAN_POINT('Ctrl Pts',(-0.489886191324,2.359690008894,-0.504048185998));
#8996=CARTESIAN_POINT('Ctrl Pts',(-0.48494867713,2.360709681235,-0.489923502878));
#8997=CARTESIAN_POINT('Ctrl Pts',(-0.480008011871,2.361713849842,-0.475798819757));
#8998=CARTESIAN_POINT('Ctrl Pts',(-0.492767260296,2.348867903305,-0.518172869118));
#8999=CARTESIAN_POINT('Ctrl Pts',(-0.487853468538,2.349898764044,-0.504048185998));
#9000=CARTESIAN_POINT('Ctrl Pts',(-0.482936441956,2.350914205379,-0.489923502878));
#9001=CARTESIAN_POINT('Ctrl Pts',(-0.478016277382,2.351914207312,-0.475798819757));
#9002=CARTESIAN_POINT('Origin',(2.76005944990127,-13.3651010693942,-0.497091590587039));
#9003=CARTESIAN_POINT('Origin',(0.,8.030407079339E-15,-1.149999999999));
#9004=CARTESIAN_POINT('Ctrl Pts',(0.203191599377,2.401418991751,-0.299818544821));
#9005=CARTESIAN_POINT('Ctrl Pts',(0.232013177036,2.398980307589,-0.275137035801));
#9006=CARTESIAN_POINT('Ctrl Pts',(0.264678092689,2.395703214554,-0.26237273258));
#9007=CARTESIAN_POINT('Ctrl Pts',(0.301110714605,2.391115291563,-0.261526468378));
#9008=CARTESIAN_POINT('Ctrl Pts',(0.202348480707,2.391454597594,-0.299818544821));
#9009=CARTESIAN_POINT('Ctrl Pts',(0.231050468657,2.389026032293,-0.275137034168));
#9010=CARTESIAN_POINT('Ctrl Pts',(0.263579841942,2.385762537492,-0.262372732613));
#9011=CARTESIAN_POINT('Ctrl Pts',(0.299861292552,2.381193651349,-0.261526468378));
#9012=CARTESIAN_POINT('',(0.2031899139282,2.40141913435843,-0.299820154872));
#9013=CARTESIAN_POINT('',(0.202348480707,2.391454597594,-0.299818544821));
#9014=CARTESIAN_POINT('',(0.301110714605,2.391115291563,-0.261526468378));
#9015=CARTESIAN_POINT('',(0.299861292552,2.381193651349,-0.261526468378));
#9016=CARTESIAN_POINT('Ctrl Pts',(0.203191599376911,2.40141899174994,-0.299818544821));
#9017=CARTESIAN_POINT('Ctrl Pts',(0.23201313546121,2.39898025112965,-0.275137067088795));
#9018=CARTESIAN_POINT('Ctrl Pts',(0.264678974108965,2.39570310355768,-0.262372712106201));
#9019=CARTESIAN_POINT('Ctrl Pts',(0.301110714605,2.391115291563,-0.261526468378));
#9020=CARTESIAN_POINT('Ctrl Pts',(0.301110714605,2.391115291563,-0.261526468378));
#9021=CARTESIAN_POINT('Ctrl Pts',(0.332349770688,2.387181389031,-0.26176239419));
#9022=CARTESIAN_POINT('Ctrl Pts',(0.361149727286,2.382936261126,-0.270956105072));
#9023=CARTESIAN_POINT('Ctrl Pts',(0.38752925153,2.378638492753,-0.289107197803));
#9024=CARTESIAN_POINT('Ctrl Pts',(0.299861292552,2.381193651349,-0.261526468378));
#9025=CARTESIAN_POINT('Ctrl Pts',(0.330970726645,2.377276071982,-0.261762394195));
#9026=CARTESIAN_POINT('Ctrl Pts',(0.359651179836,2.373048558939,-0.270956104475));
#9027=CARTESIAN_POINT('Ctrl Pts',(0.385921246337,2.368768623488,-0.289107197803));
#9028=CARTESIAN_POINT('',(0.38752925153,2.378638492753,-0.289107197803));
#9029=CARTESIAN_POINT('',(0.385921246337,2.368768623488,-0.289107197803));
#9030=CARTESIAN_POINT('Ctrl Pts',(0.30111071460497,2.39111529156276,-0.261526468378));
#9031=CARTESIAN_POINT('Ctrl Pts',(0.332349361601891,2.38718144054616,-0.2617623911));
#9032=CARTESIAN_POINT('Ctrl Pts',(0.36114952745785,2.38293629368204,-0.270955967575));
#9033=CARTESIAN_POINT('Ctrl Pts',(0.387529251529917,2.37863849275249,-0.289107197803));
#9034=CARTESIAN_POINT('Ctrl Pts',(0.38752925153,2.378638492753,-0.289107197803));
#9035=CARTESIAN_POINT('Ctrl Pts',(0.398415283337,2.376864933731,-0.29701132192));
#9036=CARTESIAN_POINT('Ctrl Pts',(0.408986879747,2.375065946162,-0.307539753069));
#9037=CARTESIAN_POINT('Ctrl Pts',(0.419245167476,2.373253776895,-0.320692501824));
#9038=CARTESIAN_POINT('Ctrl Pts',(0.385921246337,2.368768623488,-0.289107197803));
#9039=CARTESIAN_POINT('Ctrl Pts',(0.396762107879,2.367002423634,-0.297011321915));
#9040=CARTESIAN_POINT('Ctrl Pts',(0.40728983874,2.365210900744,-0.307539753053));
#9041=CARTESIAN_POINT('Ctrl Pts',(0.417505560972,2.36340625085,-0.320692501824));
#9042=CARTESIAN_POINT('',(0.419245166934386,2.37325377695369,-0.320692501591203));
#9043=CARTESIAN_POINT('',(0.417505560972,2.36340625085,-0.320692501824));
#9044=CARTESIAN_POINT('Origin',(-15.0071658167217,1.43118365483622,-129.058047030252));
#9045=CARTESIAN_POINT('Origin',(0.418375364224,2.3683300138725,-0.320692501824));
#9046=CARTESIAN_POINT('',(0.435667777614651,2.37029398704418,-0.319127015863481));
#9047=CARTESIAN_POINT('',(0.433860211254,2.360458709041,-0.319128617648));
#9048=CARTESIAN_POINT('Origin',(0.,2.23938377125987E-15,-0.320692501824293));
#9049=CARTESIAN_POINT('Ctrl Pts',(0.435667962134,2.370293953662,-0.319128617648));
#9050=CARTESIAN_POINT('Ctrl Pts',(0.467251929481,2.364488714751,-0.319483748047));
#9051=CARTESIAN_POINT('Ctrl Pts',(0.494587016501,2.358822991422,-0.33085503394));
#9052=CARTESIAN_POINT('Ctrl Pts',(0.517744600674,2.353729068621,-0.353241764379));
#9053=CARTESIAN_POINT('Ctrl Pts',(0.433860211254,2.360458709041,-0.319128617648));
#9054=CARTESIAN_POINT('Ctrl Pts',(0.465313125877,2.354677558059,-0.31948374806));
#9055=CARTESIAN_POINT('Ctrl Pts',(0.492534786776,2.349035344471,-0.330855032542));
#9056=CARTESIAN_POINT('Ctrl Pts',(0.515596282829,2.343962557962,-0.353241764379));
#9057=CARTESIAN_POINT('',(0.517742417706497,2.35372954879853,-0.353239654210777));
#9058=CARTESIAN_POINT('',(0.515596282829,2.343962557962,-0.353241764379));
#9059=CARTESIAN_POINT('Ctrl Pts',(0.435667962134,2.370293953662,-0.319128617648));
#9060=CARTESIAN_POINT('Ctrl Pts',(0.467247977696404,2.36448937757762,-0.319483703740095));
#9061=CARTESIAN_POINT('Ctrl Pts',(0.494581609794753,2.35882411316684,-0.330852645885493));
#9062=CARTESIAN_POINT('Ctrl Pts',(0.517738051772696,2.35373050915907,-0.353235433874329));
#9063=CARTESIAN_POINT('Ctrl Pts',(0.51774460686471,2.35372909676471,-0.353241764379));
#9064=CARTESIAN_POINT('Ctrl Pts',(0.539489997942723,2.34894581096852,-0.375923192572001));
#9065=CARTESIAN_POINT('Ctrl Pts',(0.550737121836204,2.34622878788903,-0.403315674591999));
#9066=CARTESIAN_POINT('Ctrl Pts',(0.551587765999375,2.34602878824864,-0.435419953252));
#9067=CARTESIAN_POINT('Ctrl Pts',(0.515596282829,2.343962557962,-0.353241764379));
#9068=CARTESIAN_POINT('Ctrl Pts',(0.537251443436,2.339199119965,-0.37592319218));
#9069=CARTESIAN_POINT('Ctrl Pts',(0.548451899011,2.336493370789,-0.403315674792));
#9070=CARTESIAN_POINT('Ctrl Pts',(0.549299013514,2.336294201026,-0.435419953252));
#9071=CARTESIAN_POINT('',(0.551587759404,2.346028760197,-0.435419953252));
#9072=CARTESIAN_POINT('',(0.549299013514,2.336294201026,-0.435419953252));
#9073=CARTESIAN_POINT('Ctrl Pts',(0.51774460067385,2.35372906862032,-0.353241764379));
#9074=CARTESIAN_POINT('Ctrl Pts',(0.528252073060118,2.35141776305535,-0.36420153430965));
#9075=CARTESIAN_POINT('Ctrl Pts',(0.53667600592724,2.34949240762325,-0.376648235755336));
#9076=CARTESIAN_POINT('Ctrl Pts',(0.548349609852773,2.34679542575808,-0.40501488377697));
#9077=CARTESIAN_POINT('Ctrl Pts',(0.551178956732658,2.34612487604735,-0.419991275079172));
#9078=CARTESIAN_POINT('Ctrl Pts',(0.551587759403971,2.34602876019688,-0.435419953252));
#9079=CARTESIAN_POINT('Ctrl Pts',(0.551591406736178,2.34603890871126,-0.435323913820105));
#9080=CARTESIAN_POINT('Ctrl Pts',(0.551228773368425,2.34612404312485,-0.465269780595883));
#9081=CARTESIAN_POINT('Ctrl Pts',(0.541510114241281,2.34846819460301,-0.491664042782624));
#9082=CARTESIAN_POINT('Ctrl Pts',(0.522355864987402,2.35272097609222,-0.514507219029709));
#9083=CARTESIAN_POINT('Ctrl Pts',(0.549300203784067,2.33629392137656,-0.435323913820768));
#9084=CARTESIAN_POINT('Ctrl Pts',(0.548939076727631,2.33637870215723,-0.465269780389342));
#9085=CARTESIAN_POINT('Ctrl Pts',(0.539260786745845,2.33871311654838,-0.491664043099331));
#9086=CARTESIAN_POINT('Ctrl Pts',(0.520186100765485,2.34294823275486,-0.514507219028772));
#9087=CARTESIAN_POINT('',(0.522411778090113,2.35269758662234,-0.514437722199333));
#9088=CARTESIAN_POINT('',(0.520242516169,2.342935706409,-0.51443961471));
#9089=CARTESIAN_POINT('Ctrl Pts',(0.551587759403971,2.34602876019688,-0.435419953252));
#9090=CARTESIAN_POINT('Ctrl Pts',(0.551387285242961,2.34607589478242,-0.451105400781344));
#9091=CARTESIAN_POINT('Ctrl Pts',(0.548616115511063,2.34673187489891,-0.465815999831068));
#9092=CARTESIAN_POINT('Ctrl Pts',(0.543267885976823,2.34796933626942,-0.479551750401607));
#9093=CARTESIAN_POINT('Ctrl Pts',(0.538429986868477,2.34908871852905,-0.491976829581969));
#9094=CARTESIAN_POINT('Ctrl Pts',(0.531483156665322,2.35068329239347,-0.503604225173992));
#9095=CARTESIAN_POINT('Ctrl Pts',(0.522414947630977,2.3526968828319,-0.514433937178));
#9096=CARTESIAN_POINT('Ctrl Pts',(0.52241019332,2.352697938519,-0.51443961471));
#9097=CARTESIAN_POINT('Ctrl Pts',(0.50677028849,2.356170736949,-0.531470933419));
#9098=CARTESIAN_POINT('Ctrl Pts',(0.487917401542,2.360200073536,-0.543175277538));
#9099=CARTESIAN_POINT('Ctrl Pts',(0.465808389399,2.364555464429,-0.549552636462));
#9100=CARTESIAN_POINT('Ctrl Pts',(0.520242516169,2.342935706409,-0.51443961471));
#9101=CARTESIAN_POINT('Ctrl Pts',(0.504667506568,2.346394095029,-0.531470934121));
#9102=CARTESIAN_POINT('Ctrl Pts',(0.485892848333,2.350406712171,-0.543175277444));
#9103=CARTESIAN_POINT('Ctrl Pts',(0.463875574505,2.354744030967,-0.549552636462));
#9104=CARTESIAN_POINT('',(0.465808389399,2.364555464429,-0.549552636462));
#9105=CARTESIAN_POINT('',(0.463875574505,2.354744030967,-0.549552636462));
#9106=CARTESIAN_POINT('Ctrl Pts',(0.522410193319927,2.35269793851867,-0.51443961471));
#9107=CARTESIAN_POINT('Ctrl Pts',(0.50677041176225,2.35617067784573,-0.531470791867668));
#9108=CARTESIAN_POINT('Ctrl Pts',(0.487917166023152,2.36020011993197,-0.543175345473546));
#9109=CARTESIAN_POINT('Ctrl Pts',(0.465808389399,2.364555464429,-0.549552636462));
#9110=CARTESIAN_POINT('Ctrl Pts',(0.465808389399,2.364555464429,-0.549552636462));
#9111=CARTESIAN_POINT('Ctrl Pts',(0.455058695688,2.366673113006,-0.580189735119));
#9112=CARTESIAN_POINT('Ctrl Pts',(0.430493682077,2.371463782195,-0.597931643849));
#9113=CARTESIAN_POINT('Ctrl Pts',(0.398303887879,2.376858012776,-0.599202080299));
#9114=CARTESIAN_POINT('Ctrl Pts',(0.463875061933967,2.3547414290331,-0.549552636462));
#9115=CARTESIAN_POINT('Ctrl Pts',(0.453169885170467,2.35685030794106,-0.580190019650436));
#9116=CARTESIAN_POINT('Ctrl Pts',(0.428706968982919,2.36162106703142,-0.597931642206565));
#9117=CARTESIAN_POINT('Ctrl Pts',(0.396650736361265,2.3669929159235,-0.599202080299));
#9118=CARTESIAN_POINT('',(0.398303888764133,2.37685801262654,-0.599202080264059));
#9119=CARTESIAN_POINT('',(0.396651174651,2.366995531395,-0.599202080299));
#9120=CARTESIAN_POINT('Ctrl Pts',(0.465808389398986,2.36455546442893,-0.549552636462));
#9121=CARTESIAN_POINT('Ctrl Pts',(0.463244797944878,2.3650604821476,-0.556858984568936));
#9122=CARTESIAN_POINT('Ctrl Pts',(0.459776143127628,2.36574024435165,-0.563771650881599));
#9123=CARTESIAN_POINT('Ctrl Pts',(0.451032424589945,2.36742231589952,-0.575918976371375));
#9124=CARTESIAN_POINT('Ctrl Pts',(0.445983757661653,2.36838206313294,-0.581069642011024));
#9125=CARTESIAN_POINT('Ctrl Pts',(0.434295708633418,2.37055326693862,-0.589645666098851));
#9126=CARTESIAN_POINT('Ctrl Pts',(0.427841100540964,2.37172950922902,-0.592917192262284));
#9127=CARTESIAN_POINT('Ctrl Pts',(0.413642908099918,2.37424824621209,-0.597634416081791));
#9128=CARTESIAN_POINT('Ctrl Pts',(0.406014282849331,2.3755659371513,-0.598897773625736));
#9129=CARTESIAN_POINT('Ctrl Pts',(0.398303888764256,2.37685801262727,-0.599202080264059));
#9130=CARTESIAN_POINT('Ctrl Pts',(0.398303898957339,2.37685807888542,-0.599202080299));
#9131=CARTESIAN_POINT('Ctrl Pts',(0.357869841805297,2.38363384844295,-0.598294499976991));
#9132=CARTESIAN_POINT('Ctrl Pts',(0.327702850728617,2.38761681131467,-0.568236597557027));
#9133=CARTESIAN_POINT('Ctrl Pts',(0.326023450543946,2.38784610743304,-0.527417300043));
#9134=CARTESIAN_POINT('Ctrl Pts',(0.396651174651,2.366995531395,-0.599202080299));
#9135=CARTESIAN_POINT('Ctrl Pts',(0.356384957103,2.373743175097,-0.598294501381));
#9136=CARTESIAN_POINT('Ctrl Pts',(0.326343084733,2.377709620671,-0.568236742709));
#9137=CARTESIAN_POINT('Ctrl Pts',(0.324670647113,2.377937966159,-0.527417300043));
#9138=CARTESIAN_POINT('',(0.326023441476,2.387846041018,-0.527417300043));
#9139=CARTESIAN_POINT('',(0.324670647113,2.377937966159,-0.527417300043));
#9140=CARTESIAN_POINT('Ctrl Pts',(0.398303887878938,2.37685801277563,-0.599202080299));
#9141=CARTESIAN_POINT('Ctrl Pts',(0.388747555069838,2.37845942291089,-0.598987579443527));
#9142=CARTESIAN_POINT('Ctrl Pts',(0.379344866141076,2.37997427702003,-0.597135424368056));
#9143=CARTESIAN_POINT('Ctrl Pts',(0.361983925162654,2.38267537742983,-0.589947072725279));
#9144=CARTESIAN_POINT('Ctrl Pts',(0.354250279725635,2.38383112464176,-0.584845084123257));
#9145=CARTESIAN_POINT('Ctrl Pts',(0.34111271212604,2.3857464572368,-0.571812076324357));
#9146=CARTESIAN_POINT('Ctrl Pts',(0.335918112911454,2.38647703861679,-0.56409133701268));
#9147=CARTESIAN_POINT('Ctrl Pts',(0.328451192885568,2.38751641018419,-0.546645200262708));
#9148=CARTESIAN_POINT('Ctrl Pts',(0.3264229831881,2.38779148977694,-0.537128512784247));
#9149=CARTESIAN_POINT('Ctrl Pts',(0.326023441475944,2.38784604101759,-0.527417300043));
#9150=CARTESIAN_POINT('Origin',(0.3253470442945,2.3828920035885,-0.527417300043));
#9151=CARTESIAN_POINT('',(0.325972425078819,2.38785300596247,-0.520187546562332));
#9152=CARTESIAN_POINT('',(0.324619842399,2.377944902204,-0.520187546021));
#9153=CARTESIAN_POINT('',(0.326023441476,2.387846041018,-0.527417300043));
#9154=CARTESIAN_POINT('Ctrl Pts',(0.325972425075,2.387853005963,-0.520187546021));
#9155=CARTESIAN_POINT('Ctrl Pts',(0.292278490408,2.392452658273,-0.502593440301));
#9156=CARTESIAN_POINT('Ctrl Pts',(0.258487195406,2.396339042757,-0.48499933868));
#9157=CARTESIAN_POINT('Ctrl Pts',(0.224628792692,2.39950868002,-0.467405232961));
#9158=CARTESIAN_POINT('Ctrl Pts',(0.324619842399,2.377944902204,-0.520187546021));
#9159=CARTESIAN_POINT('Ctrl Pts',(0.291065716594,2.382525468819,-0.502593440304));
#9160=CARTESIAN_POINT('Ctrl Pts',(0.257414634424,2.386395727228,-0.484999338678));
#9161=CARTESIAN_POINT('Ctrl Pts',(0.223696723013,2.389552212468,-0.467405232961));
#9162=CARTESIAN_POINT('',(0.224628792692,2.39950868002,-0.467405232961));
#9163=CARTESIAN_POINT('',(0.223696723013,2.389552212468,-0.467405232961));
#9164=CARTESIAN_POINT('Origin',(0.0135533764504234,0.117843741722882,-0.493796392494397));
#9165=CARTESIAN_POINT('Ctrl Pts',(0.224628792692,2.39950868002,-0.467405232961));
#9166=CARTESIAN_POINT('Ctrl Pts',(0.232007436385,2.398817932019,-0.454579679595));
#9167=CARTESIAN_POINT('Ctrl Pts',(0.239382893911,2.39809314907,-0.441754126231));
#9168=CARTESIAN_POINT('Ctrl Pts',(0.246754851436,2.397334362013,-0.428928572866));
#9169=CARTESIAN_POINT('Ctrl Pts',(0.223696723013,2.389552212468,-0.467405232961));
#9170=CARTESIAN_POINT('Ctrl Pts',(0.231044749927,2.388864330641,-0.454579679595));
#9171=CARTESIAN_POINT('Ctrl Pts',(0.238389603895,2.38814255509,-0.441754126231));
#9172=CARTESIAN_POINT('Ctrl Pts',(0.245730972384,2.387386916528,-0.428928572866));
#9173=CARTESIAN_POINT('',(0.246754851436,2.397334362013,-0.428928572866));
#9174=CARTESIAN_POINT('',(0.245730972384,2.387386916528,-0.428928572866));
#9175=CARTESIAN_POINT('Origin',(-0.470517541001816,-4.78798286022177,-0.44817496741416));
#9176=CARTESIAN_POINT('Ctrl Pts',(0.246754851436,2.397334362013,-0.428928572866));
#9177=CARTESIAN_POINT('Ctrl Pts',(0.279131397877,2.394001881558,-0.445568967231));
#9178=CARTESIAN_POINT('Ctrl Pts',(0.311440418427,2.390013433425,-0.462209358327));
#9179=CARTESIAN_POINT('Ctrl Pts',(0.343655414345,2.385372288803,-0.478849752692));
#9180=CARTESIAN_POINT('Ctrl Pts',(0.245730972384,2.387386916528,-0.428928572866));
#9181=CARTESIAN_POINT('Ctrl Pts',(0.277973176305,2.384068263792,-0.445568967229));
#9182=CARTESIAN_POINT('Ctrl Pts',(0.310148134536,2.380096365236,-0.462209358329));
#9183=CARTESIAN_POINT('Ctrl Pts',(0.342229458269,2.375474478476,-0.478849752692));
#9184=CARTESIAN_POINT('',(0.343655280053572,2.38537230814981,-0.478849658501113));
#9185=CARTESIAN_POINT('',(0.342229458269,2.375474478476,-0.478849752692));
#9186=CARTESIAN_POINT('Origin',(0.0159259582610292,0.129010748741532,-0.453889078433209));
#9187=CARTESIAN_POINT('Ctrl Pts',(0.343655414345,2.385372288803,-0.478849752692));
#9188=CARTESIAN_POINT('Ctrl Pts',(0.357784234795,2.383336780271,-0.462955048476));
#9189=CARTESIAN_POINT('Ctrl Pts',(0.375674691489,2.380640353711,-0.45463305114));
#9190=CARTESIAN_POINT('Ctrl Pts',(0.397283128006,2.377028842105,-0.45388402181));
#9191=CARTESIAN_POINT('Ctrl Pts',(0.342229458269,2.375474478476,-0.478849752692));
#9192=CARTESIAN_POINT('Ctrl Pts',(0.35629965347,2.373447415956,-0.462955047841));
#9193=CARTESIAN_POINT('Ctrl Pts',(0.374115874929,2.370762178038,-0.454633051154));
#9194=CARTESIAN_POINT('Ctrl Pts',(0.395634650296,2.367165651889,-0.45388402181));
#9195=CARTESIAN_POINT('',(0.397280463718575,2.37702928739179,-0.453884114281333));
#9196=CARTESIAN_POINT('',(0.395634650296,2.367165651889,-0.45388402181));
#9197=CARTESIAN_POINT('Ctrl Pts',(0.343655154711381,2.38537232620727,-0.478849544768066));
#9198=CARTESIAN_POINT('Ctrl Pts',(0.355396336987879,2.38368080083516,-0.465641333126529));
#9199=CARTESIAN_POINT('Ctrl Pts',(0.369734407491967,2.38153102257285,-0.457662378489393));
#9200=CARTESIAN_POINT('Ctrl Pts',(0.386645588437066,2.37878229120223,-0.454912771176018));
#9201=CARTESIAN_POINT('Ctrl Pts',(0.390082618724078,2.37822363873424,-0.454353940681321));
#9202=CARTESIAN_POINT('Ctrl Pts',(0.393625891416682,2.37764007927209,-0.454011116444567));
#9203=CARTESIAN_POINT('Ctrl Pts',(0.397275135144876,2.37703017797226,-0.453884299224));
#9204=CARTESIAN_POINT('Ctrl Pts',(0.397283128006,2.377028842105,-0.45388402181));
#9205=CARTESIAN_POINT('Ctrl Pts',(0.428625727625,2.37179041765,-0.454757854602));
#9206=CARTESIAN_POINT('Ctrl Pts',(0.452890441978,2.367094530293,-0.47193682394));
#9207=CARTESIAN_POINT('Ctrl Pts',(0.464757546758,2.364762233868,-0.501118406768));
#9208=CARTESIAN_POINT('Ctrl Pts',(0.395634650296,2.367165651889,-0.45388402181));
#9209=CARTESIAN_POINT('Ctrl Pts',(0.426847265034,2.36194895237,-0.454757856489));
#9210=CARTESIAN_POINT('Ctrl Pts',(0.451011108139,2.357272584948,-0.471936526672));
#9211=CARTESIAN_POINT('Ctrl Pts',(0.462829092207,2.354949942441,-0.501118406768));
#9212=CARTESIAN_POINT('',(0.464757443828198,2.36476225409686,-0.501118125949332));
#9213=CARTESIAN_POINT('',(0.462829092207,2.354949942441,-0.501118406768));
#9214=CARTESIAN_POINT('Ctrl Pts',(0.397283128006,2.377028842105,-0.45388402181));
#9215=CARTESIAN_POINT('Ctrl Pts',(0.40891120279866,2.37508535119049,-0.454208213131879));
#9216=CARTESIAN_POINT('Ctrl Pts',(0.419520324303942,2.37322430207184,-0.456770990756279));
#9217=CARTESIAN_POINT('Ctrl Pts',(0.428886240179197,2.37153116153592,-0.461327296480226));
#9218=CARTESIAN_POINT('Ctrl Pts',(0.438382517333408,2.36981445470188,-0.465947020010761));
#9219=CARTESIAN_POINT('Ctrl Pts',(0.446601761752943,2.36827002386161,-0.472616856938354));
#9220=CARTESIAN_POINT('Ctrl Pts',(0.453287638568762,2.36698905542756,-0.481129077031148));
#9221=CARTESIAN_POINT('Ctrl Pts',(0.457858631193771,2.36611328439166,-0.48694870194176));
#9222=CARTESIAN_POINT('Ctrl Pts',(0.461712432401406,2.36536070390621,-0.493630478222397));
#9223=CARTESIAN_POINT('Ctrl Pts',(0.464757378363185,2.36476226696296,-0.501117992682922));
#9224=CARTESIAN_POINT('Ctrl Pts',(0.464582586891374,2.36481874259426,-0.501209593512724));
#9225=CARTESIAN_POINT('Ctrl Pts',(0.492237879820844,2.35938517909752,-0.487165853517373));
#9226=CARTESIAN_POINT('Ctrl Pts',(0.506316531879347,2.35623560515063,-0.46479564255522));
#9227=CARTESIAN_POINT('Ctrl Pts',(0.506966808108461,2.35609620364823,-0.434098027791437));
#9228=CARTESIAN_POINT('Ctrl Pts',(0.462650690032956,2.35498499928781,-0.501209593511715));
#9229=CARTESIAN_POINT('Ctrl Pts',(0.490190982278342,2.34957403050865,-0.487165853672533));
#9230=CARTESIAN_POINT('Ctrl Pts',(0.504211090682097,2.3464375535312,-0.464795642596913));
#9231=CARTESIAN_POINT('Ctrl Pts',(0.504858662834228,2.34629873170961,-0.434098027791163));
#9232=CARTESIAN_POINT('',(0.506957834813,2.356075922741,-0.434297008283));
#9233=CARTESIAN_POINT('',(0.504854275332,2.346299674099,-0.434297008283));
#9234=CARTESIAN_POINT('Ctrl Pts',(0.464757378365634,2.36476226696256,-0.501117992681664));
#9235=CARTESIAN_POINT('Ctrl Pts',(0.476847491499899,2.36238614257876,-0.494949802702109));
#9236=CARTESIAN_POINT('Ctrl Pts',(0.486328648533667,2.36043089290054,-0.487183260634802));
#9237=CARTESIAN_POINT('Ctrl Pts',(0.493219150492548,2.3589902224432,-0.477818401755813));
#9238=CARTESIAN_POINT('Ctrl Pts',(0.500110829762528,2.35754930583292,-0.468451942797126));
#9239=CARTESIAN_POINT('Ctrl Pts',(0.504411118184189,2.35662311602827,-0.457486620803306));
#9240=CARTESIAN_POINT('Ctrl Pts',(0.506128963483906,2.35625411879065,-0.444922471068507));
#9241=CARTESIAN_POINT('Ctrl Pts',(0.50659699544573,2.35615358441712,-0.441499331831234));
#9242=CARTESIAN_POINT('Ctrl Pts',(0.506873271297998,2.35609411830702,-0.437957510664798));
#9243=CARTESIAN_POINT('Ctrl Pts',(0.506957834812872,2.3560759227404,-0.434297008283));
#9244=CARTESIAN_POINT('Ctrl Pts',(0.506957906791052,2.35607625725749,-0.434297008283));
#9245=CARTESIAN_POINT('Ctrl Pts',(0.505498635269,2.35639024931704,-0.39348936084482));
#9246=CARTESIAN_POINT('Ctrl Pts',(0.475595964423338,2.36296258056965,-0.363621113349085));
#9247=CARTESIAN_POINT('Ctrl Pts',(0.435257835593052,2.37036964750687,-0.362512228026));
#9248=CARTESIAN_POINT('Ctrl Pts',(0.504854275332,2.346299674099,-0.434297008283));
#9249=CARTESIAN_POINT('Ctrl Pts',(0.50340105511,2.346612364098,-0.393489249193));
#9250=CARTESIAN_POINT('Ctrl Pts',(0.47362238038,2.353157438927,-0.363621110877));
#9251=CARTESIAN_POINT('Ctrl Pts',(0.433451724941,2.360533753655,-0.362512228026));
#9252=CARTESIAN_POINT('',(0.435257774588334,2.37036931081474,-0.362512228047809));
#9253=CARTESIAN_POINT('',(0.433451724941,2.360533753655,-0.362512228026));
#9254=CARTESIAN_POINT('Ctrl Pts',(0.506957834812872,2.3560759227404,-0.434297008283));
#9255=CARTESIAN_POINT('Ctrl Pts',(0.506612723258833,2.35615018053682,-0.424646170580345));
#9256=CARTESIAN_POINT('Ctrl Pts',(0.504660644947087,2.35657210349279,-0.415189942636047));
#9257=CARTESIAN_POINT('Ctrl Pts',(0.497354278155419,2.35812471722318,-0.397790203294564));
#9258=CARTESIAN_POINT('Ctrl Pts',(0.492229293440328,2.35920628047079,-0.390078668184728));
#9259=CARTESIAN_POINT('Ctrl Pts',(0.479227931015156,2.36188160912078,-0.377043157359238));
#9260=CARTESIAN_POINT('Ctrl Pts',(0.471554131609282,2.36343203850531,-0.371933430255761));
#9261=CARTESIAN_POINT('Ctrl Pts',(0.454264966139933,2.36681733558969,-0.364676576618519));
#9262=CARTESIAN_POINT('Ctrl Pts',(0.444848337980975,2.36860824883227,-0.362775870424326));
#9263=CARTESIAN_POINT('Ctrl Pts',(0.435257774588456,2.3703693108154,-0.362512228047811));
#9264=CARTESIAN_POINT('Ctrl Pts',(0.435257773795,2.370369310961,-0.362512228026));
#9265=CARTESIAN_POINT('Ctrl Pts',(0.421763413092,2.372847205596,-0.363073527218));
#9266=CARTESIAN_POINT('Ctrl Pts',(0.409152924618,2.375044214607,-0.36677900044));
#9267=CARTESIAN_POINT('Ctrl Pts',(0.397435469571,2.377003375581,-0.373628621797));
#9268=CARTESIAN_POINT('Ctrl Pts',(0.433451724941,2.360533753655,-0.362512228026));
#9269=CARTESIAN_POINT('Ctrl Pts',(0.420013357389,2.363001366578,-0.36307352722));
#9270=CARTESIAN_POINT('Ctrl Pts',(0.407455194705,2.365189259349,-0.366779000401));
#9271=CARTESIAN_POINT('Ctrl Pts',(0.395786359738,2.367140291035,-0.373628621797));
#9272=CARTESIAN_POINT('',(0.397435465727903,2.37700337617858,-0.373628607374996));
#9273=CARTESIAN_POINT('',(0.395786359738,2.367140291035,-0.373628621797));
#9274=CARTESIAN_POINT('Origin',(17.7534669077979,-2.68851808772185,-61.7679287870252));
#9275=CARTESIAN_POINT('Ctrl Pts',(0.397451135510299,2.37700284383857,-0.373670213400453));
#9276=CARTESIAN_POINT('Ctrl Pts',(0.381775144105006,2.37962395977881,-0.331106510173377));
#9277=CARTESIAN_POINT('Ctrl Pts',(0.345983426689124,2.38547539605177,-0.305607393438372));
#9278=CARTESIAN_POINT('Ctrl Pts',(0.300652898081491,2.39117497467437,-0.304909430019528));
#9279=CARTESIAN_POINT('Ctrl Pts',(0.395801085115136,2.36713452390229,-0.373670213940117));
#9280=CARTESIAN_POINT('Ctrl Pts',(0.380189970891252,2.36974479200035,-0.331105958147277));
#9281=CARTESIAN_POINT('Ctrl Pts',(0.34454717714765,2.375571885473,-0.305607395832216));
#9282=CARTESIAN_POINT('Ctrl Pts',(0.299404713088663,2.38124781803745,-0.304909430017364));
#9283=CARTESIAN_POINT('',(0.300696939158,2.391167361516,-0.304910120027));
#9284=CARTESIAN_POINT('',(0.299449234016,2.381245505244,-0.304910120027));
#9285=CARTESIAN_POINT('Ctrl Pts',(0.39743546443523,2.37700337643941,-0.373628607867683));
#9286=CARTESIAN_POINT('Ctrl Pts',(0.393665735284554,2.37763367594619,-0.36340419507352));
#9287=CARTESIAN_POINT('Ctrl Pts',(0.388588256161874,2.37847482016656,-0.353767548576498));
#9288=CARTESIAN_POINT('Ctrl Pts',(0.375913546392711,2.38051006096106,-0.336806285028018));
#9289=CARTESIAN_POINT('Ctrl Pts',(0.368593926185698,2.3816593814073,-0.329584216670588));
#9290=CARTESIAN_POINT('Ctrl Pts',(0.351807429661567,2.38419690815535,-0.317636680162472));
#9291=CARTESIAN_POINT('Ctrl Pts',(0.342572440678667,2.38554870780963,-0.31308939972087));
#9292=CARTESIAN_POINT('Ctrl Pts',(0.322374202420395,2.38836438904217,-0.306693322489275));
#9293=CARTESIAN_POINT('Ctrl Pts',(0.31159242362244,2.38979721951615,-0.305081787340829));
#9294=CARTESIAN_POINT('Ctrl Pts',(0.300696939157918,2.39116736151534,-0.304910120027));
#9295=CARTESIAN_POINT('Ctrl Pts',(0.300696981902444,2.39116735884681,-0.304910118751772));
#9296=CARTESIAN_POINT('Ctrl Pts',(0.27428781003754,2.39448839708754,-0.305704223499382));
#9297=CARTESIAN_POINT('Ctrl Pts',(0.251946555703012,2.39686758398113,-0.31445618096264));
#9298=CARTESIAN_POINT('Ctrl Pts',(0.214638243920798,2.40049613753449,-0.34832347909636));
#9299=CARTESIAN_POINT('Ctrl Pts',(0.203616510164263,2.40138537008331,-0.369860230303679));
#9300=CARTESIAN_POINT('Ctrl Pts',(0.200256802859873,2.4016655108165,-0.395999951210745));
#9301=CARTESIAN_POINT('Ctrl Pts',(0.299448419804441,2.38123868941086,-0.304910118751771));
#9302=CARTESIAN_POINT('Ctrl Pts',(0.273148891825335,2.38454593958047,-0.305704223891651));
#9303=CARTESIAN_POINT('Ctrl Pts',(0.250900416436789,2.38691524591735,-0.31445618096264));
#9304=CARTESIAN_POINT('Ctrl Pts',(0.213747017230528,2.39052873289276,-0.34832347909636));
#9305=CARTESIAN_POINT('Ctrl Pts',(0.202771048258929,2.39141427314196,-0.369860229943432));
#9306=CARTESIAN_POINT('Ctrl Pts',(0.199425291174793,2.39169325067203,-0.395999951210745));
#9307=CARTESIAN_POINT('',(0.200256808032,2.401665507691,-0.395999909234));
#9308=CARTESIAN_POINT('',(0.199425866919,2.391700090647,-0.395999909234));
#9309=CARTESIAN_POINT('Ctrl Pts',(0.300696939157918,2.39116736151534,-0.304910120027));
#9310=CARTESIAN_POINT('Ctrl Pts',(0.288134163076014,2.39274717076498,-0.305287877756975));
#9311=CARTESIAN_POINT('Ctrl Pts',(0.275841264066369,2.3941910935618,-0.307485876166909));
#9312=CARTESIAN_POINT('Ctrl Pts',(0.252661660880154,2.39674667938201,-0.316579798587188));
#9313=CARTESIAN_POINT('Ctrl Pts',(0.242453721100098,2.39779071428188,-0.323080118494504));
#9314=CARTESIAN_POINT('Ctrl Pts',(0.224192027699179,2.39956707364604,-0.339644233748188));
#9315=CARTESIAN_POINT('Ctrl Pts',(0.216678213663045,2.40024633966209,-0.349221169104752));
#9316=CARTESIAN_POINT('Ctrl Pts',(0.205304140291357,2.4012462310025,-0.371449322996227));
#9317=CARTESIAN_POINT('Ctrl Pts',(0.201865505742908,2.4015313704983,-0.383483700281885));
#9318=CARTESIAN_POINT('Ctrl Pts',(0.200256808031989,2.40166550769087,-0.395999909234));
#9319=CARTESIAN_POINT('Origin',(0.1998413374755,2.396682799169,-0.395999909234));
#9320=CARTESIAN_POINT('',(0.194468420079127,2.4021411352348,-0.396040930021501));
#9321=CARTESIAN_POINT('',(0.193661497777,2.392173744584,-0.396040929991));
#9322=CARTESIAN_POINT('',(0.200256808032,2.401665507691,-0.395999909234));
#9323=CARTESIAN_POINT('Ctrl Pts',(0.194468420685,2.402141135186,-0.396040929991));
#9324=CARTESIAN_POINT('Ctrl Pts',(0.162158953905,2.404756789565,-0.397667014616));
#9325=CARTESIAN_POINT('Ctrl Pts',(0.139469938483,2.40596120738,-0.420536161277));
#9326=CARTESIAN_POINT('Ctrl Pts',(0.138378507165,2.406023979255,-0.452832958569));
#9327=CARTESIAN_POINT('Ctrl Pts',(0.193661497777,2.392173744584,-0.396040929991));
#9328=CARTESIAN_POINT('Ctrl Pts',(0.161486204024,2.394778536813,-0.397667009115));
#9329=CARTESIAN_POINT('Ctrl Pts',(0.138891227239,2.39597796573,-0.420536096114));
#9330=CARTESIAN_POINT('Ctrl Pts',(0.137804322488,2.396040477267,-0.452832958569));
#9331=CARTESIAN_POINT('',(0.138378507165,2.406023979255,-0.452832958569));
#9332=CARTESIAN_POINT('',(0.137804322488,2.396040477267,-0.452832958569));
#9333=CARTESIAN_POINT('Ctrl Pts',(0.194468420079126,2.4021411352348,-0.396040930021492));
#9334=CARTESIAN_POINT('Ctrl Pts',(0.186765290641362,2.40276475196966,-0.396428616470193));
#9335=CARTESIAN_POINT('Ctrl Pts',(0.179198215952396,2.40333897649599,-0.398044448545178));
#9336=CARTESIAN_POINT('Ctrl Pts',(0.165600388402585,2.40431265576301,-0.403924221167105));
#9337=CARTESIAN_POINT('Ctrl Pts',(0.159697698967637,2.40470824423021,-0.407893316776805));
#9338=CARTESIAN_POINT('Ctrl Pts',(0.149708209377256,2.40535079739704,-0.418003888047023));
#9339=CARTESIAN_POINT('Ctrl Pts',(0.145812940548137,2.40558643166156,-0.423944771979544));
#9340=CARTESIAN_POINT('Ctrl Pts',(0.140134085779362,2.40592417768722,-0.43759119258199));
#9341=CARTESIAN_POINT('Ctrl Pts',(0.138638198820868,2.40600904351703,-0.445148362543864));
#9342=CARTESIAN_POINT('Ctrl Pts',(0.138378507164999,2.40602397925498,-0.452832958569));
#9343=CARTESIAN_POINT('Ctrl Pts',(0.138378507165,2.406023979255,-0.452832958569));
#9344=CARTESIAN_POINT('Ctrl Pts',(0.139840820439,2.405939876716,-0.483665580985));
#9345=CARTESIAN_POINT('Ctrl Pts',(0.160164102685,2.404870017378,-0.505632680175));
#9346=CARTESIAN_POINT('Ctrl Pts',(0.190927118409,2.402425198722,-0.508855847211));
#9347=CARTESIAN_POINT('Ctrl Pts',(0.137804322488,2.396040477267,-0.452832958569));
#9348=CARTESIAN_POINT('Ctrl Pts',(0.139260571235,2.395956723518,-0.48366564795));
#9349=CARTESIAN_POINT('Ctrl Pts',(0.159499680713,2.394891290948,-0.505632696942));
#9350=CARTESIAN_POINT('Ctrl Pts',(0.190134889702,2.392456629432,-0.508855847211));
#9351=CARTESIAN_POINT('',(0.190927118408968,2.4024251987216,-0.508855847211));
#9352=CARTESIAN_POINT('',(0.190134889702,2.392456629432,-0.508855847211));
#9353=CARTESIAN_POINT('Ctrl Pts',(0.138378507164999,2.40602397925498,-0.452832958569));
#9354=CARTESIAN_POINT('Ctrl Pts',(0.138715787006416,2.4060045811603,-0.45994444567933));
#9355=CARTESIAN_POINT('Ctrl Pts',(0.140073833348043,2.40592726618049,-0.46695637333824));
#9356=CARTESIAN_POINT('Ctrl Pts',(0.145212719376657,2.40562254478735,-0.480131041117799));
#9357=CARTESIAN_POINT('Ctrl Pts',(0.148897420096281,2.40540073604201,-0.486106094564565));
#9358=CARTESIAN_POINT('Ctrl Pts',(0.158500578184527,2.40478704310296,-0.496364278304199));
#9359=CARTESIAN_POINT('Ctrl Pts',(0.164212787850941,2.40440740997454,-0.500425993808399));
#9360=CARTESIAN_POINT('Ctrl Pts',(0.177005496139119,2.40349962788042,-0.506357696400152));
#9361=CARTESIAN_POINT('Ctrl Pts',(0.183884872420751,2.40298486473482,-0.508118002282784));
#9362=CARTESIAN_POINT('Ctrl Pts',(0.190927118408947,2.40242519872134,-0.508855847211));
#9363=CARTESIAN_POINT('Origin',(0.1905310040555,2.397440914077,-0.508855847211));
#9364=CARTESIAN_POINT('',(0.223475348334116,2.39961637948081,-0.508625105089882));
#9365=CARTESIAN_POINT('',(0.222548063929,2.38965946512,-0.50862510523));
#9366=CARTESIAN_POINT('Origin',(0.0149852244657047,0.600307009728057,-0.508999569181802));
#9367=CARTESIAN_POINT('Origin',(0.223011705729,2.394637922339,-0.50862510523));
#9368=CARTESIAN_POINT('',(0.227806041092082,2.39920912127647,-0.507871631198344));
#9369=CARTESIAN_POINT('',(0.226861745051,2.389253805821,-0.507871375341));
#9370=CARTESIAN_POINT('',(0.223475347529,2.399616379558,-0.50862510523));
#9371=CARTESIAN_POINT('Ctrl Pts',(0.227807002322,2.399209030012,-0.507871375341));
#9372=CARTESIAN_POINT('Ctrl Pts',(0.241330000779,2.397925009444,-0.508960326185));
#9373=CARTESIAN_POINT('Ctrl Pts',(0.248842207835,2.397119080367,-0.516378084493));
#9374=CARTESIAN_POINT('Ctrl Pts',(0.250360338427,2.396960513012,-0.530124646267));
#9375=CARTESIAN_POINT('Ctrl Pts',(0.226861414581454,2.38925032539454,-0.507871375341));
#9376=CARTESIAN_POINT('Ctrl Pts',(0.240328281399239,2.38797163457521,-0.508960326186));
#9377=CARTESIAN_POINT('Ctrl Pts',(0.247809306559608,2.38716905077333,-0.516378084413972));
#9378=CARTESIAN_POINT('Ctrl Pts',(0.249321135661326,2.38701114160236,-0.530124646267));
#9379=CARTESIAN_POINT('',(0.250360338427,2.396960513012,-0.530124646267));
#9380=CARTESIAN_POINT('',(0.249321498848,2.387014618767,-0.530124646267));
#9381=CARTESIAN_POINT('Ctrl Pts',(0.227806027882194,2.39920912253512,-0.507871796753262));
#9382=CARTESIAN_POINT('Ctrl Pts',(0.236757571253134,2.39835916930695,-0.508592516346172));
#9383=CARTESIAN_POINT('Ctrl Pts',(0.243074648126462,2.397713174977,-0.512085865174831));
#9384=CARTESIAN_POINT('Ctrl Pts',(0.246763798038817,2.3973334411326,-0.518351744146495));
#9385=CARTESIAN_POINT('Ctrl Pts',(0.248648335380731,2.39713946077757,-0.521552558204626));
#9386=CARTESIAN_POINT('Ctrl Pts',(0.249847050697031,2.39701412544686,-0.525476863314535));
#9387=CARTESIAN_POINT('Ctrl Pts',(0.250360338426982,2.39696051301183,-0.530124646267));
#9388=CARTESIAN_POINT('Ctrl Pts',(0.250360338427,2.396960513012,-0.530124646267));
#9389=CARTESIAN_POINT('Ctrl Pts',(0.249337469411,2.397067350748,-0.542918441811));
#9390=CARTESIAN_POINT('Ctrl Pts',(0.242412506562,2.397812046793,-0.550438742846));
#9391=CARTESIAN_POINT('Ctrl Pts',(0.229570199089,2.399040959152,-0.552685573167));
#9392=CARTESIAN_POINT('Ctrl Pts',(0.249321157748295,2.38701135306394,-0.530124646267));
#9393=CARTESIAN_POINT('Ctrl Pts',(0.248302534392887,2.38711774734438,-0.542918441862017));
#9394=CARTESIAN_POINT('Ctrl Pts',(0.2414063152657,2.38785935234978,-0.550438742847));
#9395=CARTESIAN_POINT('Ctrl Pts',(0.22861731287451,2.38908316381247,-0.552685573167));
#9396=CARTESIAN_POINT('',(0.229571704388559,2.39904081510555,-0.552685395788182));
#9397=CARTESIAN_POINT('',(0.228617625649,2.38908643235,-0.552685573167));
#9398=CARTESIAN_POINT('Ctrl Pts',(0.250360338426982,2.39696051301183,-0.530124646267));
#9399=CARTESIAN_POINT('Ctrl Pts',(0.24967797593349,2.39703178515164,-0.538659469490669));
#9400=CARTESIAN_POINT('Ctrl Pts',(0.246368491925239,2.39738153065344,-0.544847427785928));
#9401=CARTESIAN_POINT('Ctrl Pts',(0.240428571796635,2.39797708534903,-0.548688521143573));
#9402=CARTESIAN_POINT('Ctrl Pts',(0.237465173460689,2.39827420479772,-0.55060482463214));
#9403=CARTESIAN_POINT('Ctrl Pts',(0.233846986577601,2.39863169735758,-0.551937001563997));
#9404=CARTESIAN_POINT('Ctrl Pts',(0.229573177652924,2.39904067412321,-0.552685051938));
#9405=CARTESIAN_POINT('Origin',(0.229093912369,2.394063695751,-0.552685573167));
#9406=CARTESIAN_POINT('',(0.191240188743302,2.40240029765143,-0.552957335904992));
#9407=CARTESIAN_POINT('',(0.190446660989,2.392431831697,-0.552957335905));
#9408=CARTESIAN_POINT('Origin',(0.0700719248281128,0.597684864716965,-0.552696983122677));
#9409=CARTESIAN_POINT('Origin',(0.190843424866,2.3974160646795,-0.552957335905));
#9410=CARTESIAN_POINT('',(0.189069021065146,2.40257214361388,-0.552972718664999));
#9411=CARTESIAN_POINT('',(0.188284502305167,2.39260296459499,-0.552972718664999));
#9412=CARTESIAN_POINT('',(0.191240188743,2.402400297662,-0.552957335905));
#9413=CARTESIAN_POINT('Origin',(0.188676761685,2.3975875541045,-0.552972718665));
#9414=CARTESIAN_POINT('',(0.186897699579442,2.40274202828123,-0.552988101420322));
#9415=CARTESIAN_POINT('',(0.186122189849,2.392772143444,-0.552988101424));
#9416=CARTESIAN_POINT('',(0.189069021065,2.402572143614,-0.552972718665));
#9417=CARTESIAN_POINT('Ctrl Pts',(0.186897698973,2.402742027375,-0.552988101424));
#9418=CARTESIAN_POINT('Ctrl Pts',(0.161321204113,2.404731499396,-0.550461416082));
#9419=CARTESIAN_POINT('Ctrl Pts',(0.139259333863,2.406044622622,-0.53977224088));
#9420=CARTESIAN_POINT('Ctrl Pts',(0.120738399932,2.406973668069,-0.520920819811));
#9421=CARTESIAN_POINT('Ctrl Pts',(0.186122189849,2.392772143444,-0.552988101424));
#9422=CARTESIAN_POINT('Ctrl Pts',(0.160651820942,2.39475336044,-0.550461416024));
#9423=CARTESIAN_POINT('Ctrl Pts',(0.138681495138,2.396061034934,-0.539772241734));
#9424=CARTESIAN_POINT('Ctrl Pts',(0.120237410721,2.396986225463,-0.520920819811));
#9425=CARTESIAN_POINT('',(0.120740214622772,2.40697357703762,-0.520922666770172));
#9426=CARTESIAN_POINT('',(0.120237410721,2.396986225463,-0.520920819811));
#9427=CARTESIAN_POINT('Ctrl Pts',(0.186897698973,2.402742027375,-0.552988101424));
#9428=CARTESIAN_POINT('Ctrl Pts',(0.161324296849426,2.40473120923438,-0.550461721990221));
#9429=CARTESIAN_POINT('Ctrl Pts',(0.139263772478753,2.4060443579732,-0.539774452943191));
#9430=CARTESIAN_POINT('Ctrl Pts',(0.120743844004473,2.40697339497797,-0.520926360688517));
#9431=CARTESIAN_POINT('Ctrl Pts',(0.120738400847299,2.4069736863159,-0.520920819811));
#9432=CARTESIAN_POINT('Ctrl Pts',(0.10333680210338,2.40784658377151,-0.50161084649));
#9433=CARTESIAN_POINT('Ctrl Pts',(0.0942246366283025,2.40815748294187,-0.478779988828));
#9434=CARTESIAN_POINT('Ctrl Pts',(0.0934148513701636,2.40818889491711,-0.452427877831));
#9435=CARTESIAN_POINT('Ctrl Pts',(0.12023741071339,2.3969862253113,-0.520920819811));
#9436=CARTESIAN_POINT('Ctrl Pts',(0.102908018102487,2.39785550076824,-0.50161084671));
#9437=CARTESIAN_POINT('Ctrl Pts',(0.0938336623120613,2.39816510990922,-0.478779988715));
#9438=CARTESIAN_POINT('Ctrl Pts',(0.0930272371681124,2.39819639154322,-0.452427877831));
#9439=CARTESIAN_POINT('',(0.093414850662,2.408188876661,-0.452427877831));
#9440=CARTESIAN_POINT('',(0.093027237174,2.398196391695,-0.452427877831));
#9441=CARTESIAN_POINT('Ctrl Pts',(0.120738399931995,2.4069736680689,-0.520920819811));
#9442=CARTESIAN_POINT('Ctrl Pts',(0.112284592159349,2.40739772722557,-0.511539911413441));
#9443=CARTESIAN_POINT('Ctrl Pts',(0.105536489733438,2.40769267289562,-0.501050358660309));
#9444=CARTESIAN_POINT('Ctrl Pts',(0.0961422633627161,2.40808615108174,-0.477504842158601));
#9445=CARTESIAN_POINT('Ctrl Pts',(0.0938054761938232,2.40817372410072,-0.465139652153824));
#9446=CARTESIAN_POINT('Ctrl Pts',(0.0934148506619777,2.40818887666042,-0.452427877831));
#9447=CARTESIAN_POINT('Ctrl Pts',(0.093414850662,2.408188876661,-0.452427877831));
#9448=CARTESIAN_POINT('Ctrl Pts',(0.094918570156,2.40813054663,-0.407887129318));
#9449=CARTESIAN_POINT('Ctrl Pts',(0.122389272076,2.407260517664,-0.371896029795));
#9450=CARTESIAN_POINT('Ctrl Pts',(0.164508495457,2.404378704556,-0.357210492733));
#9451=CARTESIAN_POINT('Ctrl Pts',(0.093027237174,2.398196391695,-0.452427877831));
#9452=CARTESIAN_POINT('Ctrl Pts',(0.094524712656,2.398138303873,-0.407887263494));
#9453=CARTESIAN_POINT('Ctrl Pts',(0.121882163475,2.397271834816,-0.371895773962));
#9454=CARTESIAN_POINT('Ctrl Pts',(0.163825887592,2.394402029433,-0.357210492733));
#9455=CARTESIAN_POINT('',(0.164508495457,2.404378704556,-0.357210492733));
#9456=CARTESIAN_POINT('',(0.163825887592,2.394402029433,-0.357210492733));
#9457=CARTESIAN_POINT('Ctrl Pts',(0.0934148506619777,2.40818887666042,-0.452427877831));
#9458=CARTESIAN_POINT('Ctrl Pts',(0.0937786369794284,2.40817476520727,-0.441652387493391));
#9459=CARTESIAN_POINT('Ctrl Pts',(0.0956732158652744,2.4081028262631,-0.431039722515999));
#9460=CARTESIAN_POINT('Ctrl Pts',(0.102621937849278,2.40781650983538,-0.41110461995267));
#9461=CARTESIAN_POINT('Ctrl Pts',(0.107473037965128,2.40761044779534,-0.401968467224398));
#9462=CARTESIAN_POINT('Ctrl Pts',(0.119908122056029,2.40702326717422,-0.385382321569933));
#9463=CARTESIAN_POINT('Ctrl Pts',(0.127370847228621,2.40664662683073,-0.378124334566924));
#9464=CARTESIAN_POINT('Ctrl Pts',(0.144594668638032,2.40567452709813,-0.365712726219931));
#9465=CARTESIAN_POINT('Ctrl Pts',(0.154275107447314,2.40507887681229,-0.36077852620612));
#9466=CARTESIAN_POINT('Ctrl Pts',(0.164508495456933,2.40437870455502,-0.357210492733));
#9467=CARTESIAN_POINT('Ctrl Pts',(0.164508495457,2.404378704556,-0.357210492733));
#9468=CARTESIAN_POINT('Ctrl Pts',(0.172606905419,2.403824608299,-0.335841324051));
#9469=CARTESIAN_POINT('Ctrl Pts',(0.185507644576,2.402915286679,-0.316710767675));
#9470=CARTESIAN_POINT('Ctrl Pts',(0.203191599377,2.401418991751,-0.299818544821));
#9471=CARTESIAN_POINT('Ctrl Pts',(0.163825887576071,2.3944020292002,-0.357210492733));
#9472=CARTESIAN_POINT('Ctrl Pts',(0.171890694304287,2.39385023209025,-0.335841323712));
#9473=CARTESIAN_POINT('Ctrl Pts',(0.184737903517038,2.39294468357834,-0.316710767461));
#9474=CARTESIAN_POINT('Ctrl Pts',(0.202348480687326,2.39145459736148,-0.299818544821));
#9475=CARTESIAN_POINT('Ctrl Pts',(0.164508495456933,2.40437870455502,-0.357210492733));
#9476=CARTESIAN_POINT('Ctrl Pts',(0.170506159857263,2.40396834210052,-0.341384533949578));
#9477=CARTESIAN_POINT('Ctrl Pts',(0.179137450914202,2.40335958926005,-0.326786370629766));
#9478=CARTESIAN_POINT('Ctrl Pts',(0.190395584827018,2.40246738193749,-0.313416002773563));
#9479=CARTESIAN_POINT('Ctrl Pts',(0.194337418408152,2.40215499155266,-0.308734608377668));
#9480=CARTESIAN_POINT('Ctrl Pts',(0.198601232074065,2.40180738740838,-0.30420373244448));
#9481=CARTESIAN_POINT('Ctrl Pts',(0.203186543030999,2.40141941957799,-0.299823374974));
#9482=CARTESIAN_POINT('Origin',(0.,8.030407079339E-15,-1.149999999999));
#9483=CARTESIAN_POINT('',(0.398319109323,2.37685546198,-0.499426380281));
#9484=CARTESIAN_POINT('',(0.398714129129921,2.37678922986953,-0.555818408071));
#9485=CARTESIAN_POINT('Ctrl Pts',(0.398319109323,2.37685546198,-0.499426380281));
#9486=CARTESIAN_POINT('Ctrl Pts',(0.407066598858,2.375389536813,-0.500044334018));
#9487=CARTESIAN_POINT('Ctrl Pts',(0.412683019543,2.374410031918,-0.502186461427));
#9488=CARTESIAN_POINT('Ctrl Pts',(0.41810179386,2.3734554746125,-0.5075561225215));
#9489=CARTESIAN_POINT('Ctrl Pts',(0.423520568177,2.372500917307,-0.512925783616));
#9490=CARTESIAN_POINT('Ctrl Pts',(0.426291433203,2.37199823549,-0.519687574197));
#9491=CARTESIAN_POINT('Ctrl Pts',(0.4264127492695,2.3719764263705,-0.5274224557095));
#9492=CARTESIAN_POINT('Ctrl Pts',(0.426534065336,2.371954617251,-0.535157337222));
#9493=CARTESIAN_POINT('Ctrl Pts',(0.423186284063,2.372559203548,-0.54250436559));
#9494=CARTESIAN_POINT('Ctrl Pts',(0.418381294685,2.3734062215,-0.5474060283255));
#9495=CARTESIAN_POINT('Ctrl Pts',(0.413576305307,2.374253239452,-0.552307691061));
#9496=CARTESIAN_POINT('Ctrl Pts',(0.407023059814795,2.37539536481713,-0.555111867684358));
#9497=CARTESIAN_POINT('Ctrl Pts',(0.398715199744,2.376789050271,-0.55581848371));
#9498=CARTESIAN_POINT('Ctrl Pts',(0.398711987901876,2.37678958906726,-0.555818256793));
#9499=CARTESIAN_POINT('Ctrl Pts',(0.391693484869662,2.37796695929345,-0.555322640276623));
#9500=CARTESIAN_POINT('Ctrl Pts',(0.38673601835263,2.37877189824774,-0.553890186318254));
#9501=CARTESIAN_POINT('Ctrl Pts',(0.382266540729349,2.37948992261661,-0.550596780645922));
#9502=CARTESIAN_POINT('Ctrl Pts',(0.381125198357363,2.3796732799808,-0.549755764366437));
#9503=CARTESIAN_POINT('Ctrl Pts',(0.380015632770271,2.37985070302644,-0.548793394267063));
#9504=CARTESIAN_POINT('Ctrl Pts',(0.378911570170413,2.38002647505993,-0.547694281603004));
#9505=CARTESIAN_POINT('Ctrl Pts',(0.37348401691088,2.38089056743424,-0.542291062145));
#9506=CARTESIAN_POINT('Ctrl Pts',(0.370698820185919,2.38131946672948,-0.535546812246));
#9507=CARTESIAN_POINT('Ctrl Pts',(0.370566558356419,2.38134004833898,-0.5278224052075));
#9508=CARTESIAN_POINT('Ctrl Pts',(0.370434296526918,2.38136062994848,-0.520097998169));
#9509=CARTESIAN_POINT('Ctrl Pts',(0.373806497322935,2.38083861474659,-0.512740511843));
#9510=CARTESIAN_POINT('Ctrl Pts',(0.378625138812904,2.3800720586264,-0.5078388354235));
#9511=CARTESIAN_POINT('Ctrl Pts',(0.383443780302873,2.37930550250621,-0.502937159004));
#9512=CARTESIAN_POINT('Ctrl Pts',(0.390010858204848,2.37824777852509,-0.500133008956));
#9513=CARTESIAN_POINT('Ctrl Pts',(0.398319109322971,2.37685546197983,-0.499426380281));
#9514=CARTESIAN_POINT('Ctrl Pts',(0.398715199744,2.376789050271,-0.55581848371));
#9515=CARTESIAN_POINT('Ctrl Pts',(0.389901215919,2.378267628827,-0.555196077806));
#9516=CARTESIAN_POINT('Ctrl Pts',(0.38433912343,2.379162382686,-0.553097501061));
#9517=CARTESIAN_POINT('Ctrl Pts',(0.373484016911,2.380890567435,-0.542291062145));
#9518=CARTESIAN_POINT('Ctrl Pts',(0.370698820186,2.38131946673,-0.535546812246));
#9519=CARTESIAN_POINT('Ctrl Pts',(0.370434296527,2.381360629949,-0.520097998169));
#9520=CARTESIAN_POINT('Ctrl Pts',(0.373806497323,2.380838614747,-0.512740511843));
#9521=CARTESIAN_POINT('Ctrl Pts',(0.383443780303,2.379305502507,-0.502937159004));
#9522=CARTESIAN_POINT('Ctrl Pts',(0.390010858205,2.378247778526,-0.500133008956));
#9523=CARTESIAN_POINT('Ctrl Pts',(0.398319109323,2.37685546198,-0.499426380281));
#9524=CARTESIAN_POINT('Ctrl Pts',(0.397060779828,2.366926855042,-0.55581848371));
#9525=CARTESIAN_POINT('Ctrl Pts',(0.388283140843,2.368399336616,-0.555196061659));
#9526=CARTESIAN_POINT('Ctrl Pts',(0.382744355283,2.369290339604,-0.553097501061));
#9527=CARTESIAN_POINT('Ctrl Pts',(0.3719342907,2.371011353462,-0.542291062145));
#9528=CARTESIAN_POINT('Ctrl Pts',(0.369160650808,2.371438473092,-0.535546812246));
#9529=CARTESIAN_POINT('Ctrl Pts',(0.368897224757,2.371479465509,-0.520097998169));
#9530=CARTESIAN_POINT('Ctrl Pts',(0.372255433019,2.370959616346,-0.512740511843));
#9531=CARTESIAN_POINT('Ctrl Pts',(0.381852727272,2.369432865567,-0.502937159004));
#9532=CARTESIAN_POINT('Ctrl Pts',(0.38839255589,2.368379530482,-0.500133008956));
#9533=CARTESIAN_POINT('Ctrl Pts',(0.396666332936,2.366992991184,-0.499426380281));
#9534=CARTESIAN_POINT('',(0.397060779828,2.366926855042,-0.55581848371));
#9535=CARTESIAN_POINT('',(0.397060779828,2.366926855042,-0.55581848371));
#9536=CARTESIAN_POINT('',(0.396666332936,2.366992991184,-0.499426380281));
#9537=CARTESIAN_POINT('',(0.396666332936,2.366992991184,-0.499426380281));
#9538=CARTESIAN_POINT('Ctrl Pts',(0.397060779828,2.366926855042,-0.55581848371));
#9539=CARTESIAN_POINT('Ctrl Pts',(0.393713095686629,2.36748844150303,-0.555581099553175));
#9540=CARTESIAN_POINT('Ctrl Pts',(0.390774108742584,2.36797587171824,-0.55512527210519));
#9541=CARTESIAN_POINT('Ctrl Pts',(0.388118379470047,2.36841147961575,-0.554318495156489));
#9542=CARTESIAN_POINT('Ctrl Pts',(0.385110056229476,2.3689049219916,-0.553404604621851));
#9543=CARTESIAN_POINT('Ctrl Pts',(0.382464796480668,2.36933193770793,-0.552039371057712));
#9544=CARTESIAN_POINT('Ctrl Pts',(0.379932397201245,2.36973709729134,-0.550022159509265));
#9545=CARTESIAN_POINT('Ctrl Pts',(0.379058954257857,2.36987683978059,-0.549326408564054));
#9546=CARTESIAN_POINT('Ctrl Pts',(0.378198445260917,2.37001407016873,-0.548553115725082));
#9547=CARTESIAN_POINT('Ctrl Pts',(0.377339322991504,2.37015084653302,-0.547694281603));
#9548=CARTESIAN_POINT('Ctrl Pts',(0.37452538414969,2.37059883902236,-0.544881286548811));
#9549=CARTESIAN_POINT('Ctrl Pts',(0.372406793891908,2.37093217962302,-0.541680938306459));
#9550=CARTESIAN_POINT('Ctrl Pts',(0.371017915099059,2.37114944546362,-0.53816350453285));
#9551=CARTESIAN_POINT('Ctrl Pts',(0.369751674082811,2.37134752676504,-0.534956659602237));
#9552=CARTESIAN_POINT('Ctrl Pts',(0.369091423155074,2.37144924578833,-0.531486905739149));
#9553=CARTESIAN_POINT('Ctrl Pts',(0.369028937782519,2.37145896930068,-0.527822405207));
#9554=CARTESIAN_POINT('Ctrl Pts',(0.368949057389472,2.37147139969768,-0.523137760930446));
#9555=CARTESIAN_POINT('Ctrl Pts',(0.370148978402452,2.37128565822412,-0.518618562585244));
#9556=CARTESIAN_POINT('Ctrl Pts',(0.372151248749594,2.37097122547783,-0.51470125018297));
#9557=CARTESIAN_POINT('Ctrl Pts',(0.373476028252495,2.37076318461167,-0.512109404788864));
#9558=CARTESIAN_POINT('Ctrl Pts',(0.375153273043565,2.37049862396667,-0.509780453780533));
#9559=CARTESIAN_POINT('Ctrl Pts',(0.37705408014553,2.37019624095669,-0.5078388354235));
#9560=CARTESIAN_POINT('Ctrl Pts',(0.380626813683118,2.36962788558816,-0.504189393555255));
#9561=CARTESIAN_POINT('Ctrl Pts',(0.385154809164836,2.36890041230011,-0.50170665696041));
#9562=CARTESIAN_POINT('Ctrl Pts',(0.390655322634964,2.36799270176101,-0.500380925292063));
#9563=CARTESIAN_POINT('Ctrl Pts',(0.392543569081287,2.36768109790638,-0.499925820850427));
#9564=CARTESIAN_POINT('Ctrl Pts',(0.39454670770721,2.36734820303712,-0.499607408601994));
#9565=CARTESIAN_POINT('Ctrl Pts',(0.396666332936,2.366992991184,-0.499426380281));
#9566=CARTESIAN_POINT('Ctrl Pts',(0.398319109323,2.37685546198,-0.499426380281));
#9567=CARTESIAN_POINT('Ctrl Pts',(0.407066598858,2.375389536813,-0.500044334018));
#9568=CARTESIAN_POINT('Ctrl Pts',(0.412683019543,2.374410031918,-0.502186461427));
#9569=CARTESIAN_POINT('Ctrl Pts',(0.423520568177,2.372500917307,-0.512925783616));
#9570=CARTESIAN_POINT('Ctrl Pts',(0.426291433203,2.37199823549,-0.519687574197));
#9571=CARTESIAN_POINT('Ctrl Pts',(0.426534065336,2.371954617251,-0.535157337222));
#9572=CARTESIAN_POINT('Ctrl Pts',(0.423186284063,2.372559203548,-0.54250436559));
#9573=CARTESIAN_POINT('Ctrl Pts',(0.413576305307,2.374253239452,-0.552307691061));
#9574=CARTESIAN_POINT('Ctrl Pts',(0.407023373117,2.3753953233,-0.55511184119));
#9575=CARTESIAN_POINT('Ctrl Pts',(0.398715199744,2.376789050271,-0.55581848371));
#9576=CARTESIAN_POINT('Ctrl Pts',(0.396666332936,2.366992991184,-0.499426380281));
#9577=CARTESIAN_POINT('Ctrl Pts',(0.405377737843,2.365533113164,-0.500044349057));
#9578=CARTESIAN_POINT('Ctrl Pts',(0.410970641868,2.364557708134,-0.502186461427));
#9579=CARTESIAN_POINT('Ctrl Pts',(0.421763221421,2.362656515161,-0.512925783616));
#9580=CARTESIAN_POINT('Ctrl Pts',(0.424522589082,2.36215591916,-0.519687574197));
#9581=CARTESIAN_POINT('Ctrl Pts',(0.424764214442,2.36211248191,-0.535157337222));
#9582=CARTESIAN_POINT('Ctrl Pts',(0.421430324378,2.36271455955,-0.54250436559));
#9583=CARTESIAN_POINT('Ctrl Pts',(0.411860221052,2.364401566259,-0.552307691061));
#9584=CARTESIAN_POINT('Ctrl Pts',(0.405334479452,2.36553891117,-0.55511184119));
#9585=CARTESIAN_POINT('Ctrl Pts',(0.397060779828,2.366926855042,-0.55581848371));
#9586=CARTESIAN_POINT('Ctrl Pts',(0.396666332936,2.366992991184,-0.499426380281));
#9587=CARTESIAN_POINT('Ctrl Pts',(0.400099536207424,2.36641764678837,-0.499669924513649));
#9588=CARTESIAN_POINT('Ctrl Pts',(0.403110037106478,2.3659071677806,-0.500153966309429));
#9589=CARTESIAN_POINT('Ctrl Pts',(0.405830279988959,2.36544081325587,-0.501014915637407));
#9590=CARTESIAN_POINT('Ctrl Pts',(0.408907745974122,2.36491321691654,-0.501988925086662));
#9591=CARTESIAN_POINT('Ctrl Pts',(0.411614190886834,2.36444201852643,-0.503446407913817));
#9592=CARTESIAN_POINT('Ctrl Pts',(0.414208674465878,2.36398666160539,-0.505590950599703));
#9593=CARTESIAN_POINT('Ctrl Pts',(0.414934424242484,2.36385928551159,-0.506190839297312));
#9594=CARTESIAN_POINT('Ctrl Pts',(0.41565173893441,2.36373309815098,-0.506844459021195));
#9595=CARTESIAN_POINT('Ctrl Pts',(0.416366931644601,2.36360711164807,-0.5075561225215));
#9596=CARTESIAN_POINT('Ctrl Pts',(0.419220020007097,2.363104518962,-0.510395131954625));
#9597=CARTESIAN_POINT('Ctrl Pts',(0.421353540256594,2.36272459566257,-0.513646833966349));
#9598=CARTESIAN_POINT('Ctrl Pts',(0.422734706069751,2.36247737873086,-0.517230686443867));
#9599=CARTESIAN_POINT('Ctrl Pts',(0.423953419485961,2.3622592393963,-0.520393007038877));
#9600=CARTESIAN_POINT('Ctrl Pts',(0.42458702820196,2.36214433487034,-0.523813208675484));
#9601=CARTESIAN_POINT('Ctrl Pts',(0.424643401761995,2.36213420053502,-0.527422455709));
#9602=CARTESIAN_POINT('Ctrl Pts',(0.424720832419331,2.36212028074273,-0.532379857193658));
#9603=CARTESIAN_POINT('Ctrl Pts',(0.423383883328661,2.36236172339258,-0.537143878503021));
#9604=CARTESIAN_POINT('Ctrl Pts',(0.421182273113661,2.36275400447654,-0.541208048844359));
#9605=CARTESIAN_POINT('Ctrl Pts',(0.419922308713431,2.36297850388943,-0.543533941916471));
#9606=CARTESIAN_POINT('Ctrl Pts',(0.418377942824451,2.36325262982823,-0.545631133275969));
#9607=CARTESIAN_POINT('Ctrl Pts',(0.416645272715,2.3635580629045,-0.5474060283255));
#9608=CARTESIAN_POINT('Ctrl Pts',(0.413078743786345,2.36418676648538,-0.551059473089712));
#9609=CARTESIAN_POINT('Ctrl Pts',(0.408555071205169,2.36497700553661,-0.553543676815784));
#9610=CARTESIAN_POINT('Ctrl Pts',(0.403051050347547,2.36591438209582,-0.554868309033101));
#9611=CARTESIAN_POINT('Ctrl Pts',(0.401169722027061,2.3662347865989,-0.555321081318877));
#9612=CARTESIAN_POINT('Ctrl Pts',(0.399173571001091,2.36657242646775,-0.555638033833084));
#9613=CARTESIAN_POINT('Ctrl Pts',(0.397060779828,2.366926855042,-0.55581848371));
#9614=CARTESIAN_POINT('Origin',(0.,8.030407079339E-15,-1.149999999999));
#9615=CARTESIAN_POINT('',(0.,0.,0.));
#9616=CARTESIAN_POINT('',(1.099974599949,0.167005334011,3.350050730563));
#9617=UNCERTAINTY_MEASURE_WITH_UNIT(LENGTH_MEASURE(0.01),#9625,
'DISTANCE_ACCURACY_VALUE',
'Maximum model space distance between geometric entities at asserted c
onnectivities');
#9618=UNCERTAINTY_MEASURE_WITH_UNIT(LENGTH_MEASURE(0.01),#9625,
'DISTANCE_ACCURACY_VALUE',
'Maximum model space distance between geometric entities at asserted c
onnectivities');
#9619=UNCERTAINTY_MEASURE_WITH_UNIT(LENGTH_MEASURE(0.01),#9625,
'DISTANCE_ACCURACY_VALUE',
'Maximum model space distance between geometric entities at asserted c
onnectivities');
#9620=UNCERTAINTY_MEASURE_WITH_UNIT(LENGTH_MEASURE(0.01),#9625,
'DISTANCE_ACCURACY_VALUE',
'Maximum model space distance between geometric entities at asserted c
onnectivities');
#9621=(
GEOMETRIC_REPRESENTATION_CONTEXT(3)
GLOBAL_UNCERTAINTY_ASSIGNED_CONTEXT((#9617))
GLOBAL_UNIT_ASSIGNED_CONTEXT((#9625,#9627,#9628))
REPRESENTATION_CONTEXT('','3D')
);
#9622=(
GEOMETRIC_REPRESENTATION_CONTEXT(3)
GLOBAL_UNCERTAINTY_ASSIGNED_CONTEXT((#9618))
GLOBAL_UNIT_ASSIGNED_CONTEXT((#9625,#9627,#9628))
REPRESENTATION_CONTEXT('','3D')
);
#9623=(
GEOMETRIC_REPRESENTATION_CONTEXT(3)
GLOBAL_UNCERTAINTY_ASSIGNED_CONTEXT((#9619))
GLOBAL_UNIT_ASSIGNED_CONTEXT((#9625,#9627,#9628))
REPRESENTATION_CONTEXT('','3D')
);
#9624=(
GEOMETRIC_REPRESENTATION_CONTEXT(3)
GLOBAL_UNCERTAINTY_ASSIGNED_CONTEXT((#9620))
GLOBAL_UNIT_ASSIGNED_CONTEXT((#9625,#9627,#9628))
REPRESENTATION_CONTEXT('','3D')
);
#9625=(
LENGTH_UNIT()
NAMED_UNIT(*)
SI_UNIT(.MILLI.,.METRE.)
);
#9626=(
LENGTH_UNIT()
NAMED_UNIT(*)
SI_UNIT($,.METRE.)
);
#9627=(
NAMED_UNIT(*)
PLANE_ANGLE_UNIT()
SI_UNIT($,.RADIAN.)
);
#9628=(
NAMED_UNIT(*)
SI_UNIT($,.STERADIAN.)
SOLID_ANGLE_UNIT()
);
#9629=SHAPE_DEFINITION_REPRESENTATION(#9632,#9637);
#9630=SHAPE_DEFINITION_REPRESENTATION(#9633,#9638);
#9631=SHAPE_DEFINITION_REPRESENTATION(#9634,#9639);
#9632=PRODUCT_DEFINITION_SHAPE('',$,#9641);
#9633=PRODUCT_DEFINITION_SHAPE('',$,#9642);
#9634=PRODUCT_DEFINITION_SHAPE('',$,#9643);
#9635=PRODUCT_DEFINITION_SHAPE($,$,#17);
#9636=PRODUCT_DEFINITION_SHAPE($,$,#18);
#9637=SHAPE_REPRESENTATION('',(#5065,#5426),#9621);
#9638=SHAPE_REPRESENTATION('',(#5066,#5425),#9622);
#9639=SHAPE_REPRESENTATION('',(#5067),#9623);
#9640=PRODUCT_DEFINITION_CONTEXT('part definition',#9651,'design');
#9641=PRODUCT_DEFINITION('EasyEDA PCB Model~WG0g','(Unsaved)',#9644,#9640);
#9642=PRODUCT_DEFINITION(
'C1~CAP-SMD_2P-L4.8-W4.8-TR~CAP-SMD_2P-L4.8-W4.8-TR~UGIi',
'C1~CAP-SMD_2P-L4.8-W4.8-TR~CAP-SMD_2P-L4.8-W4.8-TR~UGIi',#9645,#9640);
#9643=PRODUCT_DEFINITION(
'CAP-SMD_2P-L4.8-W4.8-TR~CAP-SMD_2P-L4.8-W4.8-TR~sFe6',
'CAP-SMD_2P-L4.8-W4.8-TR~CAP-SMD_2P-L4.8-W4.8-TR~sFe6',#9646,#9640);
#9644=PRODUCT_DEFINITION_FORMATION('',$,#9653);
#9645=PRODUCT_DEFINITION_FORMATION('',$,#9654);
#9646=PRODUCT_DEFINITION_FORMATION('',$,#9655);
#9647=PRODUCT_RELATED_PRODUCT_CATEGORY('(Unsaved)','(Unsaved)',(#9653));
#9648=PRODUCT_RELATED_PRODUCT_CATEGORY(
'C1~CAP-SMD_2P-L4.8-W4.8-TR~CAP-SMD_2P-L4.8-W4.8-TR~UGIi',
'C1~CAP-SMD_2P-L4.8-W4.8-TR~CAP-SMD_2P-L4.8-W4.8-TR~UGIi',(#9654));
#9649=PRODUCT_RELATED_PRODUCT_CATEGORY(
'CAP-SMD_2P-L4.8-W4.8-TR~CAP-SMD_2P-L4.8-W4.8-TR~sFe6',
'CAP-SMD_2P-L4.8-W4.8-TR~CAP-SMD_2P-L4.8-W4.8-TR~sFe6',(#9655));
#9650=APPLICATION_PROTOCOL_DEFINITION('international standard',
'automotive_design',2009,#9651);
#9651=APPLICATION_CONTEXT(
'Core Data for Automotive Mechanical Design Process');
#9652=PRODUCT_CONTEXT('part definition',#9651,'mechanical');
#9653=PRODUCT('EasyEDA PCB Model~WG0g','(Unsaved)',
'Designed by EasyEDA Pro',(#9652));
#9654=PRODUCT('C1~CAP-SMD_2P-L4.8-W4.8-TR~CAP-SMD_2P-L4.8-W4.8-TR~UGIi',
'C1~CAP-SMD_2P-L4.8-W4.8-TR~CAP-SMD_2P-L4.8-W4.8-TR~UGIi',$,(#9652));
#9655=PRODUCT('CAP-SMD_2P-L4.8-W4.8-TR~CAP-SMD_2P-L4.8-W4.8-TR~sFe6',
'CAP-SMD_2P-L4.8-W4.8-TR~CAP-SMD_2P-L4.8-W4.8-TR~sFe6',$,(#9652));
#9656=PRESENTATION_STYLE_ASSIGNMENT((#9661));
#9657=PRESENTATION_STYLE_ASSIGNMENT((#9662));
#9658=PRESENTATION_STYLE_ASSIGNMENT((#9663));
#9659=PRESENTATION_STYLE_ASSIGNMENT((#9664));
#9660=PRESENTATION_STYLE_ASSIGNMENT((#9665));
#9661=SURFACE_STYLE_USAGE(.BOTH.,#9666);
#9662=SURFACE_STYLE_USAGE(.BOTH.,#9667);
#9663=SURFACE_STYLE_USAGE(.BOTH.,#9668);
#9664=SURFACE_STYLE_USAGE(.BOTH.,#9669);
#9665=SURFACE_STYLE_USAGE(.BOTH.,#9670);
#9666=SURFACE_SIDE_STYLE('',(#9671));
#9667=SURFACE_SIDE_STYLE('',(#9672));
#9668=SURFACE_SIDE_STYLE('',(#9673));
#9669=SURFACE_SIDE_STYLE('',(#9674));
#9670=SURFACE_SIDE_STYLE('',(#9675));
#9671=SURFACE_STYLE_FILL_AREA(#9676);
#9672=SURFACE_STYLE_FILL_AREA(#9677);
#9673=SURFACE_STYLE_FILL_AREA(#9678);
#9674=SURFACE_STYLE_FILL_AREA(#9679);
#9675=SURFACE_STYLE_FILL_AREA(#9680);
#9676=FILL_AREA_STYLE('Steel - Satin',(#9681));
#9677=FILL_AREA_STYLE('Opaque(128,64,64)',(#9682));
#9678=FILL_AREA_STYLE('Opaque(255,255,128)',(#9683));
#9679=FILL_AREA_STYLE('Opaque(255,255,255)',(#9684));
#9680=FILL_AREA_STYLE('Opaque(63,63,63)',(#9685));
#9681=FILL_AREA_STYLE_COLOUR('Steel - Satin',#9686);
#9682=FILL_AREA_STYLE_COLOUR('Opaque(128,64,64)',#9687);
#9683=FILL_AREA_STYLE_COLOUR('Opaque(255,255,128)',#9688);
#9684=FILL_AREA_STYLE_COLOUR('Opaque(255,255,255)',#9689);
#9685=FILL_AREA_STYLE_COLOUR('Opaque(63,63,63)',#9690);
#9686=COLOUR_RGB('Steel - Satin',0.627450980392157,0.627450980392157,0.627450980392157);
#9687=COLOUR_RGB('Opaque(128,64,64)',0.501960784313725,0.250980392156863,
0.250980392156863);
#9688=COLOUR_RGB('Opaque(255,255,128)',1.,1.,0.501960784313725);
#9689=COLOUR_RGB('Opaque(255,255,255)',1.,1.,1.);
#9690=COLOUR_RGB('Opaque(63,63,63)',0.250980392156863,0.250980392156863,
0.250980392156863);
ENDSEC;
END-ISO-10303-21;
